forecast_month,metro_id,sport_id,net_sales_p10_usd,net_sales_p50_usd,net_sales_p90_usd,assumed_annual_growth_pct,model_name,forecast_version
2026-09-01,ATL,BSB,321416.19,359108.19,396800.18,1.7,FP&A Baseline TS v3,2026-09-15
2026-10-01,ATL,BSB,402034.72,457023.82,512012.93,1.7,FP&A Baseline TS v3,2026-09-15
2026-11-01,ATL,BSB,558732.21,646441.38,734150.55,1.7,FP&A Baseline TS v3,2026-09-15
2026-12-01,ATL,BSB,866258.53,1020376.14,1174493.76,1.7,FP&A Baseline TS v3,2026-09-15
2027-01-01,ATL,BSB,661245.65,793240.95,925236.24,1.7,FP&A Baseline TS v3,2026-09-15
2027-02-01,ATL,BSB,772012.0,943503.13,1114994.26,1.7,FP&A Baseline TS v3,2026-09-15
2027-03-01,ATL,BSB,739895.58,921551.89,1103208.2,1.7,FP&A Baseline TS v3,2026-09-15
2027-04-01,ATL,BSB,636701.96,808489.89,980277.82,1.7,FP&A Baseline TS v3,2026-09-15
2027-05-01,ATL,BSB,564410.44,730950.12,897489.8,1.7,FP&A Baseline TS v3,2026-09-15
2027-06-01,ATL,BSB,459624.79,607326.63,755028.47,1.7,FP&A Baseline TS v3,2026-09-15
2027-07-01,ATL,BSB,362017.4,488262.57,614507.74,1.7,FP&A Baseline TS v3,2026-09-15
2027-08-01,ATL,BSB,291822.93,401915.67,512008.41,1.7,FP&A Baseline TS v3,2026-09-15
2027-09-01,ATL,BSB,259567.41,365217.55,470867.68,1.7,FP&A Baseline TS v3,2026-09-15
2027-10-01,ATL,BSB,323202.62,464798.98,606395.34,1.7,FP&A Baseline TS v3,2026-09-15
2027-11-01,ATL,BSB,447058.53,657439.02,867819.51,1.7,FP&A Baseline TS v3,2026-09-15
2027-12-01,ATL,BSB,689720.45,1037735.38,1385750.32,1.7,FP&A Baseline TS v3,2026-09-15
2026-09-01,ATL,BSK,490351.95,547854.78,605357.62,3.5,FP&A Baseline TS v3,2026-09-15
2026-10-01,ATL,BSK,524690.72,596456.35,668221.97,3.5,FP&A Baseline TS v3,2026-09-15
2026-11-01,ATL,BSK,557444.54,644951.57,732458.6,3.5,FP&A Baseline TS v3,2026-09-15
2026-12-01,ATL,BSK,654831.97,771334.31,887836.64,3.5,FP&A Baseline TS v3,2026-09-15
2027-01-01,ATL,BSK,357710.07,429114.76,500519.46,3.5,FP&A Baseline TS v3,2026-09-15
2027-02-01,ATL,BSK,344392.14,420893.8,497395.45,3.5,FP&A Baseline TS v3,2026-09-15
2027-03-01,ATL,BSK,318966.83,397278.33,475589.84,3.5,FP&A Baseline TS v3,2026-09-15
2027-04-01,ATL,BSK,333974.31,424083.6,514192.88,3.5,FP&A Baseline TS v3,2026-09-15
2027-05-01,ATL,BSK,307889.98,398738.58,489587.17,3.5,FP&A Baseline TS v3,2026-09-15
2027-06-01,ATL,BSK,320588.65,423610.8,526632.94,3.5,FP&A Baseline TS v3,2026-09-15
2027-07-01,ATL,BSK,333316.1,449552.36,565788.62,3.5,FP&A Baseline TS v3,2026-09-15
2027-08-01,ATL,BSK,366503.81,504770.56,643037.32,3.5,FP&A Baseline TS v3,2026-09-15
2027-09-01,ATL,BSK,403179.06,567282.57,731386.07,3.5,FP&A Baseline TS v3,2026-09-15
2027-10-01,ATL,BSK,429459.63,617607.62,805755.6,3.5,FP&A Baseline TS v3,2026-09-15
2027-11-01,ATL,BSK,454119.34,667822.56,881525.77,3.5,FP&A Baseline TS v3,2026-09-15
2027-12-01,ATL,BSK,530839.34,798687.02,1066534.7,3.5,FP&A Baseline TS v3,2026-09-15
2026-09-01,ATL,CLM,114723.08,128176.48,141629.88,5.2,FP&A Baseline TS v3,2026-09-15
2026-10-01,ATL,CLM,121104.57,137668.89,154233.21,5.2,FP&A Baseline TS v3,2026-09-15
2026-11-01,ATL,CLM,144086.84,166705.43,189324.02,5.2,FP&A Baseline TS v3,2026-09-15
2026-12-01,ATL,CLM,196794.34,231806.37,266818.4,5.2,FP&A Baseline TS v3,2026-09-15
2027-01-01,ATL,CLM,110899.39,133036.69,155174.0,5.2,FP&A Baseline TS v3,2026-09-15
2027-02-01,ATL,CLM,125687.15,153606.71,181526.26,5.2,FP&A Baseline TS v3,2026-09-15
2027-03-01,ATL,CLM,113882.06,141841.94,169801.83,5.2,FP&A Baseline TS v3,2026-09-15
2027-04-01,ATL,CLM,108858.58,138229.61,167600.64,5.2,FP&A Baseline TS v3,2026-09-15
2027-05-01,ATL,CLM,103016.8,133413.8,163810.8,5.2,FP&A Baseline TS v3,2026-09-15
2027-06-01,ATL,CLM,92662.36,122439.7,152217.03,5.2,FP&A Baseline TS v3,2026-09-15
2027-07-01,ATL,CLM,85458.51,115260.18,145061.85,5.2,FP&A Baseline TS v3,2026-09-15
2027-08-01,ATL,CLM,89665.51,123492.61,157319.7,5.2,FP&A Baseline TS v3,2026-09-15
2027-09-01,ATL,CLM,95810.67,134807.89,173805.12,5.2,FP&A Baseline TS v3,2026-09-15
2027-10-01,ATL,CLM,100682.15,144791.41,188900.66,5.2,FP&A Baseline TS v3,2026-09-15
2027-11-01,ATL,CLM,119224.53,175330.2,231435.86,5.2,FP&A Baseline TS v3,2026-09-15
2027-12-01,ATL,CLM,162038.72,243799.24,325559.75,5.2,FP&A Baseline TS v3,2026-09-15
2026-09-01,ATL,CYC,402593.17,449804.67,497016.16,1.6,FP&A Baseline TS v3,2026-09-15
2026-10-01,ATL,CYC,326328.12,370962.31,415596.49,1.6,FP&A Baseline TS v3,2026-09-15
2026-11-01,ATL,CYC,393828.58,455651.36,517474.13,1.6,FP&A Baseline TS v3,2026-09-15
2026-12-01,ATL,CYC,568094.94,669165.73,770236.53,1.6,FP&A Baseline TS v3,2026-09-15
2027-01-01,ATL,CYC,365998.25,439057.4,512116.55,1.6,FP&A Baseline TS v3,2026-09-15
2027-02-01,ATL,CYC,531083.74,649056.19,767028.65,1.6,FP&A Baseline TS v3,2026-09-15
2027-03-01,ATL,CYC,597530.49,744233.87,890937.25,1.6,FP&A Baseline TS v3,2026-09-15
2027-04-01,ATL,CYC,628257.71,797767.31,967276.91,1.6,FP&A Baseline TS v3,2026-09-15
2027-05-01,ATL,CYC,610395.3,790503.66,970612.01,1.6,FP&A Baseline TS v3,2026-09-15
2027-06-01,ATL,CYC,568859.75,751664.57,934469.4,1.6,FP&A Baseline TS v3,2026-09-15
2027-07-01,ATL,CYC,491723.99,663201.32,834678.66,1.6,FP&A Baseline TS v3,2026-09-15
2027-08-01,ATL,CYC,382973.6,527453.72,671933.85,1.6,FP&A Baseline TS v3,2026-09-15
2027-09-01,ATL,CYC,324792.92,456991.39,589189.85,1.6,FP&A Baseline TS v3,2026-09-15
2027-10-01,ATL,CYC,262073.76,376889.33,491704.9,1.6,FP&A Baseline TS v3,2026-09-15
2027-11-01,ATL,CYC,314793.41,462931.49,611069.57,1.6,FP&A Baseline TS v3,2026-09-15
2027-12-01,ATL,CYC,451860.34,679857.28,907854.21,1.6,FP&A Baseline TS v3,2026-09-15
2026-09-01,ATL,FTB,326508.61,364797.79,403086.96,0.8,FP&A Baseline TS v3,2026-09-15
2026-10-01,ATL,FTB,258343.32,293678.75,329014.17,0.8,FP&A Baseline TS v3,2026-09-15
2026-11-01,ATL,FTB,228409.75,264265.26,300120.77,0.8,FP&A Baseline TS v3,2026-09-15
2026-12-01,ATL,FTB,205828.96,242448.36,279067.75,0.8,FP&A Baseline TS v3,2026-09-15
2027-01-01,ATL,FTB,93777.47,112496.96,131216.46,0.8,FP&A Baseline TS v3,2026-09-15
2027-02-01,ATL,FTB,103444.4,126423.05,149401.71,0.8,FP&A Baseline TS v3,2026-09-15
2027-03-01,ATL,FTB,136358.57,169836.8,203315.03,0.8,FP&A Baseline TS v3,2026-09-15
2027-04-01,ATL,FTB,176408.44,224005.03,271601.62,0.8,FP&A Baseline TS v3,2026-09-15
2027-05-01,ATL,FTB,236923.52,306832.16,376740.79,0.8,FP&A Baseline TS v3,2026-09-15
2027-06-01,ATL,FTB,283552.72,374673.26,465793.8,0.8,FP&A Baseline TS v3,2026-09-15
2027-07-01,ATL,FTB,285566.72,385151.49,484736.26,0.8,FP&A Baseline TS v3,2026-09-15
2027-08-01,ATL,FTB,297022.5,409076.82,521131.15,0.8,FP&A Baseline TS v3,2026-09-15
2027-09-01,ATL,FTB,261283.65,367632.34,473981.02,0.8,FP&A Baseline TS v3,2026-09-15
2027-10-01,ATL,FTB,205799.22,295960.69,386122.15,0.8,FP&A Baseline TS v3,2026-09-15
2027-11-01,ATL,FTB,181096.69,266318.66,351540.63,0.8,FP&A Baseline TS v3,2026-09-15
2027-12-01,ATL,FTB,162392.97,244332.23,326271.48,0.8,FP&A Baseline TS v3,2026-09-15
2026-09-01,ATL,GLF,540954.03,604390.89,667827.76,-2.0,FP&A Baseline TS v3,2026-09-15
2026-10-01,ATL,GLF,489960.91,556976.3,623991.68,-2.0,FP&A Baseline TS v3,2026-09-15
2026-11-01,ATL,GLF,523562.36,605750.6,687938.84,-2.0,FP&A Baseline TS v3,2026-09-15
2026-12-01,ATL,GLF,745304.75,877903.26,1010501.77,-2.0,FP&A Baseline TS v3,2026-09-15
2027-01-01,ATL,GLF,483842.36,580425.1,677007.83,-2.0,FP&A Baseline TS v3,2026-09-15
2027-02-01,ATL,GLF,727248.25,888795.76,1050343.28,-2.0,FP&A Baseline TS v3,2026-09-15
2027-03-01,ATL,GLF,828905.09,1032414.67,1235924.25,-2.0,FP&A Baseline TS v3,2026-09-15
2027-04-01,ATL,GLF,846554.83,1074962.96,1303371.1,-2.0,FP&A Baseline TS v3,2026-09-15
2027-05-01,ATL,GLF,800112.52,1036200.42,1272288.32,-2.0,FP&A Baseline TS v3,2026-09-15
2027-06-01,ATL,GLF,722270.46,954374.28,1186478.11,-2.0,FP&A Baseline TS v3,2026-09-15
2027-07-01,ATL,GLF,612949.23,826701.05,1040452.88,-2.0,FP&A Baseline TS v3,2026-09-15
2027-08-01,ATL,GLF,542404.28,747031.01,951657.75,-2.0,FP&A Baseline TS v3,2026-09-15
2027-09-01,ATL,GLF,421063.81,592446.83,763829.85,-2.0,FP&A Baseline TS v3,2026-09-15
2027-10-01,ATL,GLF,379645.17,545969.25,712293.32,-2.0,FP&A Baseline TS v3,2026-09-15
2027-11-01,ATL,GLF,403770.17,593779.66,783789.15,-2.0,FP&A Baseline TS v3,2026-09-15
2027-12-01,ATL,GLF,571958.61,860554.0,1149149.39,-2.0,FP&A Baseline TS v3,2026-09-15
2026-09-01,ATL,HKY,99577.64,111254.96,122932.28,1.1,FP&A Baseline TS v3,2026-09-15
2026-10-01,ATL,HKY,98167.53,111594.59,125021.65,1.1,FP&A Baseline TS v3,2026-09-15
2026-11-01,ATL,HKY,101031.08,116890.82,132750.57,1.1,FP&A Baseline TS v3,2026-09-15
2026-12-01,ATL,HKY,105641.84,124436.77,143231.7,1.1,FP&A Baseline TS v3,2026-09-15
2027-01-01,ATL,HKY,47994.07,57574.46,67154.84,1.1,FP&A Baseline TS v3,2026-09-15
2027-02-01,ATL,HKY,46757.03,57143.41,67529.8,1.1,FP&A Baseline TS v3,2026-09-15
2027-03-01,ATL,HKY,36088.27,44948.52,53808.77,1.1,FP&A Baseline TS v3,2026-09-15
2027-04-01,ATL,HKY,33375.26,42380.2,51385.15,1.1,FP&A Baseline TS v3,2026-09-15
2027-05-01,ATL,HKY,39713.64,51431.88,63150.12,1.1,FP&A Baseline TS v3,2026-09-15
2027-06-01,ATL,HKY,55475.27,73302.42,91129.57,1.1,FP&A Baseline TS v3,2026-09-15
2027-07-01,ATL,HKY,65369.09,88165.05,110961.0,1.1,FP&A Baseline TS v3,2026-09-15
2027-08-01,ATL,HKY,79011.1,108818.72,138626.35,1.1,FP&A Baseline TS v3,2026-09-15
2027-09-01,ATL,HKY,79908.8,112433.59,144958.39,1.1,FP&A Baseline TS v3,2026-09-15
2027-10-01,ATL,HKY,78420.49,112776.83,147133.16,1.1,FP&A Baseline TS v3,2026-09-15
2027-11-01,ATL,HKY,80327.83,118129.17,155930.5,1.1,FP&A Baseline TS v3,2026-09-15
2027-12-01,ATL,HKY,83581.84,125755.05,167928.27,1.1,FP&A Baseline TS v3,2026-09-15
2026-09-01,ATL,LAX,135690.35,151602.55,167514.76,5.5,FP&A Baseline TS v3,2026-09-15
2026-10-01,ATL,LAX,163564.48,185936.34,208308.2,5.5,FP&A Baseline TS v3,2026-09-15
2026-11-01,ATL,LAX,257647.83,298093.1,338538.37,5.5,FP&A Baseline TS v3,2026-09-15
2026-12-01,ATL,LAX,361811.52,426182.05,490552.59,5.5,FP&A Baseline TS v3,2026-09-15
2027-01-01,ATL,LAX,233191.91,279740.77,326289.63,5.5,FP&A Baseline TS v3,2026-09-15
2027-02-01,ATL,LAX,261594.85,319704.3,377813.75,5.5,FP&A Baseline TS v3,2026-09-15
2027-03-01,ATL,LAX,233414.9,290722.03,348029.15,5.5,FP&A Baseline TS v3,2026-09-15
2027-04-01,ATL,LAX,211388.26,268422.72,325457.18,5.5,FP&A Baseline TS v3,2026-09-15
2027-05-01,ATL,LAX,149661.87,193822.35,237982.83,5.5,FP&A Baseline TS v3,2026-09-15
2027-06-01,ATL,LAX,127794.33,168861.43,209928.53,5.5,FP&A Baseline TS v3,2026-09-15
2027-07-01,ATL,LAX,102051.59,137639.71,173227.84,5.5,FP&A Baseline TS v3,2026-09-15
2027-08-01,ATL,LAX,106948.54,147295.81,187643.08,5.5,FP&A Baseline TS v3,2026-09-15
2027-09-01,ATL,LAX,113692.31,159967.79,206243.27,5.5,FP&A Baseline TS v3,2026-09-15
2027-10-01,ATL,LAX,136426.9,196196.07,255965.24,5.5,FP&A Baseline TS v3,2026-09-15
2027-11-01,ATL,LAX,213888.22,314541.5,415194.78,5.5,FP&A Baseline TS v3,2026-09-15
2027-12-01,ATL,LAX,298887.44,449698.24,600509.04,5.5,FP&A Baseline TS v3,2026-09-15
2026-09-01,ATL,PKB,330494.17,369250.72,408007.28,5.0,FP&A Baseline TS v3,2026-09-15
2026-10-01,ATL,PKB,331172.8,376469.63,421766.45,5.0,FP&A Baseline TS v3,2026-09-15
2026-11-01,ATL,PKB,383569.59,443781.92,503994.25,5.0,FP&A Baseline TS v3,2026-09-15
2026-12-01,ATL,PKB,599380.22,706017.03,812653.85,5.0,FP&A Baseline TS v3,2026-09-15
2027-01-01,ATL,PKB,347333.91,416667.36,486000.81,5.0,FP&A Baseline TS v3,2026-09-15
2027-02-01,ATL,PKB,386206.05,471996.05,557786.05,5.0,FP&A Baseline TS v3,2026-09-15
2027-03-01,ATL,PKB,435470.27,542385.25,649300.23,5.0,FP&A Baseline TS v3,2026-09-15
2027-04-01,ATL,PKB,460636.07,584919.84,709203.6,5.0,FP&A Baseline TS v3,2026-09-15
2027-05-01,ATL,PKB,396739.16,513804.34,630869.52,5.0,FP&A Baseline TS v3,2026-09-15
2027-06-01,ATL,PKB,379838.93,501901.33,623963.73,5.0,FP&A Baseline TS v3,2026-09-15
2027-07-01,ATL,PKB,346754.19,467676.66,588599.14,5.0,FP&A Baseline TS v3,2026-09-15
2027-08-01,ATL,PKB,315860.2,435021.21,554182.22,5.0,FP&A Baseline TS v3,2026-09-15
2027-09-01,ATL,PKB,275470.7,387593.85,499717.0,5.0,FP&A Baseline TS v3,2026-09-15
2027-10-01,ATL,PKB,274786.36,395171.37,515556.37,5.0,FP&A Baseline TS v3,2026-09-15
2027-11-01,ATL,PKB,316762.7,465827.5,614892.31,5.0,FP&A Baseline TS v3,2026-09-15
2027-12-01,ATL,PKB,492557.77,741089.57,989621.37,5.0,FP&A Baseline TS v3,2026-09-15
2026-09-01,ATL,RUN,920560.75,1028513.53,1136466.31,1.4,FP&A Baseline TS v3,2026-09-15
2026-10-01,ATL,RUN,961955.16,1093528.51,1225101.86,1.4,FP&A Baseline TS v3,2026-09-15
2026-11-01,ATL,RUN,1175802.67,1360378.88,1544955.08,1.4,FP&A Baseline TS v3,2026-09-15
2026-12-01,ATL,RUN,1468960.26,1730305.62,1991650.98,1.4,FP&A Baseline TS v3,2026-09-15
2027-01-01,ATL,RUN,926244.25,1111137.53,1296030.82,1.4,FP&A Baseline TS v3,2026-09-15
2027-02-01,ATL,RUN,1140904.39,1394339.55,1647774.7,1.4,FP&A Baseline TS v3,2026-09-15
2027-03-01,ATL,RUN,1034270.2,1288200.23,1542130.26,1.4,FP&A Baseline TS v3,2026-09-15
2027-04-01,ATL,RUN,1162705.44,1476413.86,1790122.28,1.4,FP&A Baseline TS v3,2026-09-15
2027-05-01,ATL,RUN,1033250.35,1338129.85,1643009.36,1.4,FP&A Baseline TS v3,2026-09-15
2027-06-01,ATL,RUN,995610.6,1315553.12,1635495.64,1.4,FP&A Baseline TS v3,2026-09-15
2027-07-01,ATL,RUN,874525.64,1179496.17,1484466.7,1.4,FP&A Baseline TS v3,2026-09-15
2027-08-01,ATL,RUN,763335.2,1051310.04,1339284.89,1.4,FP&A Baseline TS v3,2026-09-15
2027-09-01,ATL,RUN,741399.84,1043167.26,1344934.69,1.4,FP&A Baseline TS v3,2026-09-15
2027-10-01,ATL,RUN,771229.71,1109108.54,1446987.36,1.4,FP&A Baseline TS v3,2026-09-15
2027-11-01,ATL,RUN,938237.38,1379760.85,1821284.33,1.4,FP&A Baseline TS v3,2026-09-15
2027-12-01,ATL,RUN,1166415.37,1754958.12,2343500.88,1.4,FP&A Baseline TS v3,2026-09-15
2026-09-01,ATL,SNW,160220.01,179008.77,197797.53,2.0,FP&A Baseline TS v3,2026-09-15
2026-10-01,ATL,SNW,203120.72,230902.96,258685.2,2.0,FP&A Baseline TS v3,2026-09-15
2026-11-01,ATL,SNW,269910.19,312280.4,354650.6,2.0,FP&A Baseline TS v3,2026-09-15
2026-12-01,ATL,SNW,352561.67,415286.55,478011.43,2.0,FP&A Baseline TS v3,2026-09-15
2027-01-01,ATL,SNW,169077.11,202827.63,236578.14,2.0,FP&A Baseline TS v3,2026-09-15
2027-02-01,ATL,SNW,158216.59,193362.08,228507.57,2.0,FP&A Baseline TS v3,2026-09-15
2027-03-01,ATL,SNW,93479.84,116430.65,139381.46,2.0,FP&A Baseline TS v3,2026-09-15
2027-04-01,ATL,SNW,47094.27,59800.73,72507.19,2.0,FP&A Baseline TS v3,2026-09-15
2027-05-01,ATL,SNW,21473.86,27810.12,34146.37,2.0,FP&A Baseline TS v3,2026-09-15
2027-06-01,ATL,SNW,20609.47,27232.39,33855.31,2.0,FP&A Baseline TS v3,2026-09-15
2027-07-01,ATL,SNW,46440.03,62634.91,78829.8,2.0,FP&A Baseline TS v3,2026-09-15
2027-08-01,ATL,SNW,80648.36,111073.66,141498.96,2.0,FP&A Baseline TS v3,2026-09-15
2027-09-01,ATL,SNW,129758.41,182573.18,235387.95,2.0,FP&A Baseline TS v3,2026-09-15
2027-10-01,ATL,SNW,163757.75,235500.68,307243.6,2.0,FP&A Baseline TS v3,2026-09-15
2027-11-01,ATL,SNW,216578.97,318498.49,420418.01,2.0,FP&A Baseline TS v3,2026-09-15
2027-12-01,ATL,SNW,281512.05,423555.69,565599.33,2.0,FP&A Baseline TS v3,2026-09-15
2026-09-01,ATL,SOC,630097.52,703988.11,777878.7,4.8,FP&A Baseline TS v3,2026-09-15
2026-10-01,ATL,SOC,595342.91,676772.13,758201.35,4.8,FP&A Baseline TS v3,2026-09-15
2026-11-01,ATL,SOC,644314.45,745458.23,846602.0,4.8,FP&A Baseline TS v3,2026-09-15
2026-12-01,ATL,SOC,656818.09,773673.77,890529.46,4.8,FP&A Baseline TS v3,2026-09-15
2027-01-01,ATL,SOC,374562.92,449331.72,524100.52,4.8,FP&A Baseline TS v3,2026-09-15
2027-02-01,ATL,SOC,392503.32,479692.16,566881.01,4.8,FP&A Baseline TS v3,2026-09-15
2027-03-01,ATL,SOC,464264.56,578249.01,692233.45,4.8,FP&A Baseline TS v3,2026-09-15
2027-04-01,ATL,SOC,495326.78,628970.41,762614.05,4.8,FP&A Baseline TS v3,2026-09-15
2027-05-01,ATL,SOC,552993.58,716164.5,879335.41,4.8,FP&A Baseline TS v3,2026-09-15
2027-06-01,ATL,SOC,769992.48,1017431.92,1264871.37,4.8,FP&A Baseline TS v3,2026-09-15
2027-07-01,ATL,SOC,701948.49,946736.75,1191525.0,4.8,FP&A Baseline TS v3,2026-09-15
2027-08-01,ATL,SOC,663213.25,913416.21,1163619.18,4.8,FP&A Baseline TS v3,2026-09-15
2027-09-01,ATL,SOC,524590.45,738111.28,951632.12,4.8,FP&A Baseline TS v3,2026-09-15
2027-10-01,ATL,SOC,493410.85,709576.11,925741.38,4.8,FP&A Baseline TS v3,2026-09-15
2027-11-01,ATL,SOC,531482.23,781591.51,1031700.79,4.8,FP&A Baseline TS v3,2026-09-15
2027-12-01,ATL,SOC,539139.15,811174.7,1083210.24,4.8,FP&A Baseline TS v3,2026-09-15
2026-09-01,ATL,TEN,188286.08,210366.11,232446.14,-0.9,FP&A Baseline TS v3,2026-09-15
2026-10-01,ATL,TEN,175403.8,199395.01,223386.22,-0.9,FP&A Baseline TS v3,2026-09-15
2026-11-01,ATL,TEN,187674.45,217135.37,246596.3,-0.9,FP&A Baseline TS v3,2026-09-15
2026-12-01,ATL,TEN,248937.91,293226.9,337515.89,-0.9,FP&A Baseline TS v3,2026-09-15
2027-01-01,ATL,TEN,167204.93,200581.73,233958.52,-0.9,FP&A Baseline TS v3,2026-09-15
2027-02-01,ATL,TEN,234594.36,286706.05,338817.74,-0.9,FP&A Baseline TS v3,2026-09-15
2027-03-01,ATL,TEN,242427.11,301946.87,361466.64,-0.9,FP&A Baseline TS v3,2026-09-15
2027-04-01,ATL,TEN,243668.81,309412.85,375156.9,-0.9,FP&A Baseline TS v3,2026-09-15
2027-05-01,ATL,TEN,253079.79,327755.63,402431.47,-0.9,FP&A Baseline TS v3,2026-09-15
2027-06-01,ATL,TEN,230249.11,304240.37,378231.63,-0.9,FP&A Baseline TS v3,2026-09-15
2027-07-01,ATL,TEN,184456.96,248782.05,313107.14,-0.9,FP&A Baseline TS v3,2026-09-15
2027-08-01,ATL,TEN,184770.92,254477.36,324183.8,-0.9,FP&A Baseline TS v3,2026-09-15
2027-09-01,ATL,TEN,148093.93,208371.7,268649.47,-0.9,FP&A Baseline TS v3,2026-09-15
2027-10-01,ATL,TEN,137336.81,197504.61,257672.42,-0.9,FP&A Baseline TS v3,2026-09-15
2027-11-01,ATL,TEN,146252.22,215076.79,283901.36,-0.9,FP&A Baseline TS v3,2026-09-15
2027-12-01,ATL,TEN,193042.64,290446.92,387851.19,-0.9,FP&A Baseline TS v3,2026-09-15
2026-09-01,ATL,VOL,205383.81,229468.86,253553.91,5.9,FP&A Baseline TS v3,2026-09-15
2026-10-01,ATL,VOL,185730.91,211134.63,236538.34,5.9,FP&A Baseline TS v3,2026-09-15
2026-11-01,ATL,VOL,178687.84,206738.07,234788.29,5.9,FP&A Baseline TS v3,2026-09-15
2026-12-01,ATL,VOL,186312.8,219460.05,252607.29,5.9,FP&A Baseline TS v3,2026-09-15
2027-01-01,ATL,VOL,99158.0,118951.54,138745.08,5.9,FP&A Baseline TS v3,2026-09-15
2027-02-01,ATL,VOL,109175.91,133427.73,157679.55,5.9,FP&A Baseline TS v3,2026-09-15
2027-03-01,ATL,VOL,117057.31,145796.77,174536.22,5.9,FP&A Baseline TS v3,2026-09-15
2027-04-01,ATL,VOL,159544.21,202590.68,245637.15,5.9,FP&A Baseline TS v3,2026-09-15
2027-05-01,ATL,VOL,174562.86,226070.84,277578.81,5.9,FP&A Baseline TS v3,2026-09-15
2027-06-01,ATL,VOL,194219.49,256632.53,319045.56,5.9,FP&A Baseline TS v3,2026-09-15
2027-07-01,ATL,VOL,187954.89,253499.8,319044.71,5.9,FP&A Baseline TS v3,2026-09-15
2027-08-01,ATL,VOL,192307.89,264857.71,337407.54,5.9,FP&A Baseline TS v3,2026-09-15
2027-09-01,ATL,VOL,172662.82,242940.71,313218.6,5.9,FP&A Baseline TS v3,2026-09-15
2027-10-01,ATL,VOL,155433.89,223530.1,291626.31,5.9,FP&A Baseline TS v3,2026-09-15
2027-11-01,ATL,VOL,148835.29,218875.42,288915.56,5.9,FP&A Baseline TS v3,2026-09-15
2027-12-01,ATL,VOL,154425.31,232344.3,310263.28,5.9,FP&A Baseline TS v3,2026-09-15
2026-09-01,AUS,BSB,31051.32,34692.66,38334.0,7.3,FP&A Baseline TS v3,2026-09-15
2026-10-01,AUS,BSB,35945.68,40862.23,45778.77,7.3,FP&A Baseline TS v3,2026-09-15
2026-11-01,AUS,BSB,59340.43,68655.63,77970.82,7.3,FP&A Baseline TS v3,2026-09-15
2026-12-01,AUS,BSB,86740.71,102172.9,117605.1,7.3,FP&A Baseline TS v3,2026-09-15
2027-01-01,AUS,BSB,62690.22,75204.2,87718.18,7.3,FP&A Baseline TS v3,2026-09-15
2027-02-01,AUS,BSB,79924.49,97678.54,115432.6,7.3,FP&A Baseline TS v3,2026-09-15
2027-03-01,AUS,BSB,71307.33,88814.43,106321.54,7.3,FP&A Baseline TS v3,2026-09-15
2027-04-01,AUS,BSB,63758.92,80961.65,98164.39,7.3,FP&A Baseline TS v3,2026-09-15
2027-05-01,AUS,BSB,68877.21,89200.69,109524.18,7.3,FP&A Baseline TS v3,2026-09-15
2027-06-01,AUS,BSB,47325.0,62533.03,77741.07,7.3,FP&A Baseline TS v3,2026-09-15
2027-07-01,AUS,BSB,37946.46,51179.41,64412.36,7.3,FP&A Baseline TS v3,2026-09-15
2027-08-01,AUS,BSB,34478.4,47485.68,60492.96,7.3,FP&A Baseline TS v3,2026-09-15
2027-09-01,AUS,BSB,26456.18,37224.48,47992.78,7.3,FP&A Baseline TS v3,2026-09-15
2027-10-01,AUS,BSB,30487.57,43844.29,57201.02,7.3,FP&A Baseline TS v3,2026-09-15
2027-11-01,AUS,BSB,50092.89,73666.02,97239.14,7.3,FP&A Baseline TS v3,2026-09-15
2027-12-01,AUS,BSB,72864.04,109629.33,146394.63,7.3,FP&A Baseline TS v3,2026-09-15
2026-09-01,AUS,BSK,53486.36,59758.62,66030.89,7.7,FP&A Baseline TS v3,2026-09-15
2026-10-01,AUS,BSK,45887.4,52163.75,58440.09,7.7,FP&A Baseline TS v3,2026-09-15
2026-11-01,AUS,BSK,59996.05,69414.16,78832.28,7.7,FP&A Baseline TS v3,2026-09-15
2026-12-01,AUS,BSK,61908.37,72922.6,83936.83,7.7,FP&A Baseline TS v3,2026-09-15
2027-01-01,AUS,BSK,40506.79,48592.59,56678.4,7.7,FP&A Baseline TS v3,2026-09-15
2027-02-01,AUS,BSK,36126.9,44151.97,52177.03,7.7,FP&A Baseline TS v3,2026-09-15
2027-03-01,AUS,BSK,31489.79,39221.04,46952.29,7.7,FP&A Baseline TS v3,2026-09-15
2027-04-01,AUS,BSK,29754.22,37782.18,45810.13,7.7,FP&A Baseline TS v3,2026-09-15
2027-05-01,AUS,BSK,31734.12,41097.85,50461.59,7.7,FP&A Baseline TS v3,2026-09-15
2027-06-01,AUS,BSK,29891.17,39496.78,49102.4,7.7,FP&A Baseline TS v3,2026-09-15
2027-07-01,AUS,BSK,37490.25,50564.1,63637.95,7.7,FP&A Baseline TS v3,2026-09-15
2027-08-01,AUS,BSK,35039.42,48258.34,61477.27,7.7,FP&A Baseline TS v3,2026-09-15
2027-09-01,AUS,BSK,45757.31,64381.63,83005.95,7.7,FP&A Baseline TS v3,2026-09-15
2027-10-01,AUS,BSK,39078.68,56199.2,73319.73,7.7,FP&A Baseline TS v3,2026-09-15
2027-11-01,AUS,BSK,50853.21,74784.14,98715.06,7.7,FP&A Baseline TS v3,2026-09-15
2027-12-01,AUS,BSK,52216.77,78563.99,104911.21,7.7,FP&A Baseline TS v3,2026-09-15
2026-09-01,AUS,CLM,10963.81,12249.52,13535.23,8.6,FP&A Baseline TS v3,2026-09-15
2026-10-01,AUS,CLM,10715.81,12181.48,13647.16,8.6,FP&A Baseline TS v3,2026-09-15
2026-11-01,AUS,CLM,13880.94,16059.95,18238.97,8.6,FP&A Baseline TS v3,2026-09-15
2026-12-01,AUS,CLM,19200.75,22616.79,26032.83,8.6,FP&A Baseline TS v3,2026-09-15
2027-01-01,AUS,CLM,11576.75,13887.66,16198.56,8.6,FP&A Baseline TS v3,2026-09-15
2027-02-01,AUS,CLM,11576.57,14148.13,16719.69,8.6,FP&A Baseline TS v3,2026-09-15
2027-03-01,AUS,CLM,11199.67,13949.37,16699.07,8.6,FP&A Baseline TS v3,2026-09-15
2027-04-01,AUS,CLM,12245.14,15548.99,18852.84,8.6,FP&A Baseline TS v3,2026-09-15
2027-05-01,AUS,CLM,8223.89,10650.5,13077.11,8.6,FP&A Baseline TS v3,2026-09-15
2027-06-01,AUS,CLM,8626.28,11398.36,14170.44,8.6,FP&A Baseline TS v3,2026-09-15
2027-07-01,AUS,CLM,10149.36,13688.71,17228.06,8.6,FP&A Baseline TS v3,2026-09-15
2027-08-01,AUS,CLM,10140.62,13966.25,17791.89,8.6,FP&A Baseline TS v3,2026-09-15
2027-09-01,AUS,CLM,9455.11,13303.57,17152.02,8.6,FP&A Baseline TS v3,2026-09-15
2027-10-01,AUS,CLM,9199.39,13229.67,17259.96,8.6,FP&A Baseline TS v3,2026-09-15
2027-11-01,AUS,CLM,11860.48,17441.88,23023.28,8.6,FP&A Baseline TS v3,2026-09-15
2027-12-01,AUS,CLM,16325.5,24562.92,32800.34,8.6,FP&A Baseline TS v3,2026-09-15
2026-09-01,AUS,CYC,46541.46,51999.3,57457.15,13.3,FP&A Baseline TS v3,2026-09-15
2026-10-01,AUS,CYC,39009.98,44345.65,49681.32,13.3,FP&A Baseline TS v3,2026-09-15
2026-11-01,AUS,CYC,46180.87,53430.3,60679.72,13.3,FP&A Baseline TS v3,2026-09-15
2026-12-01,AUS,CYC,60764.75,71575.51,82386.28,13.3,FP&A Baseline TS v3,2026-09-15
2027-01-01,AUS,CYC,42107.18,50512.45,58917.72,13.3,FP&A Baseline TS v3,2026-09-15
2027-02-01,AUS,CYC,65895.61,80533.35,95171.09,13.3,FP&A Baseline TS v3,2026-09-15
2027-03-01,AUS,CYC,73310.44,91309.34,109308.24,13.3,FP&A Baseline TS v3,2026-09-15
2027-04-01,AUS,CYC,80729.25,102510.73,124292.21,13.3,FP&A Baseline TS v3,2026-09-15
2027-05-01,AUS,CYC,62084.5,80403.67,98722.85,13.3,FP&A Baseline TS v3,2026-09-15
2027-06-01,AUS,CYC,70287.65,92874.8,115461.95,13.3,FP&A Baseline TS v3,2026-09-15
2027-07-01,AUS,CYC,57661.46,77769.56,97877.65,13.3,FP&A Baseline TS v3,2026-09-15
2027-08-01,AUS,CYC,45953.49,63289.84,80626.19,13.3,FP&A Baseline TS v3,2026-09-15
2027-09-01,AUS,CYC,41872.79,58916.02,75959.24,13.3,FP&A Baseline TS v3,2026-09-15
2027-10-01,AUS,CYC,34937.88,50244.31,65550.74,13.3,FP&A Baseline TS v3,2026-09-15
2027-11-01,AUS,CYC,41165.4,60537.35,79909.31,13.3,FP&A Baseline TS v3,2026-09-15
2027-12-01,AUS,CYC,53899.75,81096.16,108292.57,13.3,FP&A Baseline TS v3,2026-09-15
2026-09-01,AUS,FTB,38644.74,43176.56,47708.37,6.5,FP&A Baseline TS v3,2026-09-15
2026-10-01,AUS,FTB,26243.37,29832.86,33422.35,6.5,FP&A Baseline TS v3,2026-09-15
2026-11-01,AUS,FTB,25346.38,29325.23,33304.08,6.5,FP&A Baseline TS v3,2026-09-15
2026-12-01,AUS,FTB,17816.67,20986.47,24156.27,6.5,FP&A Baseline TS v3,2026-09-15
2027-01-01,AUS,FTB,8862.65,10631.78,12400.91,6.5,FP&A Baseline TS v3,2026-09-15
2027-02-01,AUS,FTB,11744.63,14353.53,16962.43,6.5,FP&A Baseline TS v3,2026-09-15
2027-03-01,AUS,FTB,13276.84,16536.52,19796.2,6.5,FP&A Baseline TS v3,2026-09-15
2027-04-01,AUS,FTB,20970.64,26628.71,32286.78,6.5,FP&A Baseline TS v3,2026-09-15
2027-05-01,AUS,FTB,26728.46,34615.19,42501.91,6.5,FP&A Baseline TS v3,2026-09-15
2027-06-01,AUS,FTB,31612.82,41771.7,51930.57,6.5,FP&A Baseline TS v3,2026-09-15
2027-07-01,AUS,FTB,31951.78,43094.22,54236.67,6.5,FP&A Baseline TS v3,2026-09-15
2027-08-01,AUS,FTB,35193.98,48471.22,61748.45,6.5,FP&A Baseline TS v3,2026-09-15
2027-09-01,AUS,FTB,32689.22,45994.51,59299.81,6.5,FP&A Baseline TS v3,2026-09-15
2027-10-01,AUS,FTB,22098.49,31779.93,41461.37,6.5,FP&A Baseline TS v3,2026-09-15
2027-11-01,AUS,FTB,21242.63,31239.17,41235.7,6.5,FP&A Baseline TS v3,2026-09-15
2027-12-01,AUS,FTB,14858.81,22356.17,29853.54,6.5,FP&A Baseline TS v3,2026-09-15
2026-09-01,AUS,GLF,56311.92,62915.53,69519.15,4.6,FP&A Baseline TS v3,2026-09-15
2026-10-01,AUS,GLF,48370.38,54986.34,61602.3,4.6,FP&A Baseline TS v3,2026-09-15
2026-11-01,AUS,GLF,48572.13,56196.94,63821.74,4.6,FP&A Baseline TS v3,2026-09-15
2026-12-01,AUS,GLF,69677.21,82073.61,94470.01,4.6,FP&A Baseline TS v3,2026-09-15
2027-01-01,AUS,GLF,50766.32,60900.09,71033.87,4.6,FP&A Baseline TS v3,2026-09-15
2027-02-01,AUS,GLF,70792.32,86517.79,102243.27,4.6,FP&A Baseline TS v3,2026-09-15
2027-03-01,AUS,GLF,72676.95,90520.32,108363.68,4.6,FP&A Baseline TS v3,2026-09-15
2027-04-01,AUS,GLF,71538.3,90839.98,110141.66,4.6,FP&A Baseline TS v3,2026-09-15
2027-05-01,AUS,GLF,83563.55,108220.52,132877.48,4.6,FP&A Baseline TS v3,2026-09-15
2027-06-01,AUS,GLF,64135.38,84745.48,105355.58,4.6,FP&A Baseline TS v3,2026-09-15
2027-07-01,AUS,GLF,69636.69,93920.86,118205.04,4.6,FP&A Baseline TS v3,2026-09-15
2027-08-01,AUS,GLF,53682.43,73934.6,94186.76,4.6,FP&A Baseline TS v3,2026-09-15
2027-09-01,AUS,GLF,46789.57,65834.04,84878.52,4.6,FP&A Baseline TS v3,2026-09-15
2027-10-01,AUS,GLF,40008.95,57537.03,75065.12,4.6,FP&A Baseline TS v3,2026-09-15
2027-11-01,AUS,GLF,39986.57,58803.79,77621.0,4.6,FP&A Baseline TS v3,2026-09-15
2027-12-01,AUS,GLF,57079.83,85880.82,114681.81,4.6,FP&A Baseline TS v3,2026-09-15
2026-09-01,AUS,HKY,12548.09,14019.58,15491.08,8.7,FP&A Baseline TS v3,2026-09-15
2026-10-01,AUS,HKY,11586.3,13171.03,14755.77,8.7,FP&A Baseline TS v3,2026-09-15
2026-11-01,AUS,HKY,11646.28,13474.5,15302.72,8.7,FP&A Baseline TS v3,2026-09-15
2026-12-01,AUS,HKY,15771.4,18577.32,21383.23,8.7,FP&A Baseline TS v3,2026-09-15
2027-01-01,AUS,HKY,6833.32,8197.36,9561.4,8.7,FP&A Baseline TS v3,2026-09-15
2027-02-01,AUS,HKY,5958.07,7281.57,8605.06,8.7,FP&A Baseline TS v3,2026-09-15
2027-03-01,AUS,HKY,4978.83,6201.22,7423.6,8.7,FP&A Baseline TS v3,2026-09-15
2027-04-01,AUS,HKY,4741.06,6020.24,7299.42,8.7,FP&A Baseline TS v3,2026-09-15
2027-05-01,AUS,HKY,6189.05,8015.24,9841.44,8.7,FP&A Baseline TS v3,2026-09-15
2027-06-01,AUS,HKY,6446.95,8518.69,10590.44,8.7,FP&A Baseline TS v3,2026-09-15
2027-07-01,AUS,HKY,9932.51,13396.25,16859.98,8.7,FP&A Baseline TS v3,2026-09-15
2027-08-01,AUS,HKY,10568.2,14555.14,18542.09,8.7,FP&A Baseline TS v3,2026-09-15
2027-09-01,AUS,HKY,10828.68,15236.21,19643.74,8.7,FP&A Baseline TS v3,2026-09-15
2027-10-01,AUS,HKY,9953.4,14314.03,18674.65,8.7,FP&A Baseline TS v3,2026-09-15
2027-11-01,AUS,HKY,9957.8,14643.82,19329.85,8.7,FP&A Baseline TS v3,2026-09-15
2027-12-01,AUS,HKY,13418.73,20189.47,26960.21,8.7,FP&A Baseline TS v3,2026-09-15
2026-09-01,AUS,LAX,6063.03,6774.03,7485.04,10.0,FP&A Baseline TS v3,2026-09-15
2026-10-01,AUS,LAX,8392.56,9540.47,10688.38,10.0,FP&A Baseline TS v3,2026-09-15
2026-11-01,AUS,LAX,9031.45,10449.2,11866.94,10.0,FP&A Baseline TS v3,2026-09-15
2026-12-01,AUS,LAX,17051.78,20085.49,23119.2,10.0,FP&A Baseline TS v3,2026-09-15
2027-01-01,AUS,LAX,10382.83,12455.41,14527.99,10.0,FP&A Baseline TS v3,2026-09-15
2027-02-01,AUS,LAX,12822.59,15670.94,18519.29,10.0,FP&A Baseline TS v3,2026-09-15
2027-03-01,AUS,LAX,10712.47,13342.56,15972.64,10.0,FP&A Baseline TS v3,2026-09-15
2027-04-01,AUS,LAX,11522.1,14630.87,17739.64,10.0,FP&A Baseline TS v3,2026-09-15
2027-05-01,AUS,LAX,7753.67,10041.53,12329.39,10.0,FP&A Baseline TS v3,2026-09-15
2027-06-01,AUS,LAX,5671.13,7493.57,9316.01,10.0,FP&A Baseline TS v3,2026-09-15
2027-07-01,AUS,LAX,4904.26,6614.51,8324.76,10.0,FP&A Baseline TS v3,2026-09-15
2027-08-01,AUS,LAX,4550.82,6267.66,7984.49,10.0,FP&A Baseline TS v3,2026-09-15
2027-09-01,AUS,LAX,5298.01,7454.43,9610.85,10.0,FP&A Baseline TS v3,2026-09-15
2027-10-01,AUS,LAX,7300.4,10498.73,13697.06,10.0,FP&A Baseline TS v3,2026-09-15
2027-11-01,AUS,LAX,7819.14,11498.73,15178.33,10.0,FP&A Baseline TS v3,2026-09-15
2027-12-01,AUS,LAX,14690.48,22102.91,29515.34,10.0,FP&A Baseline TS v3,2026-09-15
2026-09-01,AUS,PKB,54958.92,61403.87,67848.82,17.0,FP&A Baseline TS v3,2026-09-15
2026-10-01,AUS,PKB,56303.37,64004.38,71705.39,17.0,FP&A Baseline TS v3,2026-09-15
2026-11-01,AUS,PKB,72395.77,83760.37,95124.98,17.0,FP&A Baseline TS v3,2026-09-15
2026-12-01,AUS,PKB,93128.94,109697.68,126266.41,17.0,FP&A Baseline TS v3,2026-09-15
2027-01-01,AUS,PKB,55444.02,66511.55,77579.07,17.0,FP&A Baseline TS v3,2026-09-15
2027-02-01,AUS,PKB,77535.77,94759.2,111982.64,17.0,FP&A Baseline TS v3,2026-09-15
2027-03-01,AUS,PKB,71146.27,88613.83,106081.39,17.0,FP&A Baseline TS v3,2026-09-15
2027-04-01,AUS,PKB,89258.98,113341.86,137424.73,17.0,FP&A Baseline TS v3,2026-09-15
2027-05-01,AUS,PKB,75876.54,98265.3,120654.07,17.0,FP&A Baseline TS v3,2026-09-15
2027-06-01,AUS,PKB,57239.98,75634.22,94028.46,17.0,FP&A Baseline TS v3,2026-09-15
2027-07-01,AUS,PKB,69313.13,93484.47,117655.82,17.0,FP&A Baseline TS v3,2026-09-15
2027-08-01,AUS,PKB,67106.88,92423.54,117740.19,17.0,FP&A Baseline TS v3,2026-09-15
2027-09-01,AUS,PKB,51056.64,71837.91,92619.19,17.0,FP&A Baseline TS v3,2026-09-15
2027-10-01,AUS,PKB,52068.77,74880.31,97691.85,17.0,FP&A Baseline TS v3,2026-09-15
2027-11-01,AUS,PKB,66635.47,97993.34,129351.21,17.0,FP&A Baseline TS v3,2026-09-15
2027-12-01,AUS,PKB,85298.59,128338.03,171377.48,17.0,FP&A Baseline TS v3,2026-09-15
2026-09-01,AUS,RUN,91071.02,101750.79,112430.55,10.6,FP&A Baseline TS v3,2026-09-15
2026-10-01,AUS,RUN,110396.4,125496.08,140595.77,10.6,FP&A Baseline TS v3,2026-09-15
2026-11-01,AUS,RUN,118766.16,137409.95,156053.73,10.6,FP&A Baseline TS v3,2026-09-15
2026-12-01,AUS,RUN,142148.92,167438.89,192728.86,10.6,FP&A Baseline TS v3,2026-09-15
2027-01-01,AUS,RUN,102627.29,123113.35,143599.42,10.6,FP&A Baseline TS v3,2026-09-15
2027-02-01,AUS,RUN,121266.99,148204.68,175142.36,10.6,FP&A Baseline TS v3,2026-09-15
2027-03-01,AUS,RUN,120610.56,150222.4,179834.24,10.6,FP&A Baseline TS v3,2026-09-15
2027-04-01,AUS,RUN,126202.65,160253.26,194303.88,10.6,FP&A Baseline TS v3,2026-09-15
2027-05-01,AUS,RUN,131750.15,170625.45,209500.75,10.6,FP&A Baseline TS v3,2026-09-15
2027-06-01,AUS,RUN,113895.9,150496.7,187097.49,10.6,FP&A Baseline TS v3,2026-09-15
2027-07-01,AUS,RUN,101818.19,137324.92,172831.65,10.6,FP&A Baseline TS v3,2026-09-15
2027-08-01,AUS,RUN,98505.04,135666.92,172828.81,10.6,FP&A Baseline TS v3,2026-09-15
2027-09-01,AUS,RUN,79992.93,112551.97,145111.0,10.6,FP&A Baseline TS v3,2026-09-15
2027-10-01,AUS,RUN,96528.42,138817.91,181107.39,10.6,FP&A Baseline TS v3,2026-09-15
2027-11-01,AUS,RUN,103357.59,151996.46,200635.33,10.6,FP&A Baseline TS v3,2026-09-15
2027-12-01,AUS,RUN,123100.02,185213.08,247326.14,10.6,FP&A Baseline TS v3,2026-09-15
2026-09-01,AUS,SNW,15863.11,17723.35,19583.59,5.1,FP&A Baseline TS v3,2026-09-15
2026-10-01,AUS,SNW,24215.17,27527.25,30839.33,5.1,FP&A Baseline TS v3,2026-09-15
2026-11-01,AUS,SNW,33275.56,38499.12,43722.68,5.1,FP&A Baseline TS v3,2026-09-15
2026-12-01,AUS,SNW,36677.1,43202.39,49727.68,5.1,FP&A Baseline TS v3,2026-09-15
2027-01-01,AUS,SNW,19890.14,23860.54,27830.93,5.1,FP&A Baseline TS v3,2026-09-15
2027-02-01,AUS,SNW,20473.18,25021.0,29568.81,5.1,FP&A Baseline TS v3,2026-09-15
2027-03-01,AUS,SNW,12507.01,15577.68,18648.35,5.1,FP&A Baseline TS v3,2026-09-15
2027-04-01,AUS,SNW,6111.88,7760.92,9409.96,5.1,FP&A Baseline TS v3,2026-09-15
2027-05-01,AUS,SNW,2569.02,3327.05,4085.09,5.1,FP&A Baseline TS v3,2026-09-15
2027-06-01,AUS,SNW,2173.92,2872.51,3571.11,5.1,FP&A Baseline TS v3,2026-09-15
2027-07-01,AUS,SNW,6281.78,8472.41,10663.03,5.1,FP&A Baseline TS v3,2026-09-15
2027-08-01,AUS,SNW,10509.12,14473.77,18438.43,5.1,FP&A Baseline TS v3,2026-09-15
2027-09-01,AUS,SNW,13243.68,18634.17,24024.67,5.1,FP&A Baseline TS v3,2026-09-15
2027-10-01,AUS,SNW,20125.05,28941.91,37758.78,5.1,FP&A Baseline TS v3,2026-09-15
2027-11-01,AUS,SNW,27524.79,40477.63,53430.48,5.1,FP&A Baseline TS v3,2026-09-15
2027-12-01,AUS,SNW,30189.69,45422.62,60655.55,5.1,FP&A Baseline TS v3,2026-09-15
2026-09-01,AUS,SOC,64278.73,71816.6,79354.48,13.4,FP&A Baseline TS v3,2026-09-15
2026-10-01,AUS,SOC,77819.15,88463.02,99106.89,13.4,FP&A Baseline TS v3,2026-09-15
2026-11-01,AUS,SOC,56794.84,65710.43,74626.02,13.4,FP&A Baseline TS v3,2026-09-15
2026-12-01,AUS,SOC,68555.1,80751.86,92948.62,13.4,FP&A Baseline TS v3,2026-09-15
2027-01-01,AUS,SOC,42510.23,50995.96,59481.69,13.4,FP&A Baseline TS v3,2026-09-15
2027-02-01,AUS,SOC,45330.79,55400.36,65469.93,13.4,FP&A Baseline TS v3,2026-09-15
2027-03-01,AUS,SOC,45100.34,56173.2,67246.07,13.4,FP&A Baseline TS v3,2026-09-15
2027-04-01,AUS,SOC,52077.1,66127.97,80178.84,13.4,FP&A Baseline TS v3,2026-09-15
2027-05-01,AUS,SOC,58323.65,75533.11,92742.57,13.4,FP&A Baseline TS v3,2026-09-15
2027-06-01,AUS,SOC,79551.4,105115.49,130679.58,13.4,FP&A Baseline TS v3,2026-09-15
2027-07-01,AUS,SOC,72623.98,97949.9,123275.83,13.4,FP&A Baseline TS v3,2026-09-15
2027-08-01,AUS,SOC,74555.78,102682.6,130809.41,13.4,FP&A Baseline TS v3,2026-09-15
2027-09-01,AUS,SOC,57887.67,81449.34,105011.0,13.4,FP&A Baseline TS v3,2026-09-15
2027-10-01,AUS,SOC,69764.44,100328.53,130892.61,13.4,FP&A Baseline TS v3,2026-09-15
2027-11-01,AUS,SOC,50676.42,74524.14,98371.87,13.4,FP&A Baseline TS v3,2026-09-15
2027-12-01,AUS,SOC,60869.77,91583.07,122296.37,13.4,FP&A Baseline TS v3,2026-09-15
2026-09-01,AUS,TEN,16423.44,18349.39,20275.34,5.0,FP&A Baseline TS v3,2026-09-15
2026-10-01,AUS,TEN,18863.09,21443.12,24023.16,5.0,FP&A Baseline TS v3,2026-09-15
2026-11-01,AUS,TEN,20902.61,24183.88,27465.15,5.0,FP&A Baseline TS v3,2026-09-15
2026-12-01,AUS,TEN,26542.99,31265.31,35987.62,5.0,FP&A Baseline TS v3,2026-09-15
2027-01-01,AUS,TEN,17345.34,20807.75,24270.16,5.0,FP&A Baseline TS v3,2026-09-15
2027-02-01,AUS,TEN,25096.86,30671.75,36246.65,5.0,FP&A Baseline TS v3,2026-09-15
2027-03-01,AUS,TEN,27626.62,34409.4,41192.18,5.0,FP&A Baseline TS v3,2026-09-15
2027-04-01,AUS,TEN,25075.09,31840.58,38606.06,5.0,FP&A Baseline TS v3,2026-09-15
2027-05-01,AUS,TEN,27307.95,35365.67,43423.38,5.0,FP&A Baseline TS v3,2026-09-15
2027-06-01,AUS,TEN,24015.72,31733.24,39450.77,5.0,FP&A Baseline TS v3,2026-09-15
2027-07-01,AUS,TEN,23697.23,31961.09,40224.95,5.0,FP&A Baseline TS v3,2026-09-15
2027-08-01,AUS,TEN,17296.34,23821.54,30346.73,5.0,FP&A Baseline TS v3,2026-09-15
2027-09-01,AUS,TEN,13693.17,19266.62,24840.07,5.0,FP&A Baseline TS v3,2026-09-15
2027-10-01,AUS,TEN,15656.03,22515.0,29373.98,5.0,FP&A Baseline TS v3,2026-09-15
2027-11-01,AUS,TEN,17267.08,25392.76,33518.45,5.0,FP&A Baseline TS v3,2026-09-15
2027-12-01,AUS,TEN,21818.92,32828.17,43837.43,5.0,FP&A Baseline TS v3,2026-09-15
2026-09-01,AUS,VOL,23513.06,26270.41,29027.75,13.0,FP&A Baseline TS v3,2026-09-15
2026-10-01,AUS,VOL,21940.67,24941.65,27942.63,13.0,FP&A Baseline TS v3,2026-09-15
2026-11-01,AUS,VOL,20652.6,23894.62,27136.64,13.0,FP&A Baseline TS v3,2026-09-15
2026-12-01,AUS,VOL,28353.97,33398.48,38442.99,13.0,FP&A Baseline TS v3,2026-09-15
2027-01-01,AUS,VOL,11324.05,13584.51,15844.97,13.0,FP&A Baseline TS v3,2026-09-15
2027-02-01,AUS,VOL,12587.9,15384.11,18180.33,13.0,FP&A Baseline TS v3,2026-09-15
2027-03-01,AUS,VOL,16439.15,20475.22,24511.3,13.0,FP&A Baseline TS v3,2026-09-15
2027-04-01,AUS,VOL,17008.04,21596.96,26185.89,13.0,FP&A Baseline TS v3,2026-09-15
2027-05-01,AUS,VOL,17648.21,22855.64,28063.07,13.0,FP&A Baseline TS v3,2026-09-15
2027-06-01,AUS,VOL,24576.2,32473.84,40371.47,13.0,FP&A Baseline TS v3,2026-09-15
2027-07-01,AUS,VOL,27336.61,36869.62,46402.63,13.0,FP&A Baseline TS v3,2026-09-15
2027-08-01,AUS,VOL,25912.83,35688.68,45464.52,13.0,FP&A Baseline TS v3,2026-09-15
2027-09-01,AUS,VOL,21091.8,29676.67,38261.53,13.0,FP&A Baseline TS v3,2026-09-15
2027-10-01,AUS,VOL,19592.2,28175.62,36759.04,13.0,FP&A Baseline TS v3,2026-09-15
2027-11-01,AUS,VOL,18355.12,26992.83,35630.54,13.0,FP&A Baseline TS v3,2026-09-15
2027-12-01,AUS,VOL,25076.19,37728.98,50381.77,13.0,FP&A Baseline TS v3,2026-09-15
2026-09-01,BOI,BSB,6648.82,7428.52,8208.22,5.7,FP&A Baseline TS v3,2026-09-15
2026-10-01,BOI,BSB,7813.95,8882.72,9951.49,5.7,FP&A Baseline TS v3,2026-09-15
2026-11-01,BOI,BSB,13592.89,15726.69,17860.49,5.7,FP&A Baseline TS v3,2026-09-15
2026-12-01,BOI,BSB,20156.95,23743.11,27329.27,5.7,FP&A Baseline TS v3,2026-09-15
2027-01-01,BOI,BSB,11540.93,13844.68,16148.44,5.7,FP&A Baseline TS v3,2026-09-15
2027-02-01,BOI,BSB,14913.81,18226.69,21539.58,5.7,FP&A Baseline TS v3,2026-09-15
2027-03-01,BOI,BSB,15012.98,18698.91,22384.84,5.7,FP&A Baseline TS v3,2026-09-15
2027-04-01,BOI,BSB,16039.73,20367.39,24695.05,5.7,FP&A Baseline TS v3,2026-09-15
2027-05-01,BOI,BSB,11740.59,15204.87,18669.15,5.7,FP&A Baseline TS v3,2026-09-15
2027-06-01,BOI,BSB,8591.46,11352.35,14113.24,5.7,FP&A Baseline TS v3,2026-09-15
2027-07-01,BOI,BSB,7092.05,9565.24,12038.43,5.7,FP&A Baseline TS v3,2026-09-15
2027-08-01,BOI,BSB,5502.47,7578.32,9654.18,5.7,FP&A Baseline TS v3,2026-09-15
2027-09-01,BOI,BSB,5578.12,7848.55,10118.98,5.7,FP&A Baseline TS v3,2026-09-15
2027-10-01,BOI,BSB,6525.93,9384.97,12244.01,5.7,FP&A Baseline TS v3,2026-09-15
2027-11-01,BOI,BSB,11298.82,16615.92,21933.01,5.7,FP&A Baseline TS v3,2026-09-15
2027-12-01,BOI,BSB,16672.9,25085.61,33498.32,5.7,FP&A Baseline TS v3,2026-09-15
2026-09-01,BOI,BSK,11014.09,12305.69,13597.3,5.6,FP&A Baseline TS v3,2026-09-15
2026-10-01,BOI,BSK,14252.76,16202.21,18151.67,5.6,FP&A Baseline TS v3,2026-09-15
2026-11-01,BOI,BSK,14726.04,17037.72,19349.4,5.6,FP&A Baseline TS v3,2026-09-15
2026-12-01,BOI,BSK,17081.57,20120.58,23159.6,5.6,FP&A Baseline TS v3,2026-09-15
2027-01-01,BOI,BSK,9847.19,11812.84,13778.5,5.6,FP&A Baseline TS v3,2026-09-15
2027-02-01,BOI,BSK,9841.73,12027.93,14214.12,5.6,FP&A Baseline TS v3,2026-09-15
2027-03-01,BOI,BSK,8327.21,10371.67,12416.14,5.6,FP&A Baseline TS v3,2026-09-15
2027-04-01,BOI,BSK,8179.53,10386.44,12593.35,5.6,FP&A Baseline TS v3,2026-09-15
2027-05-01,BOI,BSK,8023.5,10390.97,12758.45,5.6,FP&A Baseline TS v3,2026-09-15
2027-06-01,BOI,BSK,9573.67,12650.2,15726.73,5.6,FP&A Baseline TS v3,2026-09-15
2027-07-01,BOI,BSK,9964.97,13440.02,16915.08,5.6,FP&A Baseline TS v3,2026-09-15
2027-08-01,BOI,BSK,10694.5,14729.1,18763.69,5.6,FP&A Baseline TS v3,2026-09-15
2027-09-01,BOI,BSK,9234.65,12993.37,16752.09,5.6,FP&A Baseline TS v3,2026-09-15
2027-10-01,BOI,BSK,11895.97,17107.64,22319.31,5.6,FP&A Baseline TS v3,2026-09-15
2027-11-01,BOI,BSK,12233.09,17989.84,23746.58,5.6,FP&A Baseline TS v3,2026-09-15
2027-12-01,BOI,BSK,14120.26,21244.98,28369.7,5.6,FP&A Baseline TS v3,2026-09-15
2026-09-01,BOI,CLM,5861.12,6548.45,7235.77,8.2,FP&A Baseline TS v3,2026-09-15
2026-10-01,BOI,CLM,6339.27,7206.34,8073.41,8.2,FP&A Baseline TS v3,2026-09-15
2026-11-01,BOI,CLM,7479.8,8653.97,9828.14,8.2,FP&A Baseline TS v3,2026-09-15
2026-12-01,BOI,CLM,10312.77,12147.54,13982.3,8.2,FP&A Baseline TS v3,2026-09-15
2027-01-01,BOI,CLM,6282.63,7536.75,8790.87,8.2,FP&A Baseline TS v3,2026-09-15
2027-02-01,BOI,CLM,6574.93,8035.45,9495.97,8.2,FP&A Baseline TS v3,2026-09-15
2027-03-01,BOI,CLM,7036.77,8764.41,10492.05,8.2,FP&A Baseline TS v3,2026-09-15
2027-04-01,BOI,CLM,6477.68,8225.42,9973.16,8.2,FP&A Baseline TS v3,2026-09-15
2027-05-01,BOI,CLM,5340.6,6916.44,8492.28,8.2,FP&A Baseline TS v3,2026-09-15
2027-06-01,BOI,CLM,4770.07,6302.95,7835.83,8.2,FP&A Baseline TS v3,2026-09-15
2027-07-01,BOI,CLM,5093.13,6869.24,8645.35,8.2,FP&A Baseline TS v3,2026-09-15
2027-08-01,BOI,CLM,5104.82,7030.66,8956.5,8.2,FP&A Baseline TS v3,2026-09-15
2027-09-01,BOI,CLM,5037.72,7088.19,9138.66,8.2,FP&A Baseline TS v3,2026-09-15
2027-10-01,BOI,CLM,5424.02,7800.31,10176.59,8.2,FP&A Baseline TS v3,2026-09-15
2027-11-01,BOI,CLM,6369.74,9367.26,12364.78,8.2,FP&A Baseline TS v3,2026-09-15
2027-12-01,BOI,CLM,8739.2,13148.77,17558.34,8.2,FP&A Baseline TS v3,2026-09-15
2026-09-01,BOI,CYC,10463.46,11690.49,12917.52,6.7,FP&A Baseline TS v3,2026-09-15
2026-10-01,BOI,CYC,9082.94,10325.28,11567.62,6.7,FP&A Baseline TS v3,2026-09-15
2026-11-01,BOI,CYC,10986.87,12711.57,14436.28,6.7,FP&A Baseline TS v3,2026-09-15
2026-12-01,BOI,CYC,14980.02,17645.14,20310.26,6.7,FP&A Baseline TS v3,2026-09-15
2027-01-01,BOI,CYC,9509.38,11407.61,13305.83,6.7,FP&A Baseline TS v3,2026-09-15
2027-02-01,BOI,CYC,15718.26,19209.84,22701.43,6.7,FP&A Baseline TS v3,2026-09-15
2027-03-01,BOI,CYC,16838.68,20972.85,25107.02,6.7,FP&A Baseline TS v3,2026-09-15
2027-04-01,BOI,CYC,23239.53,29509.77,35780.0,6.7,FP&A Baseline TS v3,2026-09-15
2027-05-01,BOI,CYC,16594.32,21490.78,26387.24,6.7,FP&A Baseline TS v3,2026-09-15
2027-06-01,BOI,CYC,16753.43,22137.2,27520.97,6.7,FP&A Baseline TS v3,2026-09-15
2027-07-01,BOI,CYC,14747.9,19890.89,25033.88,6.7,FP&A Baseline TS v3,2026-09-15
2027-08-01,BOI,CYC,11935.12,16437.74,20940.37,6.7,FP&A Baseline TS v3,2026-09-15
2027-09-01,BOI,CYC,8867.46,12476.73,16085.99,6.7,FP&A Baseline TS v3,2026-09-15
2027-10-01,BOI,CYC,7662.66,11019.7,14376.74,6.7,FP&A Baseline TS v3,2026-09-15
2027-11-01,BOI,CYC,9225.21,13566.48,17907.75,6.7,FP&A Baseline TS v3,2026-09-15
2027-12-01,BOI,CYC,12516.4,18831.85,25147.3,6.7,FP&A Baseline TS v3,2026-09-15
2026-09-01,BOI,FTB,6018.37,6724.13,7429.9,4.0,FP&A Baseline TS v3,2026-09-15
2026-10-01,BOI,FTB,4455.03,5064.37,5673.72,4.0,FP&A Baseline TS v3,2026-09-15
2026-11-01,BOI,FTB,4470.94,5172.78,5874.63,4.0,FP&A Baseline TS v3,2026-09-15
2026-12-01,BOI,FTB,3568.65,4203.55,4838.45,4.0,FP&A Baseline TS v3,2026-09-15
2027-01-01,BOI,FTB,1583.45,1899.53,2215.62,4.0,FP&A Baseline TS v3,2026-09-15
2027-02-01,BOI,FTB,1762.8,2154.37,2545.95,4.0,FP&A Baseline TS v3,2026-09-15
2027-03-01,BOI,FTB,2587.59,3222.89,3858.19,4.0,FP&A Baseline TS v3,2026-09-15
2027-04-01,BOI,FTB,3465.03,4399.92,5334.82,4.0,FP&A Baseline TS v3,2026-09-15
2027-05-01,BOI,FTB,4349.73,5633.2,6916.66,4.0,FP&A Baseline TS v3,2026-09-15
2027-06-01,BOI,FTB,5472.27,7230.8,8989.34,4.0,FP&A Baseline TS v3,2026-09-15
2027-07-01,BOI,FTB,6579.85,8874.43,11169.0,4.0,FP&A Baseline TS v3,2026-09-15
2027-08-01,BOI,FTB,5790.4,7974.87,10159.35,4.0,FP&A Baseline TS v3,2026-09-15
2027-09-01,BOI,FTB,4969.15,6991.71,9014.27,4.0,FP&A Baseline TS v3,2026-09-15
2027-10-01,BOI,FTB,3661.7,5265.9,6870.11,4.0,FP&A Baseline TS v3,2026-09-15
2027-11-01,BOI,FTB,3657.47,5378.63,7099.79,4.0,FP&A Baseline TS v3,2026-09-15
2027-12-01,BOI,FTB,2905.02,4370.82,5836.62,4.0,FP&A Baseline TS v3,2026-09-15
2026-09-01,BOI,GLF,10977.15,12264.43,13551.7,1.3,FP&A Baseline TS v3,2026-09-15
2026-10-01,BOI,GLF,10163.88,11554.06,12944.25,1.3,FP&A Baseline TS v3,2026-09-15
2026-11-01,BOI,GLF,10974.7,12697.49,14420.29,1.3,FP&A Baseline TS v3,2026-09-15
2026-12-01,BOI,GLF,15494.19,18250.79,21007.39,1.3,FP&A Baseline TS v3,2026-09-15
2027-01-01,BOI,GLF,10060.86,12069.17,14077.48,1.3,FP&A Baseline TS v3,2026-09-15
2027-02-01,BOI,GLF,15553.21,19008.12,22463.04,1.3,FP&A Baseline TS v3,2026-09-15
2027-03-01,BOI,GLF,18218.44,22691.36,27164.28,1.3,FP&A Baseline TS v3,2026-09-15
2027-04-01,BOI,GLF,15374.52,19522.7,23670.89,1.3,FP&A Baseline TS v3,2026-09-15
2027-05-01,BOI,GLF,18075.8,23409.39,28742.99,1.3,FP&A Baseline TS v3,2026-09-15
2027-06-01,BOI,GLF,14184.37,18742.56,23300.75,1.3,FP&A Baseline TS v3,2026-09-15
2027-07-01,BOI,GLF,14016.79,18904.83,23792.86,1.3,FP&A Baseline TS v3,2026-09-15
2027-08-01,BOI,GLF,12108.87,16677.04,21245.22,1.3,FP&A Baseline TS v3,2026-09-15
2027-09-01,BOI,GLF,8829.32,12423.06,16016.81,1.3,FP&A Baseline TS v3,2026-09-15
2027-10-01,BOI,GLF,8138.15,11703.51,15268.87,1.3,FP&A Baseline TS v3,2026-09-15
2027-11-01,BOI,GLF,8745.97,12861.73,16977.48,1.3,FP&A Baseline TS v3,2026-09-15
2027-12-01,BOI,GLF,12287.11,18486.86,24686.61,1.3,FP&A Baseline TS v3,2026-09-15
2026-09-01,BOI,HKY,7037.47,7862.74,8688.01,5.3,FP&A Baseline TS v3,2026-09-15
2026-10-01,BOI,HKY,8021.71,9118.9,10216.08,5.3,FP&A Baseline TS v3,2026-09-15
2026-11-01,BOI,HKY,8279.84,9579.6,10879.36,5.3,FP&A Baseline TS v3,2026-09-15
2026-12-01,BOI,HKY,8745.54,10301.47,11857.41,5.3,FP&A Baseline TS v3,2026-09-15
2027-01-01,BOI,HKY,3957.05,4746.94,5536.83,5.3,FP&A Baseline TS v3,2026-09-15
2027-02-01,BOI,HKY,3319.29,4056.63,4793.96,5.3,FP&A Baseline TS v3,2026-09-15
2027-03-01,BOI,HKY,3104.89,3867.19,4629.49,5.3,FP&A Baseline TS v3,2026-09-15
2027-04-01,BOI,HKY,2930.49,3721.17,4511.84,5.3,FP&A Baseline TS v3,2026-09-15
2027-05-01,BOI,HKY,3533.29,4575.85,5618.42,5.3,FP&A Baseline TS v3,2026-09-15
2027-06-01,BOI,HKY,4670.7,6171.65,7672.6,5.3,FP&A Baseline TS v3,2026-09-15
2027-07-01,BOI,HKY,5545.87,7479.86,9413.85,5.3,FP&A Baseline TS v3,2026-09-15
2027-08-01,BOI,HKY,5839.25,8042.15,10245.06,5.3,FP&A Baseline TS v3,2026-09-15
2027-09-01,BOI,HKY,5885.64,8281.23,10676.83,5.3,FP&A Baseline TS v3,2026-09-15
2027-10-01,BOI,HKY,6678.41,9604.25,12530.09,5.3,FP&A Baseline TS v3,2026-09-15
2027-11-01,BOI,HKY,6860.84,10089.48,13318.11,5.3,FP&A Baseline TS v3,2026-09-15
2027-12-01,BOI,HKY,7211.19,10849.77,14488.35,5.3,FP&A Baseline TS v3,2026-09-15
2026-09-01,BOI,LAX,3005.3,3357.73,3710.16,5.8,FP&A Baseline TS v3,2026-09-15
2026-10-01,BOI,LAX,4088.58,4647.8,5207.03,5.8,FP&A Baseline TS v3,2026-09-15
2026-11-01,BOI,LAX,7352.85,8507.1,9661.34,5.8,FP&A Baseline TS v3,2026-09-15
2026-12-01,BOI,LAX,9020.96,10625.9,12230.83,5.8,FP&A Baseline TS v3,2026-09-15
2027-01-01,BOI,LAX,5852.99,7021.34,8189.69,5.8,FP&A Baseline TS v3,2026-09-15
2027-02-01,BOI,LAX,6698.61,8186.61,9674.61,5.8,FP&A Baseline TS v3,2026-09-15
2027-03-01,BOI,LAX,5970.88,7436.83,8902.78,5.8,FP&A Baseline TS v3,2026-09-15
2027-04-01,BOI,LAX,5542.24,7037.59,8532.94,5.8,FP&A Baseline TS v3,2026-09-15
2027-05-01,BOI,LAX,3882.7,5028.36,6174.02,5.8,FP&A Baseline TS v3,2026-09-15
2027-06-01,BOI,LAX,3127.32,4132.29,5137.26,5.8,FP&A Baseline TS v3,2026-09-15
2027-07-01,BOI,LAX,2681.66,3616.82,4551.99,5.8,FP&A Baseline TS v3,2026-09-15
2027-08-01,BOI,LAX,2642.05,3638.78,4635.52,5.8,FP&A Baseline TS v3,2026-09-15
2027-09-01,BOI,LAX,2525.32,3553.19,4581.06,5.8,FP&A Baseline TS v3,2026-09-15
2027-10-01,BOI,LAX,3420.03,4918.36,6416.7,5.8,FP&A Baseline TS v3,2026-09-15
2027-11-01,BOI,LAX,6121.57,9002.31,11883.06,5.8,FP&A Baseline TS v3,2026-09-15
2027-12-01,BOI,LAX,7473.52,11244.46,15015.4,5.8,FP&A Baseline TS v3,2026-09-15
2026-09-01,BOI,PKB,8009.25,8948.48,9887.71,13.5,FP&A Baseline TS v3,2026-09-15
2026-10-01,BOI,PKB,8508.45,9672.21,10835.97,13.5,FP&A Baseline TS v3,2026-09-15
2026-11-01,BOI,PKB,9056.28,10477.93,11899.58,13.5,FP&A Baseline TS v3,2026-09-15
2026-12-01,BOI,PKB,13992.74,16482.21,18971.69,13.5,FP&A Baseline TS v3,2026-09-15
2027-01-01,BOI,PKB,8374.82,10046.56,11718.31,13.5,FP&A Baseline TS v3,2026-09-15
2027-02-01,BOI,PKB,11148.06,13624.43,16100.81,13.5,FP&A Baseline TS v3,2026-09-15
2027-03-01,BOI,PKB,10672.1,13292.28,15912.45,13.5,FP&A Baseline TS v3,2026-09-15
2027-04-01,BOI,PKB,9852.83,12511.22,15169.6,13.5,FP&A Baseline TS v3,2026-09-15
2027-05-01,BOI,PKB,10488.17,13582.89,16677.62,13.5,FP&A Baseline TS v3,2026-09-15
2027-06-01,BOI,PKB,10432.24,13784.67,17137.1,13.5,FP&A Baseline TS v3,2026-09-15
2027-07-01,BOI,PKB,8264.92,11147.12,14029.32,13.5,FP&A Baseline TS v3,2026-09-15
2027-08-01,BOI,PKB,7276.62,10021.79,12766.96,13.5,FP&A Baseline TS v3,2026-09-15
2027-09-01,BOI,PKB,7216.11,10153.24,13090.37,13.5,FP&A Baseline TS v3,2026-09-15
2027-10-01,BOI,PKB,7631.17,10974.41,14317.65,13.5,FP&A Baseline TS v3,2026-09-15
2027-11-01,BOI,PKB,8084.25,11888.61,15692.96,13.5,FP&A Baseline TS v3,2026-09-15
2027-12-01,BOI,PKB,12429.61,18701.27,24972.93,13.5,FP&A Baseline TS v3,2026-09-15
2026-09-01,BOI,RUN,28825.99,32206.37,35586.76,7.6,FP&A Baseline TS v3,2026-09-15
2026-10-01,BOI,RUN,25666.78,29177.41,32688.04,7.6,FP&A Baseline TS v3,2026-09-15
2026-11-01,BOI,RUN,33312.76,38542.16,43771.55,7.6,FP&A Baseline TS v3,2026-09-15
2026-12-01,BOI,RUN,41517.9,48904.43,56290.95,7.6,FP&A Baseline TS v3,2026-09-15
2027-01-01,BOI,RUN,25090.35,30098.79,35107.23,7.6,FP&A Baseline TS v3,2026-09-15
2027-02-01,BOI,RUN,32121.44,39256.74,46392.05,7.6,FP&A Baseline TS v3,2026-09-15
2027-03-01,BOI,RUN,30660.2,38187.77,45715.35,7.6,FP&A Baseline TS v3,2026-09-15
2027-04-01,BOI,RUN,36529.62,46385.64,56241.67,7.6,FP&A Baseline TS v3,2026-09-15
2027-05-01,BOI,RUN,26959.98,34915.02,42870.06,7.6,FP&A Baseline TS v3,2026-09-15
2027-06-01,BOI,RUN,26887.31,35527.63,44167.95,7.6,FP&A Baseline TS v3,2026-09-15
2027-07-01,BOI,RUN,24929.16,33622.63,42316.1,7.6,FP&A Baseline TS v3,2026-09-15
2027-08-01,BOI,RUN,20428.84,28135.79,35842.75,7.6,FP&A Baseline TS v3,2026-09-15
2027-09-01,BOI,RUN,24633.44,34659.84,44686.24,7.6,FP&A Baseline TS v3,2026-09-15
2027-10-01,BOI,RUN,21834.39,31400.13,40965.86,7.6,FP&A Baseline TS v3,2026-09-15
2027-11-01,BOI,RUN,28205.23,41478.27,54751.32,7.6,FP&A Baseline TS v3,2026-09-15
2027-12-01,BOI,RUN,34979.96,52629.94,70279.91,7.6,FP&A Baseline TS v3,2026-09-15
2026-09-01,BOI,SNW,43683.9,48806.65,53929.39,1.2,FP&A Baseline TS v3,2026-09-15
2026-10-01,BOI,SNW,53995.18,61380.48,68765.78,1.2,FP&A Baseline TS v3,2026-09-15
2026-11-01,BOI,SNW,72776.34,84200.68,95625.03,1.2,FP&A Baseline TS v3,2026-09-15
2026-12-01,BOI,SNW,78061.53,91949.59,105837.66,1.2,FP&A Baseline TS v3,2026-09-15
2027-01-01,BOI,SNW,46759.37,56093.29,65427.21,1.2,FP&A Baseline TS v3,2026-09-15
2027-02-01,BOI,SNW,37849.9,46257.71,54665.51,1.2,FP&A Baseline TS v3,2026-09-15
2027-03-01,BOI,SNW,24801.7,30890.92,36980.14,1.2,FP&A Baseline TS v3,2026-09-15
2027-04-01,BOI,SNW,12537.98,15920.84,19303.7,1.2,FP&A Baseline TS v3,2026-09-15
2027-05-01,BOI,SNW,6272.87,8123.8,9974.73,1.2,FP&A Baseline TS v3,2026-09-15
2027-06-01,BOI,SNW,6022.72,7958.14,9893.56,1.2,FP&A Baseline TS v3,2026-09-15
2027-07-01,BOI,SNW,13230.68,17844.58,22458.47,1.2,FP&A Baseline TS v3,2026-09-15
2027-08-01,BOI,SNW,24802.33,34159.23,43516.12,1.2,FP&A Baseline TS v3,2026-09-15
2027-09-01,BOI,SNW,35111.41,49402.59,63693.77,1.2,FP&A Baseline TS v3,2026-09-15
2027-10-01,BOI,SNW,43202.69,62129.96,81057.22,1.2,FP&A Baseline TS v3,2026-09-15
2027-11-01,BOI,SNW,57955.59,85228.8,112502.02,1.2,FP&A Baseline TS v3,2026-09-15
2027-12-01,BOI,SNW,61859.59,93072.33,124285.07,1.2,FP&A Baseline TS v3,2026-09-15
2026-09-01,BOI,SOC,17744.09,19824.91,21905.74,7.8,FP&A Baseline TS v3,2026-09-15
2026-10-01,BOI,SOC,17762.44,20191.93,22621.42,7.8,FP&A Baseline TS v3,2026-09-15
2026-11-01,BOI,SOC,14721.65,17032.64,19343.62,7.8,FP&A Baseline TS v3,2026-09-15
2026-12-01,BOI,SOC,16261.89,19155.07,22048.25,7.8,FP&A Baseline TS v3,2026-09-15
2027-01-01,BOI,SOC,8917.71,10697.83,12477.94,7.8,FP&A Baseline TS v3,2026-09-15
2027-02-01,BOI,SOC,11105.82,13572.81,16039.8,7.8,FP&A Baseline TS v3,2026-09-15
2027-03-01,BOI,SOC,10669.75,13289.35,15908.95,7.8,FP&A Baseline TS v3,2026-09-15
2027-04-01,BOI,SOC,13830.69,17562.33,21293.97,7.8,FP&A Baseline TS v3,2026-09-15
2027-05-01,BOI,SOC,18926.65,24511.31,30095.96,7.8,FP&A Baseline TS v3,2026-09-15
2027-06-01,BOI,SOC,17714.7,23407.37,29100.05,7.8,FP&A Baseline TS v3,2026-09-15
2027-07-01,BOI,SOC,16516.61,22276.39,28036.18,7.8,FP&A Baseline TS v3,2026-09-15
2027-08-01,BOI,SOC,20337.5,28010.0,35682.49,7.8,FP&A Baseline TS v3,2026-09-15
2027-09-01,BOI,SOC,15194.35,21378.82,27563.28,7.8,FP&A Baseline TS v3,2026-09-15
2027-10-01,BOI,SOC,15141.19,21774.6,28408.01,7.8,FP&A Baseline TS v3,2026-09-15
2027-11-01,BOI,SOC,12490.02,18367.68,24245.33,7.8,FP&A Baseline TS v3,2026-09-15
2027-12-01,BOI,SOC,13729.12,20656.47,27583.83,7.8,FP&A Baseline TS v3,2026-09-15
2026-09-01,BOI,TEN,5573.68,6227.3,6880.92,3.6,FP&A Baseline TS v3,2026-09-15
2026-10-01,BOI,TEN,5361.47,6094.8,6828.12,3.6,FP&A Baseline TS v3,2026-09-15
2026-11-01,BOI,TEN,6431.06,7440.6,8450.14,3.6,FP&A Baseline TS v3,2026-09-15
2026-12-01,BOI,TEN,8125.51,9571.13,11016.76,3.6,FP&A Baseline TS v3,2026-09-15
2027-01-01,BOI,TEN,5135.41,6160.52,7185.63,3.6,FP&A Baseline TS v3,2026-09-15
2027-02-01,BOI,TEN,7159.18,8749.49,10339.8,3.6,FP&A Baseline TS v3,2026-09-15
2027-03-01,BOI,TEN,7164.9,8924.0,10683.1,3.6,FP&A Baseline TS v3,2026-09-15
2027-04-01,BOI,TEN,7736.35,9823.69,11911.03,3.6,FP&A Baseline TS v3,2026-09-15
2027-05-01,BOI,TEN,8153.52,10559.37,12965.22,3.6,FP&A Baseline TS v3,2026-09-15
2027-06-01,BOI,TEN,6786.81,8967.77,11148.73,3.6,FP&A Baseline TS v3,2026-09-15
2027-07-01,BOI,TEN,7456.77,10057.15,12657.53,3.6,FP&A Baseline TS v3,2026-09-15
2027-08-01,BOI,TEN,5033.1,6931.88,8830.66,3.6,FP&A Baseline TS v3,2026-09-15
2027-09-01,BOI,TEN,4585.82,6452.35,8318.89,3.6,FP&A Baseline TS v3,2026-09-15
2027-10-01,BOI,TEN,4391.24,6315.06,8238.88,3.6,FP&A Baseline TS v3,2026-09-15
2027-11-01,BOI,TEN,5242.46,7709.5,10176.53,3.6,FP&A Baseline TS v3,2026-09-15
2027-12-01,BOI,TEN,6591.25,9917.03,13242.8,3.6,FP&A Baseline TS v3,2026-09-15
2026-09-01,BOI,VOL,5217.87,5829.76,6441.65,6.9,FP&A Baseline TS v3,2026-09-15
2026-10-01,BOI,VOL,4685.64,5326.53,5967.41,6.9,FP&A Baseline TS v3,2026-09-15
2026-11-01,BOI,VOL,4444.62,5142.33,5840.04,6.9,FP&A Baseline TS v3,2026-09-15
2026-12-01,BOI,VOL,5088.31,5993.59,6898.86,6.9,FP&A Baseline TS v3,2026-09-15
2027-01-01,BOI,VOL,2429.55,2914.52,3399.5,6.9,FP&A Baseline TS v3,2026-09-15
2027-02-01,BOI,VOL,2842.25,3473.61,4104.97,6.9,FP&A Baseline TS v3,2026-09-15
2027-03-01,BOI,VOL,2756.28,3432.99,4109.7,6.9,FP&A Baseline TS v3,2026-09-15
2027-04-01,BOI,VOL,3653.24,4638.92,5624.59,6.9,FP&A Baseline TS v3,2026-09-15
2027-05-01,BOI,VOL,4362.12,5649.24,6936.37,6.9,FP&A Baseline TS v3,2026-09-15
2027-06-01,BOI,VOL,4770.35,6303.31,7836.28,6.9,FP&A Baseline TS v3,2026-09-15
2027-07-01,BOI,VOL,4969.59,6702.62,8435.65,6.9,FP&A Baseline TS v3,2026-09-15
2027-08-01,BOI,VOL,5340.08,7354.68,9369.27,6.9,FP&A Baseline TS v3,2026-09-15
2027-09-01,BOI,VOL,4427.31,6229.33,8031.35,6.9,FP&A Baseline TS v3,2026-09-15
2027-10-01,BOI,VOL,3957.71,5691.6,7425.49,6.9,FP&A Baseline TS v3,2026-09-15
2027-11-01,BOI,VOL,3736.45,5494.78,7253.12,6.9,FP&A Baseline TS v3,2026-09-15
2027-12-01,BOI,VOL,4256.61,6404.38,8552.16,6.9,FP&A Baseline TS v3,2026-09-15
2026-09-01,BOS,BSB,183577.27,205105.1,226632.93,1.3,FP&A Baseline TS v3,2026-09-15
2026-10-01,BOS,BSB,204342.74,232292.13,260241.52,1.3,FP&A Baseline TS v3,2026-09-15
2026-11-01,BOS,BSB,328960.51,380600.37,432240.23,1.3,FP&A Baseline TS v3,2026-09-15
2026-12-01,BOS,BSB,506601.73,596732.15,686862.57,1.3,FP&A Baseline TS v3,2026-09-15
2027-01-01,BOS,BSB,341767.65,409989.99,478212.32,1.3,FP&A Baseline TS v3,2026-09-15
2027-02-01,BOS,BSB,418597.99,511583.39,604568.78,1.3,FP&A Baseline TS v3,2026-09-15
2027-03-01,BOS,BSB,428442.05,533631.49,638820.93,1.3,FP&A Baseline TS v3,2026-09-15
2027-04-01,BOS,BSB,357645.01,454140.87,550636.72,1.3,FP&A Baseline TS v3,2026-09-15
2027-05-01,BOS,BSB,299378.01,387715.0,476051.98,1.3,FP&A Baseline TS v3,2026-09-15
2027-06-01,BOS,BSB,222155.36,293545.67,364935.98,1.3,FP&A Baseline TS v3,2026-09-15
2027-07-01,BOS,BSB,187998.38,253558.45,319118.52,1.3,FP&A Baseline TS v3,2026-09-15
2027-08-01,BOS,BSB,159108.44,219133.49,279158.53,1.3,FP&A Baseline TS v3,2026-09-15
2027-09-01,BOS,BSB,147616.46,207699.89,267783.31,1.3,FP&A Baseline TS v3,2026-09-15
2027-10-01,BOS,BSB,163570.13,235230.86,306891.59,1.3,FP&A Baseline TS v3,2026-09-15
2027-11-01,BOS,BSB,262082.44,385415.35,508748.27,1.3,FP&A Baseline TS v3,2026-09-15
2027-12-01,BOS,BSB,401629.6,604281.42,806933.23,1.3,FP&A Baseline TS v3,2026-09-15
2026-09-01,BOS,BSK,347849.49,388641.28,429433.07,2.1,FP&A Baseline TS v3,2026-09-15
2026-10-01,BOS,BSK,341153.46,387815.41,434477.36,2.1,FP&A Baseline TS v3,2026-09-15
2026-11-01,BOS,BSK,430994.17,498651.16,566308.15,2.1,FP&A Baseline TS v3,2026-09-15
2026-12-01,BOS,BSK,458241.5,539768.07,621294.64,2.1,FP&A Baseline TS v3,2026-09-15
2027-01-01,BOS,BSK,237177.43,284521.87,331866.31,2.1,FP&A Baseline TS v3,2026-09-15
2027-02-01,BOS,BSK,257550.18,314761.17,371972.16,2.1,FP&A Baseline TS v3,2026-09-15
2027-03-01,BOS,BSK,236366.85,294398.72,352430.6,2.1,FP&A Baseline TS v3,2026-09-15
2027-04-01,BOS,BSK,220959.99,280576.99,340193.98,2.1,FP&A Baseline TS v3,2026-09-15
2027-05-01,BOS,BSK,213952.4,277082.99,340213.58,2.1,FP&A Baseline TS v3,2026-09-15
2027-06-01,BOS,BSK,206181.35,272438.36,338695.36,2.1,FP&A Baseline TS v3,2026-09-15
2027-07-01,BOS,BSK,239104.8,322487.05,405869.3,2.1,FP&A Baseline TS v3,2026-09-15
2027-08-01,BOS,BSK,248584.16,342364.69,436145.23,2.1,FP&A Baseline TS v3,2026-09-15
2027-09-01,BOS,BSK,282121.8,396952.11,511782.42,2.1,FP&A Baseline TS v3,2026-09-15
2027-10-01,BOS,BSK,275438.06,396108.58,516779.1,2.1,FP&A Baseline TS v3,2026-09-15
2027-11-01,BOS,BSK,346333.84,509314.48,672295.11,2.1,FP&A Baseline TS v3,2026-09-15
2027-12-01,BOS,BSK,366423.11,551310.65,736198.18,2.1,FP&A Baseline TS v3,2026-09-15
2026-09-01,BOS,CLM,84003.63,93854.61,103705.59,4.8,FP&A Baseline TS v3,2026-09-15
2026-10-01,BOS,CLM,87281.57,99219.68,111157.79,4.8,FP&A Baseline TS v3,2026-09-15
2026-11-01,BOS,CLM,109486.17,126673.19,143860.21,4.8,FP&A Baseline TS v3,2026-09-15
2026-12-01,BOS,CLM,127297.24,149944.93,172592.61,4.8,FP&A Baseline TS v3,2026-09-15
2027-01-01,BOS,CLM,72866.23,87411.5,101956.78,4.8,FP&A Baseline TS v3,2026-09-15
2027-02-01,BOS,CLM,85102.54,104006.82,122911.1,4.8,FP&A Baseline TS v3,2026-09-15
2027-03-01,BOS,CLM,83951.29,104562.69,125174.09,4.8,FP&A Baseline TS v3,2026-09-15
2027-04-01,BOS,CLM,75656.05,96068.73,116481.42,4.8,FP&A Baseline TS v3,2026-09-15
2027-05-01,BOS,CLM,68214.62,88342.6,108470.57,4.8,FP&A Baseline TS v3,2026-09-15
2027-06-01,BOS,CLM,68572.27,90608.18,112644.09,4.8,FP&A Baseline TS v3,2026-09-15
2027-07-01,BOS,CLM,63695.38,85907.67,108119.95,4.8,FP&A Baseline TS v3,2026-09-15
2027-08-01,BOS,CLM,66654.99,91801.17,116947.34,4.8,FP&A Baseline TS v3,2026-09-15
2027-09-01,BOS,CLM,69899.76,98350.63,126801.5,4.8,FP&A Baseline TS v3,2026-09-15
2027-10-01,BOS,CLM,72298.46,103972.7,135646.95,4.8,FP&A Baseline TS v3,2026-09-15
2027-11-01,BOS,CLM,90264.12,132741.35,175218.58,4.8,FP&A Baseline TS v3,2026-09-15
2027-12-01,BOS,CLM,104433.48,157127.9,209822.31,4.8,FP&A Baseline TS v3,2026-09-15
2026-09-01,BOS,CYC,272088.79,303996.23,335903.68,-0.3,FP&A Baseline TS v3,2026-09-15
2026-10-01,BOS,CYC,227289.47,258377.44,289465.42,-0.3,FP&A Baseline TS v3,2026-09-15
2026-11-01,BOS,CYC,273165.3,316046.48,358927.67,-0.3,FP&A Baseline TS v3,2026-09-15
2026-12-01,BOS,CYC,378338.26,445649.1,512959.94,-0.3,FP&A Baseline TS v3,2026-09-15
2027-01-01,BOS,CYC,274779.01,329629.34,384479.66,-0.3,FP&A Baseline TS v3,2026-09-15
2027-02-01,BOS,CYC,382511.97,467481.38,552450.8,-0.3,FP&A Baseline TS v3,2026-09-15
2027-03-01,BOS,CYC,408341.75,508596.24,608850.74,-0.3,FP&A Baseline TS v3,2026-09-15
2027-04-01,BOS,CYC,465935.26,591648.79,717362.33,-0.3,FP&A Baseline TS v3,2026-09-15
2027-05-01,BOS,CYC,443205.54,573981.47,704757.41,-0.3,FP&A Baseline TS v3,2026-09-15
2027-06-01,BOS,CYC,357052.91,471792.96,586533.01,-0.3,FP&A Baseline TS v3,2026-09-15
2027-07-01,BOS,CYC,346767.55,467694.68,588621.82,-0.3,FP&A Baseline TS v3,2026-09-15
2027-08-01,BOS,CYC,260924.15,359360.05,457795.96,-0.3,FP&A Baseline TS v3,2026-09-15
2027-09-01,BOS,CYC,215416.22,303095.76,390775.3,-0.3,FP&A Baseline TS v3,2026-09-15
2027-10-01,BOS,CYC,179133.15,257612.1,336091.04,-0.3,FP&A Baseline TS v3,2026-09-15
2027-11-01,BOS,CYC,214275.01,315110.31,415945.61,-0.3,FP&A Baseline TS v3,2026-09-15
2027-12-01,BOS,CYC,295318.85,444329.03,593339.21,-0.3,FP&A Baseline TS v3,2026-09-15
2026-09-01,BOS,FTB,163296.94,182446.53,201596.12,0.6,FP&A Baseline TS v3,2026-09-15
2026-10-01,BOS,FTB,136860.59,155579.97,174299.35,0.6,FP&A Baseline TS v3,2026-09-15
2026-11-01,BOS,FTB,114176.34,132099.62,150022.89,0.6,FP&A Baseline TS v3,2026-09-15
2026-12-01,BOS,FTB,104339.79,122903.07,141466.35,0.6,FP&A Baseline TS v3,2026-09-15
2027-01-01,BOS,FTB,44281.25,53120.5,61959.75,0.6,FP&A Baseline TS v3,2026-09-15
2027-02-01,BOS,FTB,51799.82,63306.38,74812.95,0.6,FP&A Baseline TS v3,2026-09-15
2027-03-01,BOS,FTB,68138.45,84867.54,101596.63,0.6,FP&A Baseline TS v3,2026-09-15
2027-04-01,BOS,FTB,87641.5,111287.96,134934.43,0.6,FP&A Baseline TS v3,2026-09-15
2027-05-01,BOS,FTB,112419.7,145591.2,178762.7,0.6,FP&A Baseline TS v3,2026-09-15
2027-06-01,BOS,FTB,137914.68,182233.98,226553.29,0.6,FP&A Baseline TS v3,2026-09-15
2027-07-01,BOS,FTB,152027.51,205043.58,258059.65,0.6,FP&A Baseline TS v3,2026-09-15
2027-08-01,BOS,FTB,160371.44,220872.97,281374.49,0.6,FP&A Baseline TS v3,2026-09-15
2027-09-01,BOS,FTB,130435.99,183526.55,236617.11,0.6,FP&A Baseline TS v3,2026-09-15
2027-10-01,BOS,FTB,108824.5,156500.95,204177.4,0.6,FP&A Baseline TS v3,2026-09-15
2027-11-01,BOS,FTB,90359.49,132881.6,175403.72,0.6,FP&A Baseline TS v3,2026-09-15
2027-12-01,BOS,FTB,82169.85,123630.62,165091.38,0.6,FP&A Baseline TS v3,2026-09-15
2026-09-01,BOS,GLF,303720.64,339337.5,374954.37,-2.8,FP&A Baseline TS v3,2026-09-15
2026-10-01,BOS,GLF,253246.66,287884.98,322523.3,-2.8,FP&A Baseline TS v3,2026-09-15
2026-11-01,BOS,GLF,309211.02,357750.63,406290.23,-2.8,FP&A Baseline TS v3,2026-09-15
2026-12-01,BOS,GLF,383759.29,452034.6,520309.9,-2.8,FP&A Baseline TS v3,2026-09-15
2027-01-01,BOS,GLF,280756.0,336799.43,392842.85,-2.8,FP&A Baseline TS v3,2026-09-15
2027-02-01,BOS,GLF,369505.05,451585.18,533665.3,-2.8,FP&A Baseline TS v3,2026-09-15
2027-03-01,BOS,GLF,438726.44,546440.87,654155.29,-2.8,FP&A Baseline TS v3,2026-09-15
2027-04-01,BOS,GLF,451102.66,572814.22,694525.79,-2.8,FP&A Baseline TS v3,2026-09-15
2027-05-01,BOS,GLF,425250.98,550729.09,676207.21,-2.8,FP&A Baseline TS v3,2026-09-15
2027-06-01,BOS,GLF,396689.21,524166.5,651643.8,-2.8,FP&A Baseline TS v3,2026-09-15
2027-07-01,BOS,GLF,337728.02,455502.83,573277.64,-2.8,FP&A Baseline TS v3,2026-09-15
2027-08-01,BOS,GLF,304853.65,419862.34,534871.03,-2.8,FP&A Baseline TS v3,2026-09-15
2027-09-01,BOS,GLF,234345.74,329730.04,425114.35,-2.8,FP&A Baseline TS v3,2026-09-15
2027-10-01,BOS,GLF,194516.02,279734.26,364952.51,-2.8,FP&A Baseline TS v3,2026-09-15
2027-11-01,BOS,GLF,236382.86,347621.85,458860.84,-2.8,FP&A Baseline TS v3,2026-09-15
2027-12-01,BOS,GLF,291934.09,439236.42,586538.74,-2.8,FP&A Baseline TS v3,2026-09-15
2026-09-01,BOS,HKY,400319.09,447263.91,494208.73,0.8,FP&A Baseline TS v3,2026-09-15
2026-10-01,BOS,HKY,396334.45,450543.89,504753.33,0.8,FP&A Baseline TS v3,2026-09-15
2026-11-01,BOS,HKY,440112.24,509200.58,578288.91,0.8,FP&A Baseline TS v3,2026-09-15
2026-12-01,BOS,HKY,430137.92,506664.53,583191.14,0.8,FP&A Baseline TS v3,2026-09-15
2027-01-01,BOS,HKY,202737.35,243206.99,283676.64,0.8,FP&A Baseline TS v3,2026-09-15
2027-02-01,BOS,HKY,180843.99,221015.83,261187.66,0.8,FP&A Baseline TS v3,2026-09-15
2027-03-01,BOS,HKY,145370.19,181060.91,216751.64,0.8,FP&A Baseline TS v3,2026-09-15
2027-04-01,BOS,HKY,136300.02,173075.0,209849.98,0.8,FP&A Baseline TS v3,2026-09-15
2027-05-01,BOS,HKY,161347.08,208955.5,256563.92,0.8,FP&A Baseline TS v3,2026-09-15
2027-06-01,BOS,HKY,195202.58,257931.52,320660.47,0.8,FP&A Baseline TS v3,2026-09-15
2027-07-01,BOS,HKY,272468.74,367485.9,462503.05,0.8,FP&A Baseline TS v3,2026-09-15
2027-08-01,BOS,HKY,296736.66,408683.14,520629.63,0.8,FP&A Baseline TS v3,2026-09-15
2027-09-01,BOS,HKY,320343.73,450731.27,581118.81,0.8,FP&A Baseline TS v3,2026-09-15
2027-10-01,BOS,HKY,315718.94,454036.68,592354.41,0.8,FP&A Baseline TS v3,2026-09-15
2027-11-01,BOS,HKY,348940.7,513148.09,677355.48,0.8,FP&A Baseline TS v3,2026-09-15
2027-12-01,BOS,HKY,339360.12,510592.38,681824.65,0.8,FP&A Baseline TS v3,2026-09-15
2026-09-01,BOS,LAX,155392.68,173615.35,191838.01,4.8,FP&A Baseline TS v3,2026-09-15
2026-10-01,BOS,LAX,193975.08,220506.41,247037.74,4.8,FP&A Baseline TS v3,2026-09-15
2026-11-01,BOS,LAX,315761.59,365329.49,414897.4,4.8,FP&A Baseline TS v3,2026-09-15
2026-12-01,BOS,LAX,460616.48,542565.59,624514.69,4.8,FP&A Baseline TS v3,2026-09-15
2027-01-01,BOS,LAX,279387.33,335157.54,390927.76,4.8,FP&A Baseline TS v3,2026-09-15
2027-02-01,BOS,LAX,329239.19,402374.84,475510.49,4.8,FP&A Baseline TS v3,2026-09-15
2027-03-01,BOS,LAX,305518.63,380528.39,455538.14,4.8,FP&A Baseline TS v3,2026-09-15
2027-04-01,BOS,LAX,251542.34,319410.74,387279.13,4.8,FP&A Baseline TS v3,2026-09-15
2027-05-01,BOS,LAX,182714.77,236628.12,290541.47,4.8,FP&A Baseline TS v3,2026-09-15
2027-06-01,BOS,LAX,144540.2,190988.64,237437.07,4.8,FP&A Baseline TS v3,2026-09-15
2027-07-01,BOS,LAX,124714.65,168205.99,211697.33,4.8,FP&A Baseline TS v3,2026-09-15
2027-08-01,BOS,LAX,113984.33,156985.92,199987.5,4.8,FP&A Baseline TS v3,2026-09-15
2027-09-01,BOS,LAX,129284.43,181906.27,234528.12,4.8,FP&A Baseline TS v3,2026-09-15
2027-10-01,BOS,LAX,160653.61,231036.6,301419.59,4.8,FP&A Baseline TS v3,2026-09-15
2027-11-01,BOS,LAX,260287.44,382775.65,505263.85,4.8,FP&A Baseline TS v3,2026-09-15
2027-12-01,BOS,LAX,377831.61,568475.57,759119.54,4.8,FP&A Baseline TS v3,2026-09-15
2026-09-01,BOS,PKB,195498.34,218424.13,241349.93,9.6,FP&A Baseline TS v3,2026-09-15
2026-10-01,BOS,PKB,191707.54,217928.72,244149.9,9.6,FP&A Baseline TS v3,2026-09-15
2026-11-01,BOS,PKB,238151.72,275536.51,312921.3,9.6,FP&A Baseline TS v3,2026-09-15
2026-12-01,BOS,PKB,361097.57,425341.09,489584.6,9.6,FP&A Baseline TS v3,2026-09-15
2027-01-01,BOS,PKB,197021.96,236350.72,275679.48,9.6,FP&A Baseline TS v3,2026-09-15
2027-02-01,BOS,PKB,274150.37,335048.85,395947.33,9.6,FP&A Baseline TS v3,2026-09-15
2027-03-01,BOS,PKB,277684.98,345861.13,414037.27,9.6,FP&A Baseline TS v3,2026-09-15
2027-04-01,BOS,PKB,243765.35,309535.44,375305.53,9.6,FP&A Baseline TS v3,2026-09-15
2027-05-01,BOS,PKB,280005.88,362626.76,445247.64,9.6,FP&A Baseline TS v3,2026-09-15
2027-06-01,BOS,PKB,239129.39,315974.35,392819.32,9.6,FP&A Baseline TS v3,2026-09-15
2027-07-01,BOS,PKB,220150.89,296923.41,373695.92,9.6,FP&A Baseline TS v3,2026-09-15
2027-08-01,BOS,PKB,207851.36,286265.1,364678.83,9.6,FP&A Baseline TS v3,2026-09-15
2027-09-01,BOS,PKB,170102.95,239338.91,308574.87,9.6,FP&A Baseline TS v3,2026-09-15
2027-10-01,BOS,PKB,166049.23,238796.06,311542.89,9.6,FP&A Baseline TS v3,2026-09-15
2027-11-01,BOS,PKB,205305.58,301919.97,398534.36,9.6,FP&A Baseline TS v3,2026-09-15
2027-12-01,BOS,PKB,309767.96,466068.8,622369.63,9.6,FP&A Baseline TS v3,2026-09-15
2026-09-01,BOS,RUN,705335.52,788049.16,870762.8,0.8,FP&A Baseline TS v3,2026-09-15
2026-10-01,BOS,RUN,628171.68,714091.12,800010.57,0.8,FP&A Baseline TS v3,2026-09-15
2026-11-01,BOS,RUN,790164.93,914204.15,1038243.37,0.8,FP&A Baseline TS v3,2026-09-15
2026-12-01,BOS,RUN,1062234.99,1251219.12,1440203.26,0.8,FP&A Baseline TS v3,2026-09-15
2027-01-01,BOS,RUN,658814.39,790324.37,921834.34,0.8,FP&A Baseline TS v3,2026-09-15
2027-02-01,BOS,RUN,846113.75,1034065.49,1222017.23,0.8,FP&A Baseline TS v3,2026-09-15
2027-03-01,BOS,RUN,822942.77,1024988.5,1227034.23,0.8,FP&A Baseline TS v3,2026-09-15
2027-04-01,BOS,RUN,796237.51,1011069.57,1225901.63,0.8,FP&A Baseline TS v3,2026-09-15
2027-05-01,BOS,RUN,762438.1,987409.48,1212380.86,0.8,FP&A Baseline TS v3,2026-09-15
2027-06-01,BOS,RUN,692825.77,915467.46,1138109.14,0.8,FP&A Baseline TS v3,2026-09-15
2027-07-01,BOS,RUN,581465.02,784237.46,987009.89,0.8,FP&A Baseline TS v3,2026-09-15
2027-08-01,BOS,RUN,557122.38,767301.65,977480.92,0.8,FP&A Baseline TS v3,2026-09-15
2027-09-01,BOS,RUN,564385.69,794104.14,1023822.58,0.8,FP&A Baseline TS v3,2026-09-15
2027-10-01,BOS,RUN,500365.65,719577.85,938790.04,0.8,FP&A Baseline TS v3,2026-09-15
2027-11-01,BOS,RUN,626435.34,921228.44,1216021.54,0.8,FP&A Baseline TS v3,2026-09-15
2027-12-01,BOS,RUN,837999.96,1260832.87,1683665.79,0.8,FP&A Baseline TS v3,2026-09-15
2026-09-01,BOS,SNW,619071.39,691668.97,764266.54,1.9,FP&A Baseline TS v3,2026-09-15
2026-10-01,BOS,SNW,777578.57,883933.44,990288.31,1.9,FP&A Baseline TS v3,2026-09-15
2026-11-01,BOS,SNW,1013100.01,1172135.33,1331170.65,1.9,FP&A Baseline TS v3,2026-09-15
2026-12-01,BOS,SNW,1310029.83,1543099.59,1776169.35,1.9,FP&A Baseline TS v3,2026-09-15
2027-01-01,BOS,SNW,636160.91,763148.88,890136.86,1.9,FP&A Baseline TS v3,2026-09-15
2027-02-01,BOS,SNW,590787.68,722022.49,853257.29,1.9,FP&A Baseline TS v3,2026-09-15
2027-03-01,BOS,SNW,386609.93,481528.91,576447.89,1.9,FP&A Baseline TS v3,2026-09-15
2027-04-01,BOS,SNW,179740.02,228235.5,276730.97,1.9,FP&A Baseline TS v3,2026-09-15
2027-05-01,BOS,SNW,75133.74,97303.33,119472.92,1.9,FP&A Baseline TS v3,2026-09-15
2027-06-01,BOS,SNW,78814.02,104141.15,129468.27,1.9,FP&A Baseline TS v3,2026-09-15
2027-07-01,BOS,SNW,162843.47,219631.35,276419.24,1.9,FP&A Baseline TS v3,2026-09-15
2027-08-01,BOS,SNW,312911.66,430960.31,549008.96,1.9,FP&A Baseline TS v3,2026-09-15
2027-09-01,BOS,SNW,500972.83,704880.73,908788.63,1.9,FP&A Baseline TS v3,2026-09-15
2027-10-01,BOS,SNW,626392.6,900817.7,1175242.81,1.9,FP&A Baseline TS v3,2026-09-15
2027-11-01,BOS,SNW,812276.74,1194524.62,1576772.5,1.9,FP&A Baseline TS v3,2026-09-15
2027-12-01,BOS,SNW,1045196.1,1572574.77,2099953.45,1.9,FP&A Baseline TS v3,2026-09-15
2026-09-01,BOS,SOC,466996.02,521759.94,576523.86,4.2,FP&A Baseline TS v3,2026-09-15
2026-10-01,BOS,SOC,450850.17,512516.11,574182.05,4.2,FP&A Baseline TS v3,2026-09-15
2026-11-01,BOS,SOC,429365.26,496766.54,564167.83,4.2,FP&A Baseline TS v3,2026-09-15
2026-12-01,BOS,SOC,476948.96,561803.81,646658.66,4.2,FP&A Baseline TS v3,2026-09-15
2027-01-01,BOS,SOC,238373.89,285957.16,333540.43,4.2,FP&A Baseline TS v3,2026-09-15
2027-02-01,BOS,SOC,296097.92,361871.72,427645.53,4.2,FP&A Baseline TS v3,2026-09-15
2027-03-01,BOS,SOC,317747.19,395759.25,473771.31,4.2,FP&A Baseline TS v3,2026-09-15
2027-04-01,BOS,SOC,334958.79,425333.7,515708.6,4.2,FP&A Baseline TS v3,2026-09-15
2027-05-01,BOS,SOC,398000.46,515437.81,632875.16,4.2,FP&A Baseline TS v3,2026-09-15
2027-06-01,BOS,SOC,478547.59,632330.33,786113.06,4.2,FP&A Baseline TS v3,2026-09-15
2027-07-01,BOS,SOC,483287.11,651822.28,820357.45,4.2,FP&A Baseline TS v3,2026-09-15
2027-08-01,BOS,SOC,445418.03,613455.85,781493.68,4.2,FP&A Baseline TS v3,2026-09-15
2027-09-01,BOS,SOC,386332.24,543578.68,700825.12,4.2,FP&A Baseline TS v3,2026-09-15
2027-10-01,BOS,SOC,371286.28,533948.29,696610.29,4.2,FP&A Baseline TS v3,2026-09-15
2027-11-01,BOS,SOC,351927.28,517540.12,683152.95,4.2,FP&A Baseline TS v3,2026-09-15
2027-12-01,BOS,SOC,389011.86,585297.09,781582.32,4.2,FP&A Baseline TS v3,2026-09-15
2026-09-01,BOS,TEN,154426.65,172536.04,190645.42,-0.2,FP&A Baseline TS v3,2026-09-15
2026-10-01,BOS,TEN,132899.38,151076.95,169254.53,-0.2,FP&A Baseline TS v3,2026-09-15
2026-11-01,BOS,TEN,165082.09,190996.5,216910.9,-0.2,FP&A Baseline TS v3,2026-09-15
2026-12-01,BOS,TEN,212754.92,250606.53,288458.14,-0.2,FP&A Baseline TS v3,2026-09-15
2027-01-01,BOS,TEN,141400.3,169626.08,197851.86,-0.2,FP&A Baseline TS v3,2026-09-15
2027-02-01,BOS,TEN,194099.98,237216.44,280332.9,-0.2,FP&A Baseline TS v3,2026-09-15
2027-03-01,BOS,TEN,198322.44,247013.8,295705.16,-0.2,FP&A Baseline TS v3,2026-09-15
2027-04-01,BOS,TEN,198769.6,252399.43,306029.26,-0.2,FP&A Baseline TS v3,2026-09-15
2027-05-01,BOS,TEN,203219.14,263182.69,323146.23,-0.2,FP&A Baseline TS v3,2026-09-15
2027-06-01,BOS,TEN,175273.76,231598.52,287923.28,-0.2,FP&A Baseline TS v3,2026-09-15
2027-07-01,BOS,TEN,156402.77,210944.61,265486.44,-0.2,FP&A Baseline TS v3,2026-09-15
2027-08-01,BOS,TEN,151956.47,209283.37,266610.27,-0.2,FP&A Baseline TS v3,2026-09-15
2027-09-01,BOS,TEN,122334.64,172127.75,221920.87,-0.2,FP&A Baseline TS v3,2026-09-15
2027-10-01,BOS,TEN,104804.28,150719.45,196634.63,-0.2,FP&A Baseline TS v3,2026-09-15
2027-11-01,BOS,TEN,129570.28,190544.53,251518.78,-0.2,FP&A Baseline TS v3,2026-09-15
2027-12-01,BOS,TEN,166168.98,250013.51,333858.04,-0.2,FP&A Baseline TS v3,2026-09-15
2026-09-01,BOS,VOL,147099.82,164350.0,181600.17,5.0,FP&A Baseline TS v3,2026-09-15
2026-10-01,BOS,VOL,135266.2,153767.51,172268.82,5.0,FP&A Baseline TS v3,2026-09-15
2026-11-01,BOS,VOL,131907.22,152613.87,173320.53,5.0,FP&A Baseline TS v3,2026-09-15
2026-12-01,BOS,VOL,140182.03,165122.07,190062.11,5.0,FP&A Baseline TS v3,2026-09-15
2027-01-01,BOS,VOL,68420.93,82078.85,95736.77,5.0,FP&A Baseline TS v3,2026-09-15
2027-02-01,BOS,VOL,83391.05,101915.14,120439.24,5.0,FP&A Baseline TS v3,2026-09-15
2027-03-01,BOS,VOL,80201.81,99892.65,119583.48,5.0,FP&A Baseline TS v3,2026-09-15
2027-04-01,BOS,VOL,98356.21,124893.6,151430.99,5.0,FP&A Baseline TS v3,2026-09-15
2027-05-01,BOS,VOL,109846.38,142258.57,174670.76,5.0,FP&A Baseline TS v3,2026-09-15
2027-06-01,BOS,VOL,130176.98,172009.75,213842.53,5.0,FP&A Baseline TS v3,2026-09-15
2027-07-01,BOS,VOL,143671.58,193773.72,243875.85,5.0,FP&A Baseline TS v3,2026-09-15
2027-08-01,BOS,VOL,137897.13,189920.02,241942.91,5.0,FP&A Baseline TS v3,2026-09-15
2027-09-01,BOS,VOL,122642.75,172561.28,222479.81,5.0,FP&A Baseline TS v3,2026-09-15
2027-10-01,BOS,VOL,112265.92,161450.07,210634.22,5.0,FP&A Baseline TS v3,2026-09-15
2027-11-01,BOS,VOL,108962.38,160238.79,211515.21,5.0,FP&A Baseline TS v3,2026-09-15
2027-12-01,BOS,VOL,115229.92,173371.93,231513.94,5.0,FP&A Baseline TS v3,2026-09-15
2026-09-01,CHI,BSB,335451.03,374788.87,414126.71,1.0,FP&A Baseline TS v3,2026-09-15
2026-10-01,CHI,BSB,413940.29,470557.8,527175.32,1.0,FP&A Baseline TS v3,2026-09-15
2026-11-01,CHI,BSB,583224.14,674778.02,766331.91,1.0,FP&A Baseline TS v3,2026-09-15
2026-12-01,CHI,BSB,891186.48,1049739.07,1208291.66,1.0,FP&A Baseline TS v3,2026-09-15
2027-01-01,CHI,BSB,594613.98,713308.52,832003.06,1.0,FP&A Baseline TS v3,2026-09-15
2027-02-01,CHI,BSB,780755.3,954188.63,1127621.95,1.0,FP&A Baseline TS v3,2026-09-15
2027-03-01,CHI,BSB,740548.65,922365.3,1104181.94,1.0,FP&A Baseline TS v3,2026-09-15
2027-04-01,CHI,BSB,733383.05,931256.41,1129129.77,1.0,FP&A Baseline TS v3,2026-09-15
2027-05-01,CHI,BSB,576345.5,746406.83,916468.16,1.0,FP&A Baseline TS v3,2026-09-15
2027-06-01,CHI,BSB,453493.2,599224.63,744956.07,1.0,FP&A Baseline TS v3,2026-09-15
2027-07-01,CHI,BSB,346043.88,466718.66,587393.44,1.0,FP&A Baseline TS v3,2026-09-15
2027-08-01,CHI,BSB,270736.84,372874.67,475012.5,1.0,FP&A Baseline TS v3,2026-09-15
2027-09-01,CHI,BSB,269107.49,378640.66,488173.84,1.0,FP&A Baseline TS v3,2026-09-15
2027-10-01,CHI,BSB,330569.86,475393.84,620217.82,1.0,FP&A Baseline TS v3,2026-09-15
2027-11-01,CHI,BSB,463564.76,681712.88,899861.01,1.0,FP&A Baseline TS v3,2026-09-15
2027-12-01,CHI,BSB,704868.99,1060527.49,1416185.99,1.0,FP&A Baseline TS v3,2026-09-15
2026-09-01,CHI,BSK,623546.38,696668.73,769791.08,0.3,FP&A Baseline TS v3,2026-09-15
2026-10-01,CHI,BSK,623789.62,709109.7,794429.78,0.3,FP&A Baseline TS v3,2026-09-15
2026-11-01,CHI,BSK,712866.93,824771.99,936677.05,0.3,FP&A Baseline TS v3,2026-09-15
2026-12-01,CHI,BSK,868926.72,1023519.04,1178111.36,0.3,FP&A Baseline TS v3,2026-09-15
2027-01-01,CHI,BSK,474228.6,568892.27,663555.95,0.3,FP&A Baseline TS v3,2026-09-15
2027-02-01,CHI,BSK,472657.09,577650.92,682644.76,0.3,FP&A Baseline TS v3,2026-09-15
2027-03-01,CHI,BSK,418167.92,520834.9,623501.87,0.3,FP&A Baseline TS v3,2026-09-15
2027-04-01,CHI,BSK,383303.81,486722.63,590141.46,0.3,FP&A Baseline TS v3,2026-09-15
2027-05-01,CHI,BSK,377590.63,489005.68,600420.73,0.3,FP&A Baseline TS v3,2026-09-15
2027-06-01,CHI,BSK,394197.25,520873.75,647550.25,0.3,FP&A Baseline TS v3,2026-09-15
2027-07-01,CHI,BSK,410550.02,553719.81,696889.61,0.3,FP&A Baseline TS v3,2026-09-15
2027-08-01,CHI,BSK,473037.58,651495.13,829952.67,0.3,FP&A Baseline TS v3,2026-09-15
2027-09-01,CHI,BSK,496769.6,698966.68,901163.77,0.3,FP&A Baseline TS v3,2026-09-15
2027-10-01,CHI,BSK,494712.96,711448.69,928184.42,0.3,FP&A Baseline TS v3,2026-09-15
2027-11-01,CHI,BSK,562694.9,827492.5,1092290.1,0.3,FP&A Baseline TS v3,2026-09-15
2027-12-01,CHI,BSK,682515.57,1026895.11,1371274.66,0.3,FP&A Baseline TS v3,2026-09-15
2026-09-01,CHI,CLM,132636.35,148190.42,163744.49,4.4,FP&A Baseline TS v3,2026-09-15
2026-10-01,CHI,CLM,161901.5,184045.9,206190.3,4.4,FP&A Baseline TS v3,2026-09-15
2026-11-01,CHI,CLM,209092.98,241916.16,274739.35,4.4,FP&A Baseline TS v3,2026-09-15
2026-12-01,CHI,CLM,231005.55,272104.16,313202.77,4.4,FP&A Baseline TS v3,2026-09-15
2027-01-01,CHI,CLM,143655.5,172331.45,201007.4,4.4,FP&A Baseline TS v3,2026-09-15
2027-02-01,CHI,CLM,168037.46,205364.52,242691.57,4.4,FP&A Baseline TS v3,2026-09-15
2027-03-01,CHI,CLM,159705.09,198915.27,238125.45,4.4,FP&A Baseline TS v3,2026-09-15
2027-04-01,CHI,CLM,138876.15,176346.19,213816.22,4.4,FP&A Baseline TS v3,2026-09-15
2027-05-01,CHI,CLM,125783.85,162898.69,200013.53,4.4,FP&A Baseline TS v3,2026-09-15
2027-06-01,CHI,CLM,114536.89,151343.67,188150.45,4.4,FP&A Baseline TS v3,2026-09-15
2027-07-01,CHI,CLM,117714.73,158765.01,199815.3,4.4,FP&A Baseline TS v3,2026-09-15
2027-08-01,CHI,CLM,121016.55,166671.1,212325.64,4.4,FP&A Baseline TS v3,2026-09-15
2027-09-01,CHI,CLM,109993.72,154763.79,199533.86,4.4,FP&A Baseline TS v3,2026-09-15
2027-10-01,CHI,CLM,133654.96,192209.73,250764.5,4.4,FP&A Baseline TS v3,2026-09-15
2027-11-01,CHI,CLM,171799.94,252646.98,333494.01,4.4,FP&A Baseline TS v3,2026-09-15
2027-12-01,CHI,CLM,188873.44,284174.04,379474.65,4.4,FP&A Baseline TS v3,2026-09-15
2026-09-01,CHI,CYC,530682.13,592914.43,655146.72,1.0,FP&A Baseline TS v3,2026-09-15
2026-10-01,CHI,CYC,443890.12,504604.08,565318.04,1.0,FP&A Baseline TS v3,2026-09-15
2026-11-01,CHI,CYC,533615.55,617381.94,701148.32,1.0,FP&A Baseline TS v3,2026-09-15
2026-12-01,CHI,CYC,765981.74,902258.93,1038536.12,1.0,FP&A Baseline TS v3,2026-09-15
2027-01-01,CHI,CYC,476743.55,571909.25,667074.95,1.0,FP&A Baseline TS v3,2026-09-15
2027-02-01,CHI,CYC,679516.51,830461.12,981405.73,1.0,FP&A Baseline TS v3,2026-09-15
2027-03-01,CHI,CYC,759849.82,946405.22,1132960.62,1.0,FP&A Baseline TS v3,2026-09-15
2027-04-01,CHI,CYC,818727.45,1039627.5,1260527.56,1.0,FP&A Baseline TS v3,2026-09-15
2027-05-01,CHI,CYC,793392.98,1027498.15,1261603.33,1.0,FP&A Baseline TS v3,2026-09-15
2027-06-01,CHI,CYC,708043.01,935574.8,1163106.6,1.0,FP&A Baseline TS v3,2026-09-15
2027-07-01,CHI,CYC,685864.35,925043.64,1164222.92,1.0,FP&A Baseline TS v3,2026-09-15
2027-08-01,CHI,CYC,520075.28,716278.2,912481.13,1.0,FP&A Baseline TS v3,2026-09-15
2027-09-01,CHI,CYC,425670.13,598928.03,772185.93,1.0,FP&A Baseline TS v3,2026-09-15
2027-10-01,CHI,CYC,354440.29,509722.0,665003.71,1.0,FP&A Baseline TS v3,2026-09-15
2027-11-01,CHI,CYC,424077.71,623643.7,823209.68,1.0,FP&A Baseline TS v3,2026-09-15
2027-12-01,CHI,CYC,605759.57,911410.05,1217060.52,1.0,FP&A Baseline TS v3,2026-09-15
2026-09-01,CHI,FTB,311973.51,348558.18,385142.84,-1.1,FP&A Baseline TS v3,2026-09-15
2026-10-01,CHI,FTB,246469.47,280180.83,313892.19,-1.1,FP&A Baseline TS v3,2026-09-15
2026-11-01,CHI,FTB,214709.27,248414.1,282118.92,-1.1,FP&A Baseline TS v3,2026-09-15
2026-12-01,CHI,FTB,190669.55,224591.92,258514.28,-1.1,FP&A Baseline TS v3,2026-09-15
2027-01-01,CHI,FTB,78593.33,94281.82,109970.32,-1.1,FP&A Baseline TS v3,2026-09-15
2027-02-01,CHI,FTB,100394.84,122696.08,144997.32,-1.1,FP&A Baseline TS v3,2026-09-15
2027-03-01,CHI,FTB,118114.79,147113.88,176112.97,-1.1,FP&A Baseline TS v3,2026-09-15
2027-04-01,CHI,FTB,160961.15,204389.93,247818.7,-1.1,FP&A Baseline TS v3,2026-09-15
2027-05-01,CHI,FTB,194653.81,252089.99,309526.18,-1.1,FP&A Baseline TS v3,2026-09-15
2027-06-01,CHI,FTB,253626.03,335129.53,416633.03,-1.1,FP&A Baseline TS v3,2026-09-15
2027-07-01,CHI,FTB,276945.85,373524.29,470102.73,-1.1,FP&A Baseline TS v3,2026-09-15
2027-08-01,CHI,FTB,264896.42,364830.9,464765.37,-1.1,FP&A Baseline TS v3,2026-09-15
2027-09-01,CHI,FTB,244910.43,344594.82,444279.21,-1.1,FP&A Baseline TS v3,2026-09-15
2027-10-01,CHI,FTB,192611.22,276994.97,361378.72,-1.1,FP&A Baseline TS v3,2026-09-15
2027-11-01,CHI,FTB,167000.82,245589.45,324178.07,-1.1,FP&A Baseline TS v3,2026-09-15
2027-12-01,CHI,FTB,147575.43,222038.14,296500.85,-1.1,FP&A Baseline TS v3,2026-09-15
2026-09-01,CHI,GLF,528124.35,590056.71,651989.06,-3.3,FP&A Baseline TS v3,2026-09-15
2026-10-01,CHI,GLF,508327.24,577854.71,647382.19,-3.3,FP&A Baseline TS v3,2026-09-15
2026-11-01,CHI,GLF,498562.47,576826.26,655090.04,-3.3,FP&A Baseline TS v3,2026-09-15
2026-12-01,CHI,GLF,740664.84,872437.85,1004210.87,-3.3,FP&A Baseline TS v3,2026-09-15
2027-01-01,CHI,GLF,510026.97,611836.58,713646.18,-3.3,FP&A Baseline TS v3,2026-09-15
2027-02-01,CHI,GLF,729422.53,891453.03,1053483.54,-3.3,FP&A Baseline TS v3,2026-09-15
2027-03-01,CHI,GLF,835370.44,1040467.37,1245564.3,-3.3,FP&A Baseline TS v3,2026-09-15
2027-04-01,CHI,GLF,861728.15,1094230.18,1326732.21,-3.3,FP&A Baseline TS v3,2026-09-15
2027-05-01,CHI,GLF,779613.84,1009653.24,1239692.63,-3.3,FP&A Baseline TS v3,2026-09-15
2027-06-01,CHI,GLF,764909.21,1010715.13,1256521.05,-3.3,FP&A Baseline TS v3,2026-09-15
2027-07-01,CHI,GLF,618879.15,834698.9,1050518.65,-3.3,FP&A Baseline TS v3,2026-09-15
2027-08-01,CHI,GLF,557254.91,767484.18,977713.44,-3.3,FP&A Baseline TS v3,2026-09-15
2027-09-01,CHI,GLF,405387.54,570389.95,735392.35,-3.3,FP&A Baseline TS v3,2026-09-15
2027-10-01,CHI,GLF,388424.38,558594.65,728764.93,-3.3,FP&A Baseline TS v3,2026-09-15
2027-11-01,CHI,GLF,379168.32,557600.48,736032.63,-3.3,FP&A Baseline TS v3,2026-09-15
2027-12-01,CHI,GLF,560530.3,843359.26,1126188.22,-3.3,FP&A Baseline TS v3,2026-09-15
2026-09-01,CHI,HKY,639290.27,714258.88,789227.49,2.1,FP&A Baseline TS v3,2026-09-15
2026-10-01,CHI,HKY,613899.3,697866.61,781833.92,2.1,FP&A Baseline TS v3,2026-09-15
2026-11-01,CHI,HKY,643706.81,744755.2,845803.58,2.1,FP&A Baseline TS v3,2026-09-15
2026-12-01,CHI,HKY,722267.25,850767.12,979266.99,2.1,FP&A Baseline TS v3,2026-09-15
2027-01-01,CHI,HKY,312564.08,374956.91,437349.74,2.1,FP&A Baseline TS v3,2026-09-15
2027-02-01,CHI,HKY,279117.73,341119.63,403121.54,2.1,FP&A Baseline TS v3,2026-09-15
2027-03-01,CHI,HKY,210328.91,261968.05,313607.19,2.1,FP&A Baseline TS v3,2026-09-15
2027-04-01,CHI,HKY,220799.62,280373.34,339947.07,2.1,FP&A Baseline TS v3,2026-09-15
2027-05-01,CHI,HKY,271533.02,351653.83,431774.64,2.1,FP&A Baseline TS v3,2026-09-15
2027-06-01,CHI,HKY,331671.59,438255.28,544838.96,2.1,FP&A Baseline TS v3,2026-09-15
2027-07-01,CHI,HKY,408318.46,550710.06,693101.65,2.1,FP&A Baseline TS v3,2026-09-15
2027-08-01,CHI,HKY,490132.65,675039.46,859946.27,2.1,FP&A Baseline TS v3,2026-09-15
2027-09-01,CHI,HKY,518295.11,729253.59,940212.07,2.1,FP&A Baseline TS v3,2026-09-15
2027-10-01,CHI,HKY,495455.95,712517.19,929578.43,2.1,FP&A Baseline TS v3,2026-09-15
2027-11-01,CHI,HKY,517065.29,760390.13,1003714.98,2.1,FP&A Baseline TS v3,2026-09-15
2027-12-01,CHI,HKY,577324.65,868627.61,1159930.56,2.1,FP&A Baseline TS v3,2026-09-15
2026-09-01,CHI,LAX,103461.54,115594.32,127727.1,1.9,FP&A Baseline TS v3,2026-09-15
2026-10-01,CHI,LAX,125676.49,142866.15,160055.8,1.9,FP&A Baseline TS v3,2026-09-15
2026-11-01,CHI,LAX,193911.81,224351.88,254791.94,1.9,FP&A Baseline TS v3,2026-09-15
2026-12-01,CHI,LAX,276568.04,325772.75,374977.47,1.9,FP&A Baseline TS v3,2026-09-15
2027-01-01,CHI,LAX,176243.86,211424.97,246606.09,1.9,FP&A Baseline TS v3,2026-09-15
2027-02-01,CHI,LAX,207193.8,253218.86,299243.92,1.9,FP&A Baseline TS v3,2026-09-15
2027-03-01,CHI,LAX,189266.83,235734.89,282202.95,1.9,FP&A Baseline TS v3,2026-09-15
2027-04-01,CHI,LAX,155745.36,197766.86,239788.36,1.9,FP&A Baseline TS v3,2026-09-15
2027-05-01,CHI,LAX,122434.7,158561.3,194687.91,1.9,FP&A Baseline TS v3,2026-09-15
2027-06-01,CHI,LAX,92713.2,122506.87,152300.54,1.9,FP&A Baseline TS v3,2026-09-15
2027-07-01,CHI,LAX,71142.88,95952.31,120761.74,1.9,FP&A Baseline TS v3,2026-09-15
2027-08-01,CHI,LAX,76442.67,105281.34,134120.0,1.9,FP&A Baseline TS v3,2026-09-15
2027-09-01,CHI,LAX,83685.92,117748.08,151810.25,1.9,FP&A Baseline TS v3,2026-09-15
2027-10-01,CHI,LAX,101194.38,145528.05,189861.71,1.9,FP&A Baseline TS v3,2026-09-15
2027-11-01,CHI,LAX,155401.78,228532.03,301662.28,1.9,FP&A Baseline TS v3,2026-09-15
2027-12-01,CHI,LAX,220555.86,331842.59,443129.33,1.9,FP&A Baseline TS v3,2026-09-15
2026-09-01,CHI,PKB,378696.63,423105.82,467515.01,7.7,FP&A Baseline TS v3,2026-09-15
2026-10-01,CHI,PKB,367135.94,417351.7,467567.46,7.7,FP&A Baseline TS v3,2026-09-15
2026-11-01,CHI,PKB,438860.54,507752.38,576644.22,7.7,FP&A Baseline TS v3,2026-09-15
2026-12-01,CHI,PKB,595537.34,701490.46,807443.58,7.7,FP&A Baseline TS v3,2026-09-15
2027-01-01,CHI,PKB,371357.21,445486.09,519614.98,7.7,FP&A Baseline TS v3,2026-09-15
2027-02-01,CHI,PKB,473267.44,578396.85,683526.27,7.7,FP&A Baseline TS v3,2026-09-15
2027-03-01,CHI,PKB,484746.82,603759.99,722773.16,7.7,FP&A Baseline TS v3,2026-09-15
2027-04-01,CHI,PKB,481562.79,611492.78,741422.77,7.7,FP&A Baseline TS v3,2026-09-15
2027-05-01,CHI,PKB,421206.75,545491.54,669776.33,7.7,FP&A Baseline TS v3,2026-09-15
2027-06-01,CHI,PKB,433138.22,572328.52,711518.82,7.7,FP&A Baseline TS v3,2026-09-15
2027-07-01,CHI,PKB,397204.08,535719.79,674235.49,7.7,FP&A Baseline TS v3,2026-09-15
2027-08-01,CHI,PKB,356748.86,491335.48,625922.09,7.7,FP&A Baseline TS v3,2026-09-15
2027-09-01,CHI,PKB,323863.14,455683.16,587503.19,7.7,FP&A Baseline TS v3,2026-09-15
2027-10-01,CHI,PKB,312554.59,449486.0,586417.42,7.7,FP&A Baseline TS v3,2026-09-15
2027-11-01,CHI,PKB,371856.06,546847.15,721838.23,7.7,FP&A Baseline TS v3,2026-09-15
2027-12-01,CHI,PKB,502137.01,755502.24,1008867.46,7.7,FP&A Baseline TS v3,2026-09-15
2026-09-01,CHI,RUN,1252890.88,1399815.51,1546740.15,1.8,FP&A Baseline TS v3,2026-09-15
2026-10-01,CHI,RUN,1268320.61,1441797.71,1615274.81,1.8,FP&A Baseline TS v3,2026-09-15
2026-11-01,CHI,RUN,1400590.66,1620453.84,1840317.02,1.8,FP&A Baseline TS v3,2026-09-15
2026-12-01,CHI,RUN,1808999.08,2130841.36,2452683.64,1.8,FP&A Baseline TS v3,2026-09-15
2027-01-01,CHI,RUN,1243301.1,1491484.05,1739666.99,1.8,FP&A Baseline TS v3,2026-09-15
2027-02-01,CHI,RUN,1527007.61,1866209.92,2205412.24,1.8,FP&A Baseline TS v3,2026-09-15
2027-03-01,CHI,RUN,1572126.73,1958109.22,2344091.7,1.8,FP&A Baseline TS v3,2026-09-15
2027-04-01,CHI,RUN,1475662.72,1873809.84,2271956.95,1.8,FP&A Baseline TS v3,2026-09-15
2027-05-01,CHI,RUN,1314676.19,1702595.56,2090514.93,1.8,FP&A Baseline TS v3,2026-09-15
2027-06-01,CHI,RUN,1308597.21,1729118.94,2149640.66,1.8,FP&A Baseline TS v3,2026-09-15
2027-07-01,CHI,RUN,1160799.03,1565600.77,1970402.51,1.8,FP&A Baseline TS v3,2026-09-15
2027-08-01,CHI,RUN,1212780.08,1670311.92,2127843.76,1.8,FP&A Baseline TS v3,2026-09-15
2027-09-01,CHI,RUN,1012609.5,1424765.73,1836921.96,1.8,FP&A Baseline TS v3,2026-09-15
2027-10-01,CHI,RUN,1020438.17,1467496.21,1914554.26,1.8,FP&A Baseline TS v3,2026-09-15
2027-11-01,CHI,RUN,1121548.96,1649336.71,2177124.45,1.8,FP&A Baseline TS v3,2026-09-15
2027-12-01,CHI,RUN,1441485.42,2168821.34,2896157.27,1.8,FP&A Baseline TS v3,2026-09-15
2026-09-01,CHI,SNW,729607.73,815167.74,900727.74,-0.1,FP&A Baseline TS v3,2026-09-15
2026-10-01,CHI,SNW,1011623.89,1149990.79,1288357.68,-0.1,FP&A Baseline TS v3,2026-09-15
2026-11-01,CHI,SNW,1207650.87,1397226.57,1586802.27,-0.1,FP&A Baseline TS v3,2026-09-15
2026-12-01,CHI,SNW,1577151.41,1857745.26,2138339.1,-0.1,FP&A Baseline TS v3,2026-09-15
2027-01-01,CHI,SNW,756401.87,907391.88,1058381.89,-0.1,FP&A Baseline TS v3,2026-09-15
2027-02-01,CHI,SNW,722098.27,882501.79,1042905.32,-0.1,FP&A Baseline TS v3,2026-09-15
2027-03-01,CHI,SNW,454827.54,566495.04,678162.54,-0.1,FP&A Baseline TS v3,2026-09-15
2027-04-01,CHI,SNW,234471.24,297733.69,360996.15,-0.1,FP&A Baseline TS v3,2026-09-15
2027-05-01,CHI,SNW,100173.39,129731.38,159289.38,-0.1,FP&A Baseline TS v3,2026-09-15
2027-06-01,CHI,SNW,95097.4,125657.24,156217.08,-0.1,FP&A Baseline TS v3,2026-09-15
2027-07-01,CHI,SNW,201483.69,271746.45,342009.22,-0.1,FP&A Baseline TS v3,2026-09-15
2027-08-01,CHI,SNW,397861.83,547958.67,698055.51,-0.1,FP&A Baseline TS v3,2026-09-15
2027-09-01,CHI,SNW,578656.74,814183.84,1049710.94,-0.1,FP&A Baseline TS v3,2026-09-15
2027-10-01,CHI,SNW,798692.41,1148602.75,1498513.1,-0.1,FP&A Baseline TS v3,2026-09-15
2027-11-01,CHI,SNW,948967.29,1395540.13,1842112.97,-0.1,FP&A Baseline TS v3,2026-09-15
2027-12-01,CHI,SNW,1233241.49,1855502.97,2477764.45,-0.1,FP&A Baseline TS v3,2026-09-15
2026-09-01,CHI,SOC,931459.3,1040690.13,1149920.97,3.2,FP&A Baseline TS v3,2026-09-15
2026-10-01,CHI,SOC,809890.22,920664.58,1031438.94,3.2,FP&A Baseline TS v3,2026-09-15
2026-11-01,CHI,SOC,740134.09,856319.52,972504.95,3.2,FP&A Baseline TS v3,2026-09-15
2026-12-01,CHI,SOC,899625.64,1059679.66,1219733.68,3.2,FP&A Baseline TS v3,2026-09-15
2027-01-01,CHI,SOC,470778.19,564753.11,658728.02,3.2,FP&A Baseline TS v3,2026-09-15
2027-02-01,CHI,SOC,558105.71,682080.7,806055.69,3.2,FP&A Baseline TS v3,2026-09-15
2027-03-01,CHI,SOC,570391.95,710432.38,850472.81,3.2,FP&A Baseline TS v3,2026-09-15
2027-04-01,CHI,SOC,615776.84,781918.99,948061.14,3.2,FP&A Baseline TS v3,2026-09-15
2027-05-01,CHI,SOC,691663.16,895751.09,1099839.02,3.2,FP&A Baseline TS v3,2026-09-15
2027-06-01,CHI,SOC,886929.39,1171946.87,1456964.35,3.2,FP&A Baseline TS v3,2026-09-15
2027-07-01,CHI,SOC,891038.43,1201767.42,1512496.4,3.2,FP&A Baseline TS v3,2026-09-15
2027-08-01,CHI,SOC,805287.93,1109089.81,1412891.68,3.2,FP&A Baseline TS v3,2026-09-15
2027-09-01,CHI,SOC,763563.12,1074351.52,1385139.93,3.2,FP&A Baseline TS v3,2026-09-15
2027-10-01,CHI,SOC,660900.54,950443.71,1239986.88,3.2,FP&A Baseline TS v3,2026-09-15
2027-11-01,CHI,SOC,601131.83,884017.39,1166902.96,3.2,FP&A Baseline TS v3,2026-09-15
2027-12-01,CHI,SOC,727086.43,1093955.27,1460824.11,3.2,FP&A Baseline TS v3,2026-09-15
2026-09-01,CHI,TEN,285490.04,318969.03,352448.02,-1.4,FP&A Baseline TS v3,2026-09-15
2026-10-01,CHI,TEN,249589.45,283727.55,317865.65,-1.4,FP&A Baseline TS v3,2026-09-15
2026-11-01,CHI,TEN,279071.06,322879.32,366687.59,-1.4,FP&A Baseline TS v3,2026-09-15
2026-12-01,CHI,TEN,395891.49,466325.26,536759.02,-1.4,FP&A Baseline TS v3,2026-09-15
2027-01-01,CHI,TEN,265769.94,318821.9,371873.86,-1.4,FP&A Baseline TS v3,2026-09-15
2027-02-01,CHI,TEN,332970.04,406934.44,480898.85,-1.4,FP&A Baseline TS v3,2026-09-15
2027-03-01,CHI,TEN,356392.56,443892.69,531392.82,-1.4,FP&A Baseline TS v3,2026-09-15
2027-04-01,CHI,TEN,377552.41,479419.45,581286.5,-1.4,FP&A Baseline TS v3,2026-09-15
2027-05-01,CHI,TEN,366081.9,474101.1,582120.29,-1.4,FP&A Baseline TS v3,2026-09-15
2027-06-01,CHI,TEN,344583.32,455316.22,566049.13,-1.4,FP&A Baseline TS v3,2026-09-15
2027-07-01,CHI,TEN,287488.11,387742.91,487997.72,-1.4,FP&A Baseline TS v3,2026-09-15
2027-08-01,CHI,TEN,276906.59,381372.01,485837.43,-1.4,FP&A Baseline TS v3,2026-09-15
2027-09-01,CHI,TEN,223450.94,314400.8,405350.67,-1.4,FP&A Baseline TS v3,2026-09-15
2027-10-01,CHI,TEN,194467.19,279664.05,364860.9,-1.4,FP&A Baseline TS v3,2026-09-15
2027-11-01,CHI,TEN,216413.46,318255.09,420096.72,-1.4,FP&A Baseline TS v3,2026-09-15
2027-12-01,CHI,TEN,305499.53,459646.61,613793.7,-1.4,FP&A Baseline TS v3,2026-09-15
2026-09-01,CHI,VOL,318412.15,355751.87,393091.59,3.8,FP&A Baseline TS v3,2026-09-15
2026-10-01,CHI,VOL,301865.2,343153.42,384441.64,3.8,FP&A Baseline TS v3,2026-09-15
2026-11-01,CHI,VOL,278895.37,322676.06,366456.75,3.8,FP&A Baseline TS v3,2026-09-15
2026-12-01,CHI,VOL,276361.55,325529.53,374697.51,3.8,FP&A Baseline TS v3,2026-09-15
2027-01-01,CHI,VOL,148238.8,177829.66,207420.51,3.8,FP&A Baseline TS v3,2026-09-15
2027-02-01,CHI,VOL,171130.58,209144.73,247158.88,3.8,FP&A Baseline TS v3,2026-09-15
2027-03-01,CHI,VOL,198893.07,247724.53,296555.99,3.8,FP&A Baseline TS v3,2026-09-15
2027-04-01,CHI,VOL,222278.34,282251.04,342223.74,3.8,FP&A Baseline TS v3,2026-09-15
2027-05-01,CHI,VOL,260514.47,337384.05,414253.63,3.8,FP&A Baseline TS v3,2026-09-15
2027-06-01,CHI,VOL,279467.3,369274.98,459082.65,3.8,FP&A Baseline TS v3,2026-09-15
2027-07-01,CHI,VOL,282679.47,381257.38,479835.29,3.8,FP&A Baseline TS v3,2026-09-15
2027-08-01,CHI,VOL,269428.74,371073.08,472717.42,3.8,FP&A Baseline TS v3,2026-09-15
2027-09-01,CHI,VOL,262517.97,369369.04,476220.12,3.8,FP&A Baseline TS v3,2026-09-15
2027-10-01,CHI,VOL,247748.67,356288.36,464828.05,3.8,FP&A Baseline TS v3,2026-09-15
2027-11-01,CHI,VOL,227818.48,335027.18,442235.88,3.8,FP&A Baseline TS v3,2026-09-15
2027-12-01,CHI,VOL,224641.59,337989.88,451338.16,3.8,FP&A Baseline TS v3,2026-09-15
2026-09-01,CLT,BSB,25737.27,28755.44,31773.61,3.7,FP&A Baseline TS v3,2026-09-15
2026-10-01,CLT,BSB,39029.05,44367.32,49705.6,3.7,FP&A Baseline TS v3,2026-09-15
2026-11-01,CLT,BSB,46859.9,54215.91,61571.93,3.7,FP&A Baseline TS v3,2026-09-15
2026-12-01,CLT,BSB,79068.43,93135.64,107202.84,3.7,FP&A Baseline TS v3,2026-09-15
2027-01-01,CLT,BSB,47391.08,56851.1,66311.13,3.7,FP&A Baseline TS v3,2026-09-15
2027-02-01,CLT,BSB,72164.89,88195.26,104225.63,3.7,FP&A Baseline TS v3,2026-09-15
2027-03-01,CLT,BSB,57568.23,71702.16,85836.09,3.7,FP&A Baseline TS v3,2026-09-15
2027-04-01,CLT,BSB,59120.06,75071.18,91022.3,3.7,FP&A Baseline TS v3,2026-09-15
2027-05-01,CLT,BSB,44874.67,58115.76,71356.86,3.7,FP&A Baseline TS v3,2026-09-15
2027-06-01,CLT,BSB,41718.1,55124.34,68530.57,3.7,FP&A Baseline TS v3,2026-09-15
2027-07-01,CLT,BSB,33720.96,45480.37,57239.77,3.7,FP&A Baseline TS v3,2026-09-15
2027-08-01,CLT,BSB,25831.37,35576.48,45321.59,3.7,FP&A Baseline TS v3,2026-09-15
2027-09-01,CLT,BSB,21193.21,29819.35,38445.49,3.7,FP&A Baseline TS v3,2026-09-15
2027-10-01,CLT,BSB,31992.71,46008.84,60024.98,3.7,FP&A Baseline TS v3,2026-09-15
2027-11-01,CLT,BSB,38230.83,56221.81,74212.8,3.7,FP&A Baseline TS v3,2026-09-15
2027-12-01,CLT,BSB,64191.93,96581.51,128971.08,3.7,FP&A Baseline TS v3,2026-09-15
2026-09-01,CLT,BSK,34041.01,38032.94,42024.88,5.0,FP&A Baseline TS v3,2026-09-15
2026-10-01,CLT,BSK,44657.39,50765.5,56873.6,5.0,FP&A Baseline TS v3,2026-09-15
2026-11-01,CLT,BSK,43003.2,49753.8,56504.39,5.0,FP&A Baseline TS v3,2026-09-15
2026-12-01,CLT,BSK,57824.92,68112.65,78400.39,5.0,FP&A Baseline TS v3,2026-09-15
2027-01-01,CLT,BSK,30263.91,36305.08,42346.24,5.0,FP&A Baseline TS v3,2026-09-15
2027-02-01,CLT,BSK,30491.1,37264.25,44037.4,5.0,FP&A Baseline TS v3,2026-09-15
2027-03-01,CLT,BSK,28960.07,36070.24,43180.4,5.0,FP&A Baseline TS v3,2026-09-15
2027-04-01,CLT,BSK,28372.47,36027.62,43682.77,5.0,FP&A Baseline TS v3,2026-09-15
2027-05-01,CLT,BSK,25117.05,32528.29,39939.54,5.0,FP&A Baseline TS v3,2026-09-15
2027-06-01,CLT,BSK,29512.45,38996.37,48480.28,5.0,FP&A Baseline TS v3,2026-09-15
2027-07-01,CLT,BSK,27423.17,36986.37,46549.56,5.0,FP&A Baseline TS v3,2026-09-15
2027-08-01,CLT,BSK,36112.54,49736.31,63360.08,5.0,FP&A Baseline TS v3,2026-09-15
2027-09-01,CLT,BSK,28386.6,39940.63,51494.65,5.0,FP&A Baseline TS v3,2026-09-15
2027-10-01,CLT,BSK,37070.91,53311.83,69552.74,5.0,FP&A Baseline TS v3,2026-09-15
2027-11-01,CLT,BSK,35529.58,52249.38,68969.19,5.0,FP&A Baseline TS v3,2026-09-15
2027-12-01,CLT,BSK,47541.1,71529.09,95517.09,5.0,FP&A Baseline TS v3,2026-09-15
2026-09-01,CLT,CLM,9236.18,10319.29,11402.41,8.2,FP&A Baseline TS v3,2026-09-15
2026-10-01,CLT,CLM,9701.8,11028.78,12355.76,8.2,FP&A Baseline TS v3,2026-09-15
2026-11-01,CLT,CLM,13000.05,15040.78,17081.51,8.2,FP&A Baseline TS v3,2026-09-15
2026-12-01,CLT,CLM,14327.43,16876.45,19425.46,8.2,FP&A Baseline TS v3,2026-09-15
2027-01-01,CLT,CLM,9463.17,11352.17,13241.17,8.2,FP&A Baseline TS v3,2026-09-15
2027-02-01,CLT,CLM,11057.44,13513.69,15969.94,8.2,FP&A Baseline TS v3,2026-09-15
2027-03-01,CLT,CLM,11209.97,13962.2,16714.42,8.2,FP&A Baseline TS v3,2026-09-15
2027-04-01,CLT,CLM,8742.56,11101.38,13460.2,8.2,FP&A Baseline TS v3,2026-09-15
2027-05-01,CLT,CLM,9683.64,12540.98,15398.31,8.2,FP&A Baseline TS v3,2026-09-15
2027-06-01,CLT,CLM,7168.0,9471.46,11774.91,8.2,FP&A Baseline TS v3,2026-09-15
2027-07-01,CLT,CLM,6920.34,9333.64,11746.95,8.2,FP&A Baseline TS v3,2026-09-15
2027-08-01,CLT,CLM,7354.77,10129.43,12904.08,8.2,FP&A Baseline TS v3,2026-09-15
2027-09-01,CLT,CLM,7934.12,11163.5,14392.88,8.2,FP&A Baseline TS v3,2026-09-15
2027-10-01,CLT,CLM,8296.36,11931.03,15565.7,8.2,FP&A Baseline TS v3,2026-09-15
2027-11-01,CLT,CLM,11064.45,16271.25,21478.05,8.2,FP&A Baseline TS v3,2026-09-15
2027-12-01,CLT,CLM,12134.39,18257.08,24379.78,8.2,FP&A Baseline TS v3,2026-09-15
2026-09-01,CLT,CYC,33707.36,37660.17,41612.99,6.4,FP&A Baseline TS v3,2026-09-15
2026-10-01,CLT,CYC,28205.39,32063.24,35921.09,6.4,FP&A Baseline TS v3,2026-09-15
2026-11-01,CLT,CYC,33596.5,38870.44,44144.38,6.4,FP&A Baseline TS v3,2026-09-15
2026-12-01,CLT,CYC,57232.03,67414.29,77596.54,6.4,FP&A Baseline TS v3,2026-09-15
2027-01-01,CLT,CYC,37191.09,44615.03,52038.97,6.4,FP&A Baseline TS v3,2026-09-15
2027-02-01,CLT,CYC,49224.92,60159.51,71094.1,6.4,FP&A Baseline TS v3,2026-09-15
2027-03-01,CLT,CYC,54038.29,67305.56,80572.83,6.4,FP&A Baseline TS v3,2026-09-15
2027-04-01,CLT,CYC,57037.55,72426.8,87816.05,6.4,FP&A Baseline TS v3,2026-09-15
2027-05-01,CLT,CYC,59093.58,76530.23,93966.88,6.4,FP&A Baseline TS v3,2026-09-15
2027-06-01,CLT,CYC,50190.61,66319.51,82448.42,6.4,FP&A Baseline TS v3,2026-09-15
2027-07-01,CLT,CYC,42902.89,57864.27,72825.66,6.4,FP&A Baseline TS v3,2026-09-15
2027-08-01,CLT,CYC,36808.65,50695.03,64581.42,6.4,FP&A Baseline TS v3,2026-09-15
2027-09-01,CLT,CYC,28475.0,40065.01,51655.01,6.4,FP&A Baseline TS v3,2026-09-15
2027-10-01,CLT,CYC,23719.19,34110.67,44502.14,6.4,FP&A Baseline TS v3,2026-09-15
2027-11-01,CLT,CYC,28119.73,41352.55,54585.37,6.4,FP&A Baseline TS v3,2026-09-15
2027-12-01,CLT,CYC,47667.38,71719.1,95770.82,6.4,FP&A Baseline TS v3,2026-09-15
2026-09-01,CLT,FTB,21232.35,23722.24,26212.12,0.4,FP&A Baseline TS v3,2026-09-15
2026-10-01,CLT,FTB,21693.74,24660.94,27628.15,0.4,FP&A Baseline TS v3,2026-09-15
2026-11-01,CLT,FTB,16134.79,18667.61,21200.43,0.4,FP&A Baseline TS v3,2026-09-15
2026-12-01,CLT,FTB,16069.04,18927.91,21786.78,0.4,FP&A Baseline TS v3,2026-09-15
2027-01-01,CLT,FTB,6279.74,7533.27,8786.81,0.4,FP&A Baseline TS v3,2026-09-15
2027-02-01,CLT,FTB,7626.54,9320.67,11014.79,0.4,FP&A Baseline TS v3,2026-09-15
2027-03-01,CLT,FTB,12944.27,16122.3,19300.33,0.4,FP&A Baseline TS v3,2026-09-15
2027-04-01,CLT,FTB,15063.14,19127.31,23191.48,0.4,FP&A Baseline TS v3,2026-09-15
2027-05-01,CLT,FTB,19564.87,25337.84,31110.81,0.4,FP&A Baseline TS v3,2026-09-15
2027-06-01,CLT,FTB,23854.35,31520.02,39185.69,0.4,FP&A Baseline TS v3,2026-09-15
2027-07-01,CLT,FTB,23257.17,31367.56,39477.96,0.4,FP&A Baseline TS v3,2026-09-15
2027-08-01,CLT,FTB,25563.0,35206.87,44850.73,0.4,FP&A Baseline TS v3,2026-09-15
2027-09-01,CLT,FTB,16928.44,23818.72,30709.0,0.4,FP&A Baseline TS v3,2026-09-15
2027-10-01,CLT,FTB,17217.98,24761.24,32304.5,0.4,FP&A Baseline TS v3,2026-09-15
2027-11-01,CLT,FTB,12745.6,18743.53,24741.46,0.4,FP&A Baseline TS v3,2026-09-15
2027-12-01,CLT,FTB,12631.41,19004.89,25378.37,0.4,FP&A Baseline TS v3,2026-09-15
2026-09-01,CLT,GLF,39267.64,43872.49,48477.35,0.2,FP&A Baseline TS v3,2026-09-15
2026-10-01,CLT,GLF,37425.42,42544.35,47663.29,0.2,FP&A Baseline TS v3,2026-09-15
2026-11-01,CLT,GLF,40616.59,46992.54,53368.48,0.2,FP&A Baseline TS v3,2026-09-15
2026-12-01,CLT,GLF,59367.29,69929.43,80491.57,0.2,FP&A Baseline TS v3,2026-09-15
2027-01-01,CLT,GLF,51422.92,61687.77,71952.61,0.2,FP&A Baseline TS v3,2026-09-15
2027-02-01,CLT,GLF,55630.95,67988.55,80346.14,0.2,FP&A Baseline TS v3,2026-09-15
2027-03-01,CLT,GLF,70117.62,87332.63,104547.63,0.2,FP&A Baseline TS v3,2026-09-15
2027-04-01,CLT,GLF,73260.39,93026.71,112793.03,0.2,FP&A Baseline TS v3,2026-09-15
2027-05-01,CLT,GLF,69140.05,89541.09,109942.14,0.2,FP&A Baseline TS v3,2026-09-15
2027-06-01,CLT,GLF,60019.92,79307.5,98595.09,0.2,FP&A Baseline TS v3,2026-09-15
2027-07-01,CLT,GLF,55279.7,74557.21,93834.72,0.2,FP&A Baseline TS v3,2026-09-15
2027-08-01,CLT,GLF,51164.31,70466.49,89768.67,0.2,FP&A Baseline TS v3,2026-09-15
2027-09-01,CLT,GLF,31238.64,43953.51,56668.38,0.2,FP&A Baseline TS v3,2026-09-15
2027-10-01,CLT,GLF,29638.27,42622.92,55607.56,0.2,FP&A Baseline TS v3,2026-09-15
2027-11-01,CLT,GLF,32013.93,47079.32,62144.7,0.2,FP&A Baseline TS v3,2026-09-15
2027-12-01,CLT,GLF,46563.72,70058.56,93553.4,0.2,FP&A Baseline TS v3,2026-09-15
2026-09-01,CLT,HKY,8720.01,9742.59,10765.17,4.2,FP&A Baseline TS v3,2026-09-15
2026-10-01,CLT,HKY,8379.82,9525.99,10672.16,4.2,FP&A Baseline TS v3,2026-09-15
2026-11-01,CLT,HKY,9682.69,11202.67,12722.65,4.2,FP&A Baseline TS v3,2026-09-15
2026-12-01,CLT,HKY,9768.11,11505.97,13243.83,4.2,FP&A Baseline TS v3,2026-09-15
2027-01-01,CLT,HKY,3772.1,4525.07,5278.04,4.2,FP&A Baseline TS v3,2026-09-15
2027-02-01,CLT,HKY,4319.37,5278.85,6238.34,4.2,FP&A Baseline TS v3,2026-09-15
2027-03-01,CLT,HKY,3403.29,4238.85,5074.41,4.2,FP&A Baseline TS v3,2026-09-15
2027-04-01,CLT,HKY,2780.64,3530.88,4281.13,4.2,FP&A Baseline TS v3,2026-09-15
2027-05-01,CLT,HKY,3579.98,4636.32,5692.66,4.2,FP&A Baseline TS v3,2026-09-15
2027-06-01,CLT,HKY,4442.94,5870.69,7298.44,4.2,FP&A Baseline TS v3,2026-09-15
2027-07-01,CLT,HKY,5103.69,6883.48,8663.28,4.2,FP&A Baseline TS v3,2026-09-15
2027-08-01,CLT,HKY,6375.16,8780.25,11185.34,4.2,FP&A Baseline TS v3,2026-09-15
2027-09-01,CLT,HKY,7217.68,10155.45,13093.22,4.2,FP&A Baseline TS v3,2026-09-15
2027-10-01,CLT,HKY,6904.7,9929.67,12954.65,4.2,FP&A Baseline TS v3,2026-09-15
2027-11-01,CLT,HKY,7940.64,11677.41,15414.18,4.2,FP&A Baseline TS v3,2026-09-15
2027-12-01,CLT,HKY,7971.4,11993.56,16015.72,4.2,FP&A Baseline TS v3,2026-09-15
2026-09-01,CLT,LAX,11377.31,12711.51,14045.71,4.8,FP&A Baseline TS v3,2026-09-15
2026-10-01,CLT,LAX,13612.5,15474.37,17336.25,4.8,FP&A Baseline TS v3,2026-09-15
2026-11-01,CLT,LAX,21064.9,24371.64,27678.39,4.8,FP&A Baseline TS v3,2026-09-15
2026-12-01,CLT,LAX,28074.26,33069.0,38063.74,4.8,FP&A Baseline TS v3,2026-09-15
2027-01-01,CLT,LAX,17299.41,20752.65,24205.89,4.8,FP&A Baseline TS v3,2026-09-15
2027-02-01,CLT,LAX,24966.92,30512.96,36058.99,4.8,FP&A Baseline TS v3,2026-09-15
2027-03-01,CLT,LAX,24690.02,30751.81,36813.61,4.8,FP&A Baseline TS v3,2026-09-15
2027-04-01,CLT,LAX,17670.32,22437.93,27205.54,4.8,FP&A Baseline TS v3,2026-09-15
2027-05-01,CLT,LAX,12954.03,16776.35,20598.68,4.8,FP&A Baseline TS v3,2026-09-15
2027-06-01,CLT,LAX,10538.12,13924.58,17311.03,4.8,FP&A Baseline TS v3,2026-09-15
2027-07-01,CLT,LAX,9257.23,12485.48,15713.73,4.8,FP&A Baseline TS v3,2026-09-15
2027-08-01,CLT,LAX,8956.23,12335.04,15713.85,4.8,FP&A Baseline TS v3,2026-09-15
2027-09-01,CLT,LAX,9466.97,13320.25,17173.54,4.8,FP&A Baseline TS v3,2026-09-15
2027-10-01,CLT,LAX,11275.56,16215.43,21155.29,4.8,FP&A Baseline TS v3,2026-09-15
2027-11-01,CLT,LAX,17366.37,25538.77,33711.18,4.8,FP&A Baseline TS v3,2026-09-15
2027-12-01,CLT,LAX,23031.53,34652.64,46273.75,4.8,FP&A Baseline TS v3,2026-09-15
2026-09-01,CLT,PKB,43753.97,48884.94,54015.9,15.0,FP&A Baseline TS v3,2026-09-15
2026-10-01,CLT,PKB,49609.55,56394.99,63180.44,15.0,FP&A Baseline TS v3,2026-09-15
2026-11-01,CLT,PKB,55190.76,63854.55,72518.33,15.0,FP&A Baseline TS v3,2026-09-15
2026-12-01,CLT,PKB,78941.47,92986.09,107030.71,15.0,FP&A Baseline TS v3,2026-09-15
2027-01-01,CLT,PKB,54356.19,65206.56,76056.93,15.0,FP&A Baseline TS v3,2026-09-15
2027-02-01,CLT,PKB,62588.23,76491.28,90394.34,15.0,FP&A Baseline TS v3,2026-09-15
2027-03-01,CLT,PKB,65657.85,81777.91,97897.97,15.0,FP&A Baseline TS v3,2026-09-15
2027-04-01,CLT,PKB,61112.16,77600.77,94089.38,15.0,FP&A Baseline TS v3,2026-09-15
2027-05-01,CLT,PKB,64776.58,83890.1,103003.62,15.0,FP&A Baseline TS v3,2026-09-15
2027-06-01,CLT,PKB,68100.28,89984.51,111868.74,15.0,FP&A Baseline TS v3,2026-09-15
2027-07-01,CLT,PKB,59610.79,80398.67,101186.54,15.0,FP&A Baseline TS v3,2026-09-15
2027-08-01,CLT,PKB,60218.83,82936.91,105654.99,15.0,FP&A Baseline TS v3,2026-09-15
2027-09-01,CLT,PKB,39946.81,56206.11,72465.42,15.0,FP&A Baseline TS v3,2026-09-15
2027-10-01,CLT,PKB,45087.77,64840.9,84594.04,15.0,FP&A Baseline TS v3,2026-09-15
2027-11-01,CLT,PKB,49923.98,73417.62,96911.26,15.0,FP&A Baseline TS v3,2026-09-15
2027-12-01,CLT,PKB,71057.99,106912.0,142766.01,15.0,FP&A Baseline TS v3,2026-09-15
2026-09-01,CLT,RUN,80005.04,89387.11,98769.18,5.4,FP&A Baseline TS v3,2026-09-15
2026-10-01,CLT,RUN,81876.91,93075.79,104274.67,5.4,FP&A Baseline TS v3,2026-09-15
2026-11-01,CLT,RUN,99085.64,114639.99,130194.34,5.4,FP&A Baseline TS v3,2026-09-15
2026-12-01,CLT,RUN,123097.58,144998.1,166898.61,5.4,FP&A Baseline TS v3,2026-09-15
2027-01-01,CLT,RUN,73230.74,87848.77,102466.81,5.4,FP&A Baseline TS v3,2026-09-15
2027-02-01,CLT,RUN,90130.76,110151.98,130173.21,5.4,FP&A Baseline TS v3,2026-09-15
2027-03-01,CLT,RUN,110284.75,137361.44,164438.12,5.4,FP&A Baseline TS v3,2026-09-15
2027-04-01,CLT,RUN,94554.95,120066.73,145578.51,5.4,FP&A Baseline TS v3,2026-09-15
2027-05-01,CLT,RUN,102084.15,132205.95,162327.76,5.4,FP&A Baseline TS v3,2026-09-15
2027-06-01,CLT,RUN,91410.19,120785.14,150160.08,5.4,FP&A Baseline TS v3,2026-09-15
2027-07-01,CLT,RUN,80780.82,108951.25,137121.69,5.4,FP&A Baseline TS v3,2026-09-15
2027-08-01,CLT,RUN,76391.46,105210.81,134030.15,5.4,FP&A Baseline TS v3,2026-09-15
2027-09-01,CLT,RUN,66983.12,94246.85,121510.58,5.4,FP&A Baseline TS v3,2026-09-15
2027-10-01,CLT,RUN,68239.9,98136.07,128032.24,5.4,FP&A Baseline TS v3,2026-09-15
2027-11-01,CLT,RUN,82193.41,120872.66,159551.91,5.4,FP&A Baseline TS v3,2026-09-15
2027-12-01,CLT,RUN,101611.0,152881.26,204151.52,5.4,FP&A Baseline TS v3,2026-09-15
2026-09-01,CLT,SNW,13357.79,14924.24,16490.69,4.0,FP&A Baseline TS v3,2026-09-15
2026-10-01,CLT,SNW,17992.5,20453.46,22914.42,4.0,FP&A Baseline TS v3,2026-09-15
2026-11-01,CLT,SNW,21447.52,24814.33,28181.14,4.0,FP&A Baseline TS v3,2026-09-15
2026-12-01,CLT,SNW,26808.76,31578.36,36347.96,4.0,FP&A Baseline TS v3,2026-09-15
2027-01-01,CLT,SNW,14673.68,17602.78,20531.89,4.0,FP&A Baseline TS v3,2026-09-15
2027-02-01,CLT,SNW,11824.63,14451.3,17077.97,4.0,FP&A Baseline TS v3,2026-09-15
2027-03-01,CLT,SNW,7336.52,9137.75,10938.99,4.0,FP&A Baseline TS v3,2026-09-15
2027-04-01,CLT,SNW,4223.6,5363.16,6502.73,4.0,FP&A Baseline TS v3,2026-09-15
2027-05-01,CLT,SNW,1939.3,2511.52,3083.75,4.0,FP&A Baseline TS v3,2026-09-15
2027-06-01,CLT,SNW,1709.84,2259.3,2808.76,4.0,FP&A Baseline TS v3,2026-09-15
2027-07-01,CLT,SNW,3946.21,5322.36,6698.51,4.0,FP&A Baseline TS v3,2026-09-15
2027-08-01,CLT,SNW,6829.38,9405.83,11982.27,4.0,FP&A Baseline TS v3,2026-09-15
2027-09-01,CLT,SNW,11034.72,15526.12,20017.51,4.0,FP&A Baseline TS v3,2026-09-15
2027-10-01,CLT,SNW,14796.1,21278.32,27760.55,4.0,FP&A Baseline TS v3,2026-09-15
2027-11-01,CLT,SNW,17554.24,25815.06,34075.88,4.0,FP&A Baseline TS v3,2026-09-15
2027-12-01,CLT,SNW,21834.67,32851.87,43869.08,4.0,FP&A Baseline TS v3,2026-09-15
2026-09-01,CLT,SOC,65475.92,73154.18,80832.45,5.6,FP&A Baseline TS v3,2026-09-15
2026-10-01,CLT,SOC,41979.12,47720.89,53462.67,5.6,FP&A Baseline TS v3,2026-09-15
2026-11-01,CLT,SOC,53360.39,61736.84,70113.3,5.6,FP&A Baseline TS v3,2026-09-15
2026-12-01,CLT,SOC,58267.68,68634.18,79000.69,5.6,FP&A Baseline TS v3,2026-09-15
2027-01-01,CLT,SOC,27014.41,32406.93,37799.44,5.6,FP&A Baseline TS v3,2026-09-15
2027-02-01,CLT,SOC,29939.47,36590.08,43240.69,5.6,FP&A Baseline TS v3,2026-09-15
2027-03-01,CLT,SOC,38575.45,48046.34,57517.24,5.6,FP&A Baseline TS v3,2026-09-15
2027-04-01,CLT,SOC,38204.41,48512.31,58820.2,5.6,FP&A Baseline TS v3,2026-09-15
2027-05-01,CLT,SOC,43039.21,55738.71,68438.22,5.6,FP&A Baseline TS v3,2026-09-15
2027-06-01,CLT,SOC,57301.7,75715.78,94129.86,5.6,FP&A Baseline TS v3,2026-09-15
2027-07-01,CLT,SOC,60199.2,81192.27,102185.34,5.6,FP&A Baseline TS v3,2026-09-15
2027-08-01,CLT,SOC,52865.17,72809.02,92752.87,5.6,FP&A Baseline TS v3,2026-09-15
2027-09-01,CLT,SOC,54888.49,77229.41,99570.33,5.6,FP&A Baseline TS v3,2026-09-15
2027-10-01,CLT,SOC,35031.75,50379.3,65726.85,5.6,FP&A Baseline TS v3,2026-09-15
2027-11-01,CLT,SOC,44319.71,65176.04,86032.37,5.6,FP&A Baseline TS v3,2026-09-15
2027-12-01,CLT,SOC,48158.23,72457.61,96756.99,5.6,FP&A Baseline TS v3,2026-09-15
2026-09-01,CLT,TEN,16593.18,18539.03,20484.89,1.8,FP&A Baseline TS v3,2026-09-15
2026-10-01,CLT,TEN,15427.89,17538.07,19648.25,1.8,FP&A Baseline TS v3,2026-09-15
2026-11-01,CLT,TEN,17000.01,19668.65,22337.29,1.8,FP&A Baseline TS v3,2026-09-15
2026-12-01,CLT,TEN,24530.5,28894.77,33259.04,1.8,FP&A Baseline TS v3,2026-09-15
2027-01-01,CLT,TEN,14493.78,17386.97,20280.16,1.8,FP&A Baseline TS v3,2026-09-15
2027-02-01,CLT,TEN,17870.13,21839.72,25809.31,1.8,FP&A Baseline TS v3,2026-09-15
2027-03-01,CLT,TEN,18618.41,23189.53,27760.65,1.8,FP&A Baseline TS v3,2026-09-15
2027-04-01,CLT,TEN,22577.13,28668.64,34760.15,1.8,FP&A Baseline TS v3,2026-09-15
2027-05-01,CLT,TEN,25510.59,33037.96,40565.33,1.8,FP&A Baseline TS v3,2026-09-15
2027-06-01,CLT,TEN,19497.42,25762.98,32028.54,1.8,FP&A Baseline TS v3,2026-09-15
2027-07-01,CLT,TEN,17992.12,24266.45,30540.79,1.8,FP&A Baseline TS v3,2026-09-15
2027-08-01,CLT,TEN,16980.58,23386.66,29792.73,1.8,FP&A Baseline TS v3,2026-09-15
2027-09-01,CLT,TEN,13412.48,18871.68,24330.88,1.8,FP&A Baseline TS v3,2026-09-15
2027-10-01,CLT,TEN,12414.09,17852.76,23291.42,1.8,FP&A Baseline TS v3,2026-09-15
2027-11-01,CLT,TEN,13614.66,20021.57,26428.47,1.8,FP&A Baseline TS v3,2026-09-15
2027-12-01,CLT,TEN,19549.21,29413.23,39277.25,1.8,FP&A Baseline TS v3,2026-09-15
2026-09-01,CLT,VOL,15681.71,17520.68,19359.65,6.3,FP&A Baseline TS v3,2026-09-15
2026-10-01,CLT,VOL,16850.31,19155.04,21459.78,6.3,FP&A Baseline TS v3,2026-09-15
2026-11-01,CLT,VOL,15891.24,18385.82,20880.41,6.3,FP&A Baseline TS v3,2026-09-15
2026-12-01,CLT,VOL,15214.81,17921.71,20628.6,6.3,FP&A Baseline TS v3,2026-09-15
2027-01-01,CLT,VOL,7516.29,9016.66,10517.03,6.3,FP&A Baseline TS v3,2026-09-15
2027-02-01,CLT,VOL,10614.91,12972.85,15330.8,6.3,FP&A Baseline TS v3,2026-09-15
2027-03-01,CLT,VOL,10082.3,12557.67,15033.03,6.3,FP&A Baseline TS v3,2026-09-15
2027-04-01,CLT,VOL,12675.54,16095.52,19515.5,6.3,FP&A Baseline TS v3,2026-09-15
2027-05-01,CLT,VOL,13157.74,17040.17,20922.6,6.3,FP&A Baseline TS v3,2026-09-15
2027-06-01,CLT,VOL,15690.96,20733.3,25775.64,6.3,FP&A Baseline TS v3,2026-09-15
2027-07-01,CLT,VOL,15141.35,20421.55,25701.74,6.3,FP&A Baseline TS v3,2026-09-15
2027-08-01,CLT,VOL,19047.7,26233.61,33419.52,6.3,FP&A Baseline TS v3,2026-09-15
2027-09-01,CLT,VOL,13236.59,18624.2,24011.8,6.3,FP&A Baseline TS v3,2026-09-15
2027-10-01,CLT,VOL,14158.57,20361.5,26564.43,6.3,FP&A Baseline TS v3,2026-09-15
2027-11-01,CLT,VOL,13289.81,19543.84,25797.86,6.3,FP&A Baseline TS v3,2026-09-15
2027-12-01,CLT,VOL,12661.71,19050.48,25439.26,6.3,FP&A Baseline TS v3,2026-09-15
2026-09-01,CMH,BSB,18900.19,21116.58,23332.98,5.9,FP&A Baseline TS v3,2026-09-15
2026-10-01,CMH,BSB,22881.29,26010.93,29140.56,5.9,FP&A Baseline TS v3,2026-09-15
2026-11-01,CMH,BSB,23841.55,27584.17,31326.79,5.9,FP&A Baseline TS v3,2026-09-15
2026-12-01,CMH,BSB,48602.28,57249.19,65896.11,5.9,FP&A Baseline TS v3,2026-09-15
2027-01-01,CMH,BSB,29396.64,35264.69,41132.73,5.9,FP&A Baseline TS v3,2026-09-15
2027-02-01,CMH,BSB,42254.55,51640.78,61027.01,5.9,FP&A Baseline TS v3,2026-09-15
2027-03-01,CMH,BSB,43513.08,54196.24,64879.4,5.9,FP&A Baseline TS v3,2026-09-15
2027-04-01,CMH,BSB,30886.25,39219.64,47553.03,5.9,FP&A Baseline TS v3,2026-09-15
2027-05-01,CMH,BSB,31200.62,40406.94,49613.25,5.9,FP&A Baseline TS v3,2026-09-15
2027-06-01,CMH,BSB,23641.94,31239.36,38836.77,5.9,FP&A Baseline TS v3,2026-09-15
2027-07-01,CMH,BSB,16414.02,22138.02,27862.03,5.9,FP&A Baseline TS v3,2026-09-15
2027-08-01,CMH,BSB,14013.41,19300.09,24586.76,5.9,FP&A Baseline TS v3,2026-09-15
2027-09-01,CMH,BSB,15892.06,22360.5,28828.95,5.9,FP&A Baseline TS v3,2026-09-15
2027-10-01,CMH,BSB,19152.41,27543.16,35933.91,5.9,FP&A Baseline TS v3,2026-09-15
2027-11-01,CMH,BSB,19862.18,29209.08,38555.99,5.9,FP&A Baseline TS v3,2026-09-15
2027-12-01,CMH,BSB,40291.53,60621.59,80951.65,5.9,FP&A Baseline TS v3,2026-09-15
2026-09-01,CMH,BSK,32130.5,35898.39,39666.29,4.8,FP&A Baseline TS v3,2026-09-15
2026-10-01,CMH,BSK,29153.81,33141.38,37128.95,4.8,FP&A Baseline TS v3,2026-09-15
2026-11-01,CMH,BSK,35635.69,41229.74,46823.79,4.8,FP&A Baseline TS v3,2026-09-15
2026-12-01,CMH,BSK,43731.13,51511.41,59291.7,4.8,FP&A Baseline TS v3,2026-09-15
2027-01-01,CMH,BSK,18419.8,22096.69,25773.58,4.8,FP&A Baseline TS v3,2026-09-15
2027-02-01,CMH,BSK,22950.78,28048.95,33147.13,4.8,FP&A Baseline TS v3,2026-09-15
2027-03-01,CMH,BSK,23081.46,28748.33,34415.2,4.8,FP&A Baseline TS v3,2026-09-15
2027-04-01,CMH,BSK,18670.75,23708.29,28745.83,4.8,FP&A Baseline TS v3,2026-09-15
2027-05-01,CMH,BSK,18422.08,23857.85,29293.62,4.8,FP&A Baseline TS v3,2026-09-15
2027-06-01,CMH,BSK,21845.9,28866.14,35886.39,4.8,FP&A Baseline TS v3,2026-09-15
2027-07-01,CMH,BSK,23877.61,32204.37,40531.13,4.8,FP&A Baseline TS v3,2026-09-15
2027-08-01,CMH,BSK,24515.29,33763.9,43012.5,4.8,FP&A Baseline TS v3,2026-09-15
2027-09-01,CMH,BSK,26739.22,37622.71,48506.21,4.8,FP&A Baseline TS v3,2026-09-15
2027-10-01,CMH,BSK,24152.13,34733.27,45314.42,4.8,FP&A Baseline TS v3,2026-09-15
2027-11-01,CMH,BSK,29382.9,43210.15,57037.4,4.8,FP&A Baseline TS v3,2026-09-15
2027-12-01,CMH,BSK,35881.05,53985.69,72090.33,4.8,FP&A Baseline TS v3,2026-09-15
2026-09-01,CMH,CLM,7078.19,7908.24,8738.29,4.3,FP&A Baseline TS v3,2026-09-15
2026-10-01,CMH,CLM,7465.17,8486.23,9507.3,4.3,FP&A Baseline TS v3,2026-09-15
2026-11-01,CMH,CLM,8520.9,9858.5,11196.1,4.3,FP&A Baseline TS v3,2026-09-15
2026-12-01,CMH,CLM,9982.86,11758.93,13535.0,4.3,FP&A Baseline TS v3,2026-09-15
2027-01-01,CMH,CLM,6546.55,7853.35,9160.15,4.3,FP&A Baseline TS v3,2026-09-15
2027-02-01,CMH,CLM,7644.22,9342.27,11040.33,4.3,FP&A Baseline TS v3,2026-09-15
2027-03-01,CMH,CLM,7481.58,9318.42,11155.27,4.3,FP&A Baseline TS v3,2026-09-15
2027-04-01,CMH,CLM,6506.57,8262.11,10017.64,4.3,FP&A Baseline TS v3,2026-09-15
2027-05-01,CMH,CLM,6039.86,7822.03,9604.2,4.3,FP&A Baseline TS v3,2026-09-15
2027-06-01,CMH,CLM,6002.97,7932.04,9861.11,4.3,FP&A Baseline TS v3,2026-09-15
2027-07-01,CMH,CLM,5026.31,6779.12,8531.94,4.3,FP&A Baseline TS v3,2026-09-15
2027-08-01,CMH,CLM,5973.86,8227.55,10481.25,4.3,FP&A Baseline TS v3,2026-09-15
2027-09-01,CMH,CLM,5859.48,8244.43,10629.38,4.3,FP&A Baseline TS v3,2026-09-15
2027-10-01,CMH,CLM,6151.85,8847.0,11542.15,4.3,FP&A Baseline TS v3,2026-09-15
2027-11-01,CMH,CLM,6988.77,10277.61,13566.44,4.3,FP&A Baseline TS v3,2026-09-15
2027-12-01,CMH,CLM,8147.71,12258.83,16369.95,4.3,FP&A Baseline TS v3,2026-09-15
2026-09-01,CMH,CYC,29286.62,32721.02,36155.42,3.7,FP&A Baseline TS v3,2026-09-15
2026-10-01,CMH,CYC,23414.5,26617.06,29819.63,3.7,FP&A Baseline TS v3,2026-09-15
2026-11-01,CMH,CYC,24669.05,28541.57,32414.09,3.7,FP&A Baseline TS v3,2026-09-15
2026-12-01,CMH,CYC,43088.57,50754.53,58420.49,3.7,FP&A Baseline TS v3,2026-09-15
2027-01-01,CMH,CYC,26966.72,32349.71,37732.7,3.7,FP&A Baseline TS v3,2026-09-15
2027-02-01,CMH,CYC,34662.34,42362.07,50061.8,3.7,FP&A Baseline TS v3,2026-09-15
2027-03-01,CMH,CYC,42167.33,52520.09,62872.85,3.7,FP&A Baseline TS v3,2026-09-15
2027-04-01,CMH,CYC,38536.04,48933.41,59330.79,3.7,FP&A Baseline TS v3,2026-09-15
2027-05-01,CMH,CYC,39317.17,50918.43,62519.68,3.7,FP&A Baseline TS v3,2026-09-15
2027-06-01,CMH,CYC,34078.95,45030.33,55981.7,3.7,FP&A Baseline TS v3,2026-09-15
2027-07-01,CMH,CYC,29703.57,40062.0,50420.44,3.7,FP&A Baseline TS v3,2026-09-15
2027-08-01,CMH,CYC,27390.59,37723.93,48057.26,3.7,FP&A Baseline TS v3,2026-09-15
2027-09-01,CMH,CYC,24125.02,33944.47,43763.93,3.7,FP&A Baseline TS v3,2026-09-15
2027-10-01,CMH,CYC,19200.48,27612.28,36024.09,3.7,FP&A Baseline TS v3,2026-09-15
2027-11-01,CMH,CYC,20133.95,29608.75,39083.55,3.7,FP&A Baseline TS v3,2026-09-15
2027-12-01,CMH,CYC,34994.8,52652.26,70309.72,3.7,FP&A Baseline TS v3,2026-09-15
2026-09-01,CMH,FTB,15654.52,17490.3,19326.08,2.7,FP&A Baseline TS v3,2026-09-15
2026-10-01,CMH,FTB,12205.48,13874.91,15544.34,2.7,FP&A Baseline TS v3,2026-09-15
2026-11-01,CMH,FTB,9772.61,11306.7,12840.8,2.7,FP&A Baseline TS v3,2026-09-15
2026-12-01,CMH,FTB,9175.95,10808.46,12440.98,2.7,FP&A Baseline TS v3,2026-09-15
2027-01-01,CMH,FTB,3954.39,4743.75,5533.11,2.7,FP&A Baseline TS v3,2026-09-15
2027-02-01,CMH,FTB,4952.34,6052.43,7152.52,2.7,FP&A Baseline TS v3,2026-09-15
2027-03-01,CMH,FTB,5597.13,6971.32,8345.5,2.7,FP&A Baseline TS v3,2026-09-15
2027-04-01,CMH,FTB,9713.38,12334.14,14954.9,2.7,FP&A Baseline TS v3,2026-09-15
2027-05-01,CMH,FTB,10358.75,13415.28,16471.82,2.7,FP&A Baseline TS v3,2026-09-15
2027-06-01,CMH,FTB,12782.28,16889.9,20997.52,2.7,FP&A Baseline TS v3,2026-09-15
2027-07-01,CMH,FTB,15045.08,20291.7,25538.32,2.7,FP&A Baseline TS v3,2026-09-15
2027-08-01,CMH,FTB,13118.81,18068.0,23017.19,2.7,FP&A Baseline TS v3,2026-09-15
2027-09-01,CMH,FTB,12764.86,17960.46,23156.06,2.7,FP&A Baseline TS v3,2026-09-15
2027-10-01,CMH,FTB,9907.41,14247.89,18588.36,2.7,FP&A Baseline TS v3,2026-09-15
2027-11-01,CMH,FTB,7895.24,11610.64,15326.05,2.7,FP&A Baseline TS v3,2026-09-15
2027-12-01,CMH,FTB,7376.85,11099.01,14821.17,2.7,FP&A Baseline TS v3,2026-09-15
2026-09-01,CMH,GLF,27297.52,30498.66,33699.8,2.4,FP&A Baseline TS v3,2026-09-15
2026-10-01,CMH,GLF,25351.95,28819.51,32287.07,2.4,FP&A Baseline TS v3,2026-09-15
2026-11-01,CMH,GLF,25637.62,29662.18,33686.75,2.4,FP&A Baseline TS v3,2026-09-15
2026-12-01,CMH,GLF,38500.8,45350.54,52200.29,2.4,FP&A Baseline TS v3,2026-09-15
2027-01-01,CMH,GLF,29082.4,34887.72,40693.03,2.4,FP&A Baseline TS v3,2026-09-15
2027-02-01,CMH,GLF,34571.21,42250.69,49930.18,2.4,FP&A Baseline TS v3,2026-09-15
2027-03-01,CMH,GLF,39766.31,49529.58,59292.85,2.4,FP&A Baseline TS v3,2026-09-15
2027-04-01,CMH,GLF,47666.34,60527.15,73387.96,2.4,FP&A Baseline TS v3,2026-09-15
2027-05-01,CMH,GLF,47762.22,61855.35,75948.47,2.4,FP&A Baseline TS v3,2026-09-15
2027-06-01,CMH,GLF,36437.11,48146.29,59855.47,2.4,FP&A Baseline TS v3,2026-09-15
2027-07-01,CMH,GLF,36967.03,49858.42,62749.82,2.4,FP&A Baseline TS v3,2026-09-15
2027-08-01,CMH,GLF,28067.61,38656.36,49245.12,2.4,FP&A Baseline TS v3,2026-09-15
2027-09-01,CMH,GLF,22204.51,31242.27,40280.04,2.4,FP&A Baseline TS v3,2026-09-15
2027-10-01,CMH,GLF,20528.55,29522.18,38515.82,2.4,FP&A Baseline TS v3,2026-09-15
2027-11-01,CMH,GLF,20662.07,30385.4,40108.73,2.4,FP&A Baseline TS v3,2026-09-15
2027-12-01,CMH,GLF,30876.7,46456.27,62035.85,2.4,FP&A Baseline TS v3,2026-09-15
2026-09-01,CMH,HKY,28363.81,31689.99,35016.17,4.1,FP&A Baseline TS v3,2026-09-15
2026-10-01,CMH,HKY,30018.96,34124.87,38230.77,4.1,FP&A Baseline TS v3,2026-09-15
2026-11-01,CMH,HKY,31369.37,36293.7,41218.03,4.1,FP&A Baseline TS v3,2026-09-15
2026-12-01,CMH,HKY,35540.17,41863.18,48186.2,4.1,FP&A Baseline TS v3,2026-09-15
2027-01-01,CMH,HKY,14963.55,17950.51,20937.48,4.1,FP&A Baseline TS v3,2026-09-15
2027-02-01,CMH,HKY,14262.94,17431.25,20599.55,4.1,FP&A Baseline TS v3,2026-09-15
2027-03-01,CMH,HKY,10648.55,13262.94,15877.33,4.1,FP&A Baseline TS v3,2026-09-15
2027-04-01,CMH,HKY,10930.83,13880.07,16829.31,4.1,FP&A Baseline TS v3,2026-09-15
2027-05-01,CMH,HKY,10169.66,13170.41,16171.15,4.1,FP&A Baseline TS v3,2026-09-15
2027-06-01,CMH,HKY,17589.83,23242.38,28894.93,4.1,FP&A Baseline TS v3,2026-09-15
2027-07-01,CMH,HKY,24718.99,33339.16,41959.33,4.1,FP&A Baseline TS v3,2026-09-15
2027-08-01,CMH,HKY,22631.4,31169.29,39707.19,4.1,FP&A Baseline TS v3,2026-09-15
2027-09-01,CMH,HKY,23450.48,32995.39,42540.3,4.1,FP&A Baseline TS v3,2026-09-15
2027-10-01,CMH,HKY,24706.54,35530.57,46354.6,4.1,FP&A Baseline TS v3,2026-09-15
2027-11-01,CMH,HKY,25696.34,37788.74,49881.14,4.1,FP&A Baseline TS v3,2026-09-15
2027-12-01,CMH,HKY,28970.1,43587.65,58205.21,4.1,FP&A Baseline TS v3,2026-09-15
2026-09-01,CMH,LAX,4923.74,5501.14,6078.54,3.5,FP&A Baseline TS v3,2026-09-15
2026-10-01,CMH,LAX,6872.61,7812.62,8752.64,3.5,FP&A Baseline TS v3,2026-09-15
2026-11-01,CMH,LAX,8699.44,10065.07,11430.7,3.5,FP&A Baseline TS v3,2026-09-15
2026-12-01,CMH,LAX,14191.9,16716.81,19241.72,3.5,FP&A Baseline TS v3,2026-09-15
2027-01-01,CMH,LAX,7903.28,9480.9,11058.52,3.5,FP&A Baseline TS v3,2026-09-15
2027-02-01,CMH,LAX,10947.69,13379.55,15811.42,3.5,FP&A Baseline TS v3,2026-09-15
2027-03-01,CMH,LAX,9352.23,11648.36,13944.48,3.5,FP&A Baseline TS v3,2026-09-15
2027-04-01,CMH,LAX,6396.68,8122.56,9848.44,3.5,FP&A Baseline TS v3,2026-09-15
2027-05-01,CMH,LAX,6123.24,7930.02,9736.79,3.5,FP&A Baseline TS v3,2026-09-15
2027-06-01,CMH,LAX,5467.53,7224.54,8981.55,3.5,FP&A Baseline TS v3,2026-09-15
2027-07-01,CMH,LAX,3810.88,5139.83,6468.78,3.5,FP&A Baseline TS v3,2026-09-15
2027-08-01,CMH,LAX,3768.62,5190.37,6612.11,3.5,FP&A Baseline TS v3,2026-09-15
2027-09-01,CMH,LAX,4046.57,5693.63,7340.68,3.5,FP&A Baseline TS v3,2026-09-15
2027-10-01,CMH,LAX,5622.67,8085.99,10549.31,3.5,FP&A Baseline TS v3,2026-09-15
2027-11-01,CMH,LAX,7083.73,10417.25,13750.78,3.5,FP&A Baseline TS v3,2026-09-15
2027-12-01,CMH,LAX,11499.43,17301.74,23104.06,3.5,FP&A Baseline TS v3,2026-09-15
2026-09-01,CMH,PKB,20958.64,23416.43,25874.21,9.4,FP&A Baseline TS v3,2026-09-15
2026-10-01,CMH,PKB,16861.92,19168.24,21474.56,9.4,FP&A Baseline TS v3,2026-09-15
2026-11-01,CMH,PKB,19470.66,22527.14,25583.62,9.4,FP&A Baseline TS v3,2026-09-15
2026-12-01,CMH,PKB,27622.5,32536.87,37451.24,9.4,FP&A Baseline TS v3,2026-09-15
2027-01-01,CMH,PKB,17386.48,20857.11,24327.73,9.4,FP&A Baseline TS v3,2026-09-15
2027-02-01,CMH,PKB,20638.08,25222.52,29806.97,9.4,FP&A Baseline TS v3,2026-09-15
2027-03-01,CMH,PKB,24321.65,30293.01,36264.37,9.4,FP&A Baseline TS v3,2026-09-15
2027-04-01,CMH,PKB,24027.08,30509.8,36992.52,9.4,FP&A Baseline TS v3,2026-09-15
2027-05-01,CMH,PKB,21918.34,28385.74,34853.15,9.4,FP&A Baseline TS v3,2026-09-15
2027-06-01,CMH,PKB,19039.39,25157.75,31276.12,9.4,FP&A Baseline TS v3,2026-09-15
2027-07-01,CMH,PKB,19382.86,26142.18,32901.5,9.4,FP&A Baseline TS v3,2026-09-15
2027-08-01,CMH,PKB,18292.02,25192.84,32093.66,9.4,FP&A Baseline TS v3,2026-09-15
2027-09-01,CMH,PKB,18207.47,25618.34,33029.21,9.4,FP&A Baseline TS v3,2026-09-15
2027-10-01,CMH,PKB,14582.17,20970.68,27359.19,9.4,FP&A Baseline TS v3,2026-09-15
2027-11-01,CMH,PKB,16758.89,24645.43,32531.97,9.4,FP&A Baseline TS v3,2026-09-15
2027-12-01,CMH,PKB,23658.79,35596.4,47534.01,9.4,FP&A Baseline TS v3,2026-09-15
2026-09-01,CMH,RUN,56839.65,63505.15,70170.66,4.1,FP&A Baseline TS v3,2026-09-15
2026-10-01,CMH,RUN,60357.22,68612.7,76868.18,4.1,FP&A Baseline TS v3,2026-09-15
2026-11-01,CMH,RUN,68904.36,79720.89,90537.42,4.1,FP&A Baseline TS v3,2026-09-15
2026-12-01,CMH,RUN,89934.21,105934.57,121934.93,4.1,FP&A Baseline TS v3,2026-09-15
2027-01-01,CMH,RUN,58833.54,70577.67,82321.79,4.1,FP&A Baseline TS v3,2026-09-15
2027-02-01,CMH,RUN,68190.75,83338.32,98485.9,4.1,FP&A Baseline TS v3,2026-09-15
2027-03-01,CMH,RUN,71633.12,89220.21,106807.3,4.1,FP&A Baseline TS v3,2026-09-15
2027-04-01,CMH,RUN,69620.94,88405.3,107189.65,4.1,FP&A Baseline TS v3,2026-09-15
2027-05-01,CMH,RUN,79127.72,102475.8,125823.89,4.1,FP&A Baseline TS v3,2026-09-15
2027-06-01,CMH,RUN,69565.35,91920.38,114275.42,4.1,FP&A Baseline TS v3,2026-09-15
2027-07-01,CMH,RUN,67284.79,90748.8,114212.81,4.1,FP&A Baseline TS v3,2026-09-15
2027-08-01,CMH,RUN,54963.54,75699.02,96434.49,4.1,FP&A Baseline TS v3,2026-09-15
2027-09-01,CMH,RUN,46998.28,66127.71,85257.13,4.1,FP&A Baseline TS v3,2026-09-15
2027-10-01,CMH,RUN,49680.82,71446.18,93211.54,4.1,FP&A Baseline TS v3,2026-09-15
2027-11-01,CMH,RUN,56448.91,83013.1,109577.29,4.1,FP&A Baseline TS v3,2026-09-15
2027-12-01,CMH,RUN,73315.99,110309.32,147302.66,4.1,FP&A Baseline TS v3,2026-09-15
2026-09-01,CMH,SNW,38727.35,43268.84,47810.34,2.7,FP&A Baseline TS v3,2026-09-15
2026-10-01,CMH,SNW,49873.71,56695.28,63516.86,2.7,FP&A Baseline TS v3,2026-09-15
2026-11-01,CMH,SNW,56864.03,65790.48,74716.93,2.7,FP&A Baseline TS v3,2026-09-15
2026-12-01,CMH,SNW,79583.61,93742.48,107901.34,2.7,FP&A Baseline TS v3,2026-09-15
2027-01-01,CMH,SNW,43150.81,51764.4,60378.0,2.7,FP&A Baseline TS v3,2026-09-15
2027-02-01,CMH,SNW,32745.36,40019.26,47293.17,2.7,FP&A Baseline TS v3,2026-09-15
2027-03-01,CMH,SNW,19978.55,24883.61,29788.66,2.7,FP&A Baseline TS v3,2026-09-15
2027-04-01,CMH,SNW,11974.4,15205.21,18436.01,2.7,FP&A Baseline TS v3,2026-09-15
2027-05-01,CMH,SNW,4432.46,5740.34,7048.22,2.7,FP&A Baseline TS v3,2026-09-15
2027-06-01,CMH,SNW,4933.89,6519.41,8104.93,2.7,FP&A Baseline TS v3,2026-09-15
2027-07-01,CMH,SNW,10338.02,13943.16,17548.31,2.7,FP&A Baseline TS v3,2026-09-15
2027-08-01,CMH,SNW,18420.99,25370.47,32319.95,2.7,FP&A Baseline TS v3,2026-09-15
2027-09-01,CMH,SNW,31581.09,44435.35,57289.61,2.7,FP&A Baseline TS v3,2026-09-15
2027-10-01,CMH,SNW,40486.48,58223.76,75961.05,2.7,FP&A Baseline TS v3,2026-09-15
2027-11-01,CMH,SNW,45943.63,67564.16,89184.7,2.7,FP&A Baseline TS v3,2026-09-15
2027-12-01,CMH,SNW,63984.71,96269.73,128554.75,2.7,FP&A Baseline TS v3,2026-09-15
2026-09-01,CMH,SOC,44932.61,50201.79,55470.97,6.7,FP&A Baseline TS v3,2026-09-15
2026-10-01,CMH,SOC,43343.25,49271.61,55199.97,6.7,FP&A Baseline TS v3,2026-09-15
2026-11-01,CMH,SOC,39057.86,45189.11,51320.37,6.7,FP&A Baseline TS v3,2026-09-15
2026-12-01,CMH,SOC,46056.83,54250.88,62444.93,6.7,FP&A Baseline TS v3,2026-09-15
2027-01-01,CMH,SOC,23233.75,27871.58,32509.41,6.7,FP&A Baseline TS v3,2026-09-15
2027-02-01,CMH,SOC,25820.15,31555.72,37291.28,6.7,FP&A Baseline TS v3,2026-09-15
2027-03-01,CMH,SOC,32460.23,40429.74,48399.25,6.7,FP&A Baseline TS v3,2026-09-15
2027-04-01,CMH,SOC,28878.14,36669.72,44461.3,6.7,FP&A Baseline TS v3,2026-09-15
2027-05-01,CMH,SOC,34297.19,44417.2,54537.22,6.7,FP&A Baseline TS v3,2026-09-15
2027-06-01,CMH,SOC,45558.36,60198.68,74838.99,6.7,FP&A Baseline TS v3,2026-09-15
2027-07-01,CMH,SOC,41286.01,55683.55,70081.09,6.7,FP&A Baseline TS v3,2026-09-15
2027-08-01,CMH,SOC,41587.0,57276.06,72965.11,6.7,FP&A Baseline TS v3,2026-09-15
2027-09-01,CMH,SOC,38077.42,53575.84,69074.26,6.7,FP&A Baseline TS v3,2026-09-15
2027-10-01,CMH,SOC,36564.22,52583.15,68602.08,6.7,FP&A Baseline TS v3,2026-09-15
2027-11-01,CMH,SOC,32793.86,48226.27,63658.67,6.7,FP&A Baseline TS v3,2026-09-15
2027-12-01,CMH,SOC,38480.71,57897.07,77313.43,6.7,FP&A Baseline TS v3,2026-09-15
2026-09-01,CMH,TEN,15795.02,17647.28,19499.54,1.6,FP&A Baseline TS v3,2026-09-15
2026-10-01,CMH,TEN,11634.33,13225.64,14816.95,1.6,FP&A Baseline TS v3,2026-09-15
2026-11-01,CMH,TEN,15117.26,17490.36,19863.45,1.6,FP&A Baseline TS v3,2026-09-15
2026-12-01,CMH,TEN,18733.94,22066.92,25399.91,1.6,FP&A Baseline TS v3,2026-09-15
2027-01-01,CMH,TEN,12126.39,14547.01,16967.63,1.6,FP&A Baseline TS v3,2026-09-15
2027-02-01,CMH,TEN,15512.63,18958.53,22404.43,1.6,FP&A Baseline TS v3,2026-09-15
2027-03-01,CMH,TEN,18672.22,23256.55,27840.89,1.6,FP&A Baseline TS v3,2026-09-15
2027-04-01,CMH,TEN,18271.4,23201.19,28130.98,1.6,FP&A Baseline TS v3,2026-09-15
2027-05-01,CMH,TEN,17960.23,23259.72,28559.21,1.6,FP&A Baseline TS v3,2026-09-15
2027-06-01,CMH,TEN,15842.77,20933.89,26025.01,1.6,FP&A Baseline TS v3,2026-09-15
2027-07-01,CMH,TEN,15250.78,20569.13,25887.48,1.6,FP&A Baseline TS v3,2026-09-15
2027-08-01,CMH,TEN,12807.35,17639.03,22470.72,1.6,FP&A Baseline TS v3,2026-09-15
2027-09-01,CMH,TEN,12748.56,17937.53,23126.5,1.6,FP&A Baseline TS v3,2026-09-15
2027-10-01,CMH,TEN,9347.84,13443.17,17538.5,1.6,FP&A Baseline TS v3,2026-09-15
2027-11-01,CMH,TEN,12089.06,17778.03,23467.0,1.6,FP&A Baseline TS v3,2026-09-15
2027-12-01,CMH,TEN,14907.79,22429.87,29951.95,1.6,FP&A Baseline TS v3,2026-09-15
2026-09-01,CMH,VOL,15658.9,17495.2,19331.5,6.0,FP&A Baseline TS v3,2026-09-15
2026-10-01,CMH,VOL,13314.91,15136.09,16957.26,6.0,FP&A Baseline TS v3,2026-09-15
2026-11-01,CMH,VOL,13471.47,15586.21,17700.95,6.0,FP&A Baseline TS v3,2026-09-15
2026-12-01,CMH,VOL,14966.26,17628.93,20291.61,6.0,FP&A Baseline TS v3,2026-09-15
2027-01-01,CMH,VOL,7695.97,9232.21,10768.45,6.0,FP&A Baseline TS v3,2026-09-15
2027-02-01,CMH,VOL,8934.14,10918.73,12903.32,6.0,FP&A Baseline TS v3,2026-09-15
2027-03-01,CMH,VOL,8625.64,10743.37,12861.1,6.0,FP&A Baseline TS v3,2026-09-15
2027-04-01,CMH,VOL,11298.31,14346.69,17395.08,6.0,FP&A Baseline TS v3,2026-09-15
2027-05-01,CMH,VOL,12555.28,16259.95,19964.61,6.0,FP&A Baseline TS v3,2026-09-15
2027-06-01,CMH,VOL,16410.68,21684.31,26957.93,6.0,FP&A Baseline TS v3,2026-09-15
2027-07-01,CMH,VOL,15693.62,21166.4,26639.18,6.0,FP&A Baseline TS v3,2026-09-15
2027-08-01,CMH,VOL,14946.98,20585.86,26224.74,6.0,FP&A Baseline TS v3,2026-09-15
2027-09-01,CMH,VOL,13180.4,18545.13,23909.87,6.0,FP&A Baseline TS v3,2026-09-15
2027-10-01,CMH,VOL,11156.66,16044.44,20932.22,6.0,FP&A Baseline TS v3,2026-09-15
2027-11-01,CMH,VOL,11234.67,16521.58,21808.48,6.0,FP&A Baseline TS v3,2026-09-15
2027-12-01,CMH,VOL,12420.06,18686.89,24953.73,6.0,FP&A Baseline TS v3,2026-09-15
2026-09-01,DEN,BSB,138139.26,154338.65,170538.03,1.5,FP&A Baseline TS v3,2026-09-15
2026-10-01,DEN,BSB,152498.85,173357.19,194215.53,1.5,FP&A Baseline TS v3,2026-09-15
2026-11-01,DEN,BSB,240221.97,277931.75,315641.53,1.5,FP&A Baseline TS v3,2026-09-15
2026-12-01,DEN,BSB,328995.93,387528.18,446060.44,1.5,FP&A Baseline TS v3,2026-09-15
2027-01-01,DEN,BSB,238515.73,286127.32,333738.9,1.5,FP&A Baseline TS v3,2026-09-15
2027-02-01,DEN,BSB,274998.21,336085.02,397171.83,1.5,FP&A Baseline TS v3,2026-09-15
2027-03-01,DEN,BSB,307613.72,383137.86,458661.99,1.5,FP&A Baseline TS v3,2026-09-15
2027-04-01,DEN,BSB,282448.23,358655.31,434862.4,1.5,FP&A Baseline TS v3,2026-09-15
2027-05-01,DEN,BSB,228781.39,296287.54,363793.69,1.5,FP&A Baseline TS v3,2026-09-15
2027-06-01,DEN,BSB,169614.89,224121.15,278627.42,1.5,FP&A Baseline TS v3,2026-09-15
2027-07-01,DEN,BSB,128242.24,172963.74,217685.25,1.5,FP&A Baseline TS v3,2026-09-15
2027-08-01,DEN,BSB,101530.77,139834.13,178137.5,1.5,FP&A Baseline TS v3,2026-09-15
2027-09-01,DEN,BSB,111373.15,156704.68,202036.21,1.5,FP&A Baseline TS v3,2026-09-15
2027-10-01,DEN,BSB,122393.64,176014.78,229635.92,1.5,FP&A Baseline TS v3,2026-09-15
2027-11-01,DEN,BSB,191890.89,282192.49,372494.09,1.5,FP&A Baseline TS v3,2026-09-15
2027-12-01,DEN,BSB,261515.27,393469.05,525422.83,1.5,FP&A Baseline TS v3,2026-09-15
2026-09-01,DEN,BSK,233178.4,260522.89,287867.37,1.2,FP&A Baseline TS v3,2026-09-15
2026-10-01,DEN,BSK,255027.01,289908.85,324790.68,1.2,FP&A Baseline TS v3,2026-09-15
2026-11-01,DEN,BSK,261342.89,302368.21,343393.53,1.2,FP&A Baseline TS v3,2026-09-15
2026-12-01,DEN,BSK,315569.19,371712.67,427856.15,1.2,FP&A Baseline TS v3,2026-09-15
2027-01-01,DEN,BSK,173947.6,208670.34,243393.08,1.2,FP&A Baseline TS v3,2026-09-15
2027-02-01,DEN,BSK,179505.84,219380.42,259255.01,1.2,FP&A Baseline TS v3,2026-09-15
2027-03-01,DEN,BSK,170587.06,212468.94,254350.82,1.2,FP&A Baseline TS v3,2026-09-15
2027-04-01,DEN,BSK,160309.84,203562.88,246815.92,1.2,FP&A Baseline TS v3,2026-09-15
2027-05-01,DEN,BSK,149130.18,193133.78,237137.38,1.2,FP&A Baseline TS v3,2026-09-15
2027-06-01,DEN,BSK,152687.75,201754.42,250821.1,1.2,FP&A Baseline TS v3,2026-09-15
2027-07-01,DEN,BSK,160251.61,216135.64,272019.67,1.2,FP&A Baseline TS v3,2026-09-15
2027-08-01,DEN,BSK,173377.96,238786.31,304194.65,1.2,FP&A Baseline TS v3,2026-09-15
2027-09-01,DEN,BSK,187403.65,263681.41,339959.17,1.2,FP&A Baseline TS v3,2026-09-15
2027-10-01,DEN,BSK,204035.06,293423.64,382812.22,1.2,FP&A Baseline TS v3,2026-09-15
2027-11-01,DEN,BSK,208103.16,306034.06,403964.96,1.2,FP&A Baseline TS v3,2026-09-15
2027-12-01,DEN,BSK,250050.35,376219.24,502388.12,1.2,FP&A Baseline TS v3,2026-09-15
2026-09-01,DEN,CLM,149547.33,167084.52,184621.71,4.3,FP&A Baseline TS v3,2026-09-15
2026-10-01,DEN,CLM,149935.5,170443.22,190950.95,4.3,FP&A Baseline TS v3,2026-09-15
2026-11-01,DEN,CLM,181118.46,209550.24,237982.01,4.3,FP&A Baseline TS v3,2026-09-15
2026-12-01,DEN,CLM,243194.11,286461.21,329728.32,4.3,FP&A Baseline TS v3,2026-09-15
2027-01-01,DEN,CLM,149333.34,179142.68,208952.03,4.3,FP&A Baseline TS v3,2026-09-15
2027-02-01,DEN,CLM,173579.94,212138.18,250696.42,4.3,FP&A Baseline TS v3,2026-09-15
2027-03-01,DEN,CLM,153029.58,190600.81,228172.04,4.3,FP&A Baseline TS v3,2026-09-15
2027-04-01,DEN,CLM,134148.13,170342.51,206536.89,4.3,FP&A Baseline TS v3,2026-09-15
2027-05-01,DEN,CLM,124143.4,160774.19,197404.98,4.3,FP&A Baseline TS v3,2026-09-15
2027-06-01,DEN,CLM,115811.47,153027.85,190244.22,4.3,FP&A Baseline TS v3,2026-09-15
2027-07-01,DEN,CLM,118311.87,159570.39,200828.91,4.3,FP&A Baseline TS v3,2026-09-15
2027-08-01,DEN,CLM,122702.96,168993.72,215284.48,4.3,FP&A Baseline TS v3,2026-09-15
2027-09-01,DEN,CLM,123852.27,174263.11,224673.94,4.3,FP&A Baseline TS v3,2026-09-15
2027-10-01,DEN,CLM,123611.44,177766.11,231920.78,4.3,FP&A Baseline TS v3,2026-09-15
2027-11-01,DEN,CLM,148616.25,218553.31,288490.37,4.3,FP&A Baseline TS v3,2026-09-15
2027-12-01,DEN,CLM,198573.61,298768.68,398963.74,4.3,FP&A Baseline TS v3,2026-09-15
2026-09-01,DEN,CYC,197965.85,221181.01,244396.17,1.9,FP&A Baseline TS v3,2026-09-15
2026-10-01,DEN,CYC,181914.67,206796.41,231678.15,1.9,FP&A Baseline TS v3,2026-09-15
2026-11-01,DEN,CYC,210300.25,243312.96,276325.66,1.9,FP&A Baseline TS v3,2026-09-15
2026-12-01,DEN,CYC,306573.72,361116.8,415659.88,1.9,FP&A Baseline TS v3,2026-09-15
2027-01-01,DEN,CYC,183124.29,219678.85,256233.41,1.9,FP&A Baseline TS v3,2026-09-15
2027-02-01,DEN,CYC,271899.13,332297.52,392695.92,1.9,FP&A Baseline TS v3,2026-09-15
2027-03-01,DEN,CYC,311738.64,388275.51,464812.38,1.9,FP&A Baseline TS v3,2026-09-15
2027-04-01,DEN,CYC,336784.8,427652.37,518519.95,1.9,FP&A Baseline TS v3,2026-09-15
2027-05-01,DEN,CYC,322753.44,417987.77,513222.1,1.9,FP&A Baseline TS v3,2026-09-15
2027-06-01,DEN,CYC,274267.05,362403.61,450540.17,1.9,FP&A Baseline TS v3,2026-09-15
2027-07-01,DEN,CYC,229072.46,308956.17,388839.87,1.9,FP&A Baseline TS v3,2026-09-15
2027-08-01,DEN,CYC,205292.66,282741.1,360189.54,1.9,FP&A Baseline TS v3,2026-09-15
2027-09-01,DEN,CYC,160189.03,225389.79,290590.55,1.9,FP&A Baseline TS v3,2026-09-15
2027-10-01,DEN,CYC,146534.23,210731.47,274928.7,1.9,FP&A Baseline TS v3,2026-09-15
2027-11-01,DEN,CYC,168601.15,247942.87,327284.59,1.9,FP&A Baseline TS v3,2026-09-15
2027-12-01,DEN,CYC,244579.79,367988.37,491396.95,1.9,FP&A Baseline TS v3,2026-09-15
2026-09-01,DEN,FTB,128924.91,144043.74,159162.58,1.8,FP&A Baseline TS v3,2026-09-15
2026-10-01,DEN,FTB,102808.29,116870.1,130931.91,1.8,FP&A Baseline TS v3,2026-09-15
2026-11-01,DEN,FTB,86119.54,99638.49,113157.44,1.8,FP&A Baseline TS v3,2026-09-15
2026-12-01,DEN,FTB,77807.53,91650.41,105493.29,1.8,FP&A Baseline TS v3,2026-09-15
2027-01-01,DEN,FTB,33552.65,40250.3,46947.95,1.8,FP&A Baseline TS v3,2026-09-15
2027-02-01,DEN,FTB,37025.75,45250.48,53475.21,1.8,FP&A Baseline TS v3,2026-09-15
2027-03-01,DEN,FTB,49158.62,61227.85,73297.08,1.8,FP&A Baseline TS v3,2026-09-15
2027-04-01,DEN,FTB,61410.55,77979.67,94548.79,1.8,FP&A Baseline TS v3,2026-09-15
2027-05-01,DEN,FTB,78047.65,101077.05,124106.44,1.8,FP&A Baseline TS v3,2026-09-15
2027-06-01,DEN,FTB,106786.28,141102.38,175418.48,1.8,FP&A Baseline TS v3,2026-09-15
2027-07-01,DEN,FTB,115597.81,155909.86,196221.91,1.8,FP&A Baseline TS v3,2026-09-15
2027-08-01,DEN,FTB,107221.42,147671.63,188121.84,1.8,FP&A Baseline TS v3,2026-09-15
2027-09-01,DEN,FTB,104213.02,146630.2,189047.38,1.8,FP&A Baseline TS v3,2026-09-15
2027-10-01,DEN,FTB,82726.02,118968.63,155211.23,1.8,FP&A Baseline TS v3,2026-09-15
2027-11-01,DEN,FTB,68970.77,101427.6,133884.43,1.8,FP&A Baseline TS v3,2026-09-15
2027-12-01,DEN,FTB,62008.31,93296.09,124583.87,1.8,FP&A Baseline TS v3,2026-09-15
2026-09-01,DEN,GLF,209237.95,233774.97,258311.99,-1.7,FP&A Baseline TS v3,2026-09-15
2026-10-01,DEN,GLF,186937.31,212506.04,238074.77,-1.7,FP&A Baseline TS v3,2026-09-15
2026-11-01,DEN,GLF,215374.87,249184.18,282993.49,-1.7,FP&A Baseline TS v3,2026-09-15
2026-12-01,DEN,GLF,303636.65,357657.19,411677.73,-1.7,FP&A Baseline TS v3,2026-09-15
2027-01-01,DEN,GLF,196956.22,236271.86,275587.5,-1.7,FP&A Baseline TS v3,2026-09-15
2027-02-01,DEN,GLF,268666.72,328347.09,388027.45,-1.7,FP&A Baseline TS v3,2026-09-15
2027-03-01,DEN,GLF,303243.58,377694.77,452145.97,-1.7,FP&A Baseline TS v3,2026-09-15
2027-04-01,DEN,GLF,301258.7,382541.01,463823.33,-1.7,FP&A Baseline TS v3,2026-09-15
2027-05-01,DEN,GLF,333948.38,432485.99,531023.6,-1.7,FP&A Baseline TS v3,2026-09-15
2027-06-01,DEN,GLF,289941.77,383115.45,476289.13,-1.7,FP&A Baseline TS v3,2026-09-15
2027-07-01,DEN,GLF,271749.16,366515.38,461281.6,-1.7,FP&A Baseline TS v3,2026-09-15
2027-08-01,DEN,GLF,190171.41,261915.23,333659.05,-1.7,FP&A Baseline TS v3,2026-09-15
2027-09-01,DEN,GLF,163296.79,229762.48,296228.18,-1.7,FP&A Baseline TS v3,2026-09-15
2027-10-01,DEN,GLF,145231.93,208858.62,272485.3,-1.7,FP&A Baseline TS v3,2026-09-15
2027-11-01,DEN,GLF,166536.9,244907.21,323277.52,-1.7,FP&A Baseline TS v3,2026-09-15
2027-12-01,DEN,GLF,233633.2,351518.41,469403.62,-1.7,FP&A Baseline TS v3,2026-09-15
2026-09-01,DEN,HKY,141520.79,158116.73,174712.66,1.9,FP&A Baseline TS v3,2026-09-15
2026-10-01,DEN,HKY,139352.5,158412.72,177472.94,1.9,FP&A Baseline TS v3,2026-09-15
2026-11-01,DEN,HKY,149195.46,172615.99,196036.53,1.9,FP&A Baseline TS v3,2026-09-15
2026-12-01,DEN,HKY,163406.32,192478.23,221550.14,1.9,FP&A Baseline TS v3,2026-09-15
2027-01-01,DEN,HKY,76923.31,92278.45,107633.58,1.9,FP&A Baseline TS v3,2026-09-15
2027-02-01,DEN,HKY,66562.15,81347.96,96133.76,1.9,FP&A Baseline TS v3,2026-09-15
2027-03-01,DEN,HKY,53797.95,67006.21,80214.48,1.9,FP&A Baseline TS v3,2026-09-15
2027-04-01,DEN,HKY,54935.36,69757.41,84579.47,1.9,FP&A Baseline TS v3,2026-09-15
2027-05-01,DEN,HKY,59394.92,76920.49,94446.05,1.9,FP&A Baseline TS v3,2026-09-15
2027-06-01,DEN,HKY,80842.64,106821.67,132800.7,1.9,FP&A Baseline TS v3,2026-09-15
2027-07-01,DEN,HKY,100551.3,135616.23,170681.16,1.9,FP&A Baseline TS v3,2026-09-15
2027-08-01,DEN,HKY,119256.23,164246.68,209237.13,1.9,FP&A Baseline TS v3,2026-09-15
2027-09-01,DEN,HKY,114557.65,161185.35,207813.04,1.9,FP&A Baseline TS v3,2026-09-15
2027-10-01,DEN,HKY,112291.66,161487.09,210682.51,1.9,FP&A Baseline TS v3,2026-09-15
2027-11-01,DEN,HKY,119656.88,175966.01,232275.13,1.9,FP&A Baseline TS v3,2026-09-15
2027-12-01,DEN,HKY,130411.48,196213.72,262015.95,1.9,FP&A Baseline TS v3,2026-09-15
2026-09-01,DEN,LAX,76937.79,85960.17,94982.55,3.8,FP&A Baseline TS v3,2026-09-15
2026-10-01,DEN,LAX,106645.38,121232.02,135818.65,3.8,FP&A Baseline TS v3,2026-09-15
2026-11-01,DEN,LAX,147283.05,170403.38,193523.71,3.8,FP&A Baseline TS v3,2026-09-15
2026-12-01,DEN,LAX,219794.27,258898.26,298002.26,3.8,FP&A Baseline TS v3,2026-09-15
2027-01-01,DEN,LAX,139661.56,167540.26,195418.96,3.8,FP&A Baseline TS v3,2026-09-15
2027-02-01,DEN,LAX,169261.48,206860.44,244459.39,3.8,FP&A Baseline TS v3,2026-09-15
2027-03-01,DEN,LAX,155486.12,193660.48,231834.83,3.8,FP&A Baseline TS v3,2026-09-15
2027-04-01,DEN,LAX,131770.19,167322.98,202875.77,3.8,FP&A Baseline TS v3,2026-09-15
2027-05-01,DEN,LAX,91871.02,118979.25,146087.48,3.8,FP&A Baseline TS v3,2026-09-15
2027-06-01,DEN,LAX,73131.73,96632.84,120133.94,3.8,FP&A Baseline TS v3,2026-09-15
2027-07-01,DEN,LAX,58653.4,79107.41,99561.42,3.8,FP&A Baseline TS v3,2026-09-15
2027-08-01,DEN,LAX,58503.34,80574.23,102645.12,3.8,FP&A Baseline TS v3,2026-09-15
2027-09-01,DEN,LAX,63392.84,89195.24,114997.65,3.8,FP&A Baseline TS v3,2026-09-15
2027-10-01,DEN,LAX,87472.49,125794.54,164116.59,3.8,FP&A Baseline TS v3,2026-09-15
2027-11-01,DEN,LAX,120235.18,176816.45,233397.71,3.8,FP&A Baseline TS v3,2026-09-15
2027-12-01,DEN,LAX,178550.08,268641.8,358733.51,3.8,FP&A Baseline TS v3,2026-09-15
2026-09-01,DEN,PKB,173620.62,193980.85,214341.08,8.9,FP&A Baseline TS v3,2026-09-15
2026-10-01,DEN,PKB,154989.77,176188.81,197387.84,8.9,FP&A Baseline TS v3,2026-09-15
2026-11-01,DEN,PKB,177766.17,205671.7,233577.24,8.9,FP&A Baseline TS v3,2026-09-15
2026-12-01,DEN,PKB,271341.1,319615.89,367890.67,8.9,FP&A Baseline TS v3,2026-09-15
2027-01-01,DEN,PKB,156639.72,187907.53,219175.34,8.9,FP&A Baseline TS v3,2026-09-15
2027-02-01,DEN,PKB,196712.94,240409.83,284106.72,8.9,FP&A Baseline TS v3,2026-09-15
2027-03-01,DEN,PKB,201233.37,250639.41,300045.45,8.9,FP&A Baseline TS v3,2026-09-15
2027-04-01,DEN,PKB,212051.19,269264.52,326477.84,8.9,FP&A Baseline TS v3,2026-09-15
2027-05-01,DEN,PKB,200818.35,260073.49,319328.63,8.9,FP&A Baseline TS v3,2026-09-15
2027-06-01,DEN,PKB,190438.87,251636.99,312835.1,8.9,FP&A Baseline TS v3,2026-09-15
2027-07-01,DEN,PKB,171107.51,230777.29,290447.07,8.9,FP&A Baseline TS v3,2026-09-15
2027-08-01,DEN,PKB,166019.88,228652.33,291284.78,8.9,FP&A Baseline TS v3,2026-09-15
2027-09-01,DEN,PKB,150197.38,211331.29,272465.21,8.9,FP&A Baseline TS v3,2026-09-15
2027-10-01,DEN,PKB,133472.86,191947.85,250422.85,8.9,FP&A Baseline TS v3,2026-09-15
2027-11-01,DEN,PKB,152366.12,224067.82,295769.52,8.9,FP&A Baseline TS v3,2026-09-15
2027-12-01,DEN,PKB,231430.07,348203.64,464977.21,8.9,FP&A Baseline TS v3,2026-09-15
2026-09-01,DEN,RUN,511108.76,571045.71,630982.67,3.5,FP&A Baseline TS v3,2026-09-15
2026-10-01,DEN,RUN,501065.2,569599.4,638133.6,3.5,FP&A Baseline TS v3,2026-09-15
2026-11-01,DEN,RUN,637130.45,737146.49,837162.53,3.5,FP&A Baseline TS v3,2026-09-15
2026-12-01,DEN,RUN,746825.78,879694.89,1012564.01,3.5,FP&A Baseline TS v3,2026-09-15
2027-01-01,DEN,RUN,483673.54,580222.57,676771.61,3.5,FP&A Baseline TS v3,2026-09-15
2027-02-01,DEN,RUN,587148.13,717574.47,848000.8,3.5,FP&A Baseline TS v3,2026-09-15
2027-03-01,DEN,RUN,620394.49,772711.36,925028.22,3.5,FP&A Baseline TS v3,2026-09-15
2027-04-01,DEN,RUN,626670.46,795751.81,964833.15,3.5,FP&A Baseline TS v3,2026-09-15
2027-05-01,DEN,RUN,563661.32,729979.95,896298.58,3.5,FP&A Baseline TS v3,2026-09-15
2027-06-01,DEN,RUN,528253.83,698009.81,867765.8,3.5,FP&A Baseline TS v3,2026-09-15
2027-07-01,DEN,RUN,468109.07,631351.25,794593.43,3.5,FP&A Baseline TS v3,2026-09-15
2027-08-01,DEN,RUN,460100.16,633676.95,807253.74,3.5,FP&A Baseline TS v3,2026-09-15
2027-09-01,DEN,RUN,420121.64,591121.17,762120.71,3.5,FP&A Baseline TS v3,2026-09-15
2027-10-01,DEN,RUN,410000.95,589624.01,769247.07,3.5,FP&A Baseline TS v3,2026-09-15
2027-11-01,DEN,RUN,518881.7,763061.32,1007240.95,3.5,FP&A Baseline TS v3,2026-09-15
2027-12-01,DEN,RUN,605235.21,910621.1,1216007.0,3.5,FP&A Baseline TS v3,2026-09-15
2026-09-01,DEN,SNW,987134.75,1102894.56,1218654.37,1.4,FP&A Baseline TS v3,2026-09-15
2026-10-01,DEN,SNW,1343219.42,1526940.96,1710662.5,1.4,FP&A Baseline TS v3,2026-09-15
2026-11-01,DEN,SNW,1735157.28,2007540.36,2279923.43,1.4,FP&A Baseline TS v3,2026-09-15
2026-12-01,DEN,SNW,2226567.73,2622700.39,3018833.06,1.4,FP&A Baseline TS v3,2026-09-15
2027-01-01,DEN,SNW,1140036.61,1367606.3,1595175.99,1.4,FP&A Baseline TS v3,2026-09-15
2027-02-01,DEN,SNW,968877.48,1184099.38,1399321.29,1.4,FP&A Baseline TS v3,2026-09-15
2027-03-01,DEN,SNW,633923.52,789561.97,945200.43,1.4,FP&A Baseline TS v3,2026-09-15
2027-04-01,DEN,SNW,329688.05,418640.86,507593.67,1.4,FP&A Baseline TS v3,2026-09-15
2027-05-01,DEN,SNW,144174.46,186715.78,229257.11,1.4,FP&A Baseline TS v3,2026-09-15
2027-06-01,DEN,SNW,126479.92,167124.63,207769.34,1.4,FP&A Baseline TS v3,2026-09-15
2027-07-01,DEN,SNW,310931.99,419362.31,527792.63,1.4,FP&A Baseline TS v3,2026-09-15
2027-08-01,DEN,SNW,516563.87,711442.09,906320.3,1.4,FP&A Baseline TS v3,2026-09-15
2027-09-01,DEN,SNW,794906.72,1118452.72,1441998.72,1.4,FP&A Baseline TS v3,2026-09-15
2027-10-01,DEN,SNW,1076751.75,1548481.0,2020210.25,1.4,FP&A Baseline TS v3,2026-09-15
2027-11-01,DEN,SNW,1384384.83,2035860.05,2687335.26,1.4,FP&A Baseline TS v3,2026-09-15
2027-12-01,DEN,SNW,1767741.64,2659697.94,3551654.24,1.4,FP&A Baseline TS v3,2026-09-15
2026-09-01,DEN,SOC,352043.11,393326.68,434610.24,3.4,FP&A Baseline TS v3,2026-09-15
2026-10-01,DEN,SOC,304905.41,346609.46,388313.51,3.4,FP&A Baseline TS v3,2026-09-15
2026-11-01,DEN,SOC,302339.42,349800.33,397261.24,3.4,FP&A Baseline TS v3,2026-09-15
2026-12-01,DEN,SOC,351417.6,413938.94,476460.28,3.4,FP&A Baseline TS v3,2026-09-15
2027-01-01,DEN,SOC,193846.04,232540.83,271235.62,3.4,FP&A Baseline TS v3,2026-09-15
2027-02-01,DEN,SOC,201909.47,246760.7,291611.92,3.4,FP&A Baseline TS v3,2026-09-15
2027-03-01,DEN,SOC,225167.15,280449.32,335731.49,3.4,FP&A Baseline TS v3,2026-09-15
2027-04-01,DEN,SOC,257829.22,327393.87,396958.52,3.4,FP&A Baseline TS v3,2026-09-15
2027-05-01,DEN,SOC,265322.85,343611.23,421899.62,3.4,FP&A Baseline TS v3,2026-09-15
2027-06-01,DEN,SOC,322384.38,425983.59,529582.8,3.4,FP&A Baseline TS v3,2026-09-15
2027-07-01,DEN,SOC,335330.83,452269.68,569208.53,3.4,FP&A Baseline TS v3,2026-09-15
2027-08-01,DEN,SOC,289773.58,399093.19,508412.8,3.4,FP&A Baseline TS v3,2026-09-15
2027-09-01,DEN,SOC,288914.84,406510.08,524105.31,3.4,FP&A Baseline TS v3,2026-09-15
2027-10-01,DEN,SOC,249096.73,358227.01,467357.29,3.4,FP&A Baseline TS v3,2026-09-15
2027-11-01,DEN,SOC,245836.88,361524.83,477212.78,3.4,FP&A Baseline TS v3,2026-09-15
2027-12-01,DEN,SOC,284341.77,427813.21,571284.65,3.4,FP&A Baseline TS v3,2026-09-15
2026-09-01,DEN,TEN,107824.29,120468.68,133113.08,2.1,FP&A Baseline TS v3,2026-09-15
2026-10-01,DEN,TEN,100681.67,114452.61,128223.54,2.1,FP&A Baseline TS v3,2026-09-15
2026-11-01,DEN,TEN,113840.28,131710.81,149581.33,2.1,FP&A Baseline TS v3,2026-09-15
2026-12-01,DEN,TEN,153334.96,180615.06,207895.16,2.1,FP&A Baseline TS v3,2026-09-15
2027-01-01,DEN,TEN,105424.37,126468.77,147513.17,2.1,FP&A Baseline TS v3,2026-09-15
2027-02-01,DEN,TEN,136244.67,166509.43,196774.18,2.1,FP&A Baseline TS v3,2026-09-15
2027-03-01,DEN,TEN,153286.63,190920.97,228555.31,2.1,FP&A Baseline TS v3,2026-09-15
2027-04-01,DEN,TEN,160378.61,203650.21,246921.81,2.1,FP&A Baseline TS v3,2026-09-15
2027-05-01,DEN,TEN,148824.73,192738.2,236651.68,2.1,FP&A Baseline TS v3,2026-09-15
2027-06-01,DEN,TEN,133010.51,175753.84,218497.17,2.1,FP&A Baseline TS v3,2026-09-15
2027-07-01,DEN,TEN,128885.09,173830.78,218776.46,2.1,FP&A Baseline TS v3,2026-09-15
2027-08-01,DEN,TEN,114688.8,157956.14,201223.49,2.1,FP&A Baseline TS v3,2026-09-15
2027-09-01,DEN,TEN,87454.74,123050.91,158647.08,2.1,FP&A Baseline TS v3,2026-09-15
2027-10-01,DEN,TEN,81291.67,116905.88,152520.09,2.1,FP&A Baseline TS v3,2026-09-15
2027-11-01,DEN,TEN,91483.12,134534.01,177584.89,2.1,FP&A Baseline TS v3,2026-09-15
2027-12-01,DEN,TEN,122617.12,184486.52,246355.91,2.1,FP&A Baseline TS v3,2026-09-15
2026-09-01,DEN,VOL,99919.9,111637.36,123354.81,5.7,FP&A Baseline TS v3,2026-09-15
2026-10-01,DEN,VOL,94855.78,107829.87,120803.96,5.7,FP&A Baseline TS v3,2026-09-15
2026-11-01,DEN,VOL,89314.37,103334.84,117355.31,5.7,FP&A Baseline TS v3,2026-09-15
2026-12-01,DEN,VOL,94013.24,110739.31,127465.37,5.7,FP&A Baseline TS v3,2026-09-15
2027-01-01,DEN,VOL,47361.15,56815.2,66269.24,5.7,FP&A Baseline TS v3,2026-09-15
2027-02-01,DEN,VOL,54357.99,66432.82,78507.65,5.7,FP&A Baseline TS v3,2026-09-15
2027-03-01,DEN,VOL,64227.06,79995.84,95764.62,5.7,FP&A Baseline TS v3,2026-09-15
2027-04-01,DEN,VOL,73871.78,93803.05,113734.33,5.7,FP&A Baseline TS v3,2026-09-15
2027-05-01,DEN,VOL,88093.71,114087.38,140081.04,5.7,FP&A Baseline TS v3,2026-09-15
2027-06-01,DEN,VOL,96381.53,127354.03,158326.53,5.7,FP&A Baseline TS v3,2026-09-15
2027-07-01,DEN,VOL,102223.92,137872.15,173520.37,5.7,FP&A Baseline TS v3,2026-09-15
2027-08-01,DEN,VOL,96618.39,133068.52,169518.65,5.7,FP&A Baseline TS v3,2026-09-15
2027-09-01,DEN,VOL,83892.5,118038.75,152185.0,5.7,FP&A Baseline TS v3,2026-09-15
2027-10-01,DEN,VOL,79280.04,114012.94,148745.84,5.7,FP&A Baseline TS v3,2026-09-15
2027-11-01,DEN,VOL,74296.91,109260.16,144223.42,5.7,FP&A Baseline TS v3,2026-09-15
2027-12-01,DEN,VOL,77822.17,117089.21,156356.25,5.7,FP&A Baseline TS v3,2026-09-15
2026-09-01,DET,BSB,140274.86,156724.68,173174.51,-0.7,FP&A Baseline TS v3,2026-09-15
2026-10-01,DET,BSB,168240.48,191251.91,214263.35,-0.7,FP&A Baseline TS v3,2026-09-15
2026-11-01,DET,BSB,239992.86,277666.68,315340.49,-0.7,FP&A Baseline TS v3,2026-09-15
2026-12-01,DET,BSB,410045.62,482997.58,555949.53,-0.7,FP&A Baseline TS v3,2026-09-15
2027-01-01,DET,BSB,252601.57,303024.92,353448.27,-0.7,FP&A Baseline TS v3,2026-09-15
2027-02-01,DET,BSB,329535.98,402737.55,475939.13,-0.7,FP&A Baseline TS v3,2026-09-15
2027-03-01,DET,BSB,315552.4,393025.61,470498.82,-0.7,FP&A Baseline TS v3,2026-09-15
2027-04-01,DET,BSB,308535.54,391781.21,475026.88,-0.7,FP&A Baseline TS v3,2026-09-15
2027-05-01,DET,BSB,247918.04,321070.82,394223.59,-0.7,FP&A Baseline TS v3,2026-09-15
2027-06-01,DET,BSB,198409.27,262168.7,325928.13,-0.7,FP&A Baseline TS v3,2026-09-15
2027-07-01,DET,BSB,138842.27,187260.29,235678.32,-0.7,FP&A Baseline TS v3,2026-09-15
2027-08-01,DET,BSB,122374.77,168541.72,214708.66,-0.7,FP&A Baseline TS v3,2026-09-15
2027-09-01,DET,BSB,110610.23,155631.23,200652.23,-0.7,FP&A Baseline TS v3,2026-09-15
2027-10-01,DET,BSB,132061.08,189917.56,247774.05,-0.7,FP&A Baseline TS v3,2026-09-15
2027-11-01,DET,BSB,187496.0,275729.42,363962.83,-0.7,FP&A Baseline TS v3,2026-09-15
2027-12-01,DET,BSB,318779.78,479627.74,640475.7,-0.7,FP&A Baseline TS v3,2026-09-15
2026-09-01,DET,BSK,283846.55,317132.81,350419.07,0.3,FP&A Baseline TS v3,2026-09-15
2026-10-01,DET,BSK,282405.14,321031.67,359658.21,0.3,FP&A Baseline TS v3,2026-09-15
2026-11-01,DET,BSK,307893.58,356226.37,404559.17,0.3,FP&A Baseline TS v3,2026-09-15
2026-12-01,DET,BSK,388649.18,457794.46,526939.73,0.3,FP&A Baseline TS v3,2026-09-15
2027-01-01,DET,BSK,194906.11,233812.51,272718.91,0.3,FP&A Baseline TS v3,2026-09-15
2027-02-01,DET,BSK,205730.12,251430.04,297129.96,0.3,FP&A Baseline TS v3,2026-09-15
2027-03-01,DET,BSK,176656.68,220028.74,263400.81,0.3,FP&A Baseline TS v3,2026-09-15
2027-04-01,DET,BSK,165832.59,210575.71,255318.84,0.3,FP&A Baseline TS v3,2026-09-15
2027-05-01,DET,BSK,163013.32,211113.4,259213.48,0.3,FP&A Baseline TS v3,2026-09-15
2027-06-01,DET,BSK,165648.15,218879.69,272111.24,0.3,FP&A Baseline TS v3,2026-09-15
2027-07-01,DET,BSK,188090.28,253682.41,319274.53,0.3,FP&A Baseline TS v3,2026-09-15
2027-08-01,DET,BSK,209882.08,289061.92,368241.76,0.3,FP&A Baseline TS v3,2026-09-15
2027-09-01,DET,BSK,226133.94,318175.85,410217.76,0.3,FP&A Baseline TS v3,2026-09-15
2027-10-01,DET,BSK,223966.79,322087.54,420208.28,0.3,FP&A Baseline TS v3,2026-09-15
2027-11-01,DET,BSK,243030.63,357397.99,471765.35,0.3,FP&A Baseline TS v3,2026-09-15
2027-12-01,DET,BSK,305269.24,459300.13,613331.02,0.3,FP&A Baseline TS v3,2026-09-15
2026-09-01,DET,CLM,66769.46,74599.41,82429.37,3.4,FP&A Baseline TS v3,2026-09-15
2026-10-01,DET,CLM,62541.07,71095.25,79649.43,3.4,FP&A Baseline TS v3,2026-09-15
2026-11-01,DET,CLM,85223.84,98602.18,111980.53,3.4,FP&A Baseline TS v3,2026-09-15
2026-12-01,DET,CLM,113997.63,134279.15,154560.68,3.4,FP&A Baseline TS v3,2026-09-15
2027-01-01,DET,CLM,64097.21,76892.04,89686.88,3.4,FP&A Baseline TS v3,2026-09-15
2027-02-01,DET,CLM,70929.71,86685.71,102441.7,3.4,FP&A Baseline TS v3,2026-09-15
2027-03-01,DET,CLM,67201.28,83700.28,100199.28,3.4,FP&A Baseline TS v3,2026-09-15
2027-04-01,DET,CLM,63844.78,81070.67,98296.57,3.4,FP&A Baseline TS v3,2026-09-15
2027-05-01,DET,CLM,55626.78,72040.48,88454.18,3.4,FP&A Baseline TS v3,2026-09-15
2027-06-01,DET,CLM,50724.74,67025.3,83325.85,3.4,FP&A Baseline TS v3,2026-09-15
2027-07-01,DET,CLM,49761.73,67114.98,84468.23,3.4,FP&A Baseline TS v3,2026-09-15
2027-08-01,DET,CLM,52466.51,72259.95,92053.4,3.4,FP&A Baseline TS v3,2026-09-15
2027-09-01,DET,CLM,54812.47,77122.46,99432.45,3.4,FP&A Baseline TS v3,2026-09-15
2027-10-01,DET,CLM,51108.8,73499.78,95890.75,3.4,FP&A Baseline TS v3,2026-09-15
2027-11-01,DET,CLM,69317.18,101937.03,134556.88,3.4,FP&A Baseline TS v3,2026-09-15
2027-12-01,DET,CLM,92265.75,138820.64,185375.53,3.4,FP&A Baseline TS v3,2026-09-15
2026-09-01,DET,CYC,211187.91,235953.6,260719.29,-0.5,FP&A Baseline TS v3,2026-09-15
2026-10-01,DET,CYC,190862.47,216968.06,243073.66,-0.5,FP&A Baseline TS v3,2026-09-15
2026-11-01,DET,CYC,211923.08,245190.54,278457.99,-0.5,FP&A Baseline TS v3,2026-09-15
2026-12-01,DET,CYC,312862.84,368524.83,424186.81,-0.5,FP&A Baseline TS v3,2026-09-15
2027-01-01,DET,CYC,206275.84,247451.82,288627.8,-0.5,FP&A Baseline TS v3,2026-09-15
2027-02-01,DET,CYC,286056.83,349600.15,413143.47,-0.5,FP&A Baseline TS v3,2026-09-15
2027-03-01,DET,CYC,315487.82,392945.18,470402.53,-0.5,FP&A Baseline TS v3,2026-09-15
2027-04-01,DET,CYC,369268.6,468900.59,568532.59,-0.5,FP&A Baseline TS v3,2026-09-15
2027-05-01,DET,CYC,325766.3,421889.64,518012.98,-0.5,FP&A Baseline TS v3,2026-09-15
2027-06-01,DET,CYC,323519.88,427483.98,531448.09,-0.5,FP&A Baseline TS v3,2026-09-15
2027-07-01,DET,CYC,255350.35,344397.86,433445.37,-0.5,FP&A Baseline TS v3,2026-09-15
2027-08-01,DET,CYC,226422.28,311842.06,397261.83,-0.5,FP&A Baseline TS v3,2026-09-15
2027-09-01,DET,CYC,166790.46,234678.15,302565.85,-0.5,FP&A Baseline TS v3,2026-09-15
2027-10-01,DET,CYC,150055.38,215795.24,281535.1,-0.5,FP&A Baseline TS v3,2026-09-15
2027-11-01,DET,CYC,165828.31,243865.16,321902.01,-0.5,FP&A Baseline TS v3,2026-09-15
2027-12-01,DET,CYC,243612.33,366532.76,489453.19,-0.5,FP&A Baseline TS v3,2026-09-15
2026-09-01,DET,FTB,126552.98,141393.66,156234.34,-2.9,FP&A Baseline TS v3,2026-09-15
2026-10-01,DET,FTB,105175.38,119560.95,133946.52,-2.9,FP&A Baseline TS v3,2026-09-15
2026-11-01,DET,FTB,87896.47,101694.36,115492.25,-2.9,FP&A Baseline TS v3,2026-09-15
2026-12-01,DET,FTB,76846.2,90518.05,104189.9,-2.9,FP&A Baseline TS v3,2026-09-15
2027-01-01,DET,FTB,36779.07,44120.76,51462.46,-2.9,FP&A Baseline TS v3,2026-09-15
2027-02-01,DET,FTB,42160.73,51526.12,60891.5,-2.9,FP&A Baseline TS v3,2026-09-15
2027-03-01,DET,FTB,45739.69,56969.52,68199.35,-2.9,FP&A Baseline TS v3,2026-09-15
2027-04-01,DET,FTB,66474.62,84410.07,102345.52,-2.9,FP&A Baseline TS v3,2026-09-15
2027-05-01,DET,FTB,92006.78,119155.08,146303.37,-2.9,FP&A Baseline TS v3,2026-09-15
2027-06-01,DET,FTB,106496.99,140720.13,174943.27,-2.9,FP&A Baseline TS v3,2026-09-15
2027-07-01,DET,FTB,115300.97,155509.51,195718.05,-2.9,FP&A Baseline TS v3,2026-09-15
2027-08-01,DET,FTB,111223.13,153183.03,195142.92,-2.9,FP&A Baseline TS v3,2026-09-15
2027-09-01,DET,FTB,97583.1,137301.75,177020.4,-2.9,FP&A Baseline TS v3,2026-09-15
2027-10-01,DET,FTB,80731.91,116100.88,151469.85,-2.9,FP&A Baseline TS v3,2026-09-15
2027-11-01,DET,FTB,67150.91,98751.34,130351.77,-2.9,FP&A Baseline TS v3,2026-09-15
2027-12-01,DET,FTB,58420.84,87898.47,117376.1,-2.9,FP&A Baseline TS v3,2026-09-15
2026-09-01,DET,GLF,240297.07,268476.34,296655.62,-3.1,FP&A Baseline TS v3,2026-09-15
2026-10-01,DET,GLF,210201.55,238952.29,267703.03,-3.1,FP&A Baseline TS v3,2026-09-15
2026-11-01,DET,GLF,246016.45,284635.84,323255.23,-3.1,FP&A Baseline TS v3,2026-09-15
2026-12-01,DET,GLF,331875.86,390920.49,449965.13,-3.1,FP&A Baseline TS v3,2026-09-15
2027-01-01,DET,GLF,250305.76,300270.82,350235.88,-3.1,FP&A Baseline TS v3,2026-09-15
2027-02-01,DET,GLF,311008.42,380094.37,449180.32,-3.1,FP&A Baseline TS v3,2026-09-15
2027-03-01,DET,GLF,342647.47,426772.96,510898.44,-3.1,FP&A Baseline TS v3,2026-09-15
2027-04-01,DET,GLF,375446.33,476745.14,578043.95,-3.1,FP&A Baseline TS v3,2026-09-15
2027-05-01,DET,GLF,380718.29,493056.22,605394.16,-3.1,FP&A Baseline TS v3,2026-09-15
2027-06-01,DET,GLF,321837.9,425261.5,528685.09,-3.1,FP&A Baseline TS v3,2026-09-15
2027-07-01,DET,GLF,289982.0,391106.5,492230.99,-3.1,FP&A Baseline TS v3,2026-09-15
2027-08-01,DET,GLF,215663.61,297024.58,378385.55,-3.1,FP&A Baseline TS v3,2026-09-15
2027-09-01,DET,GLF,184947.01,260224.85,335502.7,-3.1,FP&A Baseline TS v3,2026-09-15
2027-10-01,DET,GLF,161051.08,231608.21,302165.33,-3.1,FP&A Baseline TS v3,2026-09-15
2027-11-01,DET,GLF,187603.63,275887.69,364171.75,-3.1,FP&A Baseline TS v3,2026-09-15
2027-12-01,DET,GLF,251835.91,378905.74,505975.57,-3.1,FP&A Baseline TS v3,2026-09-15
2026-09-01,DET,HKY,364396.9,407129.18,449861.46,-0.1,FP&A Baseline TS v3,2026-09-15
2026-10-01,DET,HKY,350527.77,398471.91,446416.05,-0.1,FP&A Baseline TS v3,2026-09-15
2026-11-01,DET,HKY,361948.38,418766.64,475584.9,-0.1,FP&A Baseline TS v3,2026-09-15
2026-12-01,DET,HKY,390675.66,460181.47,529687.27,-0.1,FP&A Baseline TS v3,2026-09-15
2027-01-01,DET,HKY,169160.29,202927.41,236694.53,-0.1,FP&A Baseline TS v3,2026-09-15
2027-02-01,DET,HKY,151445.37,185086.74,218728.1,-0.1,FP&A Baseline TS v3,2026-09-15
2027-03-01,DET,HKY,129356.09,161115.1,192874.11,-0.1,FP&A Baseline TS v3,2026-09-15
2027-04-01,DET,HKY,140285.27,178135.5,215985.73,-0.1,FP&A Baseline TS v3,2026-09-15
2027-05-01,DET,HKY,150013.96,194278.33,238542.7,-0.1,FP&A Baseline TS v3,2026-09-15
2027-06-01,DET,HKY,180009.02,237855.47,295701.92,-0.1,FP&A Baseline TS v3,2026-09-15
2027-07-01,DET,HKY,223842.58,301902.49,379962.4,-0.1,FP&A Baseline TS v3,2026-09-15
2027-08-01,DET,HKY,261510.49,360167.6,458824.71,-0.1,FP&A Baseline TS v3,2026-09-15
2027-09-01,DET,HKY,289046.0,406694.62,524343.24,-0.1,FP&A Baseline TS v3,2026-09-15
2027-10-01,DET,HKY,276785.68,398046.6,519307.52,-0.1,FP&A Baseline TS v3,2026-09-15
2027-11-01,DET,HKY,284457.37,418319.66,552181.96,-0.1,FP&A Baseline TS v3,2026-09-15
2027-12-01,DET,HKY,305528.55,459690.28,613852.02,-0.1,FP&A Baseline TS v3,2026-09-15
2026-09-01,DET,LAX,47450.22,53014.63,58579.05,2.5,FP&A Baseline TS v3,2026-09-15
2026-10-01,DET,LAX,59105.5,67189.77,75274.04,2.5,FP&A Baseline TS v3,2026-09-15
2026-11-01,DET,LAX,78170.0,90441.04,102712.08,2.5,FP&A Baseline TS v3,2026-09-15
2026-12-01,DET,LAX,130753.2,154015.73,177278.27,2.5,FP&A Baseline TS v3,2026-09-15
2027-01-01,DET,LAX,81151.99,97351.24,113550.48,2.5,FP&A Baseline TS v3,2026-09-15
2027-02-01,DET,LAX,97306.35,118921.53,140536.7,2.5,FP&A Baseline TS v3,2026-09-15
2027-03-01,DET,LAX,81705.28,101765.25,121825.21,2.5,FP&A Baseline TS v3,2026-09-15
2027-04-01,DET,LAX,68023.78,86377.21,104730.63,2.5,FP&A Baseline TS v3,2026-09-15
2027-05-01,DET,LAX,55951.55,72461.08,88970.62,2.5,FP&A Baseline TS v3,2026-09-15
2027-06-01,DET,LAX,41185.44,54420.5,67655.57,2.5,FP&A Baseline TS v3,2026-09-15
2027-07-01,DET,LAX,36766.72,49588.27,62409.81,2.5,FP&A Baseline TS v3,2026-09-15
2027-08-01,DET,LAX,31141.82,42890.35,54638.87,2.5,FP&A Baseline TS v3,2026-09-15
2027-09-01,DET,LAX,38638.4,54365.15,70091.89,2.5,FP&A Baseline TS v3,2026-09-15
2027-10-01,DET,LAX,47911.27,68901.38,89891.5,2.5,FP&A Baseline TS v3,2026-09-15
2027-11-01,DET,LAX,63066.58,92744.96,122423.35,2.5,FP&A Baseline TS v3,2026-09-15
2027-12-01,DET,LAX,104972.7,157939.18,210905.67,2.5,FP&A Baseline TS v3,2026-09-15
2026-09-01,DET,PKB,166379.03,185890.05,205401.07,7.6,FP&A Baseline TS v3,2026-09-15
2026-10-01,DET,PKB,171508.22,194966.61,218424.99,7.6,FP&A Baseline TS v3,2026-09-15
2026-11-01,DET,PKB,198918.47,230144.48,261370.48,7.6,FP&A Baseline TS v3,2026-09-15
2026-12-01,DET,PKB,260395.13,306722.5,353049.87,7.6,FP&A Baseline TS v3,2026-09-15
2027-01-01,DET,PKB,167705.3,201181.98,234658.66,7.6,FP&A Baseline TS v3,2026-09-15
2027-02-01,DET,PKB,197586.88,241477.91,285368.93,7.6,FP&A Baseline TS v3,2026-09-15
2027-03-01,DET,PKB,216403.65,269534.25,322664.84,7.6,FP&A Baseline TS v3,2026-09-15
2027-04-01,DET,PKB,208968.84,265350.52,321732.2,7.6,FP&A Baseline TS v3,2026-09-15
2027-05-01,DET,PKB,210031.34,272004.95,333978.56,7.6,FP&A Baseline TS v3,2026-09-15
2027-06-01,DET,PKB,179516.46,237204.62,294892.78,7.6,FP&A Baseline TS v3,2026-09-15
2027-07-01,DET,PKB,167679.09,226153.29,284627.48,7.6,FP&A Baseline TS v3,2026-09-15
2027-08-01,DET,PKB,153676.53,211652.34,269628.15,7.6,FP&A Baseline TS v3,2026-09-15
2027-09-01,DET,PKB,142129.99,199980.28,257830.58,7.6,FP&A Baseline TS v3,2026-09-15
2027-10-01,DET,PKB,145848.16,209744.83,273641.49,7.6,FP&A Baseline TS v3,2026-09-15
2027-11-01,DET,PKB,168360.61,247589.14,326817.66,7.6,FP&A Baseline TS v3,2026-09-15
2027-12-01,DET,PKB,219312.37,329971.68,440630.98,7.6,FP&A Baseline TS v3,2026-09-15
2026-09-01,DET,RUN,551477.39,616148.32,680819.25,0.6,FP&A Baseline TS v3,2026-09-15
2026-10-01,DET,RUN,572810.88,651158.24,729505.6,0.6,FP&A Baseline TS v3,2026-09-15
2026-11-01,DET,RUN,637142.33,737160.23,837178.13,0.6,FP&A Baseline TS v3,2026-09-15
2026-12-01,DET,RUN,807068.02,950654.94,1094241.86,0.6,FP&A Baseline TS v3,2026-09-15
2027-01-01,DET,RUN,538472.04,645959.74,753447.45,0.6,FP&A Baseline TS v3,2026-09-15
2027-02-01,DET,RUN,673533.54,823149.12,972764.7,0.6,FP&A Baseline TS v3,2026-09-15
2027-03-01,DET,RUN,692856.75,862964.26,1033071.78,0.6,FP&A Baseline TS v3,2026-09-15
2027-04-01,DET,RUN,649705.8,825002.29,1000298.78,0.6,FP&A Baseline TS v3,2026-09-15
2027-05-01,DET,RUN,598190.53,774697.64,951204.75,0.6,FP&A Baseline TS v3,2026-09-15
2027-06-01,DET,RUN,571914.31,755700.73,939487.15,0.6,FP&A Baseline TS v3,2026-09-15
2027-07-01,DET,RUN,483229.99,651745.24,820260.48,0.6,FP&A Baseline TS v3,2026-09-15
2027-08-01,DET,RUN,489904.19,674724.81,859545.43,0.6,FP&A Baseline TS v3,2026-09-15
2027-09-01,DET,RUN,440701.01,620076.84,799452.67,0.6,FP&A Baseline TS v3,2026-09-15
2027-10-01,DET,RUN,455676.35,655309.99,854943.62,0.6,FP&A Baseline TS v3,2026-09-15
2027-11-01,DET,RUN,504465.01,741860.31,979255.61,0.6,FP&A Baseline TS v3,2026-09-15
2027-12-01,DET,RUN,635871.89,956716.25,1277560.62,0.6,FP&A Baseline TS v3,2026-09-15
2026-09-01,DET,SNW,321627.76,359344.57,397061.37,-1.5,FP&A Baseline TS v3,2026-09-15
2026-10-01,DET,SNW,417112.94,474164.4,531215.87,-1.5,FP&A Baseline TS v3,2026-09-15
2026-11-01,DET,SNW,545314.81,630917.73,716520.65,-1.5,FP&A Baseline TS v3,2026-09-15
2026-12-01,DET,SNW,699662.33,824140.51,948618.69,-1.5,FP&A Baseline TS v3,2026-09-15
2027-01-01,DET,SNW,346497.85,415664.4,484830.96,-1.5,FP&A Baseline TS v3,2026-09-15
2027-02-01,DET,SNW,314015.48,383769.4,453523.33,-1.5,FP&A Baseline TS v3,2026-09-15
2027-03-01,DET,SNW,193606.93,241140.56,288674.19,-1.5,FP&A Baseline TS v3,2026-09-15
2027-04-01,DET,SNW,94015.78,119382.09,144748.4,-1.5,FP&A Baseline TS v3,2026-09-15
2027-05-01,DET,SNW,46906.94,60747.7,74588.45,-1.5,FP&A Baseline TS v3,2026-09-15
2027-06-01,DET,SNW,40637.87,53696.97,66756.08,-1.5,FP&A Baseline TS v3,2026-09-15
2027-07-01,DET,SNW,87041.42,117395.09,147748.76,-1.5,FP&A Baseline TS v3,2026-09-15
2027-08-01,DET,SNW,150456.15,207217.04,263977.93,-1.5,FP&A Baseline TS v3,2026-09-15
2027-09-01,DET,SNW,251535.86,353916.96,456298.05,-1.5,FP&A Baseline TS v3,2026-09-15
2027-10-01,DET,SNW,324734.88,467002.53,609270.18,-1.5,FP&A Baseline TS v3,2026-09-15
2027-11-01,DET,SNW,422543.99,621388.23,820232.46,-1.5,FP&A Baseline TS v3,2026-09-15
2027-12-01,DET,SNW,539483.32,811692.53,1083901.74,-1.5,FP&A Baseline TS v3,2026-09-15
2026-09-01,DET,SOC,383155.79,428087.9,473020.0,1.8,FP&A Baseline TS v3,2026-09-15
2026-10-01,DET,SOC,351749.69,399860.96,447972.24,1.8,FP&A Baseline TS v3,2026-09-15
2026-11-01,DET,SOC,339936.42,393299.27,446662.11,1.8,FP&A Baseline TS v3,2026-09-15
2026-12-01,DET,SOC,396234.55,466729.36,537224.16,1.8,FP&A Baseline TS v3,2026-09-15
2027-01-01,DET,SOC,216668.31,259918.8,303169.29,1.8,FP&A Baseline TS v3,2026-09-15
2027-02-01,DET,SOC,247620.26,302625.47,357630.67,1.8,FP&A Baseline TS v3,2026-09-15
2027-03-01,DET,SOC,235199.9,292945.27,350690.64,1.8,FP&A Baseline TS v3,2026-09-15
2027-04-01,DET,SOC,259826.98,329930.64,400034.3,1.8,FP&A Baseline TS v3,2026-09-15
2027-05-01,DET,SOC,297833.69,385715.0,473596.31,1.8,FP&A Baseline TS v3,2026-09-15
2027-06-01,DET,SOC,354051.93,467827.6,581603.27,1.8,FP&A Baseline TS v3,2026-09-15
2027-07-01,DET,SOC,381113.6,514018.13,646922.65,1.8,FP&A Baseline TS v3,2026-09-15
2027-08-01,DET,SOC,329018.44,453143.51,577268.58,1.8,FP&A Baseline TS v3,2026-09-15
2027-09-01,DET,SOC,309655.55,435692.75,561729.95,1.8,FP&A Baseline TS v3,2026-09-15
2027-10-01,DET,SOC,282986.75,406964.38,530942.01,1.8,FP&A Baseline TS v3,2026-09-15
2027-11-01,DET,SOC,272194.56,400286.12,528377.67,1.8,FP&A Baseline TS v3,2026-09-15
2027-12-01,DET,SOC,315717.74,475020.67,634323.6,1.8,FP&A Baseline TS v3,2026-09-15
2026-09-01,DET,TEN,138678.61,154941.24,171203.87,-0.9,FP&A Baseline TS v3,2026-09-15
2026-10-01,DET,TEN,108219.22,123021.12,137823.02,-0.9,FP&A Baseline TS v3,2026-09-15
2026-11-01,DET,TEN,131047.44,151619.12,172190.8,-0.9,FP&A Baseline TS v3,2026-09-15
2026-12-01,DET,TEN,161327.22,190029.23,218731.25,-0.9,FP&A Baseline TS v3,2026-09-15
2027-01-01,DET,TEN,121287.92,145498.95,169709.97,-0.9,FP&A Baseline TS v3,2026-09-15
2027-02-01,DET,TEN,148032.23,180915.42,213798.6,-0.9,FP&A Baseline TS v3,2026-09-15
2027-03-01,DET,TEN,156466.13,194881.09,233296.05,-0.9,FP&A Baseline TS v3,2026-09-15
2027-04-01,DET,TEN,171425.85,217678.1,263930.34,-0.9,FP&A Baseline TS v3,2026-09-15
2027-05-01,DET,TEN,157744.29,204289.65,250835.0,-0.9,FP&A Baseline TS v3,2026-09-15
2027-06-01,DET,TEN,148425.62,196122.64,243819.67,-0.9,FP&A Baseline TS v3,2026-09-15
2027-07-01,DET,TEN,127332.61,171736.9,216141.2,-0.9,FP&A Baseline TS v3,2026-09-15
2027-08-01,DET,TEN,110044.39,151559.59,193074.79,-0.9,FP&A Baseline TS v3,2026-09-15
2027-09-01,DET,TEN,109150.63,153577.54,198004.45,-0.9,FP&A Baseline TS v3,2026-09-15
2027-10-01,DET,TEN,84791.06,121938.36,159085.67,-0.9,FP&A Baseline TS v3,2026-09-15
2027-11-01,DET,TEN,102193.57,150284.66,198375.75,-0.9,FP&A Baseline TS v3,2026-09-15
2027-12-01,DET,TEN,125189.4,188356.71,251524.01,-0.9,FP&A Baseline TS v3,2026-09-15
2026-09-01,DET,VOL,139409.92,155758.31,172106.7,5.0,FP&A Baseline TS v3,2026-09-15
2026-10-01,DET,VOL,123024.92,139851.9,156678.88,5.0,FP&A Baseline TS v3,2026-09-15
2026-11-01,DET,VOL,113744.34,131599.8,149455.26,5.0,FP&A Baseline TS v3,2026-09-15
2026-12-01,DET,VOL,126571.55,149090.13,171608.7,5.0,FP&A Baseline TS v3,2026-09-15
2027-01-01,DET,VOL,66312.41,79549.43,92786.46,5.0,FP&A Baseline TS v3,2026-09-15
2027-02-01,DET,VOL,77462.51,94669.67,111876.83,5.0,FP&A Baseline TS v3,2026-09-15
2027-03-01,DET,VOL,83726.94,104283.26,124839.58,5.0,FP&A Baseline TS v3,2026-09-15
2027-04-01,DET,VOL,102299.55,129900.89,157502.23,5.0,FP&A Baseline TS v3,2026-09-15
2027-05-01,DET,VOL,119064.13,154196.19,189328.25,5.0,FP&A Baseline TS v3,2026-09-15
2027-06-01,DET,VOL,127876.37,168969.84,210063.3,5.0,FP&A Baseline TS v3,2026-09-15
2027-07-01,DET,VOL,129326.11,174425.59,219525.07,5.0,FP&A Baseline TS v3,2026-09-15
2027-08-01,DET,VOL,128845.59,177453.72,226061.84,5.0,FP&A Baseline TS v3,2026-09-15
2027-09-01,DET,VOL,116193.34,163486.81,210780.27,5.0,FP&A Baseline TS v3,2026-09-15
2027-10-01,DET,VOL,102072.69,146791.14,191509.59,5.0,FP&A Baseline TS v3,2026-09-15
2027-11-01,DET,VOL,93928.12,138129.58,182331.05,5.0,FP&A Baseline TS v3,2026-09-15
2027-12-01,DET,VOL,104008.02,156487.76,208967.49,5.0,FP&A Baseline TS v3,2026-09-15
2026-09-01,DFW,BSB,422044.38,471536.89,521029.41,1.0,FP&A Baseline TS v3,2026-09-15
2026-10-01,DFW,BSB,511663.38,581647.17,651630.96,1.0,FP&A Baseline TS v3,2026-09-15
2026-11-01,DFW,BSB,723540.52,837121.12,950701.71,1.0,FP&A Baseline TS v3,2026-09-15
2026-12-01,DFW,BSB,1149324.8,1353803.24,1558281.69,1.0,FP&A Baseline TS v3,2026-09-15
2027-01-01,DFW,BSB,830333.33,996081.25,1161829.16,1.0,FP&A Baseline TS v3,2026-09-15
2027-02-01,DFW,BSB,1059395.62,1294724.8,1530053.98,1.0,FP&A Baseline TS v3,2026-09-15
2027-03-01,DFW,BSB,994953.9,1239231.14,1483508.38,1.0,FP&A Baseline TS v3,2026-09-15
2027-04-01,DFW,BSB,815854.4,1035979.28,1256104.15,1.0,FP&A Baseline TS v3,2026-09-15
2027-05-01,DFW,BSB,723691.58,937230.08,1150768.58,1.0,FP&A Baseline TS v3,2026-09-15
2027-06-01,DFW,BSB,516957.82,683083.79,849209.77,1.0,FP&A Baseline TS v3,2026-09-15
2027-07-01,DFW,BSB,425982.41,574533.89,723085.38,1.0,FP&A Baseline TS v3,2026-09-15
2027-08-01,DFW,BSB,379268.43,522350.74,665433.06,1.0,FP&A Baseline TS v3,2026-09-15
2027-09-01,DFW,BSB,338374.08,476100.41,613826.74,1.0,FP&A Baseline TS v3,2026-09-15
2027-10-01,DFW,BSB,408368.47,587276.33,766184.19,1.0,FP&A Baseline TS v3,2026-09-15
2027-11-01,DFW,BSB,574751.47,845222.75,1115694.02,1.0,FP&A Baseline TS v3,2026-09-15
2027-12-01,DFW,BSB,908499.94,1366905.3,1825310.67,1.0,FP&A Baseline TS v3,2026-09-15
2026-09-01,DFW,BSK,611628.66,683353.44,755078.22,2.5,FP&A Baseline TS v3,2026-09-15
2026-10-01,DFW,BSK,642631.12,730528.28,818425.44,2.5,FP&A Baseline TS v3,2026-09-15
2026-11-01,DFW,BSK,710483.56,822014.48,933545.41,2.5,FP&A Baseline TS v3,2026-09-15
2026-12-01,DFW,BSK,873630.66,1029059.87,1184489.07,2.5,FP&A Baseline TS v3,2026-09-15
2027-01-01,DFW,BSK,481237.43,577300.18,673362.92,2.5,FP&A Baseline TS v3,2026-09-15
2027-02-01,DFW,BSK,509562.86,622754.76,735946.67,2.5,FP&A Baseline TS v3,2026-09-15
2027-03-01,DFW,BSK,447634.59,557536.1,667437.62,2.5,FP&A Baseline TS v3,2026-09-15
2027-04-01,DFW,BSK,388908.97,493840.12,598771.27,2.5,FP&A Baseline TS v3,2026-09-15
2027-05-01,DFW,BSK,414335.31,536592.55,658849.8,2.5,FP&A Baseline TS v3,2026-09-15
2027-06-01,DFW,BSK,424251.06,560585.44,696919.82,2.5,FP&A Baseline TS v3,2026-09-15
2027-07-01,DFW,BSK,432464.46,583276.41,734088.36,2.5,FP&A Baseline TS v3,2026-09-15
2027-08-01,DFW,BSK,470085.44,647429.27,824773.09,2.5,FP&A Baseline TS v3,2026-09-15
2027-09-01,DFW,BSK,497959.75,700641.25,903322.76,2.5,FP&A Baseline TS v3,2026-09-15
2027-10-01,DFW,BSK,520831.28,749009.55,977187.81,2.5,FP&A Baseline TS v3,2026-09-15
2027-11-01,DFW,BSK,573110.94,842810.21,1112509.48,2.5,FP&A Baseline TS v3,2026-09-15
2027-12-01,DFW,BSK,701257.36,1055093.53,1408929.7,2.5,FP&A Baseline TS v3,2026-09-15
2026-09-01,DFW,CLM,161556.23,180501.69,199447.15,5.9,FP&A Baseline TS v3,2026-09-15
2026-10-01,DFW,CLM,168278.95,191295.64,214312.33,5.9,FP&A Baseline TS v3,2026-09-15
2026-11-01,DFW,CLM,198911.13,230135.98,261360.83,5.9,FP&A Baseline TS v3,2026-09-15
2026-12-01,DFW,CLM,255455.8,300904.4,346353.0,5.9,FP&A Baseline TS v3,2026-09-15
2027-01-01,DFW,CLM,148043.59,177595.48,207147.37,5.9,FP&A Baseline TS v3,2026-09-15
2027-02-01,DFW,CLM,176821.04,216099.24,255377.44,5.9,FP&A Baseline TS v3,2026-09-15
2027-03-01,DFW,CLM,153076.18,190658.85,228241.52,5.9,FP&A Baseline TS v3,2026-09-15
2027-04-01,DFW,CLM,140383.98,178260.85,216137.71,5.9,FP&A Baseline TS v3,2026-09-15
2027-05-01,DFW,CLM,126727.01,164120.14,201513.27,5.9,FP&A Baseline TS v3,2026-09-15
2027-06-01,DFW,CLM,126973.74,167777.15,208580.55,5.9,FP&A Baseline TS v3,2026-09-15
2027-07-01,DFW,CLM,121053.22,163267.72,205482.22,5.9,FP&A Baseline TS v3,2026-09-15
2027-08-01,DFW,CLM,123587.5,170211.96,216836.41,5.9,FP&A Baseline TS v3,2026-09-15
2027-09-01,DFW,CLM,135880.37,191186.92,246493.47,5.9,FP&A Baseline TS v3,2026-09-15
2027-10-01,DFW,CLM,140893.73,202619.84,264345.95,5.9,FP&A Baseline TS v3,2026-09-15
2027-11-01,DFW,CLM,165756.41,243759.42,321762.44,5.9,FP&A Baseline TS v3,2026-09-15
2027-12-01,DFW,CLM,211832.17,318717.16,425602.14,5.9,FP&A Baseline TS v3,2026-09-15
2026-09-01,DFW,CYC,508356.24,567970.42,627584.59,0.6,FP&A Baseline TS v3,2026-09-15
2026-10-01,DFW,CYC,428739.68,487381.41,546023.15,0.6,FP&A Baseline TS v3,2026-09-15
2026-11-01,DFW,CYC,529018.05,612062.72,695107.39,0.6,FP&A Baseline TS v3,2026-09-15
2026-12-01,DFW,CYC,699078.23,823452.49,947826.75,0.6,FP&A Baseline TS v3,2026-09-15
2027-01-01,DFW,CYC,484179.41,580829.42,677479.44,0.6,FP&A Baseline TS v3,2026-09-15
2027-02-01,DFW,CYC,696417.58,851116.51,1005815.45,0.6,FP&A Baseline TS v3,2026-09-15
2027-03-01,DFW,CYC,775509.2,965909.22,1156309.25,0.6,FP&A Baseline TS v3,2026-09-15
2027-04-01,DFW,CYC,753617.83,956950.72,1160283.61,0.6,FP&A Baseline TS v3,2026-09-15
2027-05-01,DFW,CYC,813928.68,1054093.3,1294257.91,0.6,FP&A Baseline TS v3,2026-09-15
2027-06-01,DFW,CYC,759240.92,1003225.32,1247209.72,0.6,FP&A Baseline TS v3,2026-09-15
2027-07-01,DFW,CYC,570933.97,770033.95,969133.92,0.6,FP&A Baseline TS v3,2026-09-15
2027-08-01,DFW,CYC,514984.29,709266.6,903548.91,0.6,FP&A Baseline TS v3,2026-09-15
2027-09-01,DFW,CYC,406230.18,571575.56,736920.93,0.6,FP&A Baseline TS v3,2026-09-15
2027-10-01,DFW,CYC,341056.71,490475.02,639893.33,0.6,FP&A Baseline TS v3,2026-09-15
2027-11-01,DFW,CYC,418844.46,615947.73,813051.01,0.6,FP&A Baseline TS v3,2026-09-15
2027-12-01,DFW,CYC,550773.4,828679.28,1106585.16,0.6,FP&A Baseline TS v3,2026-09-15
2026-09-01,DFW,FTB,476363.99,532226.49,588088.98,1.3,FP&A Baseline TS v3,2026-09-15
2026-10-01,DFW,FTB,373362.24,424429.61,475496.99,1.3,FP&A Baseline TS v3,2026-09-15
2026-11-01,DFW,FTB,308531.65,356964.61,405397.57,1.3,FP&A Baseline TS v3,2026-09-15
2026-12-01,DFW,FTB,263133.25,309947.77,356762.28,1.3,FP&A Baseline TS v3,2026-09-15
2027-01-01,DFW,FTB,123506.73,148160.67,172814.6,1.3,FP&A Baseline TS v3,2026-09-15
2027-02-01,DFW,FTB,138944.5,169808.98,200673.46,1.3,FP&A Baseline TS v3,2026-09-15
2027-03-01,DFW,FTB,181484.97,226042.46,270599.95,1.3,FP&A Baseline TS v3,2026-09-15
2027-04-01,DFW,FTB,253566.72,321981.31,390395.9,1.3,FP&A Baseline TS v3,2026-09-15
2027-05-01,DFW,FTB,325062.14,420977.7,516893.26,1.3,FP&A Baseline TS v3,2026-09-15
2027-06-01,DFW,FTB,394300.46,521010.12,647719.78,1.3,FP&A Baseline TS v3,2026-09-15
2027-07-01,DFW,FTB,449876.8,606760.9,763645.0,1.3,FP&A Baseline TS v3,2026-09-15
2027-08-01,DFW,FTB,417639.94,575198.24,732756.54,1.3,FP&A Baseline TS v3,2026-09-15
2027-09-01,DFW,FTB,383278.73,539282.31,695285.9,1.3,FP&A Baseline TS v3,2026-09-15
2027-10-01,DFW,FTB,299043.99,430056.36,561068.73,1.3,FP&A Baseline TS v3,2026-09-15
2027-11-01,DFW,FTB,245953.93,361696.96,477439.98,1.3,FP&A Baseline TS v3,2026-09-15
2027-12-01,DFW,FTB,208734.71,314056.8,419378.89,1.3,FP&A Baseline TS v3,2026-09-15
2026-09-01,DFW,GLF,728321.87,813731.08,899140.29,-0.8,FP&A Baseline TS v3,2026-09-15
2026-10-01,DFW,GLF,594695.67,676036.37,757377.06,-0.8,FP&A Baseline TS v3,2026-09-15
2026-11-01,DFW,GLF,690217.78,798567.41,906917.04,-0.8,FP&A Baseline TS v3,2026-09-15
2026-12-01,DFW,GLF,917754.58,1081033.95,1244313.32,-0.8,FP&A Baseline TS v3,2026-09-15
2027-01-01,DFW,GLF,635171.25,761961.67,888752.09,-0.8,FP&A Baseline TS v3,2026-09-15
2027-02-01,DFW,GLF,853061.17,1042556.18,1232051.19,-0.8,FP&A Baseline TS v3,2026-09-15
2027-03-01,DFW,GLF,1009840.51,1257772.66,1505704.8,-0.8,FP&A Baseline TS v3,2026-09-15
2027-04-01,DFW,GLF,1029007.44,1306642.93,1584278.42,-0.8,FP&A Baseline TS v3,2026-09-15
2027-05-01,DFW,GLF,1022349.72,1324012.79,1625675.87,-0.8,FP&A Baseline TS v3,2026-09-15
2027-06-01,DFW,GLF,929280.65,1227907.84,1526535.02,-0.8,FP&A Baseline TS v3,2026-09-15
2027-07-01,DFW,GLF,792070.01,1068286.06,1344502.1,-0.8,FP&A Baseline TS v3,2026-09-15
2027-08-01,DFW,GLF,650890.48,896444.58,1141998.67,-0.8,FP&A Baseline TS v3,2026-09-15
2027-09-01,DFW,GLF,573617.0,807092.81,1040568.62,-0.8,FP&A Baseline TS v3,2026-09-15
2027-10-01,DFW,GLF,466253.75,670521.39,874789.02,-0.8,FP&A Baseline TS v3,2026-09-15
2027-11-01,DFW,GLF,538595.93,792052.85,1045509.76,-0.8,FP&A Baseline TS v3,2026-09-15
2027-12-01,DFW,GLF,712637.03,1072215.07,1431793.12,-0.8,FP&A Baseline TS v3,2026-09-15
2026-09-01,DFW,HKY,168176.7,187898.53,207620.36,2.5,FP&A Baseline TS v3,2026-09-15
2026-10-01,DFW,HKY,160202.72,182114.77,204026.82,2.5,FP&A Baseline TS v3,2026-09-15
2026-11-01,DFW,HKY,176218.99,203881.66,231544.32,2.5,FP&A Baseline TS v3,2026-09-15
2026-12-01,DFW,HKY,184465.57,217284.17,250102.77,2.5,FP&A Baseline TS v3,2026-09-15
2027-01-01,DFW,HKY,88483.76,106146.54,123809.33,2.5,FP&A Baseline TS v3,2026-09-15
2027-02-01,DFW,HKY,70160.52,85745.65,101330.78,2.5,FP&A Baseline TS v3,2026-09-15
2027-03-01,DFW,HKY,55946.47,69682.23,83417.99,2.5,FP&A Baseline TS v3,2026-09-15
2027-04-01,DFW,HKY,60921.31,77358.42,93795.54,2.5,FP&A Baseline TS v3,2026-09-15
2027-05-01,DFW,HKY,71514.42,92616.07,113717.71,2.5,FP&A Baseline TS v3,2026-09-15
2027-06-01,DFW,HKY,93312.91,123299.3,153285.69,2.5,FP&A Baseline TS v3,2026-09-15
2027-07-01,DFW,HKY,114375.21,154260.91,194146.61,2.5,FP&A Baseline TS v3,2026-09-15
2027-08-01,DFW,HKY,130124.86,179215.59,228306.33,2.5,FP&A Baseline TS v3,2026-09-15
2027-09-01,DFW,HKY,136895.2,192614.81,248334.43,2.5,FP&A Baseline TS v3,2026-09-15
2027-10-01,DFW,HKY,129813.89,186685.88,243557.87,2.5,FP&A Baseline TS v3,2026-09-15
2027-11-01,DFW,HKY,142119.4,208999.12,275878.84,2.5,FP&A Baseline TS v3,2026-09-15
2027-12-01,DFW,HKY,148040.61,222738.04,297435.47,2.5,FP&A Baseline TS v3,2026-09-15
2026-09-01,DFW,LAX,75567.74,84429.45,93291.17,3.8,FP&A Baseline TS v3,2026-09-15
2026-10-01,DFW,LAX,101180.92,115020.15,128859.37,3.8,FP&A Baseline TS v3,2026-09-15
2026-11-01,DFW,LAX,146549.05,169554.16,192559.27,3.8,FP&A Baseline TS v3,2026-09-15
2026-12-01,DFW,LAX,218774.79,257697.41,296620.02,3.8,FP&A Baseline TS v3,2026-09-15
2027-01-01,DFW,LAX,128884.08,154611.42,180338.76,3.8,FP&A Baseline TS v3,2026-09-15
2027-02-01,DFW,LAX,169366.62,206988.93,244611.23,3.8,FP&A Baseline TS v3,2026-09-15
2027-03-01,DFW,LAX,146521.36,182494.72,218468.08,3.8,FP&A Baseline TS v3,2026-09-15
2027-04-01,DFW,LAX,118066.18,149921.5,181776.82,3.8,FP&A Baseline TS v3,2026-09-15
2027-05-01,DFW,LAX,90448.31,117136.75,143825.19,3.8,FP&A Baseline TS v3,2026-09-15
2027-06-01,DFW,LAX,73586.78,97234.12,120881.46,3.8,FP&A Baseline TS v3,2026-09-15
2027-07-01,DFW,LAX,57676.5,77789.84,97903.18,3.8,FP&A Baseline TS v3,2026-09-15
2027-08-01,DFW,LAX,57838.68,79658.83,101478.97,3.8,FP&A Baseline TS v3,2026-09-15
2027-09-01,DFW,LAX,62314.53,87678.03,113041.53,3.8,FP&A Baseline TS v3,2026-09-15
2027-10-01,DFW,LAX,83057.8,119445.76,155833.71,3.8,FP&A Baseline TS v3,2026-09-15
2027-11-01,DFW,LAX,119733.09,176078.07,232423.05,3.8,FP&A Baseline TS v3,2026-09-15
2027-12-01,DFW,LAX,177866.16,267612.79,357359.41,3.8,FP&A Baseline TS v3,2026-09-15
2026-09-01,DFW,PKB,421048.57,470424.31,519800.05,6.4,FP&A Baseline TS v3,2026-09-15
2026-10-01,DFW,PKB,389190.25,442422.53,495654.81,6.4,FP&A Baseline TS v3,2026-09-15
2026-11-01,DFW,PKB,521153.63,602963.75,684773.87,6.4,FP&A Baseline TS v3,2026-09-15
2026-12-01,DFW,PKB,759517.9,894645.1,1029772.3,6.4,FP&A Baseline TS v3,2026-09-15
2027-01-01,DFW,PKB,418461.46,501993.11,585524.77,6.4,FP&A Baseline TS v3,2026-09-15
2027-02-01,DFW,PKB,518064.84,633145.34,748225.84,6.4,FP&A Baseline TS v3,2026-09-15
2027-03-01,DFW,PKB,513431.24,639486.9,765542.55,6.4,FP&A Baseline TS v3,2026-09-15
2027-04-01,DFW,PKB,505056.91,641325.82,777594.73,6.4,FP&A Baseline TS v3,2026-09-15
2027-05-01,DFW,PKB,540140.37,699518.71,858897.06,6.4,FP&A Baseline TS v3,2026-09-15
2027-06-01,DFW,PKB,444906.12,587878.06,730850.0,6.4,FP&A Baseline TS v3,2026-09-15
2027-07-01,DFW,PKB,413820.16,558130.34,702440.52,6.4,FP&A Baseline TS v3,2026-09-15
2027-08-01,DFW,PKB,414038.46,570238.07,726437.68,6.4,FP&A Baseline TS v3,2026-09-15
2027-09-01,DFW,PKB,355651.85,500410.64,645169.43,6.4,FP&A Baseline TS v3,2026-09-15
2027-10-01,DFW,PKB,327253.06,470623.94,613994.81,6.4,FP&A Baseline TS v3,2026-09-15
2027-11-01,DFW,PKB,436151.02,641398.56,846646.1,6.4,FP&A Baseline TS v3,2026-09-15
2027-12-01,DFW,PKB,632519.68,951672.6,1270825.53,6.4,FP&A Baseline TS v3,2026-09-15
2026-09-01,DFW,RUN,1229982.88,1374221.13,1518459.38,1.4,FP&A Baseline TS v3,2026-09-15
2026-10-01,DFW,RUN,1205459.45,1370338.59,1535217.73,1.4,FP&A Baseline TS v3,2026-09-15
2026-11-01,DFW,RUN,1417305.7,1639792.78,1862279.86,1.4,FP&A Baseline TS v3,2026-09-15
2026-12-01,DFW,RUN,1791481.19,2110206.83,2428932.47,1.4,FP&A Baseline TS v3,2026-09-15
2027-01-01,DFW,RUN,1275253.52,1529814.69,1784375.85,1.4,FP&A Baseline TS v3,2026-09-15
2027-02-01,DFW,RUN,1525266.56,1864082.13,2202897.69,1.4,FP&A Baseline TS v3,2026-09-15
2027-03-01,DFW,RUN,1571850.4,1957765.05,2343679.7,1.4,FP&A Baseline TS v3,2026-09-15
2027-04-01,DFW,RUN,1560109.98,1981041.73,2401973.48,1.4,FP&A Baseline TS v3,2026-09-15
2027-05-01,DFW,RUN,1378382.17,1785099.17,2191816.16,1.4,FP&A Baseline TS v3,2026-09-15
2027-06-01,DFW,RUN,1451409.16,1917823.95,2384238.73,1.4,FP&A Baseline TS v3,2026-09-15
2027-07-01,DFW,RUN,1196408.7,1613628.48,2030848.26,1.4,FP&A Baseline TS v3,2026-09-15
2027-08-01,DFW,RUN,1123513.86,1547369.25,1971224.63,1.4,FP&A Baseline TS v3,2026-09-15
2027-09-01,DFW,RUN,990782.37,1394054.44,1797326.5,1.4,FP&A Baseline TS v3,2026-09-15
2027-10-01,DFW,RUN,966630.96,1390115.86,1813600.76,1.4,FP&A Baseline TS v3,2026-09-15
2027-11-01,DFW,RUN,1131152.07,1663458.92,2195765.78,1.4,FP&A Baseline TS v3,2026-09-15
2027-12-01,DFW,RUN,1422769.71,2140662.18,2858554.64,1.4,FP&A Baseline TS v3,2026-09-15
2026-09-01,DFW,SNW,231172.68,258281.95,285391.22,0.9,FP&A Baseline TS v3,2026-09-15
2026-10-01,DFW,SNW,324042.23,368363.75,412685.28,0.9,FP&A Baseline TS v3,2026-09-15
2026-11-01,DFW,SNW,429205.86,496582.12,563958.38,0.9,FP&A Baseline TS v3,2026-09-15
2026-12-01,DFW,SNW,509046.7,599612.12,690177.53,0.9,FP&A Baseline TS v3,2026-09-15
2027-01-01,DFW,SNW,264093.07,316810.3,369527.53,0.9,FP&A Baseline TS v3,2026-09-15
2027-02-01,DFW,SNW,251959.03,307928.03,363897.03,0.9,FP&A Baseline TS v3,2026-09-15
2027-03-01,DFW,SNW,138452.63,172444.99,206437.35,0.9,FP&A Baseline TS v3,2026-09-15
2027-04-01,DFW,SNW,76998.18,97772.98,118547.78,0.9,FP&A Baseline TS v3,2026-09-15
2027-05-01,DFW,SNW,34887.99,45182.33,55476.67,0.9,FP&A Baseline TS v3,2026-09-15
2027-06-01,DFW,SNW,31374.87,41457.28,51539.7,0.9,FP&A Baseline TS v3,2026-09-15
2027-07-01,DFW,SNW,68577.57,92492.4,116407.24,0.9,FP&A Baseline TS v3,2026-09-15
2027-08-01,DFW,SNW,135585.69,186736.56,237887.44,0.9,FP&A Baseline TS v3,2026-09-15
2027-09-01,DFW,SNW,185187.23,260562.86,335938.48,0.9,FP&A Baseline TS v3,2026-09-15
2027-10-01,DFW,SNW,258407.46,371616.8,484826.14,0.9,FP&A Baseline TS v3,2026-09-15
2027-11-01,DFW,SNW,340657.88,500967.47,661277.06,0.9,FP&A Baseline TS v3,2026-09-15
2027-12-01,DFW,SNW,402045.61,604907.33,807769.06,0.9,FP&A Baseline TS v3,2026-09-15
2026-09-01,DFW,SOC,866958.93,968625.9,1070292.88,5.4,FP&A Baseline TS v3,2026-09-15
2026-10-01,DFW,SOC,838271.96,952928.29,1067584.62,5.4,FP&A Baseline TS v3,2026-09-15
2026-11-01,DFW,SOC,816975.74,945223.69,1073471.64,5.4,FP&A Baseline TS v3,2026-09-15
2026-12-01,DFW,SOC,909298.02,1071072.87,1232847.71,5.4,FP&A Baseline TS v3,2026-09-15
2027-01-01,DFW,SOC,454810.78,545598.35,636385.91,5.4,FP&A Baseline TS v3,2026-09-15
2027-02-01,DFW,SOC,508939.6,621993.06,735046.51,5.4,FP&A Baseline TS v3,2026-09-15
2027-03-01,DFW,SOC,584346.9,727813.49,871280.09,5.4,FP&A Baseline TS v3,2026-09-15
2027-04-01,DFW,SOC,657821.74,835307.97,1012794.21,5.4,FP&A Baseline TS v3,2026-09-15
2027-05-01,DFW,SOC,709071.27,918295.78,1127520.29,5.4,FP&A Baseline TS v3,2026-09-15
2027-06-01,DFW,SOC,920291.87,1216030.48,1511769.09,5.4,FP&A Baseline TS v3,2026-09-15
2027-07-01,DFW,SOC,953978.61,1286656.52,1619334.43,5.4,FP&A Baseline TS v3,2026-09-15
2027-08-01,DFW,SOC,870288.74,1198612.75,1526936.75,5.4,FP&A Baseline TS v3,2026-09-15
2027-09-01,DFW,SOC,725548.17,1020863.59,1316179.01,5.4,FP&A Baseline TS v3,2026-09-15
2027-10-01,DFW,SOC,698363.55,1004319.41,1310275.28,5.4,FP&A Baseline TS v3,2026-09-15
2027-11-01,DFW,SOC,677415.52,996199.3,1314983.08,5.4,FP&A Baseline TS v3,2026-09-15
2027-12-01,DFW,SOC,750269.22,1128835.49,1507401.76,5.4,FP&A Baseline TS v3,2026-09-15
2026-09-01,DFW,TEN,242009.5,270389.59,298769.68,-1.1,FP&A Baseline TS v3,2026-09-15
2026-10-01,DFW,TEN,221016.85,251246.88,281476.9,-1.1,FP&A Baseline TS v3,2026-09-15
2026-11-01,DFW,TEN,238486.26,275923.57,313360.88,-1.1,FP&A Baseline TS v3,2026-09-15
2026-12-01,DFW,TEN,335390.55,395060.49,454730.43,-1.1,FP&A Baseline TS v3,2026-09-15
2027-01-01,DFW,TEN,214056.08,256785.12,299514.17,-1.1,FP&A Baseline TS v3,2026-09-15
2027-02-01,DFW,TEN,281619.79,344177.49,406735.19,-1.1,FP&A Baseline TS v3,2026-09-15
2027-03-01,DFW,TEN,324085.76,403654.05,483222.34,-1.1,FP&A Baseline TS v3,2026-09-15
2027-04-01,DFW,TEN,333487.49,423465.42,513443.35,-1.1,FP&A Baseline TS v3,2026-09-15
2027-05-01,DFW,TEN,322773.12,418013.26,513253.4,-1.1,FP&A Baseline TS v3,2026-09-15
2027-06-01,DFW,TEN,305093.04,403135.62,501178.21,-1.1,FP&A Baseline TS v3,2026-09-15
2027-07-01,DFW,TEN,285701.64,385333.46,484965.28,-1.1,FP&A Baseline TS v3,2026-09-15
2027-08-01,DFW,TEN,237135.66,326597.15,416058.64,-1.1,FP&A Baseline TS v3,2026-09-15
2027-09-01,DFW,TEN,190119.58,267502.78,344885.99,-1.1,FP&A Baseline TS v3,2026-09-15
2027-10-01,DFW,TEN,172841.78,248564.45,324287.12,-1.1,FP&A Baseline TS v3,2026-09-15
2027-11-01,DFW,TEN,185624.82,272977.68,360330.54,-1.1,FP&A Baseline TS v3,2026-09-15
2027-12-01,DFW,TEN,259769.65,390842.64,521915.63,-1.1,FP&A Baseline TS v3,2026-09-15
2026-09-01,DFW,VOL,314678.4,351580.27,388482.13,5.7,FP&A Baseline TS v3,2026-09-15
2026-10-01,DFW,VOL,273409.11,310805.19,348201.27,5.7,FP&A Baseline TS v3,2026-09-15
2026-11-01,DFW,VOL,266050.67,307815.01,349579.35,5.7,FP&A Baseline TS v3,2026-09-15
2026-12-01,DFW,VOL,279010.98,328650.33,378289.67,5.7,FP&A Baseline TS v3,2026-09-15
2027-01-01,DFW,VOL,151441.05,181671.12,211901.2,5.7,FP&A Baseline TS v3,2026-09-15
2027-02-01,DFW,VOL,174153.09,212838.64,251524.19,5.7,FP&A Baseline TS v3,2026-09-15
2027-03-01,DFW,VOL,196224.21,244400.42,292576.63,5.7,FP&A Baseline TS v3,2026-09-15
2027-04-01,DFW,VOL,219362.09,278547.97,337733.84,5.7,FP&A Baseline TS v3,2026-09-15
2027-05-01,DFW,VOL,268240.66,347390.0,426539.34,5.7,FP&A Baseline TS v3,2026-09-15
2027-06-01,DFW,VOL,307527.58,406352.51,505177.44,5.7,FP&A Baseline TS v3,2026-09-15
2027-07-01,DFW,VOL,325637.23,439195.65,552754.08,5.7,FP&A Baseline TS v3,2026-09-15
2027-08-01,DFW,VOL,331742.36,456895.05,582047.74,5.7,FP&A Baseline TS v3,2026-09-15
2027-09-01,DFW,VOL,264142.07,371654.19,479166.32,5.7,FP&A Baseline TS v3,2026-09-15
2027-10-01,DFW,VOL,228461.23,328551.01,428640.79,5.7,FP&A Baseline TS v3,2026-09-15
2027-11-01,DFW,VOL,221265.27,325390.1,429514.93,5.7,FP&A Baseline TS v3,2026-09-15
2027-12-01,DFW,VOL,230905.93,347415.04,463924.15,5.7,FP&A Baseline TS v3,2026-09-15
2026-09-01,HOU,BSB,387353.59,432777.96,478202.34,1.0,FP&A Baseline TS v3,2026-09-15
2026-10-01,HOU,BSB,440748.07,501032.27,561316.48,1.0,FP&A Baseline TS v3,2026-09-15
2026-11-01,HOU,BSB,658184.55,761505.64,864826.72,1.0,FP&A Baseline TS v3,2026-09-15
2026-12-01,HOU,BSB,1027885.17,1210758.06,1393630.96,1.0,FP&A Baseline TS v3,2026-09-15
2027-01-01,HOU,BSB,653025.35,783379.74,913734.13,1.0,FP&A Baseline TS v3,2026-09-15
2027-02-01,HOU,BSB,901007.57,1101153.17,1301298.77,1.0,FP&A Baseline TS v3,2026-09-15
2027-03-01,HOU,BSB,789991.19,983946.78,1177902.37,1.0,FP&A Baseline TS v3,2026-09-15
2027-04-01,HOU,BSB,746961.02,948497.85,1150034.67,1.0,FP&A Baseline TS v3,2026-09-15
2027-05-01,HOU,BSB,613098.89,794004.99,974911.09,1.0,FP&A Baseline TS v3,2026-09-15
2027-06-01,HOU,BSB,514655.77,680041.98,845428.19,1.0,FP&A Baseline TS v3,2026-09-15
2027-07-01,HOU,BSB,393250.7,530387.76,667524.82,1.0,FP&A Baseline TS v3,2026-09-15
2027-08-01,HOU,BSB,308819.52,425324.37,541829.22,1.0,FP&A Baseline TS v3,2026-09-15
2027-09-01,HOU,BSB,310713.26,437180.98,563648.69,1.0,FP&A Baseline TS v3,2026-09-15
2027-10-01,HOU,BSB,351942.34,506129.69,660317.04,1.0,FP&A Baseline TS v3,2026-09-15
2027-11-01,HOU,BSB,523092.09,769253.07,1015414.05,1.0,FP&A Baseline TS v3,2026-09-15
2027-12-01,HOU,BSB,812905.31,1223076.12,1633246.92,1.0,FP&A Baseline TS v3,2026-09-15
2026-09-01,HOU,BSK,555543.46,620691.21,685838.96,2.2,FP&A Baseline TS v3,2026-09-15
2026-10-01,HOU,BSK,575197.75,653871.58,732545.41,2.2,FP&A Baseline TS v3,2026-09-15
2026-11-01,HOU,BSK,612753.31,708942.65,805131.99,2.2,FP&A Baseline TS v3,2026-09-15
2026-12-01,HOU,BSK,679425.17,800302.93,921180.68,2.2,FP&A Baseline TS v3,2026-09-15
2027-01-01,HOU,BSK,369618.55,443400.37,517182.19,2.2,FP&A Baseline TS v3,2026-09-15
2027-02-01,HOU,BSK,434703.52,531266.52,627829.52,2.2,FP&A Baseline TS v3,2026-09-15
2027-03-01,HOU,BSK,363591.56,452859.16,542126.76,2.2,FP&A Baseline TS v3,2026-09-15
2027-04-01,HOU,BSK,324848.68,412495.78,500142.89,2.2,FP&A Baseline TS v3,2026-09-15
2027-05-01,HOU,BSK,344272.92,445856.97,547441.02,2.2,FP&A Baseline TS v3,2026-09-15
2027-06-01,HOU,BSK,351591.44,464576.43,577561.42,2.2,FP&A Baseline TS v3,2026-09-15
2027-07-01,HOU,BSK,372541.91,502457.25,632372.6,2.2,FP&A Baseline TS v3,2026-09-15
2027-08-01,HOU,BSK,383986.85,528849.23,673711.61,2.2,FP&A Baseline TS v3,2026-09-15
2027-09-01,HOU,BSK,450916.26,634449.94,817983.62,2.2,FP&A Baseline TS v3,2026-09-15
2027-10-01,HOU,BSK,464754.85,668365.81,871976.78,2.2,FP&A Baseline TS v3,2026-09-15
2027-11-01,HOU,BSK,492767.19,724657.64,956548.08,2.2,FP&A Baseline TS v3,2026-09-15
2027-12-01,HOU,BSK,543704.15,818043.08,1092382.0,2.2,FP&A Baseline TS v3,2026-09-15
2026-09-01,HOU,CLM,115658.71,129221.83,142784.96,3.8,FP&A Baseline TS v3,2026-09-15
2026-10-01,HOU,CLM,126556.55,143866.58,161176.6,3.8,FP&A Baseline TS v3,2026-09-15
2026-11-01,HOU,CLM,160197.05,185344.6,210492.16,3.8,FP&A Baseline TS v3,2026-09-15
2026-12-01,HOU,CLM,213930.55,251991.31,290052.08,3.8,FP&A Baseline TS v3,2026-09-15
2027-01-01,HOU,CLM,121821.26,146138.74,170456.23,3.8,FP&A Baseline TS v3,2026-09-15
2027-02-01,HOU,CLM,144177.33,176204.2,208231.08,3.8,FP&A Baseline TS v3,2026-09-15
2027-03-01,HOU,CLM,118037.75,147017.93,175998.1,3.8,FP&A Baseline TS v3,2026-09-15
2027-04-01,HOU,CLM,113002.91,143492.11,173981.31,3.8,FP&A Baseline TS v3,2026-09-15
2027-05-01,HOU,CLM,101590.13,131566.16,161542.2,3.8,FP&A Baseline TS v3,2026-09-15
2027-06-01,HOU,CLM,97177.91,128406.33,159634.75,3.8,FP&A Baseline TS v3,2026-09-15
2027-07-01,HOU,CLM,103215.46,139209.45,175203.45,3.8,FP&A Baseline TS v3,2026-09-15
2027-08-01,HOU,CLM,101642.21,139987.62,178333.03,3.8,FP&A Baseline TS v3,2026-09-15
2027-09-01,HOU,CLM,95303.08,134093.7,172884.33,3.8,FP&A Baseline TS v3,2026-09-15
2027-10-01,HOU,CLM,103810.69,149290.57,194770.45,3.8,FP&A Baseline TS v3,2026-09-15
2027-11-01,HOU,CLM,130786.02,192332.39,253878.75,3.8,FP&A Baseline TS v3,2026-09-15
2027-12-01,HOU,CLM,173797.9,261491.79,349185.67,3.8,FP&A Baseline TS v3,2026-09-15
2026-09-01,HOU,CYC,434347.16,485282.4,536217.64,1.7,FP&A Baseline TS v3,2026-09-15
2026-10-01,HOU,CYC,393883.73,447757.97,501632.21,1.7,FP&A Baseline TS v3,2026-09-15
2026-11-01,HOU,CYC,405267.97,468886.49,532505.01,1.7,FP&A Baseline TS v3,2026-09-15
2026-12-01,HOU,CYC,640997.85,755038.93,869080.01,1.7,FP&A Baseline TS v3,2026-09-15
2027-01-01,HOU,CYC,459166.0,550822.94,642479.88,1.7,FP&A Baseline TS v3,2026-09-15
2027-02-01,HOU,CYC,597980.44,730813.01,863645.58,1.7,FP&A Baseline TS v3,2026-09-15
2027-03-01,HOU,CYC,660013.81,822057.86,984101.9,1.7,FP&A Baseline TS v3,2026-09-15
2027-04-01,HOU,CYC,686037.24,871136.28,1056235.32,1.7,FP&A Baseline TS v3,2026-09-15
2027-05-01,HOU,CYC,772020.56,999819.42,1227618.27,1.7,FP&A Baseline TS v3,2026-09-15
2027-06-01,HOU,CYC,630261.55,832798.03,1035334.51,1.7,FP&A Baseline TS v3,2026-09-15
2027-07-01,HOU,CYC,576113.7,777019.98,977926.27,1.7,FP&A Baseline TS v3,2026-09-15
2027-08-01,HOU,CYC,440264.56,606358.2,772451.84,1.7,FP&A Baseline TS v3,2026-09-15
2027-09-01,HOU,CYC,350733.64,493490.6,636247.56,1.7,FP&A Baseline TS v3,2026-09-15
2027-10-01,HOU,CYC,316619.29,455331.47,594043.65,1.7,FP&A Baseline TS v3,2026-09-15
2027-11-01,HOU,CYC,324235.81,476817.37,629398.92,1.7,FP&A Baseline TS v3,2026-09-15
2027-12-01,HOU,CYC,510317.14,767809.86,1025302.57,1.7,FP&A Baseline TS v3,2026-09-15
2026-09-01,HOU,FTB,368923.47,412186.58,455449.68,-0.4,FP&A Baseline TS v3,2026-09-15
2026-10-01,HOU,FTB,307052.81,349050.58,391048.35,-0.4,FP&A Baseline TS v3,2026-09-15
2026-11-01,HOU,FTB,272200.74,314930.51,357660.28,-0.4,FP&A Baseline TS v3,2026-09-15
2026-12-01,HOU,FTB,258076.69,303991.57,349906.46,-0.4,FP&A Baseline TS v3,2026-09-15
2027-01-01,HOU,FTB,105745.82,126854.39,147962.96,-0.4,FP&A Baseline TS v3,2026-09-15
2027-02-01,HOU,FTB,124944.55,152699.15,180453.74,-0.4,FP&A Baseline TS v3,2026-09-15
2027-03-01,HOU,FTB,148965.89,185539.42,222112.96,-0.4,FP&A Baseline TS v3,2026-09-15
2027-04-01,HOU,FTB,191478.82,243141.54,294804.25,-0.4,FP&A Baseline TS v3,2026-09-15
2027-05-01,HOU,FTB,268491.66,347715.06,426938.46,-0.4,FP&A Baseline TS v3,2026-09-15
2027-06-01,HOU,FTB,339562.52,448681.98,557801.44,-0.4,FP&A Baseline TS v3,2026-09-15
2027-07-01,HOU,FTB,347438.28,468599.32,589760.36,-0.4,FP&A Baseline TS v3,2026-09-15
2027-08-01,HOU,FTB,362520.83,499284.97,636049.11,-0.4,FP&A Baseline TS v3,2026-09-15
2027-09-01,HOU,FTB,291718.33,410454.65,529190.98,-0.4,FP&A Baseline TS v3,2026-09-15
2027-10-01,HOU,FTB,241695.97,347583.94,453471.91,-0.4,FP&A Baseline TS v3,2026-09-15
2027-11-01,HOU,FTB,213252.92,313607.23,413961.55,-0.4,FP&A Baseline TS v3,2026-09-15
2027-12-01,HOU,FTB,201196.01,302714.26,404232.52,-0.4,FP&A Baseline TS v3,2026-09-15
2026-09-01,HOU,GLF,521400.08,582543.89,643687.69,-1.6,FP&A Baseline TS v3,2026-09-15
2026-10-01,HOU,GLF,521450.62,592773.07,664095.53,-1.6,FP&A Baseline TS v3,2026-09-15
2026-11-01,HOU,GLF,565335.58,654081.33,742827.09,-1.6,FP&A Baseline TS v3,2026-09-15
2026-12-01,HOU,GLF,800452.69,942862.66,1085272.64,-1.6,FP&A Baseline TS v3,2026-09-15
2027-01-01,HOU,GLF,570468.3,684342.97,798217.64,-1.6,FP&A Baseline TS v3,2026-09-15
2027-02-01,HOU,GLF,719408.41,879214.43,1039020.44,-1.6,FP&A Baseline TS v3,2026-09-15
2027-03-01,HOU,GLF,859352.62,1070337.56,1281322.51,-1.6,FP&A Baseline TS v3,2026-09-15
2027-04-01,HOU,GLF,938272.62,1191427.03,1444581.45,-1.6,FP&A Baseline TS v3,2026-09-15
2027-05-01,HOU,GLF,858013.04,1111185.55,1364358.07,-1.6,FP&A Baseline TS v3,2026-09-15
2027-06-01,HOU,GLF,777165.98,1026910.66,1276655.33,-1.6,FP&A Baseline TS v3,2026-09-15
2027-07-01,HOU,GLF,639612.24,862662.17,1085712.1,-1.6,FP&A Baseline TS v3,2026-09-15
2027-08-01,HOU,GLF,544876.63,750436.08,955995.53,-1.6,FP&A Baseline TS v3,2026-09-15
2027-09-01,HOU,GLF,407436.02,573272.2,739108.38,-1.6,FP&A Baseline TS v3,2026-09-15
2027-10-01,HOU,GLF,405630.31,583338.58,761046.84,-1.6,FP&A Baseline TS v3,2026-09-15
2027-11-01,HOU,GLF,437696.32,643671.07,849645.81,-1.6,FP&A Baseline TS v3,2026-09-15
2027-12-01,HOU,GLF,616690.34,927856.19,1239022.05,-1.6,FP&A Baseline TS v3,2026-09-15
2026-09-01,HOU,HKY,145155.47,162177.64,179199.8,2.7,FP&A Baseline TS v3,2026-09-15
2026-10-01,HOU,HKY,141760.92,161150.55,180540.19,2.7,FP&A Baseline TS v3,2026-09-15
2026-11-01,HOU,HKY,144064.64,166679.75,189294.86,2.7,FP&A Baseline TS v3,2026-09-15
2026-12-01,HOU,HKY,153719.44,181067.94,208416.45,2.7,FP&A Baseline TS v3,2026-09-15
2027-01-01,HOU,HKY,71668.79,85975.03,100281.28,2.7,FP&A Baseline TS v3,2026-09-15
2027-02-01,HOU,HKY,65887.96,80524.0,95160.05,2.7,FP&A Baseline TS v3,2026-09-15
2027-03-01,HOU,HKY,50228.15,62559.98,74891.8,2.7,FP&A Baseline TS v3,2026-09-15
2027-04-01,HOU,HKY,52988.74,67285.57,81582.41,2.7,FP&A Baseline TS v3,2026-09-15
2027-05-01,HOU,HKY,59178.41,76640.09,94101.77,2.7,FP&A Baseline TS v3,2026-09-15
2027-06-01,HOU,HKY,78355.02,103534.65,128714.28,2.7,FP&A Baseline TS v3,2026-09-15
2027-07-01,HOU,HKY,99769.61,134561.94,169354.28,2.7,FP&A Baseline TS v3,2026-09-15
2027-08-01,HOU,HKY,115015.05,158405.47,201795.9,2.7,FP&A Baseline TS v3,2026-09-15
2027-09-01,HOU,HKY,118345.61,166515.1,214684.58,2.7,FP&A Baseline TS v3,2026-09-15
2027-10-01,HOU,HKY,115054.64,165460.54,215866.44,2.7,FP&A Baseline TS v3,2026-09-15
2027-11-01,HOU,HKY,116373.58,171137.62,225901.66,2.7,FP&A Baseline TS v3,2026-09-15
2027-12-01,HOU,HKY,123563.64,185910.63,248257.61,2.7,FP&A Baseline TS v3,2026-09-15
2026-09-01,HOU,LAX,63466.17,70908.75,78351.34,4.0,FP&A Baseline TS v3,2026-09-15
2026-10-01,HOU,LAX,90827.49,103250.6,115673.71,4.0,FP&A Baseline TS v3,2026-09-15
2026-11-01,HOU,LAX,118968.26,137643.77,156319.27,4.0,FP&A Baseline TS v3,2026-09-15
2026-12-01,HOU,LAX,183631.32,216301.5,248971.68,4.0,FP&A Baseline TS v3,2026-09-15
2027-01-01,HOU,LAX,116117.85,139296.84,162475.84,4.0,FP&A Baseline TS v3,2026-09-15
2027-02-01,HOU,LAX,134608.43,164509.72,194411.0,4.0,FP&A Baseline TS v3,2026-09-15
2027-03-01,HOU,LAX,131650.82,163973.22,196295.63,4.0,FP&A Baseline TS v3,2026-09-15
2027-04-01,HOU,LAX,102346.12,129960.03,157573.93,4.0,FP&A Baseline TS v3,2026-09-15
2027-05-01,HOU,LAX,82172.89,106419.51,130666.13,4.0,FP&A Baseline TS v3,2026-09-15
2027-06-01,HOU,LAX,60102.07,79416.05,98730.03,4.0,FP&A Baseline TS v3,2026-09-15
2027-07-01,HOU,LAX,50540.93,68165.91,85790.89,4.0,FP&A Baseline TS v3,2026-09-15
2027-08-01,HOU,LAX,48620.44,66962.92,85305.41,4.0,FP&A Baseline TS v3,2026-09-15
2027-09-01,HOU,LAX,52389.11,73712.73,95036.34,4.0,FP&A Baseline TS v3,2026-09-15
2027-10-01,HOU,LAX,74635.41,107333.48,140031.55,4.0,FP&A Baseline TS v3,2026-09-15
2027-11-01,HOU,LAX,97298.93,143086.67,188874.4,4.0,FP&A Baseline TS v3,2026-09-15
2027-12-01,HOU,LAX,149447.49,224854.79,300262.09,4.0,FP&A Baseline TS v3,2026-09-15
2026-09-01,HOU,PKB,357446.23,399363.41,441280.6,4.0,FP&A Baseline TS v3,2026-09-15
2026-10-01,HOU,PKB,338885.02,385236.7,431588.38,4.0,FP&A Baseline TS v3,2026-09-15
2026-11-01,HOU,PKB,425100.87,491832.73,558564.6,4.0,FP&A Baseline TS v3,2026-09-15
2026-12-01,HOU,PKB,533980.7,628982.16,723983.63,4.0,FP&A Baseline TS v3,2026-09-15
2027-01-01,HOU,PKB,356384.97,427525.16,498665.35,4.0,FP&A Baseline TS v3,2026-09-15
2027-02-01,HOU,PKB,455971.71,557259.12,658546.54,4.0,FP&A Baseline TS v3,2026-09-15
2027-03-01,HOU,PKB,463464.12,577252.05,691039.97,4.0,FP&A Baseline TS v3,2026-09-15
2027-04-01,HOU,PKB,410502.77,521260.12,632017.47,4.0,FP&A Baseline TS v3,2026-09-15
2027-05-01,HOU,PKB,448421.24,580736.17,713051.1,4.0,FP&A Baseline TS v3,2026-09-15
2027-06-01,HOU,PKB,371267.07,490574.88,609882.7,4.0,FP&A Baseline TS v3,2026-09-15
2027-07-01,HOU,PKB,354978.31,478768.77,602559.22,4.0,FP&A Baseline TS v3,2026-09-15
2027-08-01,HOU,PKB,350410.25,482605.56,614800.88,4.0,FP&A Baseline TS v3,2026-09-15
2027-09-01,HOU,PKB,295215.78,415375.64,535535.51,4.0,FP&A Baseline TS v3,2026-09-15
2027-10-01,HOU,PKB,278618.6,400682.53,522746.45,4.0,FP&A Baseline TS v3,2026-09-15
2027-11-01,HOU,PKB,347855.67,511552.46,675249.25,4.0,FP&A Baseline TS v3,2026-09-15
2027-12-01,HOU,PKB,434808.03,654200.81,873593.59,4.0,FP&A Baseline TS v3,2026-09-15
2026-09-01,HOU,RUN,1016648.68,1135869.55,1255090.42,1.6,FP&A Baseline TS v3,2026-09-15
2026-10-01,HOU,RUN,1071580.59,1218148.17,1364715.76,1.6,FP&A Baseline TS v3,2026-09-15
2026-11-01,HOU,RUN,1212584.88,1402935.11,1593285.35,1.6,FP&A Baseline TS v3,2026-09-15
2026-12-01,HOU,RUN,1788306.84,2106467.73,2424628.61,1.6,FP&A Baseline TS v3,2026-09-15
2027-01-01,HOU,RUN,1040963.98,1248757.18,1456550.37,1.6,FP&A Baseline TS v3,2026-09-15
2027-02-01,HOU,RUN,1382758.47,1689917.96,1997077.45,1.6,FP&A Baseline TS v3,2026-09-15
2027-03-01,HOU,RUN,1245634.27,1551457.59,1857280.91,1.6,FP&A Baseline TS v3,2026-09-15
2027-04-01,HOU,RUN,1435186.54,1822412.81,2209639.08,1.6,FP&A Baseline TS v3,2026-09-15
2027-05-01,HOU,RUN,1303843.26,1688566.17,2073289.09,1.6,FP&A Baseline TS v3,2026-09-15
2027-06-01,HOU,RUN,1115597.72,1474098.47,1832599.22,1.6,FP&A Baseline TS v3,2026-09-15
2027-07-01,HOU,RUN,971041.77,1309670.06,1648298.35,1.6,FP&A Baseline TS v3,2026-09-15
2027-08-01,HOU,RUN,952210.8,1311440.62,1670670.43,1.6,FP&A Baseline TS v3,2026-09-15
2027-09-01,HOU,RUN,820195.31,1154034.37,1487873.43,1.6,FP&A Baseline TS v3,2026-09-15
2027-10-01,HOU,RUN,860597.56,1237628.79,1614660.03,1.6,FP&A Baseline TS v3,2026-09-15
2027-11-01,HOU,RUN,969252.17,1425370.84,1881489.51,1.6,FP&A Baseline TS v3,2026-09-15
2027-12-01,HOU,RUN,1422432.18,2140154.35,2857876.51,1.6,FP&A Baseline TS v3,2026-09-15
2026-09-01,HOU,SNW,198653.83,221949.66,245245.5,-0.4,FP&A Baseline TS v3,2026-09-15
2026-10-01,HOU,SNW,279414.84,317632.37,355849.9,-0.4,FP&A Baseline TS v3,2026-09-15
2026-11-01,HOU,SNW,362523.95,419432.55,476341.16,-0.4,FP&A Baseline TS v3,2026-09-15
2026-12-01,HOU,SNW,455426.82,536452.63,617478.43,-0.4,FP&A Baseline TS v3,2026-09-15
2027-01-01,HOU,SNW,221442.24,265645.68,309849.12,-0.4,FP&A Baseline TS v3,2026-09-15
2027-02-01,HOU,SNW,203136.46,248260.25,293384.03,-0.4,FP&A Baseline TS v3,2026-09-15
2027-03-01,HOU,SNW,140619.29,175143.6,209667.9,-0.4,FP&A Baseline TS v3,2026-09-15
2027-04-01,HOU,SNW,67665.29,85922.0,104178.71,-0.4,FP&A Baseline TS v3,2026-09-15
2027-05-01,HOU,SNW,29666.46,38420.1,47173.73,-0.4,FP&A Baseline TS v3,2026-09-15
2027-06-01,HOU,SNW,25942.18,34278.78,42615.38,-0.4,FP&A Baseline TS v3,2026-09-15
2027-07-01,HOU,SNW,57681.96,77797.2,97912.45,-0.4,FP&A Baseline TS v3,2026-09-15
2027-08-01,HOU,SNW,112321.44,154695.68,197069.92,-0.4,FP&A Baseline TS v3,2026-09-15
2027-09-01,HOU,SNW,157134.9,221092.55,285050.2,-0.4,FP&A Baseline TS v3,2026-09-15
2027-10-01,HOU,SNW,220015.9,316405.75,412795.6,-0.4,FP&A Baseline TS v3,2026-09-15
2027-11-01,HOU,SNW,284112.71,417812.81,551512.91,-0.4,FP&A Baseline TS v3,2026-09-15
2027-12-01,HOU,SNW,355170.98,534380.99,713590.99,-0.4,FP&A Baseline TS v3,2026-09-15
2026-09-01,HOU,SOC,770143.4,860456.96,950770.52,5.8,FP&A Baseline TS v3,2026-09-15
2026-10-01,HOU,SOC,698152.14,793643.31,889134.47,5.8,FP&A Baseline TS v3,2026-09-15
2026-11-01,HOU,SOC,760707.68,880122.74,999537.79,5.8,FP&A Baseline TS v3,2026-09-15
2026-12-01,HOU,SOC,790451.8,931082.5,1071713.2,5.8,FP&A Baseline TS v3,2026-09-15
2027-01-01,HOU,SOC,413070.83,495526.43,577982.03,5.8,FP&A Baseline TS v3,2026-09-15
2027-02-01,HOU,SOC,480261.98,586945.13,693628.27,5.8,FP&A Baseline TS v3,2026-09-15
2027-03-01,HOU,SOC,500088.48,622868.27,745648.07,5.8,FP&A Baseline TS v3,2026-09-15
2027-04-01,HOU,SOC,587851.28,746458.86,905066.44,5.8,FP&A Baseline TS v3,2026-09-15
2027-05-01,HOU,SOC,638292.7,826632.69,1014972.68,5.8,FP&A Baseline TS v3,2026-09-15
2027-06-01,HOU,SOC,728664.16,962822.62,1196981.09,5.8,FP&A Baseline TS v3,2026-09-15
2027-07-01,HOU,SOC,851807.37,1148855.43,1445903.48,5.8,FP&A Baseline TS v3,2026-09-15
2027-08-01,HOU,SOC,725563.54,999288.71,1273013.87,5.8,FP&A Baseline TS v3,2026-09-15
2027-09-01,HOU,SOC,647246.4,910691.13,1174135.85,5.8,FP&A Baseline TS v3,2026-09-15
2027-10-01,HOU,SOC,584086.29,839976.84,1095867.38,5.8,FP&A Baseline TS v3,2026-09-15
2027-11-01,HOU,SOC,633423.41,931505.01,1229586.61,5.8,FP&A Baseline TS v3,2026-09-15
2027-12-01,HOU,SOC,654962.74,985439.85,1315916.95,5.8,FP&A Baseline TS v3,2026-09-15
2026-09-01,HOU,TEN,221052.71,246975.23,272897.75,-0.1,FP&A Baseline TS v3,2026-09-15
2026-10-01,HOU,TEN,215380.14,244839.19,274298.24,-0.1,FP&A Baseline TS v3,2026-09-15
2026-11-01,HOU,TEN,218375.91,252656.32,286936.73,-0.1,FP&A Baseline TS v3,2026-09-15
2026-12-01,HOU,TEN,284112.76,334659.77,385206.78,-0.1,FP&A Baseline TS v3,2026-09-15
2027-01-01,HOU,TEN,205502.5,246524.12,287545.73,-0.1,FP&A Baseline TS v3,2026-09-15
2027-02-01,HOU,TEN,260782.14,318711.06,376639.98,-0.1,FP&A Baseline TS v3,2026-09-15
2027-03-01,HOU,TEN,275898.55,343636.1,411373.65,-0.1,FP&A Baseline TS v3,2026-09-15
2027-04-01,HOU,TEN,285867.42,362997.03,440126.64,-0.1,FP&A Baseline TS v3,2026-09-15
2027-05-01,HOU,TEN,279767.79,362318.42,444869.05,-0.1,FP&A Baseline TS v3,2026-09-15
2027-06-01,HOU,TEN,282582.3,373390.98,464199.67,-0.1,FP&A Baseline TS v3,2026-09-15
2027-07-01,HOU,TEN,247409.76,333688.17,419966.58,-0.1,FP&A Baseline TS v3,2026-09-15
2027-08-01,HOU,TEN,210519.5,289939.82,369360.13,-0.1,FP&A Baseline TS v3,2026-09-15
2027-09-01,HOU,TEN,175301.06,246652.78,318004.49,-0.1,FP&A Baseline TS v3,2026-09-15
2027-10-01,HOU,TEN,170029.1,244519.53,319009.95,-0.1,FP&A Baseline TS v3,2026-09-15
2027-11-01,HOU,TEN,171581.98,252326.45,333070.91,-0.1,FP&A Baseline TS v3,2026-09-15
2027-12-01,HOU,TEN,222137.86,334222.83,446307.8,-0.1,FP&A Baseline TS v3,2026-09-15
2026-09-01,HOU,VOL,291037.01,325166.48,359295.96,4.7,FP&A Baseline TS v3,2026-09-15
2026-10-01,HOU,VOL,236981.26,269394.84,301808.43,4.7,FP&A Baseline TS v3,2026-09-15
2026-11-01,HOU,VOL,243921.9,282212.49,320503.08,4.7,FP&A Baseline TS v3,2026-09-15
2026-12-01,HOU,VOL,256710.44,302382.25,348054.07,4.7,FP&A Baseline TS v3,2026-09-15
2027-01-01,HOU,VOL,136629.37,163902.79,191176.21,4.7,FP&A Baseline TS v3,2026-09-15
2027-02-01,HOU,VOL,155038.7,189478.27,223917.84,4.7,FP&A Baseline TS v3,2026-09-15
2027-03-01,HOU,VOL,165127.9,205669.47,246211.04,4.7,FP&A Baseline TS v3,2026-09-15
2027-04-01,HOU,VOL,184196.38,233894.23,283592.07,4.7,FP&A Baseline TS v3,2026-09-15
2027-05-01,HOU,VOL,234374.9,303531.53,372688.15,4.7,FP&A Baseline TS v3,2026-09-15
2027-06-01,HOU,VOL,249042.94,329073.65,409104.36,4.7,FP&A Baseline TS v3,2026-09-15
2027-07-01,HOU,VOL,258197.45,348237.83,438278.2,4.7,FP&A Baseline TS v3,2026-09-15
2027-08-01,HOU,VOL,256113.03,352733.9,449354.76,4.7,FP&A Baseline TS v3,2026-09-15
2027-09-01,HOU,VOL,242046.91,340565.78,439084.65,4.7,FP&A Baseline TS v3,2026-09-15
2027-10-01,HOU,VOL,196197.84,282152.9,368107.96,4.7,FP&A Baseline TS v3,2026-09-15
2027-11-01,HOU,VOL,200992.74,295577.56,390162.38,4.7,FP&A Baseline TS v3,2026-09-15
2027-12-01,HOU,VOL,210493.17,316702.53,422911.89,4.7,FP&A Baseline TS v3,2026-09-15
2026-09-01,JAX,BSB,18484.21,20651.83,22819.45,4.1,FP&A Baseline TS v3,2026-09-15
2026-10-01,JAX,BSB,20206.51,22970.29,25734.08,4.1,FP&A Baseline TS v3,2026-09-15
2026-11-01,JAX,BSB,29487.32,34116.21,38745.09,4.1,FP&A Baseline TS v3,2026-09-15
2026-12-01,JAX,BSB,43422.5,51147.87,58873.25,4.1,FP&A Baseline TS v3,2026-09-15
2027-01-01,JAX,BSB,32791.99,39337.8,45883.61,4.1,FP&A Baseline TS v3,2026-09-15
2027-02-01,JAX,BSB,45805.6,55980.64,66155.69,4.1,FP&A Baseline TS v3,2026-09-15
2027-03-01,JAX,BSB,41967.45,52271.13,62574.82,4.1,FP&A Baseline TS v3,2026-09-15
2027-04-01,JAX,BSB,32842.69,41703.94,50565.19,4.1,FP&A Baseline TS v3,2026-09-15
2027-05-01,JAX,BSB,33099.55,42866.18,52632.81,4.1,FP&A Baseline TS v3,2026-09-15
2027-06-01,JAX,BSB,23162.18,30605.42,38048.66,4.1,FP&A Baseline TS v3,2026-09-15
2027-07-01,JAX,BSB,16718.76,22549.04,28379.32,4.1,FP&A Baseline TS v3,2026-09-15
2027-08-01,JAX,BSB,14363.28,19781.95,25200.62,4.1,FP&A Baseline TS v3,2026-09-15
2027-09-01,JAX,BSB,15284.57,21505.75,27726.94,4.1,FP&A Baseline TS v3,2026-09-15
2027-10-01,JAX,BSB,16633.07,23920.08,31207.09,4.1,FP&A Baseline TS v3,2026-09-15
2027-11-01,JAX,BSB,24158.27,35526.86,46895.46,4.1,FP&A Baseline TS v3,2026-09-15
2027-12-01,JAX,BSB,35400.56,53262.77,71124.97,4.1,FP&A Baseline TS v3,2026-09-15
2026-09-01,JAX,BSK,23415.56,26161.47,28907.38,4.1,FP&A Baseline TS v3,2026-09-15
2026-10-01,JAX,BSK,26695.08,30346.36,33997.63,4.1,FP&A Baseline TS v3,2026-09-15
2026-11-01,JAX,BSK,30776.82,35608.13,40439.44,4.1,FP&A Baseline TS v3,2026-09-15
2026-12-01,JAX,BSK,37318.67,43958.1,50597.53,4.1,FP&A Baseline TS v3,2026-09-15
2027-01-01,JAX,BSK,16903.85,20278.13,23652.41,4.1,FP&A Baseline TS v3,2026-09-15
2027-02-01,JAX,BSK,16503.63,20169.67,23835.7,4.1,FP&A Baseline TS v3,2026-09-15
2027-03-01,JAX,BSK,15318.98,19080.03,22841.09,4.1,FP&A Baseline TS v3,2026-09-15
2027-04-01,JAX,BSK,16375.98,20794.37,25212.76,4.1,FP&A Baseline TS v3,2026-09-15
2027-05-01,JAX,BSK,17348.89,22468.0,27587.11,4.1,FP&A Baseline TS v3,2026-09-15
2027-06-01,JAX,BSK,15767.87,20834.92,25901.97,4.1,FP&A Baseline TS v3,2026-09-15
2027-07-01,JAX,BSK,15529.53,20945.1,26360.66,4.1,FP&A Baseline TS v3,2026-09-15
2027-08-01,JAX,BSK,18533.37,25525.25,32517.12,4.1,FP&A Baseline TS v3,2026-09-15
2027-09-01,JAX,BSK,19357.25,27236.11,35114.97,4.1,FP&A Baseline TS v3,2026-09-15
2027-10-01,JAX,BSK,21968.44,31592.9,41217.36,4.1,FP&A Baseline TS v3,2026-09-15
2027-11-01,JAX,BSK,25208.15,37070.81,48933.47,4.1,FP&A Baseline TS v3,2026-09-15
2027-12-01,JAX,BSK,30416.44,45763.77,61111.11,4.1,FP&A Baseline TS v3,2026-09-15
2026-09-01,JAX,CLM,6354.46,7099.64,7844.82,8.1,FP&A Baseline TS v3,2026-09-15
2026-10-01,JAX,CLM,6119.84,6956.9,7793.95,8.1,FP&A Baseline TS v3,2026-09-15
2026-11-01,JAX,CLM,8039.0,9300.95,10562.9,8.1,FP&A Baseline TS v3,2026-09-15
2026-12-01,JAX,CLM,10092.78,11888.41,13684.03,8.1,FP&A Baseline TS v3,2026-09-15
2027-01-01,JAX,CLM,6769.51,8120.81,9472.11,8.1,FP&A Baseline TS v3,2026-09-15
2027-02-01,JAX,CLM,7207.48,8808.52,10409.56,8.1,FP&A Baseline TS v3,2026-09-15
2027-03-01,JAX,CLM,5774.2,7191.86,8609.51,8.1,FP&A Baseline TS v3,2026-09-15
2027-04-01,JAX,CLM,5974.46,7586.43,9198.39,8.1,FP&A Baseline TS v3,2026-09-15
2027-05-01,JAX,CLM,5033.13,6518.25,8003.36,8.1,FP&A Baseline TS v3,2026-09-15
2027-06-01,JAX,CLM,5081.72,6714.75,8347.77,8.1,FP&A Baseline TS v3,2026-09-15
2027-07-01,JAX,CLM,4231.74,5707.46,7183.18,8.1,FP&A Baseline TS v3,2026-09-15
2027-08-01,JAX,CLM,6713.29,9245.94,11778.58,8.1,FP&A Baseline TS v3,2026-09-15
2027-09-01,JAX,CLM,5454.85,7675.1,9895.36,8.1,FP&A Baseline TS v3,2026-09-15
2027-10-01,JAX,CLM,5229.66,7520.79,9811.92,8.1,FP&A Baseline TS v3,2026-09-15
2027-11-01,JAX,CLM,6837.29,10054.84,13272.39,8.1,FP&A Baseline TS v3,2026-09-15
2027-12-01,JAX,CLM,8541.97,12852.03,17162.08,8.1,FP&A Baseline TS v3,2026-09-15
2026-09-01,JAX,CYC,21783.58,24338.11,26892.64,7.2,FP&A Baseline TS v3,2026-09-15
2026-10-01,JAX,CYC,20616.52,23436.38,26256.25,7.2,FP&A Baseline TS v3,2026-09-15
2026-11-01,JAX,CYC,23763.54,27493.91,31224.28,7.2,FP&A Baseline TS v3,2026-09-15
2026-12-01,JAX,CYC,31199.35,36750.08,42300.81,7.2,FP&A Baseline TS v3,2026-09-15
2027-01-01,JAX,CYC,20814.53,24969.45,29124.36,7.2,FP&A Baseline TS v3,2026-09-15
2027-02-01,JAX,CYC,28035.45,34263.11,40490.77,7.2,FP&A Baseline TS v3,2026-09-15
2027-03-01,JAX,CYC,28518.57,35520.34,42522.11,7.2,FP&A Baseline TS v3,2026-09-15
2027-04-01,JAX,CYC,36490.7,46336.22,56181.74,7.2,FP&A Baseline TS v3,2026-09-15
2027-05-01,JAX,CYC,34063.31,44114.32,54165.33,7.2,FP&A Baseline TS v3,2026-09-15
2027-06-01,JAX,CYC,33193.54,43860.39,54527.24,7.2,FP&A Baseline TS v3,2026-09-15
2027-07-01,JAX,CYC,24849.68,33515.43,42181.18,7.2,FP&A Baseline TS v3,2026-09-15
2027-08-01,JAX,CYC,24777.85,34125.51,43473.17,7.2,FP&A Baseline TS v3,2026-09-15
2027-09-01,JAX,CYC,18539.87,26086.04,33632.21,7.2,FP&A Baseline TS v3,2026-09-15
2027-10-01,JAX,CYC,17467.13,25119.55,32771.97,7.2,FP&A Baseline TS v3,2026-09-15
2027-11-01,JAX,CYC,20038.57,29468.49,38898.4,7.2,FP&A Baseline TS v3,2026-09-15
2027-12-01,JAX,CYC,26179.79,39389.42,52599.06,7.2,FP&A Baseline TS v3,2026-09-15
2026-09-01,JAX,FTB,15951.17,17821.74,19692.31,3.9,FP&A Baseline TS v3,2026-09-15
2026-10-01,JAX,FTB,16246.49,18468.63,20690.78,3.9,FP&A Baseline TS v3,2026-09-15
2026-11-01,JAX,FTB,12056.84,13949.51,15842.18,3.9,FP&A Baseline TS v3,2026-09-15
2026-12-01,JAX,FTB,11624.67,13692.84,15761.0,3.9,FP&A Baseline TS v3,2026-09-15
2027-01-01,JAX,FTB,5059.71,6069.71,7079.71,3.9,FP&A Baseline TS v3,2026-09-15
2027-02-01,JAX,FTB,5462.43,6675.82,7889.22,3.9,FP&A Baseline TS v3,2026-09-15
2027-03-01,JAX,FTB,7727.32,9624.5,11521.69,3.9,FP&A Baseline TS v3,2026-09-15
2027-04-01,JAX,FTB,7610.75,9664.21,11717.66,3.9,FP&A Baseline TS v3,2026-09-15
2027-05-01,JAX,FTB,12647.76,16379.72,20111.67,3.9,FP&A Baseline TS v3,2026-09-15
2027-06-01,JAX,FTB,14260.0,18842.49,23424.98,3.9,FP&A Baseline TS v3,2026-09-15
2027-07-01,JAX,FTB,17877.78,24112.23,30346.69,3.9,FP&A Baseline TS v3,2026-09-15
2027-08-01,JAX,FTB,15149.86,20865.28,26580.7,3.9,FP&A Baseline TS v3,2026-09-15
2027-09-01,JAX,FTB,13156.34,18511.28,23866.23,3.9,FP&A Baseline TS v3,2026-09-15
2027-10-01,JAX,FTB,13339.24,19183.21,25027.18,3.9,FP&A Baseline TS v3,2026-09-15
2027-11-01,JAX,FTB,9852.68,14489.24,19125.79,3.9,FP&A Baseline TS v3,2026-09-15
2027-12-01,JAX,FTB,9452.93,14222.63,18992.33,3.9,FP&A Baseline TS v3,2026-09-15
2026-09-01,JAX,GLF,27878.49,31147.76,34417.02,-0.1,FP&A Baseline TS v3,2026-09-15
2026-10-01,JAX,GLF,22234.97,25276.2,28317.44,-0.1,FP&A Baseline TS v3,2026-09-15
2026-11-01,JAX,GLF,28446.37,32911.85,37377.33,-0.1,FP&A Baseline TS v3,2026-09-15
2026-12-01,JAX,GLF,37507.97,44181.09,50854.2,-0.1,FP&A Baseline TS v3,2026-09-15
2027-01-01,JAX,GLF,25809.41,30961.39,36113.37,-0.1,FP&A Baseline TS v3,2026-09-15
2027-02-01,JAX,GLF,34476.47,42134.91,49793.35,-0.1,FP&A Baseline TS v3,2026-09-15
2027-03-01,JAX,GLF,38821.45,48352.74,57884.03,-0.1,FP&A Baseline TS v3,2026-09-15
2027-04-01,JAX,GLF,40060.82,50869.59,61678.35,-0.1,FP&A Baseline TS v3,2026-09-15
2027-05-01,JAX,GLF,43030.33,55727.22,68424.11,-0.1,FP&A Baseline TS v3,2026-09-15
2027-06-01,JAX,GLF,36579.75,48334.77,60089.79,-0.1,FP&A Baseline TS v3,2026-09-15
2027-07-01,JAX,GLF,38148.48,51451.88,64755.28,-0.1,FP&A Baseline TS v3,2026-09-15
2027-08-01,JAX,GLF,29747.65,40970.22,52192.78,-0.1,FP&A Baseline TS v3,2026-09-15
2027-09-01,JAX,GLF,22116.69,31118.71,40120.73,-0.1,FP&A Baseline TS v3,2026-09-15
2027-10-01,JAX,GLF,17559.67,25252.63,32945.6,-0.1,FP&A Baseline TS v3,2026-09-15
2027-11-01,JAX,GLF,22359.19,32881.16,43403.13,-0.1,FP&A Baseline TS v3,2026-09-15
2027-12-01,JAX,GLF,29337.13,44139.89,58942.64,-0.1,FP&A Baseline TS v3,2026-09-15
2026-09-01,JAX,HKY,5202.87,5813.01,6423.14,5.3,FP&A Baseline TS v3,2026-09-15
2026-10-01,JAX,HKY,5511.19,6264.99,7018.79,5.3,FP&A Baseline TS v3,2026-09-15
2026-11-01,JAX,HKY,5437.39,6290.94,7144.5,5.3,FP&A Baseline TS v3,2026-09-15
2026-12-01,JAX,HKY,5829.81,6867.0,7904.19,5.3,FP&A Baseline TS v3,2026-09-15
2027-01-01,JAX,HKY,2830.22,3395.18,3960.14,5.3,FP&A Baseline TS v3,2026-09-15
2027-02-01,JAX,HKY,2223.52,2717.44,3211.36,5.3,FP&A Baseline TS v3,2026-09-15
2027-03-01,JAX,HKY,1874.51,2334.74,2794.96,5.3,FP&A Baseline TS v3,2026-09-15
2027-04-01,JAX,HKY,1724.22,2189.44,2654.65,5.3,FP&A Baseline TS v3,2026-09-15
2027-05-01,JAX,HKY,2364.07,3061.64,3759.2,5.3,FP&A Baseline TS v3,2026-09-15
2027-06-01,JAX,HKY,2753.25,3638.02,4522.78,5.3,FP&A Baseline TS v3,2026-09-15
2027-07-01,JAX,HKY,3529.11,4759.8,5990.5,5.3,FP&A Baseline TS v3,2026-09-15
2027-08-01,JAX,HKY,4414.41,6079.78,7745.16,5.3,FP&A Baseline TS v3,2026-09-15
2027-09-01,JAX,HKY,4351.22,6122.27,7893.32,5.3,FP&A Baseline TS v3,2026-09-15
2027-10-01,JAX,HKY,4588.2,6598.31,8608.41,5.3,FP&A Baseline TS v3,2026-09-15
2027-11-01,JAX,HKY,4505.43,6625.64,8745.84,5.3,FP&A Baseline TS v3,2026-09-15
2027-12-01,JAX,HKY,4806.9,7232.34,9657.78,5.3,FP&A Baseline TS v3,2026-09-15
2026-09-01,JAX,LAX,4876.81,5448.71,6020.61,4.9,FP&A Baseline TS v3,2026-09-15
2026-10-01,JAX,LAX,6635.17,7542.7,8450.24,4.9,FP&A Baseline TS v3,2026-09-15
2026-11-01,JAX,LAX,9295.93,10755.19,12214.46,4.9,FP&A Baseline TS v3,2026-09-15
2026-12-01,JAX,LAX,13528.76,15935.68,18342.61,4.9,FP&A Baseline TS v3,2026-09-15
2027-01-01,JAX,LAX,9533.82,11436.92,13340.03,4.9,FP&A Baseline TS v3,2026-09-15
2027-02-01,JAX,LAX,10377.78,12683.05,14988.32,4.9,FP&A Baseline TS v3,2026-09-15
2027-03-01,JAX,LAX,9492.61,11823.2,14153.79,4.9,FP&A Baseline TS v3,2026-09-15
2027-04-01,JAX,LAX,8095.03,10279.14,12463.26,4.9,FP&A Baseline TS v3,2026-09-15
2027-05-01,JAX,LAX,6194.11,8021.79,9849.48,4.9,FP&A Baseline TS v3,2026-09-15
2027-06-01,JAX,LAX,4878.2,6445.83,8013.46,4.9,FP&A Baseline TS v3,2026-09-15
2027-07-01,JAX,LAX,3269.75,4410.0,5550.26,4.9,FP&A Baseline TS v3,2026-09-15
2027-08-01,JAX,LAX,3659.07,5039.49,6419.91,4.9,FP&A Baseline TS v3,2026-09-15
2027-09-01,JAX,LAX,4062.42,5715.92,7369.43,4.9,FP&A Baseline TS v3,2026-09-15
2027-10-01,JAX,LAX,5502.11,7912.61,10323.11,4.9,FP&A Baseline TS v3,2026-09-15
2027-11-01,JAX,LAX,7672.2,11282.65,14893.1,4.9,FP&A Baseline TS v3,2026-09-15
2027-12-01,JAX,LAX,11110.92,16717.2,22323.48,4.9,FP&A Baseline TS v3,2026-09-15
2026-09-01,JAX,PKB,32068.24,35828.83,39589.42,14.9,FP&A Baseline TS v3,2026-09-15
2026-10-01,JAX,PKB,28794.68,32733.13,36671.58,14.9,FP&A Baseline TS v3,2026-09-15
2026-11-01,JAX,PKB,37544.22,43437.87,49331.53,14.9,FP&A Baseline TS v3,2026-09-15
2026-12-01,JAX,PKB,46571.96,54857.66,63143.36,14.9,FP&A Baseline TS v3,2026-09-15
2027-01-01,JAX,PKB,30730.06,36864.28,42998.5,14.9,FP&A Baseline TS v3,2026-09-15
2027-02-01,JAX,PKB,45219.46,55264.3,65309.14,14.9,FP&A Baseline TS v3,2026-09-15
2027-03-01,JAX,PKB,40307.27,50203.35,60099.44,14.9,FP&A Baseline TS v3,2026-09-15
2027-04-01,JAX,PKB,37760.8,47949.01,58137.22,14.9,FP&A Baseline TS v3,2026-09-15
2027-05-01,JAX,PKB,40406.51,52329.19,64251.88,14.9,FP&A Baseline TS v3,2026-09-15
2027-06-01,JAX,PKB,36666.71,48449.66,60232.62,14.9,FP&A Baseline TS v3,2026-09-15
2027-07-01,JAX,PKB,32948.64,44438.71,55928.78,14.9,FP&A Baseline TS v3,2026-09-15
2027-08-01,JAX,PKB,30484.6,41985.18,53485.77,14.9,FP&A Baseline TS v3,2026-09-15
2027-09-01,JAX,PKB,29261.86,41172.14,53082.41,14.9,FP&A Baseline TS v3,2026-09-15
2027-10-01,JAX,PKB,26155.8,37614.76,49073.73,14.9,FP&A Baseline TS v3,2026-09-15
2027-11-01,JAX,PKB,33942.85,49915.95,65889.05,14.9,FP&A Baseline TS v3,2026-09-15
2027-12-01,JAX,PKB,41898.12,63038.82,84179.51,14.9,FP&A Baseline TS v3,2026-09-15
2026-09-01,JAX,RUN,47299.24,52845.96,58392.67,2.8,FP&A Baseline TS v3,2026-09-15
2026-10-01,JAX,RUN,47268.69,53733.96,60199.23,2.8,FP&A Baseline TS v3,2026-09-15
2026-11-01,JAX,RUN,51951.03,60106.24,68261.46,2.8,FP&A Baseline TS v3,2026-09-15
2026-12-01,JAX,RUN,73336.01,86383.36,99430.7,2.8,FP&A Baseline TS v3,2026-09-15
2027-01-01,JAX,RUN,49414.35,59278.25,69142.15,2.8,FP&A Baseline TS v3,2026-09-15
2027-02-01,JAX,RUN,49056.14,59953.24,70850.34,2.8,FP&A Baseline TS v3,2026-09-15
2027-03-01,JAX,RUN,64019.78,79737.67,95455.56,2.8,FP&A Baseline TS v3,2026-09-15
2027-04-01,JAX,RUN,60565.46,76906.56,93247.67,2.8,FP&A Baseline TS v3,2026-09-15
2027-05-01,JAX,RUN,55417.07,71768.89,88120.71,2.8,FP&A Baseline TS v3,2026-09-15
2027-06-01,JAX,RUN,56760.5,75000.66,93240.82,2.8,FP&A Baseline TS v3,2026-09-15
2027-07-01,JAX,RUN,49184.8,66336.86,83488.92,2.8,FP&A Baseline TS v3,2026-09-15
2027-08-01,JAX,RUN,45577.72,62772.32,79966.91,2.8,FP&A Baseline TS v3,2026-09-15
2027-09-01,JAX,RUN,38619.1,54337.99,70056.88,2.8,FP&A Baseline TS v3,2026-09-15
2027-10-01,JAX,RUN,38419.38,55251.07,72082.75,2.8,FP&A Baseline TS v3,2026-09-15
2027-11-01,JAX,RUN,42026.22,61803.26,81580.3,2.8,FP&A Baseline TS v3,2026-09-15
2027-12-01,JAX,RUN,59034.84,88822.27,118609.71,2.8,FP&A Baseline TS v3,2026-09-15
2026-09-01,JAX,SNW,8553.96,9557.07,10560.18,6.4,FP&A Baseline TS v3,2026-09-15
2026-10-01,JAX,SNW,11290.95,12835.3,14379.64,6.4,FP&A Baseline TS v3,2026-09-15
2026-11-01,JAX,SNW,14178.55,16404.29,18630.02,6.4,FP&A Baseline TS v3,2026-09-15
2026-12-01,JAX,SNW,20603.51,24269.12,27934.72,6.4,FP&A Baseline TS v3,2026-09-15
2027-01-01,JAX,SNW,10524.99,12625.95,14726.91,6.4,FP&A Baseline TS v3,2026-09-15
2027-02-01,JAX,SNW,9164.53,11200.29,13236.06,6.4,FP&A Baseline TS v3,2026-09-15
2027-03-01,JAX,SNW,4884.21,6083.36,7282.51,6.4,FP&A Baseline TS v3,2026-09-15
2027-04-01,JAX,SNW,2611.07,3315.56,4020.05,6.4,FP&A Baseline TS v3,2026-09-15
2027-05-01,JAX,SNW,1204.41,1559.79,1915.17,6.4,FP&A Baseline TS v3,2026-09-15
2027-06-01,JAX,SNW,1169.46,1545.27,1921.09,6.4,FP&A Baseline TS v3,2026-09-15
2027-07-01,JAX,SNW,2470.18,3331.59,4193.01,6.4,FP&A Baseline TS v3,2026-09-15
2027-08-01,JAX,SNW,4733.78,6519.64,8305.5,6.4,FP&A Baseline TS v3,2026-09-15
2027-09-01,JAX,SNW,7229.39,10171.92,13114.45,6.4,FP&A Baseline TS v3,2026-09-15
2027-10-01,JAX,SNW,9499.35,13661.05,17822.75,6.4,FP&A Baseline TS v3,2026-09-15
2027-11-01,JAX,SNW,11872.56,17459.65,23046.74,6.4,FP&A Baseline TS v3,2026-09-15
2027-12-01,JAX,SNW,17167.96,25830.46,34492.96,6.4,FP&A Baseline TS v3,2026-09-15
2026-09-01,JAX,SOC,36172.54,40414.44,44656.34,5.3,FP&A Baseline TS v3,2026-09-15
2026-10-01,JAX,SOC,35762.89,40654.43,45545.97,5.3,FP&A Baseline TS v3,2026-09-15
2026-11-01,JAX,SOC,33012.9,38195.23,43377.56,5.3,FP&A Baseline TS v3,2026-09-15
2026-12-01,JAX,SOC,31827.02,37489.42,43151.83,5.3,FP&A Baseline TS v3,2026-09-15
2027-01-01,JAX,SOC,18067.87,21674.51,25281.15,5.3,FP&A Baseline TS v3,2026-09-15
2027-02-01,JAX,SOC,22561.21,27572.85,32584.49,5.3,FP&A Baseline TS v3,2026-09-15
2027-03-01,JAX,SOC,19794.5,24654.37,29514.23,5.3,FP&A Baseline TS v3,2026-09-15
2027-04-01,JAX,SOC,24345.37,30913.97,37482.57,5.3,FP&A Baseline TS v3,2026-09-15
2027-05-01,JAX,SOC,25507.74,33034.26,40560.79,5.3,FP&A Baseline TS v3,2026-09-15
2027-06-01,JAX,SOC,32951.84,43541.02,54130.19,5.3,FP&A Baseline TS v3,2026-09-15
2027-07-01,JAX,SOC,39546.29,53337.14,67127.98,5.3,FP&A Baseline TS v3,2026-09-15
2027-08-01,JAX,SOC,27550.23,37943.8,48337.36,5.3,FP&A Baseline TS v3,2026-09-15
2027-09-01,JAX,SOC,30243.84,42553.8,54863.76,5.3,FP&A Baseline TS v3,2026-09-15
2027-10-01,JAX,SOC,29765.93,42806.5,55847.07,5.3,FP&A Baseline TS v3,2026-09-15
2027-11-01,JAX,SOC,27347.64,40217.11,53086.59,5.3,FP&A Baseline TS v3,2026-09-15
2027-12-01,JAX,SOC,26235.97,39473.95,52711.93,5.3,FP&A Baseline TS v3,2026-09-15
2026-09-01,JAX,TEN,10732.89,11991.52,13250.15,4.3,FP&A Baseline TS v3,2026-09-15
2026-10-01,JAX,TEN,10381.17,11801.07,13220.98,4.3,FP&A Baseline TS v3,2026-09-15
2026-11-01,JAX,TEN,11226.21,12988.49,14750.77,4.3,FP&A Baseline TS v3,2026-09-15
2026-12-01,JAX,TEN,12213.33,14386.22,16559.12,4.3,FP&A Baseline TS v3,2026-09-15
2027-01-01,JAX,TEN,9113.88,10933.16,12752.44,4.3,FP&A Baseline TS v3,2026-09-15
2027-02-01,JAX,TEN,11301.4,13811.84,16322.27,4.3,FP&A Baseline TS v3,2026-09-15
2027-03-01,JAX,TEN,14584.45,18165.17,21745.89,4.3,FP&A Baseline TS v3,2026-09-15
2027-04-01,JAX,TEN,14911.88,18935.23,22958.59,4.3,FP&A Baseline TS v3,2026-09-15
2027-05-01,JAX,TEN,14460.84,18727.77,22994.71,4.3,FP&A Baseline TS v3,2026-09-15
2027-06-01,JAX,TEN,12833.62,16957.74,21081.86,4.3,FP&A Baseline TS v3,2026-09-15
2027-07-01,JAX,TEN,10248.64,13822.61,17396.59,4.3,FP&A Baseline TS v3,2026-09-15
2027-08-01,JAX,TEN,9211.03,12685.97,16160.92,4.3,FP&A Baseline TS v3,2026-09-15
2027-09-01,JAX,TEN,8885.95,12502.74,16119.54,4.3,FP&A Baseline TS v3,2026-09-15
2027-10-01,JAX,TEN,8555.83,12304.17,16052.52,4.3,FP&A Baseline TS v3,2026-09-15
2027-11-01,JAX,TEN,9208.7,13542.21,17875.72,4.3,FP&A Baseline TS v3,2026-09-15
2027-12-01,JAX,TEN,9969.29,14999.53,20029.77,4.3,FP&A Baseline TS v3,2026-09-15
2026-09-01,JAX,VOL,10109.36,11294.87,12480.38,10.2,FP&A Baseline TS v3,2026-09-15
2026-10-01,JAX,VOL,9226.07,10487.99,11749.9,10.2,FP&A Baseline TS v3,2026-09-15
2026-11-01,JAX,VOL,9633.58,11145.85,12658.12,10.2,FP&A Baseline TS v3,2026-09-15
2026-12-01,JAX,VOL,9720.33,11449.7,13179.06,10.2,FP&A Baseline TS v3,2026-09-15
2027-01-01,JAX,VOL,5582.51,6696.87,7811.23,10.2,FP&A Baseline TS v3,2026-09-15
2027-02-01,JAX,VOL,5605.35,6850.5,8095.64,10.2,FP&A Baseline TS v3,2026-09-15
2027-03-01,JAX,VOL,6964.15,8673.96,10383.77,10.2,FP&A Baseline TS v3,2026-09-15
2027-04-01,JAX,VOL,9642.73,12244.43,14846.12,10.2,FP&A Baseline TS v3,2026-09-15
2027-05-01,JAX,VOL,9029.87,11694.3,14358.73,10.2,FP&A Baseline TS v3,2026-09-15
2027-06-01,JAX,VOL,10457.69,13818.3,17178.92,10.2,FP&A Baseline TS v3,2026-09-15
2027-07-01,JAX,VOL,10225.17,13790.96,17356.75,10.2,FP&A Baseline TS v3,2026-09-15
2027-08-01,JAX,VOL,9313.27,12826.78,16340.3,10.2,FP&A Baseline TS v3,2026-09-15
2027-09-01,JAX,VOL,8846.25,12446.88,16047.52,10.2,FP&A Baseline TS v3,2026-09-15
2027-10-01,JAX,VOL,8036.77,11557.71,15078.65,10.2,FP&A Baseline TS v3,2026-09-15
2027-11-01,JAX,VOL,8352.21,12282.67,16213.12,10.2,FP&A Baseline TS v3,2026-09-15
2027-12-01,JAX,VOL,8386.1,12617.5,16848.91,10.2,FP&A Baseline TS v3,2026-09-15
2026-09-01,LAS,BSB,19019.81,21250.24,23480.66,3.0,FP&A Baseline TS v3,2026-09-15
2026-10-01,LAS,BSB,22775.81,25891.01,29006.22,3.0,FP&A Baseline TS v3,2026-09-15
2026-11-01,LAS,BSB,35069.74,40574.95,46080.16,3.0,FP&A Baseline TS v3,2026-09-15
2026-12-01,LAS,BSB,48409.5,57022.13,65634.75,3.0,FP&A Baseline TS v3,2026-09-15
2027-01-01,LAS,BSB,40045.4,48039.11,56032.81,3.0,FP&A Baseline TS v3,2026-09-15
2027-02-01,LAS,BSB,43549.72,53223.64,62897.57,3.0,FP&A Baseline TS v3,2026-09-15
2027-03-01,LAS,BSB,42300.64,52686.13,63071.62,3.0,FP&A Baseline TS v3,2026-09-15
2027-04-01,LAS,BSB,43393.62,55101.62,66809.61,3.0,FP&A Baseline TS v3,2026-09-15
2027-05-01,LAS,BSB,38638.83,50039.92,61441.02,3.0,FP&A Baseline TS v3,2026-09-15
2027-06-01,LAS,BSB,24826.8,32804.97,40783.14,3.0,FP&A Baseline TS v3,2026-09-15
2027-07-01,LAS,BSB,24043.84,32428.58,40813.31,3.0,FP&A Baseline TS v3,2026-09-15
2027-08-01,LAS,BSB,18372.92,25304.26,32235.6,3.0,FP&A Baseline TS v3,2026-09-15
2027-09-01,LAS,BSB,15555.81,21887.4,28218.99,3.0,FP&A Baseline TS v3,2026-09-15
2027-10-01,LAS,BSB,18543.39,26667.33,34791.26,3.0,FP&A Baseline TS v3,2026-09-15
2027-11-01,LAS,BSB,28418.25,41791.55,55164.85,3.0,FP&A Baseline TS v3,2026-09-15
2027-12-01,LAS,BSB,39035.55,58731.87,78428.19,3.0,FP&A Baseline TS v3,2026-09-15
2026-09-01,LAS,BSK,30371.4,33933.01,37494.62,3.4,FP&A Baseline TS v3,2026-09-15
2026-10-01,LAS,BSK,28161.99,32013.9,35865.82,3.4,FP&A Baseline TS v3,2026-09-15
2026-11-01,LAS,BSK,41442.04,47947.57,54453.09,3.4,FP&A Baseline TS v3,2026-09-15
2026-12-01,LAS,BSK,39064.52,46014.56,52964.59,3.4,FP&A Baseline TS v3,2026-09-15
2027-01-01,LAS,BSK,21408.01,25681.39,29954.77,3.4,FP&A Baseline TS v3,2026-09-15
2027-02-01,LAS,BSK,24699.4,30186.01,35672.62,3.4,FP&A Baseline TS v3,2026-09-15
2027-03-01,LAS,BSK,21356.3,26599.62,31842.94,3.4,FP&A Baseline TS v3,2026-09-15
2027-04-01,LAS,BSK,20032.56,25437.52,30842.49,3.4,FP&A Baseline TS v3,2026-09-15
2027-05-01,LAS,BSK,19888.52,25756.99,31625.46,3.4,FP&A Baseline TS v3,2026-09-15
2027-06-01,LAS,BSK,19777.93,26133.62,32489.32,3.4,FP&A Baseline TS v3,2026-09-15
2027-07-01,LAS,BSK,24831.09,33490.36,42149.62,3.4,FP&A Baseline TS v3,2026-09-15
2027-08-01,LAS,BSK,25778.29,35503.38,45228.47,3.4,FP&A Baseline TS v3,2026-09-15
2027-09-01,LAS,BSK,24926.22,35071.78,45217.35,3.4,FP&A Baseline TS v3,2026-09-15
2027-10-01,LAS,BSK,23008.26,33088.27,43168.28,3.4,FP&A Baseline TS v3,2026-09-15
2027-11-01,LAS,BSK,33698.53,49556.66,65414.79,3.4,FP&A Baseline TS v3,2026-09-15
2027-12-01,LAS,BSK,31609.46,47558.78,63508.09,3.4,FP&A Baseline TS v3,2026-09-15
2026-09-01,LAS,CLM,7556.26,8442.38,9328.49,7.7,FP&A Baseline TS v3,2026-09-15
2026-10-01,LAS,CLM,7862.87,8938.33,10013.79,7.7,FP&A Baseline TS v3,2026-09-15
2026-11-01,LAS,CLM,8594.19,9943.3,11292.41,7.7,FP&A Baseline TS v3,2026-09-15
2026-12-01,LAS,CLM,12241.09,14418.92,16596.76,7.7,FP&A Baseline TS v3,2026-09-15
2027-01-01,LAS,CLM,6652.57,7980.53,9308.5,7.7,FP&A Baseline TS v3,2026-09-15
2027-02-01,LAS,CLM,7731.36,9448.77,11166.17,7.7,FP&A Baseline TS v3,2026-09-15
2027-03-01,LAS,CLM,7437.35,9263.35,11089.34,7.7,FP&A Baseline TS v3,2026-09-15
2027-04-01,LAS,CLM,6992.9,8879.65,10766.4,7.7,FP&A Baseline TS v3,2026-09-15
2027-05-01,LAS,CLM,6423.44,8318.79,10214.14,7.7,FP&A Baseline TS v3,2026-09-15
2027-06-01,LAS,CLM,6106.97,8069.46,10031.96,7.7,FP&A Baseline TS v3,2026-09-15
2027-07-01,LAS,CLM,6652.82,8972.83,11292.85,7.7,FP&A Baseline TS v3,2026-09-15
2027-08-01,LAS,CLM,5788.85,7972.74,10156.63,7.7,FP&A Baseline TS v3,2026-09-15
2027-09-01,LAS,CLM,6465.07,9096.5,11727.94,7.7,FP&A Baseline TS v3,2026-09-15
2027-10-01,LAS,CLM,6696.93,9630.89,12564.84,7.7,FP&A Baseline TS v3,2026-09-15
2027-11-01,LAS,CLM,7285.33,10713.72,14142.11,7.7,FP&A Baseline TS v3,2026-09-15
2027-12-01,LAS,CLM,10325.93,15536.12,20746.32,7.7,FP&A Baseline TS v3,2026-09-15
2026-09-01,LAS,CYC,25648.43,28656.18,31663.93,2.0,FP&A Baseline TS v3,2026-09-15
2026-10-01,LAS,CYC,21068.89,23950.63,26832.37,2.0,FP&A Baseline TS v3,2026-09-15
2026-11-01,LAS,CYC,24555.68,28410.41,32265.13,2.0,FP&A Baseline TS v3,2026-09-15
2026-12-01,LAS,CYC,33987.65,40034.45,46081.26,2.0,FP&A Baseline TS v3,2026-09-15
2027-01-01,LAS,CYC,27008.58,32399.92,37791.27,2.0,FP&A Baseline TS v3,2026-09-15
2027-02-01,LAS,CYC,34214.56,41814.83,49415.09,2.0,FP&A Baseline TS v3,2026-09-15
2027-03-01,LAS,CYC,39524.62,49228.55,58932.48,2.0,FP&A Baseline TS v3,2026-09-15
2027-04-01,LAS,CYC,40029.39,50829.68,61629.97,2.0,FP&A Baseline TS v3,2026-09-15
2027-05-01,LAS,CYC,41086.07,53209.27,65332.46,2.0,FP&A Baseline TS v3,2026-09-15
2027-06-01,LAS,CYC,38030.19,50251.3,62472.42,2.0,FP&A Baseline TS v3,2026-09-15
2027-07-01,LAS,CYC,31632.28,42663.3,53694.32,2.0,FP&A Baseline TS v3,2026-09-15
2027-08-01,LAS,CYC,24164.89,33281.31,42397.72,2.0,FP&A Baseline TS v3,2026-09-15
2027-09-01,LAS,CYC,20782.74,29241.82,37700.89,2.0,FP&A Baseline TS v3,2026-09-15
2027-10-01,LAS,CYC,16994.67,24440.1,31885.54,2.0,FP&A Baseline TS v3,2026-09-15
2027-11-01,LAS,CYC,19713.9,28991.02,38268.15,2.0,FP&A Baseline TS v3,2026-09-15
2027-12-01,LAS,CYC,27152.29,40852.62,54552.96,2.0,FP&A Baseline TS v3,2026-09-15
2026-09-01,LAS,FTB,13589.68,15183.33,16776.97,1.0,FP&A Baseline TS v3,2026-09-15
2026-10-01,LAS,FTB,12498.05,14207.5,15916.95,1.0,FP&A Baseline TS v3,2026-09-15
2026-11-01,LAS,FTB,10212.13,11815.22,13418.31,1.0,FP&A Baseline TS v3,2026-09-15
2026-12-01,LAS,FTB,8705.76,10254.62,11803.48,1.0,FP&A Baseline TS v3,2026-09-15
2027-01-01,LAS,FTB,4280.54,5135.01,5989.47,1.0,FP&A Baseline TS v3,2026-09-15
2027-02-01,LAS,FTB,4671.73,5709.48,6747.24,1.0,FP&A Baseline TS v3,2026-09-15
2027-03-01,LAS,FTB,5710.63,7112.69,8514.74,1.0,FP&A Baseline TS v3,2026-09-15
2027-04-01,LAS,FTB,7444.7,9453.35,11462.0,1.0,FP&A Baseline TS v3,2026-09-15
2027-05-01,LAS,FTB,10191.44,13198.61,16205.78,1.0,FP&A Baseline TS v3,2026-09-15
2027-06-01,LAS,FTB,13609.77,17983.3,22356.84,1.0,FP&A Baseline TS v3,2026-09-15
2027-07-01,LAS,FTB,14150.21,19084.77,24019.33,1.0,FP&A Baseline TS v3,2026-09-15
2027-08-01,LAS,FTB,14292.05,19683.86,25075.66,1.0,FP&A Baseline TS v3,2026-09-15
2027-09-01,LAS,FTB,10901.06,15338.05,19775.04,1.0,FP&A Baseline TS v3,2026-09-15
2027-10-01,LAS,FTB,9980.0,14352.28,18724.55,1.0,FP&A Baseline TS v3,2026-09-15
2027-11-01,LAS,FTB,8116.22,11935.62,15755.02,1.0,FP&A Baseline TS v3,2026-09-15
2027-12-01,LAS,FTB,6885.08,10359.12,13833.15,1.0,FP&A Baseline TS v3,2026-09-15
2026-09-01,LAS,GLF,41306.18,46150.09,50994.0,3.1,FP&A Baseline TS v3,2026-09-15
2026-10-01,LAS,GLF,32773.36,37256.0,41738.65,3.1,FP&A Baseline TS v3,2026-09-15
2026-11-01,LAS,GLF,42683.02,49383.36,56083.69,3.1,FP&A Baseline TS v3,2026-09-15
2026-12-01,LAS,GLF,54656.35,64380.36,74104.37,3.1,FP&A Baseline TS v3,2026-09-15
2027-01-01,LAS,GLF,38802.63,46548.26,54293.89,3.1,FP&A Baseline TS v3,2026-09-15
2027-02-01,LAS,GLF,56935.38,69582.74,82230.09,3.1,FP&A Baseline TS v3,2026-09-15
2027-03-01,LAS,GLF,65333.63,81374.09,97414.55,3.1,FP&A Baseline TS v3,2026-09-15
2027-04-01,LAS,GLF,72292.75,91797.99,111303.23,3.1,FP&A Baseline TS v3,2026-09-15
2027-05-01,LAS,GLF,63729.14,82533.59,101338.04,3.1,FP&A Baseline TS v3,2026-09-15
2027-06-01,LAS,GLF,58681.7,77539.24,96396.78,3.1,FP&A Baseline TS v3,2026-09-15
2027-07-01,LAS,GLF,46544.05,62775.2,79006.36,3.1,FP&A Baseline TS v3,2026-09-15
2027-08-01,LAS,GLF,35731.31,49211.25,62691.2,3.1,FP&A Baseline TS v3,2026-09-15
2027-09-01,LAS,GLF,33807.17,47567.49,61327.82,3.1,FP&A Baseline TS v3,2026-09-15
2027-10-01,LAS,GLF,26701.99,38400.25,50098.5,3.1,FP&A Baseline TS v3,2026-09-15
2027-11-01,LAS,GLF,34612.04,50900.06,67188.08,3.1,FP&A Baseline TS v3,2026-09-15
2027-12-01,LAS,GLF,44103.96,66357.67,88611.38,3.1,FP&A Baseline TS v3,2026-09-15
2026-09-01,LAS,HKY,8097.91,9047.54,9997.17,6.7,FP&A Baseline TS v3,2026-09-15
2026-10-01,LAS,HKY,8453.66,9609.92,10766.19,6.7,FP&A Baseline TS v3,2026-09-15
2026-11-01,LAS,HKY,9211.1,10657.05,12103.0,6.7,FP&A Baseline TS v3,2026-09-15
2026-12-01,LAS,HKY,7668.76,9033.12,10397.48,6.7,FP&A Baseline TS v3,2026-09-15
2027-01-01,LAS,HKY,4211.65,5052.37,5893.08,6.7,FP&A Baseline TS v3,2026-09-15
2027-02-01,LAS,HKY,3905.19,4772.67,5640.15,6.7,FP&A Baseline TS v3,2026-09-15
2027-03-01,LAS,HKY,3060.42,3811.8,4563.18,6.7,FP&A Baseline TS v3,2026-09-15
2027-04-01,LAS,HKY,3021.7,3836.99,4652.27,6.7,FP&A Baseline TS v3,2026-09-15
2027-05-01,LAS,HKY,3992.57,5170.65,6348.73,6.7,FP&A Baseline TS v3,2026-09-15
2027-06-01,LAS,HKY,4516.9,5968.41,7419.93,6.7,FP&A Baseline TS v3,2026-09-15
2027-07-01,LAS,HKY,6873.17,9270.03,11666.89,6.7,FP&A Baseline TS v3,2026-09-15
2027-08-01,LAS,HKY,6922.58,9534.19,12145.79,6.7,FP&A Baseline TS v3,2026-09-15
2027-09-01,LAS,HKY,6863.46,9657.06,12450.65,6.7,FP&A Baseline TS v3,2026-09-15
2027-10-01,LAS,HKY,7132.54,10257.33,13382.12,6.7,FP&A Baseline TS v3,2026-09-15
2027-11-01,LAS,HKY,7735.0,11374.99,15014.99,6.7,FP&A Baseline TS v3,2026-09-15
2027-12-01,LAS,HKY,6408.23,9641.66,12875.09,6.7,FP&A Baseline TS v3,2026-09-15
2026-09-01,LAS,LAX,3107.85,3472.31,3836.76,2.7,FP&A Baseline TS v3,2026-09-15
2026-10-01,LAS,LAX,4189.61,4762.66,5335.7,2.7,FP&A Baseline TS v3,2026-09-15
2026-11-01,LAS,LAX,5659.75,6548.21,7436.68,2.7,FP&A Baseline TS v3,2026-09-15
2026-12-01,LAS,LAX,8220.2,9682.67,11145.14,2.7,FP&A Baseline TS v3,2026-09-15
2027-01-01,LAS,LAX,5406.94,6486.25,7565.56,2.7,FP&A Baseline TS v3,2026-09-15
2027-02-01,LAS,LAX,6603.6,8070.49,9537.38,2.7,FP&A Baseline TS v3,2026-09-15
2027-03-01,LAS,LAX,6314.92,7865.34,9415.75,2.7,FP&A Baseline TS v3,2026-09-15
2027-04-01,LAS,LAX,4806.12,6102.85,7399.59,2.7,FP&A Baseline TS v3,2026-09-15
2027-05-01,LAS,LAX,3330.63,4313.39,5296.16,2.7,FP&A Baseline TS v3,2026-09-15
2027-06-01,LAS,LAX,2798.7,3698.07,4597.44,2.7,FP&A Baseline TS v3,2026-09-15
2027-07-01,LAS,LAX,2515.43,3392.63,4269.83,2.7,FP&A Baseline TS v3,2026-09-15
2027-08-01,LAS,LAX,2101.26,2893.98,3686.7,2.7,FP&A Baseline TS v3,2026-09-15
2027-09-01,LAS,LAX,2534.17,3565.64,4597.11,2.7,FP&A Baseline TS v3,2026-09-15
2027-10-01,LAS,LAX,3400.78,4890.67,6380.57,2.7,FP&A Baseline TS v3,2026-09-15
2027-11-01,LAS,LAX,4572.47,6724.23,8875.98,2.7,FP&A Baseline TS v3,2026-09-15
2027-12-01,LAS,LAX,6608.47,9942.93,13277.39,2.7,FP&A Baseline TS v3,2026-09-15
2026-09-01,LAS,PKB,44324.76,49522.66,54720.56,14.9,FP&A Baseline TS v3,2026-09-15
2026-10-01,LAS,PKB,44782.26,50907.44,57032.62,14.9,FP&A Baseline TS v3,2026-09-15
2026-11-01,LAS,PKB,48327.09,55913.42,63499.75,14.9,FP&A Baseline TS v3,2026-09-15
2026-12-01,LAS,PKB,74445.67,87690.43,100935.2,14.9,FP&A Baseline TS v3,2026-09-15
2027-01-01,LAS,PKB,40804.07,48949.22,57094.37,14.9,FP&A Baseline TS v3,2026-09-15
2027-02-01,LAS,PKB,68036.07,83149.28,98262.49,14.9,FP&A Baseline TS v3,2026-09-15
2027-03-01,LAS,PKB,68841.2,85742.83,102644.45,14.9,FP&A Baseline TS v3,2026-09-15
2027-04-01,LAS,PKB,71968.0,91385.61,110803.23,14.9,FP&A Baseline TS v3,2026-09-15
2027-05-01,LAS,PKB,56247.32,72844.13,89440.93,14.9,FP&A Baseline TS v3,2026-09-15
2027-06-01,LAS,PKB,53849.24,71153.85,88458.47,14.9,FP&A Baseline TS v3,2026-09-15
2027-07-01,LAS,PKB,53685.57,72407.17,91128.77,14.9,FP&A Baseline TS v3,2026-09-15
2027-08-01,LAS,PKB,45160.53,62197.73,79234.93,14.9,FP&A Baseline TS v3,2026-09-15
2027-09-01,LAS,PKB,40429.17,56884.81,73340.45,14.9,FP&A Baseline TS v3,2026-09-15
2027-10-01,LAS,PKB,40661.5,58475.46,76289.42,14.9,FP&A Baseline TS v3,2026-09-15
2027-11-01,LAS,PKB,43673.43,64225.64,84777.84,14.9,FP&A Baseline TS v3,2026-09-15
2027-12-01,LAS,PKB,66946.99,100726.7,134506.4,14.9,FP&A Baseline TS v3,2026-09-15
2026-09-01,LAS,RUN,50216.29,56105.07,61993.86,3.3,FP&A Baseline TS v3,2026-09-15
2026-10-01,LAS,RUN,64965.61,73851.41,82737.21,3.3,FP&A Baseline TS v3,2026-09-15
2026-11-01,LAS,RUN,61603.93,71274.45,80944.96,3.3,FP&A Baseline TS v3,2026-09-15
2026-12-01,LAS,RUN,95278.19,112229.31,129180.42,3.3,FP&A Baseline TS v3,2026-09-15
2027-01-01,LAS,RUN,56495.86,67773.35,79050.84,3.3,FP&A Baseline TS v3,2026-09-15
2027-02-01,LAS,RUN,67248.08,82186.25,97124.42,3.3,FP&A Baseline TS v3,2026-09-15
2027-03-01,LAS,RUN,75958.49,94607.53,113256.57,3.3,FP&A Baseline TS v3,2026-09-15
2027-04-01,LAS,RUN,77340.45,98207.6,119074.75,3.3,FP&A Baseline TS v3,2026-09-15
2027-05-01,LAS,RUN,80384.98,104104.05,127823.12,3.3,FP&A Baseline TS v3,2026-09-15
2027-06-01,LAS,RUN,63400.44,83774.37,104148.3,3.3,FP&A Baseline TS v3,2026-09-15
2027-07-01,LAS,RUN,63748.16,85978.85,108209.55,3.3,FP&A Baseline TS v3,2026-09-15
2027-08-01,LAS,RUN,52804.62,72725.63,92646.63,3.3,FP&A Baseline TS v3,2026-09-15
2027-09-01,LAS,RUN,41210.64,57984.36,74758.08,3.3,FP&A Baseline TS v3,2026-09-15
2027-10-01,LAS,RUN,53073.44,76325.13,99576.81,3.3,FP&A Baseline TS v3,2026-09-15
2027-11-01,LAS,RUN,50090.05,73661.84,97233.63,3.3,FP&A Baseline TS v3,2026-09-15
2027-12-01,LAS,RUN,77090.61,115988.52,154886.43,3.3,FP&A Baseline TS v3,2026-09-15
2026-09-01,LAS,SNW,19073.63,21310.37,23547.11,5.3,FP&A Baseline TS v3,2026-09-15
2026-10-01,LAS,SNW,32167.78,36567.6,40967.41,5.3,FP&A Baseline TS v3,2026-09-15
2026-11-01,LAS,SNW,36601.91,42347.63,48093.36,5.3,FP&A Baseline TS v3,2026-09-15
2026-12-01,LAS,SNW,44373.35,52267.89,60162.43,5.3,FP&A Baseline TS v3,2026-09-15
2027-01-01,LAS,SNW,21403.76,25676.3,29948.83,5.3,FP&A Baseline TS v3,2026-09-15
2027-02-01,LAS,SNW,21268.02,25992.4,30716.77,5.3,FP&A Baseline TS v3,2026-09-15
2027-03-01,LAS,SNW,12170.42,15158.45,18146.49,5.3,FP&A Baseline TS v3,2026-09-15
2027-04-01,LAS,SNW,5869.96,7453.73,9037.5,5.3,FP&A Baseline TS v3,2026-09-15
2027-05-01,LAS,SNW,2992.6,3875.62,4758.64,5.3,FP&A Baseline TS v3,2026-09-15
2027-06-01,LAS,SNW,2930.74,3872.55,4814.35,5.3,FP&A Baseline TS v3,2026-09-15
2027-07-01,LAS,SNW,6410.44,8645.94,10881.43,5.3,FP&A Baseline TS v3,2026-09-15
2027-08-01,LAS,SNW,12231.31,16845.67,21460.04,5.3,FP&A Baseline TS v3,2026-09-15
2027-09-01,LAS,SNW,15954.91,22448.94,28942.97,5.3,FP&A Baseline TS v3,2026-09-15
2027-10-01,LAS,SNW,26786.2,38521.34,50256.48,5.3,FP&A Baseline TS v3,2026-09-15
2027-11-01,LAS,SNW,30334.93,44610.19,58885.45,5.3,FP&A Baseline TS v3,2026-09-15
2027-12-01,LAS,SNW,36595.39,55060.46,73525.54,5.3,FP&A Baseline TS v3,2026-09-15
2026-09-01,LAS,SOC,50500.53,56422.65,62344.77,8.9,FP&A Baseline TS v3,2026-09-15
2026-10-01,LAS,SOC,40851.53,46439.08,52026.63,8.9,FP&A Baseline TS v3,2026-09-15
2026-11-01,LAS,SOC,41923.7,48504.83,55085.97,8.9,FP&A Baseline TS v3,2026-09-15
2026-12-01,LAS,SOC,46262.75,54493.43,62724.12,8.9,FP&A Baseline TS v3,2026-09-15
2027-01-01,LAS,SOC,25369.07,30433.14,35497.22,8.9,FP&A Baseline TS v3,2026-09-15
2027-02-01,LAS,SOC,25061.19,30628.17,36195.15,8.9,FP&A Baseline TS v3,2026-09-15
2027-03-01,LAS,SOC,29274.11,36461.38,43648.65,8.9,FP&A Baseline TS v3,2026-09-15
2027-04-01,LAS,SOC,36135.31,45884.95,55634.58,8.9,FP&A Baseline TS v3,2026-09-15
2027-05-01,LAS,SOC,31076.83,40246.62,49416.42,8.9,FP&A Baseline TS v3,2026-09-15
2027-06-01,LAS,SOC,42575.97,56257.89,69939.81,8.9,FP&A Baseline TS v3,2026-09-15
2027-07-01,LAS,SOC,50181.85,67681.6,85181.36,8.9,FP&A Baseline TS v3,2026-09-15
2027-08-01,LAS,SOC,47830.67,65875.21,83919.75,8.9,FP&A Baseline TS v3,2026-09-15
2027-09-01,LAS,SOC,43665.35,61438.19,79211.04,8.9,FP&A Baseline TS v3,2026-09-15
2027-10-01,LAS,SOC,35162.38,50567.16,65971.93,8.9,FP&A Baseline TS v3,2026-09-15
2027-11-01,LAS,SOC,35915.25,52816.54,69717.83,8.9,FP&A Baseline TS v3,2026-09-15
2027-12-01,LAS,SOC,39438.07,59337.48,79236.9,8.9,FP&A Baseline TS v3,2026-09-15
2026-09-01,LAS,TEN,13376.67,14945.34,16514.0,1.6,FP&A Baseline TS v3,2026-09-15
2026-10-01,LAS,TEN,11585.54,13170.18,14754.81,1.6,FP&A Baseline TS v3,2026-09-15
2026-11-01,LAS,TEN,11967.14,13845.73,15724.32,1.6,FP&A Baseline TS v3,2026-09-15
2026-12-01,LAS,TEN,19100.66,22498.9,25897.13,1.6,FP&A Baseline TS v3,2026-09-15
2027-01-01,LAS,TEN,11518.01,13817.19,16116.37,1.6,FP&A Baseline TS v3,2026-09-15
2027-02-01,LAS,TEN,15047.25,18389.78,21732.3,1.6,FP&A Baseline TS v3,2026-09-15
2027-03-01,LAS,TEN,14689.14,18295.56,21901.98,1.6,FP&A Baseline TS v3,2026-09-15
2027-04-01,LAS,TEN,16922.43,21488.26,26054.08,1.6,FP&A Baseline TS v3,2026-09-15
2027-05-01,LAS,TEN,17030.08,22055.12,27080.16,1.6,FP&A Baseline TS v3,2026-09-15
2027-06-01,LAS,TEN,14824.53,19588.44,24352.34,1.6,FP&A Baseline TS v3,2026-09-15
2027-07-01,LAS,TEN,13561.48,18290.73,23019.99,1.6,FP&A Baseline TS v3,2026-09-15
2027-08-01,LAS,TEN,12751.69,17562.37,22373.06,1.6,FP&A Baseline TS v3,2026-09-15
2027-09-01,LAS,TEN,10792.81,15185.74,19578.67,1.6,FP&A Baseline TS v3,2026-09-15
2027-10-01,LAS,TEN,9305.33,13382.03,17458.73,1.6,FP&A Baseline TS v3,2026-09-15
2027-11-01,LAS,TEN,9566.54,14068.45,18570.35,1.6,FP&A Baseline TS v3,2026-09-15
2027-12-01,LAS,TEN,15194.2,22860.8,30527.4,1.6,FP&A Baseline TS v3,2026-09-15
2026-09-01,LAS,VOL,12572.41,14046.76,15521.11,5.8,FP&A Baseline TS v3,2026-09-15
2026-10-01,LAS,VOL,10633.88,12088.35,13542.82,5.8,FP&A Baseline TS v3,2026-09-15
2026-11-01,LAS,VOL,10126.1,11715.68,13305.26,5.8,FP&A Baseline TS v3,2026-09-15
2026-12-01,LAS,VOL,11997.52,14132.03,16266.53,5.8,FP&A Baseline TS v3,2026-09-15
2027-01-01,LAS,VOL,5856.86,7025.98,8195.11,5.8,FP&A Baseline TS v3,2026-09-15
2027-02-01,LAS,VOL,6803.49,8314.78,9826.08,5.8,FP&A Baseline TS v3,2026-09-15
2027-03-01,LAS,VOL,7903.51,9843.95,11784.38,5.8,FP&A Baseline TS v3,2026-09-15
2027-04-01,LAS,VOL,8804.6,11180.16,13555.72,5.8,FP&A Baseline TS v3,2026-09-15
2027-05-01,LAS,VOL,10645.57,13786.74,16927.91,5.8,FP&A Baseline TS v3,2026-09-15
2027-06-01,LAS,VOL,13475.58,17806.0,22136.41,5.8,FP&A Baseline TS v3,2026-09-15
2027-07-01,LAS,VOL,13422.47,18103.24,22784.02,5.8,FP&A Baseline TS v3,2026-09-15
2027-08-01,LAS,VOL,11735.54,16162.88,20590.22,5.8,FP&A Baseline TS v3,2026-09-15
2027-09-01,LAS,VOL,10562.44,14861.61,19160.78,5.8,FP&A Baseline TS v3,2026-09-15
2027-10-01,LAS,VOL,8893.37,12789.6,16685.82,5.8,FP&A Baseline TS v3,2026-09-15
2027-11-01,LAS,VOL,8428.81,12395.31,16361.8,5.8,FP&A Baseline TS v3,2026-09-15
2027-12-01,LAS,VOL,9937.58,14951.82,19966.07,5.8,FP&A Baseline TS v3,2026-09-15
2026-09-01,LAX,BSB,448860.61,501497.82,554135.03,0.7,FP&A Baseline TS v3,2026-09-15
2026-10-01,LAX,BSB,597438.97,679154.89,760870.8,0.7,FP&A Baseline TS v3,2026-09-15
2026-11-01,LAX,BSB,764272.12,884246.72,1004221.31,0.7,FP&A Baseline TS v3,2026-09-15
2026-12-01,LAX,BSB,1193014.63,1405266.0,1617517.38,0.7,FP&A Baseline TS v3,2026-09-15
2027-01-01,LAX,BSB,864360.62,1036900.93,1209441.25,0.7,FP&A Baseline TS v3,2026-09-15
2027-02-01,LAX,BSB,1117442.78,1365666.29,1613889.79,0.7,FP&A Baseline TS v3,2026-09-15
2027-03-01,LAX,BSB,1136417.98,1415426.94,1694435.9,0.7,FP&A Baseline TS v3,2026-09-15
2027-04-01,LAX,BSB,997287.87,1266365.13,1535442.39,0.7,FP&A Baseline TS v3,2026-09-15
2027-05-01,LAX,BSB,781403.71,1011971.24,1242538.77,0.7,FP&A Baseline TS v3,2026-09-15
2027-06-01,LAX,BSB,641571.12,847741.97,1053912.82,0.7,FP&A Baseline TS v3,2026-09-15
2027-07-01,LAX,BSB,501798.83,676789.53,851780.23,0.7,FP&A Baseline TS v3,2026-09-15
2027-08-01,LAX,BSB,370773.59,510651.16,650528.73,0.7,FP&A Baseline TS v3,2026-09-15
2027-09-01,LAX,BSB,359034.43,505170.01,651305.6,0.7,FP&A Baseline TS v3,2026-09-15
2027-10-01,LAX,BSB,475715.22,684127.97,892540.71,0.7,FP&A Baseline TS v3,2026-09-15
2027-11-01,LAX,BSB,605690.67,890721.58,1175752.48,0.7,FP&A Baseline TS v3,2026-09-15
2027-12-01,LAX,BSB,940835.14,1415556.01,1890276.87,0.7,FP&A Baseline TS v3,2026-09-15
2026-09-01,LAX,BSK,877607.77,980523.52,1083439.27,2.0,FP&A Baseline TS v3,2026-09-15
2026-10-01,LAX,BSK,928707.79,1055733.66,1182759.53,2.0,FP&A Baseline TS v3,2026-09-15
2026-11-01,LAX,BSK,1019030.67,1178996.98,1338963.29,2.0,FP&A Baseline TS v3,2026-09-15
2026-12-01,LAX,BSK,1222659.92,1440185.54,1657711.17,2.0,FP&A Baseline TS v3,2026-09-15
2027-01-01,LAX,BSK,595304.62,714137.03,832969.43,2.0,FP&A Baseline TS v3,2026-09-15
2027-02-01,LAX,BSK,740401.0,904870.21,1069339.42,2.0,FP&A Baseline TS v3,2026-09-15
2027-03-01,LAX,BSK,567447.03,706764.43,846081.83,2.0,FP&A Baseline TS v3,2026-09-15
2027-04-01,LAX,BSK,546646.02,694136.05,841626.07,2.0,FP&A Baseline TS v3,2026-09-15
2027-05-01,LAX,BSK,558583.51,723403.84,888224.17,2.0,FP&A Baseline TS v3,2026-09-15
2027-06-01,LAX,BSK,578993.81,765055.24,951116.67,2.0,FP&A Baseline TS v3,2026-09-15
2027-07-01,LAX,BSK,625444.94,843554.35,1061663.77,2.0,FP&A Baseline TS v3,2026-09-15
2027-08-01,LAX,BSK,659464.47,908253.18,1157041.89,2.0,FP&A Baseline TS v3,2026-09-15
2027-09-01,LAX,BSK,710759.33,1000055.34,1289351.35,2.0,FP&A Baseline TS v3,2026-09-15
2027-10-01,LAX,BSK,748738.37,1076763.65,1404788.93,2.0,FP&A Baseline TS v3,2026-09-15
2027-11-01,LAX,BSK,817688.0,1202482.35,1587276.7,2.0,FP&A Baseline TS v3,2026-09-15
2027-12-01,LAX,BSK,976272.24,1468873.73,1961475.23,2.0,FP&A Baseline TS v3,2026-09-15
2026-09-01,LAX,CLM,333475.65,372581.84,411688.03,4.6,FP&A Baseline TS v3,2026-09-15
2026-10-01,LAX,CLM,347932.96,395522.19,443111.42,4.6,FP&A Baseline TS v3,2026-09-15
2026-11-01,LAX,CLM,455315.63,526790.58,598265.52,4.6,FP&A Baseline TS v3,2026-09-15
2026-12-01,LAX,CLM,548744.9,646373.1,744001.29,4.6,FP&A Baseline TS v3,2026-09-15
2027-01-01,LAX,CLM,306073.68,367170.92,428268.16,4.6,FP&A Baseline TS v3,2026-09-15
2027-02-01,LAX,CLM,398506.07,487028.34,575550.61,4.6,FP&A Baseline TS v3,2026-09-15
2027-03-01,LAX,CLM,349300.89,435059.9,520818.91,4.6,FP&A Baseline TS v3,2026-09-15
2027-04-01,LAX,CLM,302083.94,383588.92,465093.89,4.6,FP&A Baseline TS v3,2026-09-15
2027-05-01,LAX,CLM,287186.7,371926.42,456666.13,4.6,FP&A Baseline TS v3,2026-09-15
2027-06-01,LAX,CLM,270439.34,357345.85,444252.36,4.6,FP&A Baseline TS v3,2026-09-15
2027-07-01,LAX,CLM,238733.44,321986.19,405238.93,4.6,FP&A Baseline TS v3,2026-09-15
2027-08-01,LAX,CLM,270101.11,371999.1,473897.1,4.6,FP&A Baseline TS v3,2026-09-15
2027-09-01,LAX,CLM,277037.99,389799.06,502560.14,4.6,FP&A Baseline TS v3,2026-09-15
2027-10-01,LAX,CLM,287739.62,413799.5,539859.38,4.6,FP&A Baseline TS v3,2026-09-15
2027-11-01,LAX,CLM,374771.04,551133.88,727496.72,4.6,FP&A Baseline TS v3,2026-09-15
2027-12-01,LAX,CLM,449457.73,676242.38,903027.02,4.6,FP&A Baseline TS v3,2026-09-15
2026-09-01,LAX,CYC,701190.24,783417.77,865645.29,-0.8,FP&A Baseline TS v3,2026-09-15
2026-10-01,LAX,CYC,588158.73,668605.33,749051.92,-0.8,FP&A Baseline TS v3,2026-09-15
2026-11-01,LAX,CYC,671804.44,777263.56,882722.68,-0.8,FP&A Baseline TS v3,2026-09-15
2026-12-01,LAX,CYC,955301.21,1125260.56,1295219.92,-0.8,FP&A Baseline TS v3,2026-09-15
2027-01-01,LAX,CYC,670712.47,804597.49,938482.52,-0.8,FP&A Baseline TS v3,2026-09-15
2027-02-01,LAX,CYC,1000292.66,1222492.99,1444693.32,-0.8,FP&A Baseline TS v3,2026-09-15
2027-03-01,LAX,CYC,1101399.88,1371811.32,1642222.77,-0.8,FP&A Baseline TS v3,2026-09-15
2027-04-01,LAX,CYC,1156107.39,1468035.6,1779963.8,-0.8,FP&A Baseline TS v3,2026-09-15
2027-05-01,LAX,CYC,1082671.74,1402133.94,1721596.13,-0.8,FP&A Baseline TS v3,2026-09-15
2027-06-01,LAX,CYC,976724.52,1290597.94,1604471.36,-0.8,FP&A Baseline TS v3,2026-09-15
2027-07-01,LAX,CYC,879872.88,1186708.13,1493543.39,-0.8,FP&A Baseline TS v3,2026-09-15
2027-08-01,LAX,CYC,722009.51,994393.89,1266778.26,-0.8,FP&A Baseline TS v3,2026-09-15
2027-09-01,LAX,CYC,552581.84,777495.83,1002409.82,-0.8,FP&A Baseline TS v3,2026-09-15
2027-10-01,LAX,CYC,461407.01,663551.27,865695.53,-0.8,FP&A Baseline TS v3,2026-09-15
2027-11-01,LAX,CYC,524543.94,771388.14,1018232.35,-0.8,FP&A Baseline TS v3,2026-09-15
2027-12-01,LAX,CYC,742239.78,1116754.6,1491269.43,-0.8,FP&A Baseline TS v3,2026-09-15
2026-09-01,LAX,FTB,428847.51,479137.82,529428.12,0.9,FP&A Baseline TS v3,2026-09-15
2026-10-01,LAX,FTB,376801.58,428339.37,479877.16,0.9,FP&A Baseline TS v3,2026-09-15
2026-11-01,LAX,FTB,283807.98,328359.84,372911.7,0.9,FP&A Baseline TS v3,2026-09-15
2026-12-01,LAX,FTB,295233.82,347759.4,400284.98,0.9,FP&A Baseline TS v3,2026-09-15
2027-01-01,LAX,FTB,121193.18,145385.29,169577.4,0.9,FP&A Baseline TS v3,2026-09-15
2027-02-01,LAX,FTB,133528.23,163189.57,192850.9,0.9,FP&A Baseline TS v3,2026-09-15
2027-03-01,LAX,FTB,158939.67,197961.92,236984.18,0.9,FP&A Baseline TS v3,2026-09-15
2027-04-01,LAX,FTB,239008.45,303495.09,367981.72,0.9,FP&A Baseline TS v3,2026-09-15
2027-05-01,LAX,FTB,295967.52,383298.17,470628.83,0.9,FP&A Baseline TS v3,2026-09-15
2027-06-01,LAX,FTB,351461.25,464404.4,577347.55,0.9,FP&A Baseline TS v3,2026-09-15
2027-07-01,LAX,FTB,387226.66,522262.98,657299.29,0.9,FP&A Baseline TS v3,2026-09-15
2027-08-01,LAX,FTB,376913.36,519107.21,661301.05,0.9,FP&A Baseline TS v3,2026-09-15
2027-09-01,LAX,FTB,343595.27,483446.74,623298.22,0.9,FP&A Baseline TS v3,2026-09-15
2027-10-01,LAX,FTB,300528.65,432191.46,563854.26,0.9,FP&A Baseline TS v3,2026-09-15
2027-11-01,LAX,FTB,225292.71,331312.81,437332.9,0.9,FP&A Baseline TS v3,2026-09-15
2027-12-01,LAX,FTB,233213.42,350886.83,468560.23,0.9,FP&A Baseline TS v3,2026-09-15
2026-09-01,LAX,GLF,740682.72,827541.47,914400.23,-3.6,FP&A Baseline TS v3,2026-09-15
2026-10-01,LAX,GLF,736315.64,837026.69,937737.74,-3.6,FP&A Baseline TS v3,2026-09-15
2026-11-01,LAX,GLF,707905.2,819031.38,930157.56,-3.6,FP&A Baseline TS v3,2026-09-15
2026-12-01,LAX,GLF,1067591.8,1257528.98,1447466.16,-3.6,FP&A Baseline TS v3,2026-09-15
2027-01-01,LAX,GLF,667067.27,800224.65,933382.04,-3.6,FP&A Baseline TS v3,2026-09-15
2027-02-01,LAX,GLF,980677.78,1198520.94,1416364.11,-3.6,FP&A Baseline TS v3,2026-09-15
2027-03-01,LAX,GLF,1027926.46,1280299.0,1532671.54,-3.6,FP&A Baseline TS v3,2026-09-15
2027-04-01,LAX,GLF,1119381.39,1421400.59,1723419.78,-3.6,FP&A Baseline TS v3,2026-09-15
2027-05-01,LAX,GLF,1084204.2,1404118.58,1724032.95,-3.6,FP&A Baseline TS v3,2026-09-15
2027-06-01,LAX,GLF,1045082.21,1380922.58,1716762.95,-3.6,FP&A Baseline TS v3,2026-09-15
2027-07-01,LAX,GLF,839714.2,1132545.05,1425375.89,-3.6,FP&A Baseline TS v3,2026-09-15
2027-08-01,LAX,GLF,713242.57,982319.53,1251396.5,-3.6,FP&A Baseline TS v3,2026-09-15
2027-09-01,LAX,GLF,566707.5,797370.98,1028034.45,-3.6,FP&A Baseline TS v3,2026-09-15
2027-10-01,LAX,GLF,560815.06,806510.38,1052205.7,-3.6,FP&A Baseline TS v3,2026-09-15
2027-11-01,LAX,GLF,536636.38,789171.14,1041705.91,-3.6,FP&A Baseline TS v3,2026-09-15
2027-12-01,LAX,GLF,805332.33,1211682.01,1618031.69,-3.6,FP&A Baseline TS v3,2026-09-15
2026-09-01,LAX,HKY,397176.64,443752.95,490329.26,2.2,FP&A Baseline TS v3,2026-09-15
2026-10-01,LAX,HKY,348475.56,396139.0,443802.45,2.2,FP&A Baseline TS v3,2026-09-15
2026-11-01,LAX,HKY,374604.18,433409.13,492214.08,2.2,FP&A Baseline TS v3,2026-09-15
2026-12-01,LAX,HKY,424008.13,499444.18,574880.22,2.2,FP&A Baseline TS v3,2026-09-15
2027-01-01,LAX,HKY,187904.06,225412.74,262921.42,2.2,FP&A Baseline TS v3,2026-09-15
2027-02-01,LAX,HKY,155244.68,189730.01,224215.33,2.2,FP&A Baseline TS v3,2026-09-15
2027-03-01,LAX,HKY,145825.59,181628.12,217430.66,2.2,FP&A Baseline TS v3,2026-09-15
2027-04-01,LAX,HKY,130241.12,165381.34,200521.57,2.2,FP&A Baseline TS v3,2026-09-15
2027-05-01,LAX,HKY,154586.69,200200.33,245813.98,2.2,FP&A Baseline TS v3,2026-09-15
2027-06-01,LAX,HKY,197142.59,260494.97,323847.34,2.2,FP&A Baseline TS v3,2026-09-15
2027-07-01,LAX,HKY,237356.62,320129.24,402901.86,2.2,FP&A Baseline TS v3,2026-09-15
2027-08-01,LAX,HKY,284614.74,391988.12,499361.51,2.2,FP&A Baseline TS v3,2026-09-15
2027-09-01,LAX,HKY,322184.61,453321.43,584458.26,2.2,FP&A Baseline TS v3,2026-09-15
2027-10-01,LAX,HKY,281398.85,404680.81,527962.77,2.2,FP&A Baseline TS v3,2026-09-15
2027-11-01,LAX,HKY,301073.11,442754.58,584436.04,2.2,FP&A Baseline TS v3,2026-09-15
2027-12-01,LAX,HKY,339108.31,510213.51,681318.71,2.2,FP&A Baseline TS v3,2026-09-15
2026-09-01,LAX,LAX,111188.87,124227.82,137266.77,2.6,FP&A Baseline TS v3,2026-09-15
2026-10-01,LAX,LAX,147027.88,167137.91,187247.95,2.6,FP&A Baseline TS v3,2026-09-15
2026-11-01,LAX,LAX,191619.76,221700.02,251780.27,2.6,FP&A Baseline TS v3,2026-09-15
2026-12-01,LAX,LAX,295682.31,348287.68,400893.06,2.6,FP&A Baseline TS v3,2026-09-15
2027-01-01,LAX,LAX,187351.6,224750.0,262148.4,2.6,FP&A Baseline TS v3,2026-09-15
2027-02-01,LAX,LAX,203428.32,248616.94,293805.55,2.6,FP&A Baseline TS v3,2026-09-15
2027-03-01,LAX,LAX,202375.61,252062.09,301748.57,2.6,FP&A Baseline TS v3,2026-09-15
2027-04-01,LAX,LAX,173168.14,219890.47,266612.79,2.6,FP&A Baseline TS v3,2026-09-15
2027-05-01,LAX,LAX,130090.44,168476.01,206861.58,2.6,FP&A Baseline TS v3,2026-09-15
2027-06-01,LAX,LAX,104633.83,138258.23,171882.63,2.6,FP&A Baseline TS v3,2026-09-15
2027-07-01,LAX,LAX,76028.66,102541.89,129055.12,2.6,FP&A Baseline TS v3,2026-09-15
2027-08-01,LAX,LAX,81989.96,112921.38,143852.81,2.6,FP&A Baseline TS v3,2026-09-15
2027-09-01,LAX,LAX,90595.32,127469.77,164344.23,2.6,FP&A Baseline TS v3,2026-09-15
2027-10-01,LAX,LAX,119254.02,171499.68,223745.34,2.6,FP&A Baseline TS v3,2026-09-15
2027-11-01,LAX,LAX,154690.26,227485.68,300281.1,2.6,FP&A Baseline TS v3,2026-09-15
2027-12-01,LAX,LAX,237526.97,357376.88,477226.79,2.6,FP&A Baseline TS v3,2026-09-15
2026-09-01,LAX,PKB,536294.77,599185.25,662075.73,8.1,FP&A Baseline TS v3,2026-09-15
2026-10-01,LAX,PKB,537164.21,610635.93,684107.64,8.1,FP&A Baseline TS v3,2026-09-15
2026-11-01,LAX,PKB,631018.17,730074.7,829131.24,8.1,FP&A Baseline TS v3,2026-09-15
2026-12-01,LAX,PKB,838153.46,987270.85,1136388.23,8.1,FP&A Baseline TS v3,2026-09-15
2027-01-01,LAX,PKB,542387.35,650656.61,758925.87,8.1,FP&A Baseline TS v3,2026-09-15
2027-02-01,LAX,PKB,619107.6,756633.26,894158.92,8.1,FP&A Baseline TS v3,2026-09-15
2027-03-01,LAX,PKB,671868.66,836823.26,1001777.87,8.1,FP&A Baseline TS v3,2026-09-15
2027-04-01,LAX,PKB,643058.99,816562.11,990065.23,8.1,FP&A Baseline TS v3,2026-09-15
2027-05-01,LAX,PKB,630327.04,816316.62,1002306.2,8.1,FP&A Baseline TS v3,2026-09-15
2027-06-01,LAX,PKB,606127.35,800908.23,995689.12,8.1,FP&A Baseline TS v3,2026-09-15
2027-07-01,LAX,PKB,531219.08,716469.41,901719.74,8.1,FP&A Baseline TS v3,2026-09-15
2027-08-01,LAX,PKB,503234.2,693083.69,882933.17,8.1,FP&A Baseline TS v3,2026-09-15
2027-09-01,LAX,PKB,460511.4,647950.53,835389.66,8.1,FP&A Baseline TS v3,2026-09-15
2027-10-01,LAX,PKB,459169.25,660333.13,861497.02,8.1,FP&A Baseline TS v3,2026-09-15
2027-11-01,LAX,PKB,536854.93,789492.55,1042130.16,8.1,FP&A Baseline TS v3,2026-09-15
2027-12-01,LAX,PKB,709583.52,1067620.85,1425658.18,8.1,FP&A Baseline TS v3,2026-09-15
2026-09-01,LAX,RUN,1756193.65,1962139.85,2168086.05,3.5,FP&A Baseline TS v3,2026-09-15
2026-10-01,LAX,RUN,1683670.07,1913957.43,2144244.78,3.5,FP&A Baseline TS v3,2026-09-15
2026-11-01,LAX,RUN,2234254.51,2584985.32,2935716.12,3.5,FP&A Baseline TS v3,2026-09-15
2026-12-01,LAX,RUN,2868377.41,3378695.59,3889013.77,3.5,FP&A Baseline TS v3,2026-09-15
2027-01-01,LAX,RUN,1795090.97,2153420.07,2511749.17,3.5,FP&A Baseline TS v3,2026-09-15
2027-02-01,LAX,RUN,2051822.47,2507604.7,2963386.92,3.5,FP&A Baseline TS v3,2026-09-15
2027-03-01,LAX,RUN,2184416.72,2720726.28,3257035.85,3.5,FP&A Baseline TS v3,2026-09-15
2027-04-01,LAX,RUN,2144981.34,2723716.65,3302451.97,3.5,FP&A Baseline TS v3,2026-09-15
2027-05-01,LAX,RUN,2091698.79,2708892.96,3326087.13,3.5,FP&A Baseline TS v3,2026-09-15
2027-06-01,LAX,RUN,2021788.05,2671495.84,3321203.63,3.5,FP&A Baseline TS v3,2026-09-15
2027-07-01,LAX,RUN,1777025.04,2396721.3,3016417.56,3.5,FP&A Baseline TS v3,2026-09-15
2027-08-01,LAX,RUN,1673644.52,2305041.49,2936438.45,3.5,FP&A Baseline TS v3,2026-09-15
2027-09-01,LAX,RUN,1442683.63,2029890.29,2617096.95,3.5,FP&A Baseline TS v3,2026-09-15
2027-10-01,LAX,RUN,1376843.52,1980044.18,2583244.84,3.5,FP&A Baseline TS v3,2026-09-15
2027-11-01,LAX,RUN,1818484.49,2674241.9,3529999.31,3.5,FP&A Baseline TS v3,2026-09-15
2027-12-01,LAX,RUN,2323154.8,3495358.08,4667561.37,3.5,FP&A Baseline TS v3,2026-09-15
2026-09-01,LAX,SNW,1742327.87,1946648.05,2150968.23,2.3,FP&A Baseline TS v3,2026-09-15
2026-10-01,LAX,SNW,2329575.78,2648208.19,2966840.6,2.3,FP&A Baseline TS v3,2026-09-15
2026-11-01,LAX,SNW,2587971.03,2994227.87,3400484.71,2.3,FP&A Baseline TS v3,2026-09-15
2026-12-01,LAX,SNW,3458176.3,4073426.66,4688677.02,2.3,FP&A Baseline TS v3,2026-09-15
2027-01-01,LAX,SNW,1849292.44,2218441.03,2587589.62,2.3,FP&A Baseline TS v3,2026-09-15
2027-02-01,LAX,SNW,1596009.16,1950539.16,2305069.16,2.3,FP&A Baseline TS v3,2026-09-15
2027-03-01,LAX,SNW,1041957.3,1297774.64,1553591.97,2.3,FP&A Baseline TS v3,2026-09-15
2027-04-01,LAX,SNW,557683.07,708150.99,858618.92,2.3,FP&A Baseline TS v3,2026-09-15
2027-05-01,LAX,SNW,228529.87,295961.81,363393.75,2.3,FP&A Baseline TS v3,2026-09-15
2027-06-01,LAX,SNW,220770.97,291716.4,362661.83,2.3,FP&A Baseline TS v3,2026-09-15
2027-07-01,LAX,SNW,465370.99,627658.32,789945.66,2.3,FP&A Baseline TS v3,2026-09-15
2027-08-01,LAX,SNW,852666.98,1174343.02,1496019.06,2.3,FP&A Baseline TS v3,2026-09-15
2027-09-01,LAX,SNW,1415685.26,1991902.94,2568120.62,2.3,FP&A Baseline TS v3,2026-09-15
2027-10-01,LAX,SNW,1884267.52,2709772.67,3535277.81,2.3,FP&A Baseline TS v3,2026-09-15
2027-11-01,LAX,SNW,2083408.8,3063836.48,4044264.15,2.3,FP&A Baseline TS v3,2026-09-15
2027-12-01,LAX,SNW,2770301.96,4168124.04,5565946.12,2.3,FP&A Baseline TS v3,2026-09-15
2026-09-01,LAX,SOC,1194758.29,1334865.8,1474973.32,4.0,FP&A Baseline TS v3,2026-09-15
2026-10-01,LAX,SOC,1075558.66,1222670.36,1369782.05,4.0,FP&A Baseline TS v3,2026-09-15
2026-11-01,LAX,SOC,1090852.05,1262092.8,1433333.56,4.0,FP&A Baseline TS v3,2026-09-15
2026-12-01,LAX,SOC,1285955.89,1514742.61,1743529.34,4.0,FP&A Baseline TS v3,2026-09-15
2027-01-01,LAX,SOC,667881.41,801201.31,934521.21,4.0,FP&A Baseline TS v3,2026-09-15
2027-02-01,LAX,SOC,779876.55,953114.67,1126352.8,4.0,FP&A Baseline TS v3,2026-09-15
2027-03-01,LAX,SOC,852459.7,1061752.32,1271044.93,4.0,FP&A Baseline TS v3,2026-09-15
2027-04-01,LAX,SOC,918464.36,1166274.33,1414084.3,4.0,FP&A Baseline TS v3,2026-09-15
2027-05-01,LAX,SOC,1014012.07,1313214.96,1612417.86,4.0,FP&A Baseline TS v3,2026-09-15
2027-06-01,LAX,SOC,1222047.1,1614755.68,2007464.26,4.0,FP&A Baseline TS v3,2026-09-15
2027-07-01,LAX,SOC,1395924.19,1882720.36,2369516.54,4.0,FP&A Baseline TS v3,2026-09-15
2027-08-01,LAX,SOC,1145725.14,1577959.93,2010194.71,4.0,FP&A Baseline TS v3,2026-09-15
2027-09-01,LAX,SOC,986973.72,1388695.58,1790417.44,4.0,FP&A Baseline TS v3,2026-09-15
2027-10-01,LAX,SOC,884481.05,1271975.74,1659470.43,4.0,FP&A Baseline TS v3,2026-09-15
2027-11-01,LAX,SOC,892831.8,1312987.94,1733144.08,4.0,FP&A Baseline TS v3,2026-09-15
2027-12-01,LAX,SOC,1047357.06,1575826.1,2104295.14,4.0,FP&A Baseline TS v3,2026-09-15
2026-09-01,LAX,TEN,421130.87,470516.26,519901.65,0.8,FP&A Baseline TS v3,2026-09-15
2026-10-01,LAX,TEN,355094.37,403663.11,452231.86,0.8,FP&A Baseline TS v3,2026-09-15
2026-11-01,LAX,TEN,435315.2,503650.49,571985.79,0.8,FP&A Baseline TS v3,2026-09-15
2026-12-01,LAX,TEN,515184.88,606842.34,698499.81,0.8,FP&A Baseline TS v3,2026-09-15
2027-01-01,LAX,TEN,364187.42,436885.11,509582.79,0.8,FP&A Baseline TS v3,2026-09-15
2027-02-01,LAX,TEN,460770.85,563124.33,665477.81,0.8,FP&A Baseline TS v3,2026-09-15
2027-03-01,LAX,TEN,539332.04,671746.76,804161.48,0.8,FP&A Baseline TS v3,2026-09-15
2027-04-01,LAX,TEN,571947.59,726264.22,880580.84,0.8,FP&A Baseline TS v3,2026-09-15
2027-05-01,LAX,TEN,538713.1,697670.3,856627.5,0.8,FP&A Baseline TS v3,2026-09-15
2027-06-01,LAX,TEN,508516.67,671930.06,835343.45,0.8,FP&A Baseline TS v3,2026-09-15
2027-07-01,LAX,TEN,441928.4,596040.68,750152.96,0.8,FP&A Baseline TS v3,2026-09-15
2027-08-01,LAX,TEN,384965.6,530197.23,675428.85,0.8,FP&A Baseline TS v3,2026-09-15
2027-09-01,LAX,TEN,337219.57,474475.99,611732.4,0.8,FP&A Baseline TS v3,2026-09-15
2027-10-01,LAX,TEN,283053.4,407060.22,531067.05,0.8,FP&A Baseline TS v3,2026-09-15
2027-11-01,LAX,TEN,345364.57,507889.07,670413.57,0.8,FP&A Baseline TS v3,2026-09-15
2027-12-01,LAX,TEN,406726.02,611949.35,817172.68,0.8,FP&A Baseline TS v3,2026-09-15
2026-09-01,LAX,VOL,401261.36,448316.68,495372.0,4.9,FP&A Baseline TS v3,2026-09-15
2026-10-01,LAX,VOL,380379.57,432406.75,484433.94,4.9,FP&A Baseline TS v3,2026-09-15
2026-11-01,LAX,VOL,356091.96,411990.88,467889.8,4.9,FP&A Baseline TS v3,2026-09-15
2026-12-01,LAX,VOL,365762.09,430835.48,495908.87,4.9,FP&A Baseline TS v3,2026-09-15
2027-01-01,LAX,VOL,193535.3,232168.07,270800.84,4.9,FP&A Baseline TS v3,2026-09-15
2027-02-01,LAX,VOL,244060.05,298274.4,352488.76,4.9,FP&A Baseline TS v3,2026-09-15
2027-03-01,LAX,VOL,246241.8,306698.14,367154.48,4.9,FP&A Baseline TS v3,2026-09-15
2027-04-01,LAX,VOL,282938.12,359277.37,435616.63,4.9,FP&A Baseline TS v3,2026-09-15
2027-05-01,LAX,VOL,328652.31,425627.21,522602.11,4.9,FP&A Baseline TS v3,2026-09-15
2027-06-01,LAX,VOL,352570.18,465869.69,579169.2,4.9,FP&A Baseline TS v3,2026-09-15
2027-07-01,LAX,VOL,391655.55,528236.34,664817.13,4.9,FP&A Baseline TS v3,2026-09-15
2027-08-01,LAX,VOL,392898.25,541122.54,689346.82,4.9,FP&A Baseline TS v3,2026-09-15
2027-09-01,LAX,VOL,334372.43,470469.98,606567.54,4.9,FP&A Baseline TS v3,2026-09-15
2027-10-01,LAX,VOL,315536.21,453773.88,592011.56,4.9,FP&A Baseline TS v3,2026-09-15
2027-11-01,LAX,VOL,293997.43,432349.17,570700.9,4.9,FP&A Baseline TS v3,2026-09-15
2027-12-01,LAX,VOL,300500.33,452124.96,603749.58,4.9,FP&A Baseline TS v3,2026-09-15
2026-09-01,MCI,BSB,13788.06,15404.96,17021.87,2.3,FP&A Baseline TS v3,2026-09-15
2026-10-01,MCI,BSB,16539.45,18801.66,21063.88,2.3,FP&A Baseline TS v3,2026-09-15
2026-11-01,MCI,BSB,26540.3,30706.57,34872.83,2.3,FP&A Baseline TS v3,2026-09-15
2026-12-01,MCI,BSB,38175.69,44967.59,51759.5,2.3,FP&A Baseline TS v3,2026-09-15
2027-01-01,MCI,BSB,28963.39,34744.95,40526.52,2.3,FP&A Baseline TS v3,2026-09-15
2027-02-01,MCI,BSB,37560.1,45903.53,54246.96,2.3,FP&A Baseline TS v3,2026-09-15
2027-03-01,MCI,BSB,32832.17,40893.0,48953.83,2.3,FP&A Baseline TS v3,2026-09-15
2027-04-01,MCI,BSB,38125.36,48411.93,58698.49,2.3,FP&A Baseline TS v3,2026-09-15
2027-05-01,MCI,BSB,27737.24,35921.62,44106.0,2.3,FP&A Baseline TS v3,2026-09-15
2027-06-01,MCI,BSB,20623.69,27251.18,33878.67,2.3,FP&A Baseline TS v3,2026-09-15
2027-07-01,MCI,BSB,15614.75,21060.03,26505.31,2.3,FP&A Baseline TS v3,2026-09-15
2027-08-01,MCI,BSB,13020.32,17932.35,22844.38,2.3,FP&A Baseline TS v3,2026-09-15
2027-09-01,MCI,BSB,11196.94,15754.36,20311.78,2.3,FP&A Baseline TS v3,2026-09-15
2027-10-01,MCI,BSB,13370.45,19228.1,25085.75,2.3,FP&A Baseline TS v3,2026-09-15
2027-11-01,MCI,BSB,21354.05,31403.02,41451.98,2.3,FP&A Baseline TS v3,2026-09-15
2027-12-01,MCI,BSB,30565.13,45987.5,61409.86,2.3,FP&A Baseline TS v3,2026-09-15
2026-09-01,MCI,BSK,29458.58,32913.15,36367.71,2.0,FP&A Baseline TS v3,2026-09-15
2026-10-01,MCI,BSK,25976.16,29529.1,33082.04,2.0,FP&A Baseline TS v3,2026-09-15
2026-11-01,MCI,BSK,34514.65,39932.72,45350.79,2.0,FP&A Baseline TS v3,2026-09-15
2026-12-01,MCI,BSK,38311.94,45128.09,51944.24,2.0,FP&A Baseline TS v3,2026-09-15
2027-01-01,MCI,BSK,22533.77,27031.87,31529.97,2.0,FP&A Baseline TS v3,2026-09-15
2027-02-01,MCI,BSK,21183.94,25889.64,30595.34,2.0,FP&A Baseline TS v3,2026-09-15
2027-03-01,MCI,BSK,17005.27,21180.33,25355.4,2.0,FP&A Baseline TS v3,2026-09-15
2027-04-01,MCI,BSK,17542.93,22276.17,27009.41,2.0,FP&A Baseline TS v3,2026-09-15
2027-05-01,MCI,BSK,17044.69,22074.04,27103.39,2.0,FP&A Baseline TS v3,2026-09-15
2027-06-01,MCI,BSK,17377.2,22961.42,28545.64,2.0,FP&A Baseline TS v3,2026-09-15
2027-07-01,MCI,BSK,19324.39,26063.32,32802.25,2.0,FP&A Baseline TS v3,2026-09-15
2027-08-01,MCI,BSK,25386.11,34963.25,44540.38,2.0,FP&A Baseline TS v3,2026-09-15
2027-09-01,MCI,BSK,23858.11,33568.93,43279.75,2.0,FP&A Baseline TS v3,2026-09-15
2027-10-01,MCI,BSK,20942.47,30117.45,39292.43,2.0,FP&A Baseline TS v3,2026-09-15
2027-11-01,MCI,BSK,27695.29,40728.36,53761.44,2.0,FP&A Baseline TS v3,2026-09-15
2027-12-01,MCI,BSK,30591.55,46027.25,61462.94,2.0,FP&A Baseline TS v3,2026-09-15
2026-09-01,MCI,CLM,6914.76,7725.64,8536.52,5.1,FP&A Baseline TS v3,2026-09-15
2026-10-01,MCI,CLM,7701.92,8755.37,9808.81,5.1,FP&A Baseline TS v3,2026-09-15
2026-11-01,MCI,CLM,8425.11,9747.67,11070.24,5.1,FP&A Baseline TS v3,2026-09-15
2026-12-01,MCI,CLM,12906.88,15203.16,17499.45,5.1,FP&A Baseline TS v3,2026-09-15
2027-01-01,MCI,CLM,7251.26,8698.73,10146.19,5.1,FP&A Baseline TS v3,2026-09-15
2027-02-01,MCI,CLM,6783.09,8289.85,9796.61,5.1,FP&A Baseline TS v3,2026-09-15
2027-03-01,MCI,CLM,7059.88,8793.2,10526.51,5.1,FP&A Baseline TS v3,2026-09-15
2027-04-01,MCI,CLM,6539.13,8303.45,10067.77,5.1,FP&A Baseline TS v3,2026-09-15
2027-05-01,MCI,CLM,6283.82,8137.98,9992.14,5.1,FP&A Baseline TS v3,2026-09-15
2027-06-01,MCI,CLM,4766.19,6297.82,7829.46,5.1,FP&A Baseline TS v3,2026-09-15
2027-07-01,MCI,CLM,5412.68,7300.22,9187.77,5.1,FP&A Baseline TS v3,2026-09-15
2027-08-01,MCI,CLM,5676.8,7818.42,9960.04,5.1,FP&A Baseline TS v3,2026-09-15
2027-09-01,MCI,CLM,5773.0,8122.75,10472.5,5.1,FP&A Baseline TS v3,2026-09-15
2027-10-01,MCI,CLM,6401.07,9205.41,12009.74,5.1,FP&A Baseline TS v3,2026-09-15
2027-11-01,MCI,CLM,6969.13,10248.72,13528.3,5.1,FP&A Baseline TS v3,2026-09-15
2027-12-01,MCI,CLM,10624.02,15984.63,21345.23,5.1,FP&A Baseline TS v3,2026-09-15
2026-09-01,MCI,CYC,23215.51,25937.96,28660.41,4.6,FP&A Baseline TS v3,2026-09-15
2026-10-01,MCI,CYC,20964.62,23832.1,26699.58,4.6,FP&A Baseline TS v3,2026-09-15
2026-11-01,MCI,CYC,24135.61,27924.39,31713.17,4.6,FP&A Baseline TS v3,2026-09-15
2026-12-01,MCI,CYC,35392.79,41689.59,47986.38,4.6,FP&A Baseline TS v3,2026-09-15
2027-01-01,MCI,CYC,24471.27,29356.14,34241.0,4.6,FP&A Baseline TS v3,2026-09-15
2027-02-01,MCI,CYC,30004.72,36669.83,43334.94,4.6,FP&A Baseline TS v3,2026-09-15
2027-03-01,MCI,CYC,34745.25,43275.77,51806.29,4.6,FP&A Baseline TS v3,2026-09-15
2027-04-01,MCI,CYC,44637.59,56681.21,68724.84,4.6,FP&A Baseline TS v3,2026-09-15
2027-05-01,MCI,CYC,47184.47,61107.11,75029.76,4.6,FP&A Baseline TS v3,2026-09-15
2027-06-01,MCI,CYC,36256.73,47907.94,59559.16,4.6,FP&A Baseline TS v3,2026-09-15
2027-07-01,MCI,CYC,30051.82,40531.69,51011.57,4.6,FP&A Baseline TS v3,2026-09-15
2027-08-01,MCI,CYC,27557.06,37953.2,48349.34,4.6,FP&A Baseline TS v3,2026-09-15
2027-09-01,MCI,CYC,19280.0,27127.42,34974.84,4.6,FP&A Baseline TS v3,2026-09-15
2027-10-01,MCI,CYC,17331.84,24924.99,32518.14,4.6,FP&A Baseline TS v3,2026-09-15
2027-11-01,MCI,CYC,19859.37,29204.95,38550.54,4.6,FP&A Baseline TS v3,2026-09-15
2027-12-01,MCI,CYC,28979.23,43601.39,58223.55,4.6,FP&A Baseline TS v3,2026-09-15
2026-09-01,MCI,FTB,14397.08,16085.4,17773.72,1.4,FP&A Baseline TS v3,2026-09-15
2026-10-01,MCI,FTB,11393.17,12951.5,14509.82,1.4,FP&A Baseline TS v3,2026-09-15
2026-11-01,MCI,FTB,9545.75,11044.24,12542.72,1.4,FP&A Baseline TS v3,2026-09-15
2026-12-01,MCI,FTB,8532.49,10050.52,11568.55,1.4,FP&A Baseline TS v3,2026-09-15
2027-01-01,MCI,FTB,3747.33,4495.36,5243.39,1.4,FP&A Baseline TS v3,2026-09-15
2027-02-01,MCI,FTB,4791.72,5856.13,6920.54,1.4,FP&A Baseline TS v3,2026-09-15
2027-03-01,MCI,FTB,6440.4,8021.63,9602.85,1.4,FP&A Baseline TS v3,2026-09-15
2027-04-01,MCI,FTB,7995.57,10152.84,12310.12,1.4,FP&A Baseline TS v3,2026-09-15
2027-05-01,MCI,FTB,8570.21,11099.01,13627.81,1.4,FP&A Baseline TS v3,2026-09-15
2027-06-01,MCI,FTB,11923.91,15755.7,19587.48,1.4,FP&A Baseline TS v3,2026-09-15
2027-07-01,MCI,FTB,12644.45,17053.91,21463.37,1.4,FP&A Baseline TS v3,2026-09-15
2027-08-01,MCI,FTB,14304.39,19700.84,25097.3,1.4,FP&A Baseline TS v3,2026-09-15
2027-09-01,MCI,FTB,11590.78,16308.51,21026.24,1.4,FP&A Baseline TS v3,2026-09-15
2027-10-01,MCI,FTB,9130.87,13131.14,17131.41,1.4,FP&A Baseline TS v3,2026-09-15
2027-11-01,MCI,FTB,7614.25,11197.43,14780.6,1.4,FP&A Baseline TS v3,2026-09-15
2027-12-01,MCI,FTB,6772.63,10189.92,13607.21,1.4,FP&A Baseline TS v3,2026-09-15
2026-09-01,MCI,GLF,27249.95,30445.52,33641.08,1.8,FP&A Baseline TS v3,2026-09-15
2026-10-01,MCI,GLF,22734.61,25844.18,28953.76,1.8,FP&A Baseline TS v3,2026-09-15
2026-11-01,MCI,GLF,28042.81,32444.94,36847.07,1.8,FP&A Baseline TS v3,2026-09-15
2026-12-01,MCI,GLF,39838.39,46926.11,54013.83,1.8,FP&A Baseline TS v3,2026-09-15
2027-01-01,MCI,GLF,27906.65,33477.26,39047.88,1.8,FP&A Baseline TS v3,2026-09-15
2027-02-01,MCI,GLF,40602.28,49621.49,58640.69,1.8,FP&A Baseline TS v3,2026-09-15
2027-03-01,MCI,GLF,38354.27,47770.87,57187.46,1.8,FP&A Baseline TS v3,2026-09-15
2027-04-01,MCI,GLF,43886.8,55727.86,67568.91,1.8,FP&A Baseline TS v3,2026-09-15
2027-05-01,MCI,GLF,41041.73,53151.84,65261.96,1.8,FP&A Baseline TS v3,2026-09-15
2027-06-01,MCI,GLF,35499.28,46907.09,58314.89,1.8,FP&A Baseline TS v3,2026-09-15
2027-07-01,MCI,GLF,33066.53,44597.72,56128.91,1.8,FP&A Baseline TS v3,2026-09-15
2027-08-01,MCI,GLF,26469.49,36455.34,46441.19,1.8,FP&A Baseline TS v3,2026-09-15
2027-09-01,MCI,GLF,22028.99,30995.32,39961.64,1.8,FP&A Baseline TS v3,2026-09-15
2027-10-01,MCI,GLF,18295.54,26310.89,34326.24,1.8,FP&A Baseline TS v3,2026-09-15
2027-11-01,MCI,GLF,22460.98,33030.85,43600.72,1.8,FP&A Baseline TS v3,2026-09-15
2027-12-01,MCI,GLF,31752.2,47773.53,63794.86,1.8,FP&A Baseline TS v3,2026-09-15
2026-09-01,MCI,HKY,32249.93,36031.83,39813.73,5.2,FP&A Baseline TS v3,2026-09-15
2026-10-01,MCI,HKY,28816.04,32757.42,36698.79,5.2,FP&A Baseline TS v3,2026-09-15
2026-11-01,MCI,HKY,31668.5,36639.78,41611.07,5.2,FP&A Baseline TS v3,2026-09-15
2026-12-01,MCI,HKY,33410.48,39354.59,45298.71,5.2,FP&A Baseline TS v3,2026-09-15
2027-01-01,MCI,HKY,16061.87,19268.08,22474.29,5.2,FP&A Baseline TS v3,2026-09-15
2027-02-01,MCI,HKY,11519.25,14078.08,16636.91,5.2,FP&A Baseline TS v3,2026-09-15
2027-03-01,MCI,HKY,10702.92,13330.66,15958.4,5.2,FP&A Baseline TS v3,2026-09-15
2027-04-01,MCI,HKY,11588.75,14715.5,17842.25,5.2,FP&A Baseline TS v3,2026-09-15
2027-05-01,MCI,HKY,15585.19,20183.88,24782.58,5.2,FP&A Baseline TS v3,2026-09-15
2027-06-01,MCI,HKY,14249.98,18829.25,23408.52,5.2,FP&A Baseline TS v3,2026-09-15
2027-07-01,MCI,HKY,18715.8,25242.5,31769.2,5.2,FP&A Baseline TS v3,2026-09-15
2027-08-01,MCI,HKY,22441.75,30908.09,39374.44,5.2,FP&A Baseline TS v3,2026-09-15
2027-09-01,MCI,HKY,26947.74,37916.12,48884.49,5.2,FP&A Baseline TS v3,2026-09-15
2027-10-01,MCI,HKY,23969.39,34470.47,44971.56,5.2,FP&A Baseline TS v3,2026-09-15
2027-11-01,MCI,HKY,26217.99,38555.87,50893.75,5.2,FP&A Baseline TS v3,2026-09-15
2027-12-01,MCI,HKY,27524.5,41412.65,55300.8,5.2,FP&A Baseline TS v3,2026-09-15
2026-09-01,MCI,LAX,5826.74,6510.03,7193.32,8.4,FP&A Baseline TS v3,2026-09-15
2026-10-01,MCI,LAX,6992.56,7948.98,8905.4,8.4,FP&A Baseline TS v3,2026-09-15
2026-11-01,MCI,LAX,10233.21,11839.61,13446.01,8.4,FP&A Baseline TS v3,2026-09-15
2026-12-01,MCI,LAX,14816.61,17452.66,20088.71,8.4,FP&A Baseline TS v3,2026-09-15
2027-01-01,MCI,LAX,9338.81,11202.99,13067.17,8.4,FP&A Baseline TS v3,2026-09-15
2027-02-01,MCI,LAX,9252.27,11307.52,13362.78,8.4,FP&A Baseline TS v3,2026-09-15
2027-03-01,MCI,LAX,9559.03,11905.92,14252.82,8.4,FP&A Baseline TS v3,2026-09-15
2027-04-01,MCI,LAX,8832.15,11215.15,13598.14,8.4,FP&A Baseline TS v3,2026-09-15
2027-05-01,MCI,LAX,5940.94,7693.93,9446.91,8.4,FP&A Baseline TS v3,2026-09-15
2027-06-01,MCI,LAX,5440.67,7189.04,8937.42,8.4,FP&A Baseline TS v3,2026-09-15
2027-07-01,MCI,LAX,3713.34,5008.28,6303.21,8.4,FP&A Baseline TS v3,2026-09-15
2027-08-01,MCI,LAX,4282.87,5898.62,7514.37,8.4,FP&A Baseline TS v3,2026-09-15
2027-09-01,MCI,LAX,5013.77,7054.5,9095.22,8.4,FP&A Baseline TS v3,2026-09-15
2027-10-01,MCI,LAX,5989.69,8613.8,11237.9,8.4,FP&A Baseline TS v3,2026-09-15
2027-11-01,MCI,LAX,8724.28,12829.82,16935.36,8.4,FP&A Baseline TS v3,2026-09-15
2027-12-01,MCI,LAX,12569.89,18912.32,25254.76,8.4,FP&A Baseline TS v3,2026-09-15
2026-09-01,MCI,PKB,16337.77,18253.67,20169.58,11.1,FP&A Baseline TS v3,2026-09-15
2026-10-01,MCI,PKB,17766.35,20196.38,22626.41,11.1,FP&A Baseline TS v3,2026-09-15
2026-11-01,MCI,PKB,21930.98,25373.68,28816.38,11.1,FP&A Baseline TS v3,2026-09-15
2026-12-01,MCI,PKB,26859.22,31637.79,36416.36,11.1,FP&A Baseline TS v3,2026-09-15
2027-01-01,MCI,PKB,18113.69,21729.47,25345.26,11.1,FP&A Baseline TS v3,2026-09-15
2027-02-01,MCI,PKB,26001.52,31777.38,37553.23,11.1,FP&A Baseline TS v3,2026-09-15
2027-03-01,MCI,PKB,20551.58,25597.32,30643.06,11.1,FP&A Baseline TS v3,2026-09-15
2027-04-01,MCI,PKB,24657.73,31310.61,37963.49,11.1,FP&A Baseline TS v3,2026-09-15
2027-05-01,MCI,PKB,21905.08,28368.57,34832.07,11.1,FP&A Baseline TS v3,2026-09-15
2027-06-01,MCI,PKB,19363.69,25586.27,31808.85,11.1,FP&A Baseline TS v3,2026-09-15
2027-07-01,MCI,PKB,22046.67,29734.94,37423.2,11.1,FP&A Baseline TS v3,2026-09-15
2027-08-01,MCI,PKB,17546.13,24165.56,30784.99,11.1,FP&A Baseline TS v3,2026-09-15
2027-09-01,MCI,PKB,14419.73,20288.9,26158.07,11.1,FP&A Baseline TS v3,2026-09-15
2027-10-01,MCI,PKB,15609.59,22448.21,29286.83,11.1,FP&A Baseline TS v3,2026-09-15
2027-11-01,MCI,PKB,19177.88,28202.76,37227.65,11.1,FP&A Baseline TS v3,2026-09-15
2027-12-01,MCI,PKB,23372.26,35165.3,46958.33,11.1,FP&A Baseline TS v3,2026-09-15
2026-09-01,MCI,RUN,61150.46,68321.48,75492.5,3.9,FP&A Baseline TS v3,2026-09-15
2026-10-01,MCI,RUN,57857.17,65770.7,73684.23,3.9,FP&A Baseline TS v3,2026-09-15
2026-11-01,MCI,RUN,62055.11,71796.45,81537.8,3.9,FP&A Baseline TS v3,2026-09-15
2026-12-01,MCI,RUN,88759.69,104551.08,120342.48,3.9,FP&A Baseline TS v3,2026-09-15
2027-01-01,MCI,RUN,58854.23,70602.49,82350.74,3.9,FP&A Baseline TS v3,2026-09-15
2027-02-01,MCI,RUN,62876.8,76843.96,90811.11,3.9,FP&A Baseline TS v3,2026-09-15
2027-03-01,MCI,RUN,69603.39,86692.14,103780.9,3.9,FP&A Baseline TS v3,2026-09-15
2027-04-01,MCI,RUN,70356.47,89339.28,108322.09,3.9,FP&A Baseline TS v3,2026-09-15
2027-05-01,MCI,RUN,67967.87,88023.04,108078.21,3.9,FP&A Baseline TS v3,2026-09-15
2027-06-01,MCI,RUN,62382.96,82429.92,102476.87,3.9,FP&A Baseline TS v3,2026-09-15
2027-07-01,MCI,RUN,57498.29,77549.49,97600.68,3.9,FP&A Baseline TS v3,2026-09-15
2027-08-01,MCI,RUN,62472.79,86041.2,109609.6,3.9,FP&A Baseline TS v3,2026-09-15
2027-09-01,MCI,RUN,50432.62,70959.9,91487.18,3.9,FP&A Baseline TS v3,2026-09-15
2027-10-01,MCI,RUN,47500.47,68310.61,89120.75,3.9,FP&A Baseline TS v3,2026-09-15
2027-11-01,MCI,RUN,50706.97,74569.07,98431.17,3.9,FP&A Baseline TS v3,2026-09-15
2027-12-01,MCI,RUN,72172.33,108588.6,145004.88,3.9,FP&A Baseline TS v3,2026-09-15
2026-09-01,MCI,SNW,32879.39,36735.11,40590.83,3.6,FP&A Baseline TS v3,2026-09-15
2026-10-01,MCI,SNW,40572.81,46122.24,51671.67,3.6,FP&A Baseline TS v3,2026-09-15
2026-11-01,MCI,SNW,65328.16,75583.3,85838.45,3.6,FP&A Baseline TS v3,2026-09-15
2026-12-01,MCI,SNW,70409.23,82935.86,95462.49,3.6,FP&A Baseline TS v3,2026-09-15
2027-01-01,MCI,SNW,40165.89,48183.65,56201.41,3.6,FP&A Baseline TS v3,2026-09-15
2027-02-01,MCI,SNW,32278.81,39449.08,46619.34,3.6,FP&A Baseline TS v3,2026-09-15
2027-03-01,MCI,SNW,20249.91,25221.59,30193.27,3.6,FP&A Baseline TS v3,2026-09-15
2027-04-01,MCI,SNW,11719.87,14882.0,18044.12,3.6,FP&A Baseline TS v3,2026-09-15
2027-05-01,MCI,SNW,4633.06,6000.13,7367.21,3.6,FP&A Baseline TS v3,2026-09-15
2027-06-01,MCI,SNW,5131.31,6780.27,8429.23,3.6,FP&A Baseline TS v3,2026-09-15
2027-07-01,MCI,SNW,9136.42,12322.53,15508.64,3.6,FP&A Baseline TS v3,2026-09-15
2027-08-01,MCI,SNW,23381.42,32202.26,41023.11,3.6,FP&A Baseline TS v3,2026-09-15
2027-09-01,MCI,SNW,27036.83,38041.46,49046.1,3.6,FP&A Baseline TS v3,2026-09-15
2027-10-01,MCI,SNW,33212.07,47762.41,62312.75,3.6,FP&A Baseline TS v3,2026-09-15
2027-11-01,MCI,SNW,53224.38,78271.15,103317.92,3.6,FP&A Baseline TS v3,2026-09-15
2027-12-01,MCI,SNW,57082.72,85885.17,114687.63,3.6,FP&A Baseline TS v3,2026-09-15
2026-09-01,MCI,SOC,37926.37,42373.94,46821.5,6.3,FP&A Baseline TS v3,2026-09-15
2026-10-01,MCI,SOC,32713.19,37187.6,41662.01,6.3,FP&A Baseline TS v3,2026-09-15
2026-11-01,MCI,SOC,40070.4,46360.61,52650.82,6.3,FP&A Baseline TS v3,2026-09-15
2026-12-01,MCI,SOC,42334.59,49866.41,57398.23,6.3,FP&A Baseline TS v3,2026-09-15
2027-01-01,MCI,SOC,23867.12,28631.38,33395.64,6.3,FP&A Baseline TS v3,2026-09-15
2027-02-01,MCI,SOC,26735.41,32674.29,38613.17,6.3,FP&A Baseline TS v3,2026-09-15
2027-03-01,MCI,SOC,27163.33,33832.36,40501.4,6.3,FP&A Baseline TS v3,2026-09-15
2027-04-01,MCI,SOC,27384.81,34773.47,42162.14,6.3,FP&A Baseline TS v3,2026-09-15
2027-05-01,MCI,SOC,35427.76,45881.37,56334.98,6.3,FP&A Baseline TS v3,2026-09-15
2027-06-01,MCI,SOC,37177.38,49124.44,61071.51,6.3,FP&A Baseline TS v3,2026-09-15
2027-07-01,MCI,SOC,55534.66,74901.09,94267.51,6.3,FP&A Baseline TS v3,2026-09-15
2027-08-01,MCI,SOC,42080.8,57956.15,73831.5,6.3,FP&A Baseline TS v3,2026-09-15
2027-09-01,MCI,SOC,32025.47,45060.6,58095.74,6.3,FP&A Baseline TS v3,2026-09-15
2027-10-01,MCI,SOC,27498.32,39545.44,51592.56,6.3,FP&A Baseline TS v3,2026-09-15
2027-11-01,MCI,SOC,33524.03,49300.05,65076.07,6.3,FP&A Baseline TS v3,2026-09-15
2027-12-01,MCI,SOC,35244.61,53028.13,70811.64,6.3,FP&A Baseline TS v3,2026-09-15
2026-09-01,MCI,TEN,12742.81,14237.14,15731.48,2.1,FP&A Baseline TS v3,2026-09-15
2026-10-01,MCI,TEN,14348.58,16311.14,18273.7,2.1,FP&A Baseline TS v3,2026-09-15
2026-11-01,MCI,TEN,15355.43,17765.91,20176.39,2.1,FP&A Baseline TS v3,2026-09-15
2026-12-01,MCI,TEN,18757.85,22095.09,25432.34,2.1,FP&A Baseline TS v3,2026-09-15
2027-01-01,MCI,TEN,10769.13,12918.82,15068.51,2.1,FP&A Baseline TS v3,2026-09-15
2027-02-01,MCI,TEN,14943.01,18262.38,21581.75,2.1,FP&A Baseline TS v3,2026-09-15
2027-03-01,MCI,TEN,18610.33,23179.47,27748.61,2.1,FP&A Baseline TS v3,2026-09-15
2027-04-01,MCI,TEN,21169.41,26881.1,32592.8,2.1,FP&A Baseline TS v3,2026-09-15
2027-05-01,MCI,TEN,19643.82,25440.09,31236.35,2.1,FP&A Baseline TS v3,2026-09-15
2027-06-01,MCI,TEN,18912.64,24990.27,31067.91,2.1,FP&A Baseline TS v3,2026-09-15
2027-07-01,MCI,TEN,14183.86,19130.15,24076.45,2.1,FP&A Baseline TS v3,2026-09-15
2027-08-01,MCI,TEN,14238.35,19609.89,24981.43,2.1,FP&A Baseline TS v3,2026-09-15
2027-09-01,MCI,TEN,10328.25,14532.09,18735.93,2.1,FP&A Baseline TS v3,2026-09-15
2027-10-01,MCI,TEN,11577.08,16649.05,21721.02,2.1,FP&A Baseline TS v3,2026-09-15
2027-11-01,MCI,TEN,12331.09,18133.96,23936.83,2.1,FP&A Baseline TS v3,2026-09-15
2027-12-01,MCI,TEN,14989.51,22552.83,30116.15,2.1,FP&A Baseline TS v3,2026-09-15
2026-09-01,MCI,VOL,15656.27,17492.25,19328.24,4.4,FP&A Baseline TS v3,2026-09-15
2026-10-01,MCI,VOL,12233.48,13906.74,15579.99,4.4,FP&A Baseline TS v3,2026-09-15
2026-11-01,MCI,VOL,12277.76,14205.1,16132.45,4.4,FP&A Baseline TS v3,2026-09-15
2026-12-01,MCI,VOL,12302.79,14491.6,16680.41,4.4,FP&A Baseline TS v3,2026-09-15
2027-01-01,MCI,VOL,7394.24,8870.25,10346.26,4.4,FP&A Baseline TS v3,2026-09-15
2027-02-01,MCI,VOL,7651.53,9351.21,11050.88,4.4,FP&A Baseline TS v3,2026-09-15
2027-03-01,MCI,VOL,10343.6,12883.13,15422.65,4.4,FP&A Baseline TS v3,2026-09-15
2027-04-01,MCI,VOL,10562.51,13412.38,16262.24,4.4,FP&A Baseline TS v3,2026-09-15
2027-05-01,MCI,VOL,11979.6,15514.4,19049.21,4.4,FP&A Baseline TS v3,2026-09-15
2027-06-01,MCI,VOL,13785.0,18214.85,22644.7,4.4,FP&A Baseline TS v3,2026-09-15
2027-07-01,MCI,VOL,12890.63,17385.94,21881.25,4.4,FP&A Baseline TS v3,2026-09-15
2027-08-01,MCI,VOL,12701.24,17492.89,22284.54,4.4,FP&A Baseline TS v3,2026-09-15
2027-09-01,MCI,VOL,12973.67,18254.26,23534.85,4.4,FP&A Baseline TS v3,2026-09-15
2027-10-01,MCI,VOL,10091.44,14512.55,18933.65,4.4,FP&A Baseline TS v3,2026-09-15
2027-11-01,MCI,VOL,10080.26,14823.91,19567.56,4.4,FP&A Baseline TS v3,2026-09-15
2027-12-01,MCI,VOL,10051.28,15122.89,20194.5,4.4,FP&A Baseline TS v3,2026-09-15
2026-09-01,MIA,BSB,309475.36,345767.07,382058.78,0.3,FP&A Baseline TS v3,2026-09-15
2026-10-01,MIA,BSB,370394.12,421055.53,471716.93,0.3,FP&A Baseline TS v3,2026-09-15
2026-11-01,MIA,BSB,544595.86,630085.91,715575.97,0.3,FP&A Baseline TS v3,2026-09-15
2026-12-01,MIA,BSB,856316.19,1008664.94,1161013.7,0.3,FP&A Baseline TS v3,2026-09-15
2027-01-01,MIA,BSB,557435.4,668708.49,779981.58,0.3,FP&A Baseline TS v3,2026-09-15
2027-02-01,MIA,BSB,676456.78,826721.72,976986.66,0.3,FP&A Baseline TS v3,2026-09-15
2027-03-01,MIA,BSB,642943.44,800796.43,958649.42,0.3,FP&A Baseline TS v3,2026-09-15
2027-04-01,MIA,BSB,636974.25,808835.65,980697.05,0.3,FP&A Baseline TS v3,2026-09-15
2027-05-01,MIA,BSB,482963.73,625471.06,767978.39,0.3,FP&A Baseline TS v3,2026-09-15
2027-06-01,MIA,BSB,392701.27,518897.02,645092.78,0.3,FP&A Baseline TS v3,2026-09-15
2027-07-01,MIA,BSB,307451.3,414667.81,521884.32,0.3,FP&A Baseline TS v3,2026-09-15
2027-08-01,MIA,BSB,255981.9,352553.3,449124.69,0.3,FP&A Baseline TS v3,2026-09-15
2027-09-01,MIA,BSB,246407.15,346700.75,446994.34,0.3,FP&A Baseline TS v3,2026-09-15
2027-10-01,MIA,BSB,293575.78,422192.5,550809.23,0.3,FP&A Baseline TS v3,2026-09-15
2027-11-01,MIA,BSB,429615.39,631787.33,833959.28,0.3,FP&A Baseline TS v3,2026-09-15
2027-12-01,MIA,BSB,672209.35,1011388.65,1350567.94,0.3,FP&A Baseline TS v3,2026-09-15
2026-09-01,MIA,BSK,439955.33,491548.23,543141.13,1.2,FP&A Baseline TS v3,2026-09-15
2026-10-01,MIA,BSK,453301.99,515303.29,577304.58,1.2,FP&A Baseline TS v3,2026-09-15
2026-11-01,MIA,BSK,532509.13,616101.82,699694.52,1.2,FP&A Baseline TS v3,2026-09-15
2026-12-01,MIA,BSK,612132.25,721037.8,829943.35,1.2,FP&A Baseline TS v3,2026-09-15
2027-01-01,MIA,BSK,321252.7,385379.92,449507.14,1.2,FP&A Baseline TS v3,2026-09-15
2027-02-01,MIA,BSK,351476.6,429551.96,507627.33,1.2,FP&A Baseline TS v3,2026-09-15
2027-03-01,MIA,BSK,283625.85,353260.58,422895.31,1.2,FP&A Baseline TS v3,2026-09-15
2027-04-01,MIA,BSK,262671.6,333542.77,404413.94,1.2,FP&A Baseline TS v3,2026-09-15
2027-05-01,MIA,BSK,254970.25,330203.9,405437.56,1.2,FP&A Baseline TS v3,2026-09-15
2027-06-01,MIA,BSK,278028.89,367374.33,456719.77,1.2,FP&A Baseline TS v3,2026-09-15
2027-07-01,MIA,BSK,324437.05,437576.95,550716.84,1.2,FP&A Baseline TS v3,2026-09-15
2027-08-01,MIA,BSK,312499.34,430392.44,548285.53,1.2,FP&A Baseline TS v3,2026-09-15
2027-09-01,MIA,BSK,353504.85,497389.76,641274.67,1.2,FP&A Baseline TS v3,2026-09-15
2027-10-01,MIA,BSK,362579.56,521427.12,680274.67,1.2,FP&A Baseline TS v3,2026-09-15
2027-11-01,MIA,BSK,423928.01,623423.54,822919.07,1.2,FP&A Baseline TS v3,2026-09-15
2027-12-01,MIA,BSK,484925.71,729606.57,974287.43,1.2,FP&A Baseline TS v3,2026-09-15
2026-09-01,MIA,CLM,98714.46,110290.55,121866.65,2.5,FP&A Baseline TS v3,2026-09-15
2026-10-01,MIA,CLM,108276.26,123085.96,137895.67,2.5,FP&A Baseline TS v3,2026-09-15
2026-11-01,MIA,CLM,132658.65,153483.26,174307.87,2.5,FP&A Baseline TS v3,2026-09-15
2026-12-01,MIA,CLM,164737.69,194046.46,223355.24,2.5,FP&A Baseline TS v3,2026-09-15
2027-01-01,MIA,CLM,95136.6,114127.4,133118.2,2.5,FP&A Baseline TS v3,2026-09-15
2027-02-01,MIA,CLM,106739.59,130450.23,154160.86,2.5,FP&A Baseline TS v3,2026-09-15
2027-03-01,MIA,CLM,104297.18,129903.82,155510.46,2.5,FP&A Baseline TS v3,2026-09-15
2027-04-01,MIA,CLM,105936.74,134519.43,163102.12,2.5,FP&A Baseline TS v3,2026-09-15
2027-05-01,MIA,CLM,81518.56,105572.1,129625.65,2.5,FP&A Baseline TS v3,2026-09-15
2027-06-01,MIA,CLM,81949.27,108283.92,134618.57,2.5,FP&A Baseline TS v3,2026-09-15
2027-07-01,MIA,CLM,79355.03,107028.25,134701.48,2.5,FP&A Baseline TS v3,2026-09-15
2027-08-01,MIA,CLM,83909.89,115565.63,147221.37,2.5,FP&A Baseline TS v3,2026-09-15
2027-09-01,MIA,CLM,80364.46,113074.72,145784.97,2.5,FP&A Baseline TS v3,2026-09-15
2027-10-01,MIA,CLM,87749.66,126193.14,164636.61,2.5,FP&A Baseline TS v3,2026-09-15
2027-11-01,MIA,CLM,107003.29,157357.78,207712.27,2.5,FP&A Baseline TS v3,2026-09-15
2027-12-01,MIA,CLM,132226.78,198944.96,265663.14,2.5,FP&A Baseline TS v3,2026-09-15
2026-09-01,MIA,CYC,365199.06,408025.41,450851.76,1.6,FP&A Baseline TS v3,2026-09-15
2026-10-01,MIA,CYC,314296.31,357284.82,400273.33,1.6,FP&A Baseline TS v3,2026-09-15
2026-11-01,MIA,CYC,375667.74,434639.64,493611.55,1.6,FP&A Baseline TS v3,2026-09-15
2026-12-01,MIA,CYC,499803.52,588724.46,677645.41,1.6,FP&A Baseline TS v3,2026-09-15
2027-01-01,MIA,CYC,339128.69,406824.24,474519.8,1.6,FP&A Baseline TS v3,2026-09-15
2027-02-01,MIA,CYC,469723.43,574065.6,678407.76,1.6,FP&A Baseline TS v3,2026-09-15
2027-03-01,MIA,CYC,599668.94,746897.35,894125.75,1.6,FP&A Baseline TS v3,2026-09-15
2027-04-01,MIA,CYC,597402.9,758587.59,919772.28,1.6,FP&A Baseline TS v3,2026-09-15
2027-05-01,MIA,CYC,566190.35,733255.22,900320.09,1.6,FP&A Baseline TS v3,2026-09-15
2027-06-01,MIA,CYC,508784.55,672284.02,835783.5,1.6,FP&A Baseline TS v3,2026-09-15
2027-07-01,MIA,CYC,463167.91,624686.97,786206.04,1.6,FP&A Baseline TS v3,2026-09-15
2027-08-01,MIA,CYC,382680.18,527049.61,671419.04,1.6,FP&A Baseline TS v3,2026-09-15
2027-09-01,MIA,CYC,294535.03,414417.82,534300.6,1.6,FP&A Baseline TS v3,2026-09-15
2027-10-01,MIA,CYC,252333.83,362882.29,473430.76,1.6,FP&A Baseline TS v3,2026-09-15
2027-11-01,MIA,CYC,300185.33,441449.01,582712.69,1.6,FP&A Baseline TS v3,2026-09-15
2027-12-01,MIA,CYC,397420.04,597947.83,798475.61,1.6,FP&A Baseline TS v3,2026-09-15
2026-09-01,MIA,FTB,291349.71,325515.86,359682.0,-0.7,FP&A Baseline TS v3,2026-09-15
2026-10-01,MIA,FTB,239397.9,272142.03,304886.16,-0.7,FP&A Baseline TS v3,2026-09-15
2026-11-01,MIA,FTB,210482.72,243524.07,276565.41,-0.7,FP&A Baseline TS v3,2026-09-15
2026-12-01,MIA,FTB,176579.98,207995.65,239411.31,-0.7,FP&A Baseline TS v3,2026-09-15
2027-01-01,MIA,FTB,87279.69,104702.13,122124.56,-0.7,FP&A Baseline TS v3,2026-09-15
2027-02-01,MIA,FTB,93578.05,114365.04,135152.03,-0.7,FP&A Baseline TS v3,2026-09-15
2027-03-01,MIA,FTB,114601.43,142737.93,170874.43,-0.7,FP&A Baseline TS v3,2026-09-15
2027-04-01,MIA,FTB,167263.27,212392.41,257521.55,-0.7,FP&A Baseline TS v3,2026-09-15
2027-05-01,MIA,FTB,211615.88,274057.04,336498.19,-0.7,FP&A Baseline TS v3,2026-09-15
2027-06-01,MIA,FTB,266533.68,352185.1,437836.52,-0.7,FP&A Baseline TS v3,2026-09-15
2027-07-01,MIA,FTB,277876.45,374779.42,471682.39,-0.7,FP&A Baseline TS v3,2026-09-15
2027-08-01,MIA,FTB,273048.82,376058.86,479068.9,-0.7,FP&A Baseline TS v3,2026-09-15
2027-09-01,MIA,FTB,229634.68,323101.48,416568.27,-0.7,FP&A Baseline TS v3,2026-09-15
2027-10-01,MIA,FTB,187833.09,270123.53,352413.96,-0.7,FP&A Baseline TS v3,2026-09-15
2027-11-01,MIA,FTB,164368.12,241717.83,319067.53,-0.7,FP&A Baseline TS v3,2026-09-15
2027-12-01,MIA,FTB,137216.87,206452.92,275688.98,-0.7,FP&A Baseline TS v3,2026-09-15
2026-09-01,MIA,GLF,510857.24,570764.7,630672.16,-3.1,FP&A Baseline TS v3,2026-09-15
2026-10-01,MIA,GLF,422978.85,480832.63,538686.41,-3.1,FP&A Baseline TS v3,2026-09-15
2026-11-01,MIA,GLF,458007.67,529905.21,601802.75,-3.1,FP&A Baseline TS v3,2026-09-15
2026-12-01,MIA,GLF,687625.36,809962.03,932298.69,-3.1,FP&A Baseline TS v3,2026-09-15
2027-01-01,MIA,GLF,495057.23,593878.63,692700.04,-3.1,FP&A Baseline TS v3,2026-09-15
2027-02-01,MIA,GLF,663939.87,811424.36,958908.85,-3.1,FP&A Baseline TS v3,2026-09-15
2027-03-01,MIA,GLF,772831.21,962573.75,1152316.28,-3.1,FP&A Baseline TS v3,2026-09-15
2027-04-01,MIA,GLF,745206.6,946270.07,1147333.53,-3.1,FP&A Baseline TS v3,2026-09-15
2027-05-01,MIA,GLF,720139.64,932630.07,1145120.51,-3.1,FP&A Baseline TS v3,2026-09-15
2027-06-01,MIA,GLF,702860.38,928726.71,1154593.05,-3.1,FP&A Baseline TS v3,2026-09-15
2027-07-01,MIA,GLF,559650.99,754816.29,949981.59,-3.1,FP&A Baseline TS v3,2026-09-15
2027-08-01,MIA,GLF,510264.46,702766.16,895267.87,-3.1,FP&A Baseline TS v3,2026-09-15
2027-09-01,MIA,GLF,392929.0,552860.48,712791.97,-3.1,FP&A Baseline TS v3,2026-09-15
2027-10-01,MIA,GLF,323863.56,465749.48,607635.4,-3.1,FP&A Baseline TS v3,2026-09-15
2027-11-01,MIA,GLF,349032.24,513282.71,677533.18,-3.1,FP&A Baseline TS v3,2026-09-15
2027-12-01,MIA,GLF,521446.28,784554.47,1047662.66,-3.1,FP&A Baseline TS v3,2026-09-15
2026-09-01,MIA,HKY,94658.69,105759.17,116859.65,1.5,FP&A Baseline TS v3,2026-09-15
2026-10-01,MIA,HKY,84567.67,96134.58,107701.5,1.5,FP&A Baseline TS v3,2026-09-15
2026-11-01,MIA,HKY,91978.56,106417.26,120855.95,1.5,FP&A Baseline TS v3,2026-09-15
2026-12-01,MIA,HKY,109040.1,128439.62,147839.14,1.5,FP&A Baseline TS v3,2026-09-15
2027-01-01,MIA,HKY,47946.31,57517.17,67088.03,1.5,FP&A Baseline TS v3,2026-09-15
2027-02-01,MIA,HKY,44087.93,53881.41,63674.9,1.5,FP&A Baseline TS v3,2026-09-15
2027-03-01,MIA,HKY,31743.53,39537.07,47330.62,1.5,FP&A Baseline TS v3,2026-09-15
2027-04-01,MIA,HKY,33243.2,42212.51,51181.83,1.5,FP&A Baseline TS v3,2026-09-15
2027-05-01,MIA,HKY,38073.61,49307.93,60542.25,1.5,FP&A Baseline TS v3,2026-09-15
2027-06-01,MIA,HKY,47532.44,62807.13,78081.82,1.5,FP&A Baseline TS v3,2026-09-15
2027-07-01,MIA,HKY,59077.85,79679.88,100281.9,1.5,FP&A Baseline TS v3,2026-09-15
2027-08-01,MIA,HKY,73597.07,101362.2,129127.34,1.5,FP&A Baseline TS v3,2026-09-15
2027-09-01,MIA,HKY,76326.51,107393.22,138459.93,1.5,FP&A Baseline TS v3,2026-09-15
2027-10-01,MIA,HKY,67880.99,97619.92,127358.86,1.5,FP&A Baseline TS v3,2026-09-15
2027-11-01,MIA,HKY,73481.8,108061.47,142641.14,1.5,FP&A Baseline TS v3,2026-09-15
2027-12-01,MIA,HKY,86685.07,130424.09,174163.12,1.5,FP&A Baseline TS v3,2026-09-15
2026-09-01,MIA,LAX,97226.15,108627.71,120029.28,4.2,FP&A Baseline TS v3,2026-09-15
2026-10-01,MIA,LAX,115183.16,130937.57,146691.98,4.2,FP&A Baseline TS v3,2026-09-15
2026-11-01,MIA,LAX,193378.07,223734.34,254090.62,4.2,FP&A Baseline TS v3,2026-09-15
2026-12-01,MIA,LAX,251927.51,296748.38,341569.26,4.2,FP&A Baseline TS v3,2026-09-15
2027-01-01,MIA,LAX,175912.24,211027.16,246142.07,4.2,FP&A Baseline TS v3,2026-09-15
2027-02-01,MIA,LAX,182470.96,223004.21,263537.45,4.2,FP&A Baseline TS v3,2026-09-15
2027-03-01,MIA,LAX,188323.12,234559.49,280795.86,4.2,FP&A Baseline TS v3,2026-09-15
2027-04-01,MIA,LAX,142244.09,180622.83,219001.56,4.2,FP&A Baseline TS v3,2026-09-15
2027-05-01,MIA,LAX,107934.65,139782.75,171630.85,4.2,FP&A Baseline TS v3,2026-09-15
2027-06-01,MIA,LAX,82393.36,108870.71,135348.07,4.2,FP&A Baseline TS v3,2026-09-15
2027-07-01,MIA,LAX,66228.16,89323.69,112419.23,4.2,FP&A Baseline TS v3,2026-09-15
2027-08-01,MIA,LAX,69131.71,95212.25,121292.79,4.2,FP&A Baseline TS v3,2026-09-15
2027-09-01,MIA,LAX,80436.76,113176.45,145916.13,4.2,FP&A Baseline TS v3,2026-09-15
2027-10-01,MIA,LAX,94861.37,136420.52,177979.67,4.2,FP&A Baseline TS v3,2026-09-15
2027-11-01,MIA,LAX,158510.12,233103.11,307696.11,4.2,FP&A Baseline TS v3,2026-09-15
2027-12-01,MIA,LAX,205489.79,309174.58,412859.37,4.2,FP&A Baseline TS v3,2026-09-15
2026-09-01,MIA,PKB,542957.1,606628.87,670300.63,11.2,FP&A Baseline TS v3,2026-09-15
2026-10-01,MIA,PKB,526154.54,598120.39,670086.23,11.2,FP&A Baseline TS v3,2026-09-15
2026-11-01,MIA,PKB,622034.91,719681.26,817327.61,11.2,FP&A Baseline TS v3,2026-09-15
2026-12-01,MIA,PKB,844852.11,995161.27,1145470.43,11.2,FP&A Baseline TS v3,2026-09-15
2027-01-01,MIA,PKB,626423.7,751467.97,876512.24,11.2,FP&A Baseline TS v3,2026-09-15
2027-02-01,MIA,PKB,677833.65,828404.44,978975.23,11.2,FP&A Baseline TS v3,2026-09-15
2027-03-01,MIA,PKB,695993.12,866870.66,1037748.21,11.2,FP&A Baseline TS v3,2026-09-15
2027-04-01,MIA,PKB,720209.12,914528.03,1108846.95,11.2,FP&A Baseline TS v3,2026-09-15
2027-05-01,MIA,PKB,658533.8,852846.3,1047158.8,11.2,FP&A Baseline TS v3,2026-09-15
2027-06-01,MIA,PKB,689020.32,910439.11,1131857.9,11.2,FP&A Baseline TS v3,2026-09-15
2027-07-01,MIA,PKB,559835.53,755065.19,950294.85,11.2,FP&A Baseline TS v3,2026-09-15
2027-08-01,MIA,PKB,516796.96,711763.11,906729.27,11.2,FP&A Baseline TS v3,2026-09-15
2027-09-01,MIA,PKB,479377.12,674495.05,869612.97,11.2,FP&A Baseline TS v3,2026-09-15
2027-10-01,MIA,PKB,462438.52,665034.69,867630.86,11.2,FP&A Baseline TS v3,2026-09-15
2027-11-01,MIA,PKB,544132.66,800195.09,1056257.53,11.2,FP&A Baseline TS v3,2026-09-15
2027-12-01,MIA,PKB,735420.33,1106494.24,1477568.15,11.2,FP&A Baseline TS v3,2026-09-15
2026-09-01,MIA,RUN,861962.88,963043.97,1064125.07,1.1,FP&A Baseline TS v3,2026-09-15
2026-10-01,MIA,RUN,924090.71,1050485.07,1176879.44,1.1,FP&A Baseline TS v3,2026-09-15
2026-11-01,MIA,RUN,1078237.59,1247498.14,1416758.68,1.1,FP&A Baseline TS v3,2026-09-15
2026-12-01,MIA,RUN,1301091.17,1532570.64,1764050.11,1.1,FP&A Baseline TS v3,2026-09-15
2027-01-01,MIA,RUN,841366.74,1009317.1,1177267.47,1.1,FP&A Baseline TS v3,2026-09-15
2027-02-01,MIA,RUN,1088170.2,1329891.23,1571612.25,1.1,FP&A Baseline TS v3,2026-09-15
2027-03-01,MIA,RUN,1082573.51,1348362.79,1614152.06,1.1,FP&A Baseline TS v3,2026-09-15
2027-04-01,MIA,RUN,1060293.05,1346369.68,1632446.31,1.1,FP&A Baseline TS v3,2026-09-15
2027-05-01,MIA,RUN,996355.66,1290348.71,1584341.77,1.1,FP&A Baseline TS v3,2026-09-15
2027-06-01,MIA,RUN,873833.8,1154642.97,1435452.14,1.1,FP&A Baseline TS v3,2026-09-15
2027-07-01,MIA,RUN,794135.08,1071071.27,1348007.46,1.1,FP&A Baseline TS v3,2026-09-15
2027-08-01,MIA,RUN,759768.12,1046397.25,1333026.39,1.1,FP&A Baseline TS v3,2026-09-15
2027-09-01,MIA,RUN,691965.32,973611.71,1255258.11,1.1,FP&A Baseline TS v3,2026-09-15
2027-10-01,MIA,RUN,738480.89,1062012.33,1385543.76,1.1,FP&A Baseline TS v3,2026-09-15
2027-11-01,MIA,RUN,857607.34,1261187.27,1664767.19,1.1,FP&A Baseline TS v3,2026-09-15
2027-12-01,MIA,RUN,1029785.21,1549387.95,2068990.69,1.1,FP&A Baseline TS v3,2026-09-15
2026-09-01,MIA,SNW,159363.65,178051.99,196740.32,0.5,FP&A Baseline TS v3,2026-09-15
2026-10-01,MIA,SNW,186290.59,211770.86,237251.13,0.5,FP&A Baseline TS v3,2026-09-15
2026-11-01,MIA,SNW,239975.57,277646.67,315317.77,0.5,FP&A Baseline TS v3,2026-09-15
2026-12-01,MIA,SNW,314911.06,370937.45,426963.84,0.5,FP&A Baseline TS v3,2026-09-15
2027-01-01,MIA,SNW,145797.09,174900.54,204003.99,0.5,FP&A Baseline TS v3,2026-09-15
2027-02-01,MIA,SNW,136267.23,166536.99,196806.76,0.5,FP&A Baseline TS v3,2026-09-15
2027-03-01,MIA,SNW,85826.76,106898.61,127970.47,0.5,FP&A Baseline TS v3,2026-09-15
2027-04-01,MIA,SNW,45338.01,57570.62,69803.22,0.5,FP&A Baseline TS v3,2026-09-15
2027-05-01,MIA,SNW,19683.73,25491.77,31299.82,0.5,FP&A Baseline TS v3,2026-09-15
2027-06-01,MIA,SNW,18723.31,24740.1,30756.89,0.5,FP&A Baseline TS v3,2026-09-15
2027-07-01,MIA,SNW,40168.68,54176.58,68184.47,0.5,FP&A Baseline TS v3,2026-09-15
2027-08-01,MIA,SNW,80403.45,110736.36,141069.26,0.5,FP&A Baseline TS v3,2026-09-15
2027-09-01,MIA,SNW,127194.67,178965.93,230737.2,0.5,FP&A Baseline TS v3,2026-09-15
2027-10-01,MIA,SNW,148012.86,212857.88,277702.91,0.5,FP&A Baseline TS v3,2026-09-15
2027-11-01,MIA,SNW,189768.85,279071.84,368374.83,0.5,FP&A Baseline TS v3,2026-09-15
2027-12-01,MIA,SNW,247805.36,372841.48,497877.6,0.5,FP&A Baseline TS v3,2026-09-15
2026-09-01,MIA,SOC,646222.1,722003.59,797785.09,4.3,FP&A Baseline TS v3,2026-09-15
2026-10-01,MIA,SOC,549616.85,624791.8,699966.75,4.3,FP&A Baseline TS v3,2026-09-15
2026-11-01,MIA,SOC,561974.01,650192.07,738410.13,4.3,FP&A Baseline TS v3,2026-09-15
2026-12-01,MIA,SOC,629870.04,741931.35,853992.66,4.3,FP&A Baseline TS v3,2026-09-15
2027-01-01,MIA,SOC,331569.0,397755.52,463942.03,4.3,FP&A Baseline TS v3,2026-09-15
2027-02-01,MIA,SOC,361044.39,441245.09,521445.8,4.3,FP&A Baseline TS v3,2026-09-15
2027-03-01,MIA,SOC,403379.9,502416.18,601452.46,4.3,FP&A Baseline TS v3,2026-09-15
2027-04-01,MIA,SOC,452699.74,574842.21,696984.69,4.3,FP&A Baseline TS v3,2026-09-15
2027-05-01,MIA,SOC,491989.91,637160.58,782331.24,4.3,FP&A Baseline TS v3,2026-09-15
2027-06-01,MIA,SOC,667297.3,881735.34,1096173.37,4.3,FP&A Baseline TS v3,2026-09-15
2027-07-01,MIA,SOC,638713.2,861449.61,1084186.03,4.3,FP&A Baseline TS v3,2026-09-15
2027-08-01,MIA,SOC,582640.75,802447.04,1022253.33,4.3,FP&A Baseline TS v3,2026-09-15
2027-09-01,MIA,SOC,535423.94,753354.25,971284.57,4.3,FP&A Baseline TS v3,2026-09-15
2027-10-01,MIA,SOC,453320.03,651921.35,850522.68,4.3,FP&A Baseline TS v3,2026-09-15
2027-11-01,MIA,SOC,461328.69,678424.55,895520.41,4.3,FP&A Baseline TS v3,2026-09-15
2027-12-01,MIA,SOC,514529.26,774147.31,1033765.35,4.3,FP&A Baseline TS v3,2026-09-15
2026-09-01,MIA,TEN,188528.94,210637.44,232745.95,-0.7,FP&A Baseline TS v3,2026-09-15
2026-10-01,MIA,TEN,172153.33,195699.95,219246.57,-0.7,FP&A Baseline TS v3,2026-09-15
2026-11-01,MIA,TEN,174495.15,201887.21,229279.27,-0.7,FP&A Baseline TS v3,2026-09-15
2026-12-01,MIA,TEN,246373.43,290206.17,334038.9,-0.7,FP&A Baseline TS v3,2026-09-15
2027-01-01,MIA,TEN,162946.54,195473.29,228000.05,-0.7,FP&A Baseline TS v3,2026-09-15
2027-02-01,MIA,TEN,221742.56,270999.41,320256.27,-0.7,FP&A Baseline TS v3,2026-09-15
2027-03-01,MIA,TEN,219631.49,273554.57,327477.65,-0.7,FP&A Baseline TS v3,2026-09-15
2027-04-01,MIA,TEN,231498.1,293958.37,356418.64,-0.7,FP&A Baseline TS v3,2026-09-15
2027-05-01,MIA,TEN,238548.78,308936.98,379325.18,-0.7,FP&A Baseline TS v3,2026-09-15
2027-06-01,MIA,TEN,192464.75,254313.89,316163.02,-0.7,FP&A Baseline TS v3,2026-09-15
2027-07-01,MIA,TEN,192806.43,260043.2,327279.97,-0.7,FP&A Baseline TS v3,2026-09-15
2027-08-01,MIA,TEN,166457.25,229254.69,292052.14,-0.7,FP&A Baseline TS v3,2026-09-15
2027-09-01,MIA,TEN,148637.82,209136.96,269636.1,-0.7,FP&A Baseline TS v3,2026-09-15
2027-10-01,MIA,TEN,135112.54,194305.88,253499.22,-0.7,FP&A Baseline TS v3,2026-09-15
2027-11-01,MIA,TEN,136305.36,200449.07,264592.77,-0.7,FP&A Baseline TS v3,2026-09-15
2027-12-01,MIA,TEN,191508.62,288138.88,384769.13,-0.7,FP&A Baseline TS v3,2026-09-15
2026-09-01,MIA,VOL,200634.42,224162.52,247690.61,5.8,FP&A Baseline TS v3,2026-09-15
2026-10-01,MIA,VOL,168964.32,192074.75,215185.19,5.8,FP&A Baseline TS v3,2026-09-15
2026-11-01,MIA,VOL,160577.3,185784.54,210991.79,5.8,FP&A Baseline TS v3,2026-09-15
2026-12-01,MIA,VOL,179311.02,211212.56,243114.11,5.8,FP&A Baseline TS v3,2026-09-15
2027-01-01,MIA,VOL,92668.03,111166.07,129664.1,5.8,FP&A Baseline TS v3,2026-09-15
2027-02-01,MIA,VOL,105438.68,128860.33,152281.99,5.8,FP&A Baseline TS v3,2026-09-15
2027-03-01,MIA,VOL,117566.96,146431.55,175296.14,5.8,FP&A Baseline TS v3,2026-09-15
2027-04-01,MIA,VOL,132387.68,168107.07,203826.46,5.8,FP&A Baseline TS v3,2026-09-15
2027-05-01,MIA,VOL,159963.48,207163.65,254363.82,5.8,FP&A Baseline TS v3,2026-09-15
2027-06-01,MIA,VOL,166062.08,219426.63,272791.19,5.8,FP&A Baseline TS v3,2026-09-15
2027-07-01,MIA,VOL,183875.28,247997.52,312119.75,5.8,FP&A Baseline TS v3,2026-09-15
2027-08-01,MIA,VOL,175154.68,241233.31,307311.93,5.8,FP&A Baseline TS v3,2026-09-15
2027-09-01,MIA,VOL,168494.98,237076.46,305657.94,5.8,FP&A Baseline TS v3,2026-09-15
2027-10-01,MIA,VOL,141255.52,203140.13,265024.74,5.8,FP&A Baseline TS v3,2026-09-15
2027-11-01,MIA,VOL,133611.53,196487.55,259363.56,5.8,FP&A Baseline TS v3,2026-09-15
2027-12-01,MIA,VOL,148467.59,223380.47,298293.34,5.8,FP&A Baseline TS v3,2026-09-15
2026-09-01,MSP,BSB,136232.5,152208.28,168184.06,-0.1,FP&A Baseline TS v3,2026-09-15
2026-10-01,MSP,BSB,163068.95,185373.03,207677.12,-0.1,FP&A Baseline TS v3,2026-09-15
2026-11-01,MSP,BSB,232367.02,268843.74,305320.46,-0.1,FP&A Baseline TS v3,2026-09-15
2026-12-01,MSP,BSB,353196.39,416034.19,478872.0,-0.1,FP&A Baseline TS v3,2026-09-15
2027-01-01,MSP,BSB,245418.54,294408.04,343397.54,-0.1,FP&A Baseline TS v3,2026-09-15
2027-02-01,MSP,BSB,306778.82,374925.24,443071.65,-0.1,FP&A Baseline TS v3,2026-09-15
2027-03-01,MSP,BSB,323902.62,403425.94,482949.26,-0.1,FP&A Baseline TS v3,2026-09-15
2027-04-01,MSP,BSB,294896.94,374462.79,454028.65,-0.1,FP&A Baseline TS v3,2026-09-15
2027-05-01,MSP,BSB,240887.21,311965.4,383043.6,-0.1,FP&A Baseline TS v3,2026-09-15
2027-06-01,MSP,BSB,188073.23,248511.14,308949.05,-0.1,FP&A Baseline TS v3,2026-09-15
2027-07-01,MSP,BSB,142330.89,191965.48,241600.08,-0.1,FP&A Baseline TS v3,2026-09-15
2027-08-01,MSP,BSB,118604.37,163348.9,208093.44,-0.1,FP&A Baseline TS v3,2026-09-15
2027-09-01,MSP,BSB,108121.2,152129.11,196137.02,-0.1,FP&A Baseline TS v3,2026-09-15
2027-10-01,MSP,BSB,128833.95,185276.61,241719.28,-0.1,FP&A Baseline TS v3,2026-09-15
2027-11-01,MSP,BSB,182718.65,268703.9,354689.15,-0.1,FP&A Baseline TS v3,2026-09-15
2027-12-01,MSP,BSB,276369.14,415817.8,555266.46,-0.1,FP&A Baseline TS v3,2026-09-15
2026-09-01,MSP,BSK,278006.75,310608.18,343209.62,3.4,FP&A Baseline TS v3,2026-09-15
2026-10-01,MSP,BSK,277524.69,315483.69,353442.69,3.4,FP&A Baseline TS v3,2026-09-15
2026-11-01,MSP,BSK,343634.92,397578.35,451521.78,3.4,FP&A Baseline TS v3,2026-09-15
2026-12-01,MSP,BSK,371829.59,437982.46,504135.33,3.4,FP&A Baseline TS v3,2026-09-15
2027-01-01,MSP,BSK,200295.73,240277.98,280260.24,3.4,FP&A Baseline TS v3,2026-09-15
2027-02-01,MSP,BSK,213022.94,260342.86,307662.78,3.4,FP&A Baseline TS v3,2026-09-15
2027-03-01,MSP,BSK,174213.12,216985.25,259757.38,3.4,FP&A Baseline TS v3,2026-09-15
2027-04-01,MSP,BSK,183069.7,232463.55,281857.41,3.4,FP&A Baseline TS v3,2026-09-15
2027-05-01,MSP,BSK,167317.0,216686.96,266056.92,3.4,FP&A Baseline TS v3,2026-09-15
2027-06-01,MSP,BSK,184507.82,243799.98,303092.13,3.4,FP&A Baseline TS v3,2026-09-15
2027-07-01,MSP,BSK,191478.71,258252.47,325026.23,3.4,FP&A Baseline TS v3,2026-09-15
2027-08-01,MSP,BSK,217946.79,300169.11,382391.44,3.4,FP&A Baseline TS v3,2026-09-15
2027-09-01,MSP,BSK,228330.9,321267.03,414203.15,3.4,FP&A Baseline TS v3,2026-09-15
2027-10-01,MSP,BSK,226902.81,326309.84,425716.87,3.4,FP&A Baseline TS v3,2026-09-15
2027-11-01,MSP,BSK,279630.73,411221.67,542812.6,3.4,FP&A Baseline TS v3,2026-09-15
2027-12-01,MSP,BSK,301090.08,453012.28,604934.48,3.4,FP&A Baseline TS v3,2026-09-15
2026-09-01,MSP,CLM,62640.54,69986.3,77332.07,3.3,FP&A Baseline TS v3,2026-09-15
2026-10-01,MSP,CLM,66716.9,75842.24,84967.57,3.3,FP&A Baseline TS v3,2026-09-15
2026-11-01,MSP,CLM,79795.23,92321.4,104847.56,3.3,FP&A Baseline TS v3,2026-09-15
2026-12-01,MSP,CLM,103142.38,121492.62,139842.87,3.3,FP&A Baseline TS v3,2026-09-15
2027-01-01,MSP,CLM,60729.29,72851.83,84974.37,3.3,FP&A Baseline TS v3,2026-09-15
2027-02-01,MSP,CLM,70272.16,85882.08,101492.01,3.3,FP&A Baseline TS v3,2026-09-15
2027-03-01,MSP,CLM,63151.02,78655.61,94160.21,3.3,FP&A Baseline TS v3,2026-09-15
2027-04-01,MSP,CLM,54869.98,69674.4,84478.81,3.3,FP&A Baseline TS v3,2026-09-15
2027-05-01,MSP,CLM,54283.62,70301.0,86318.38,3.3,FP&A Baseline TS v3,2026-09-15
2027-06-01,MSP,CLM,49682.92,65648.68,81614.44,3.3,FP&A Baseline TS v3,2026-09-15
2027-07-01,MSP,CLM,51740.47,69783.76,87827.05,3.3,FP&A Baseline TS v3,2026-09-15
2027-08-01,MSP,CLM,52576.76,72411.8,92246.84,3.3,FP&A Baseline TS v3,2026-09-15
2027-09-01,MSP,CLM,51369.9,72278.68,93187.45,3.3,FP&A Baseline TS v3,2026-09-15
2027-10-01,MSP,CLM,54465.06,78326.42,102187.78,3.3,FP&A Baseline TS v3,2026-09-15
2027-11-01,MSP,CLM,64834.83,95345.35,125855.86,3.3,FP&A Baseline TS v3,2026-09-15
2027-12-01,MSP,CLM,83393.75,125472.06,167550.37,3.3,FP&A Baseline TS v3,2026-09-15
2026-09-01,MSP,CYC,242519.78,270959.72,299399.65,2.1,FP&A Baseline TS v3,2026-09-15
2026-10-01,MSP,CYC,193166.11,219586.8,246007.48,2.1,FP&A Baseline TS v3,2026-09-15
2026-11-01,MSP,CYC,204258.32,236322.57,268386.82,2.1,FP&A Baseline TS v3,2026-09-15
2026-12-01,MSP,CYC,314997.26,371038.99,427080.72,2.1,FP&A Baseline TS v3,2026-09-15
2027-01-01,MSP,CYC,211418.21,253620.69,295823.17,2.1,FP&A Baseline TS v3,2026-09-15
2027-02-01,MSP,CYC,291622.68,356402.38,421182.07,2.1,FP&A Baseline TS v3,2026-09-15
2027-03-01,MSP,CYC,333852.78,415819.03,497785.27,2.1,FP&A Baseline TS v3,2026-09-15
2027-04-01,MSP,CYC,382061.11,485144.65,588228.18,2.1,FP&A Baseline TS v3,2026-09-15
2027-05-01,MSP,CYC,339087.37,439141.34,539195.3,2.1,FP&A Baseline TS v3,2026-09-15
2027-06-01,MSP,CYC,328818.59,434485.45,540152.31,2.1,FP&A Baseline TS v3,2026-09-15
2027-07-01,MSP,CYC,284410.93,383592.64,482774.35,2.1,FP&A Baseline TS v3,2026-09-15
2027-08-01,MSP,CYC,230788.03,317854.82,404921.62,2.1,FP&A Baseline TS v3,2026-09-15
2027-09-01,MSP,CYC,196597.6,276617.52,356637.44,2.1,FP&A Baseline TS v3,2026-09-15
2027-10-01,MSP,CYC,155880.17,224171.9,292463.63,2.1,FP&A Baseline TS v3,2026-09-15
2027-11-01,MSP,CYC,164054.85,241257.13,318459.41,2.1,FP&A Baseline TS v3,2026-09-15
2027-12-01,MSP,CYC,251756.66,378786.51,505816.35,2.1,FP&A Baseline TS v3,2026-09-15
2026-09-01,MSP,FTB,141348.66,157924.4,174500.15,0.8,FP&A Baseline TS v3,2026-09-15
2026-10-01,MSP,FTB,109848.61,124873.37,139898.13,0.8,FP&A Baseline TS v3,2026-09-15
2026-11-01,MSP,FTB,99458.65,115071.56,130684.47,0.8,FP&A Baseline TS v3,2026-09-15
2026-12-01,MSP,FTB,83834.17,98749.26,113664.35,0.8,FP&A Baseline TS v3,2026-09-15
2027-01-01,MSP,FTB,34377.78,41240.13,48102.49,0.8,FP&A Baseline TS v3,2026-09-15
2027-02-01,MSP,FTB,38657.14,47244.25,55831.37,0.8,FP&A Baseline TS v3,2026-09-15
2027-03-01,MSP,FTB,52648.1,65574.06,78500.02,0.8,FP&A Baseline TS v3,2026-09-15
2027-04-01,MSP,FTB,72254.67,91749.64,111244.6,0.8,FP&A Baseline TS v3,2026-09-15
2027-05-01,MSP,FTB,87211.87,112945.34,138678.8,0.8,FP&A Baseline TS v3,2026-09-15
2027-06-01,MSP,FTB,108470.28,143327.53,178184.79,0.8,FP&A Baseline TS v3,2026-09-15
2027-07-01,MSP,FTB,120844.99,162986.88,205128.76,0.8,FP&A Baseline TS v3,2026-09-15
2027-08-01,MSP,FTB,113144.06,155828.65,198513.23,0.8,FP&A Baseline TS v3,2026-09-15
2027-09-01,MSP,FTB,113126.08,159171.09,205216.1,0.8,FP&A Baseline TS v3,2026-09-15
2027-10-01,MSP,FTB,87517.42,125859.15,164200.88,0.8,FP&A Baseline TS v3,2026-09-15
2027-11-01,MSP,FTB,78866.37,115979.96,153093.55,0.8,FP&A Baseline TS v3,2026-09-15
2027-12-01,MSP,FTB,66150.83,99528.81,132906.79,0.8,FP&A Baseline TS v3,2026-09-15
2026-09-01,MSP,GLF,233167.72,260510.95,287854.17,-2.2,FP&A Baseline TS v3,2026-09-15
2026-10-01,MSP,GLF,192886.84,219269.32,245651.8,-2.2,FP&A Baseline TS v3,2026-09-15
2026-11-01,MSP,GLF,228283.16,264118.8,299954.43,-2.2,FP&A Baseline TS v3,2026-09-15
2026-12-01,MSP,GLF,318378.0,375021.2,431664.41,-2.2,FP&A Baseline TS v3,2026-09-15
2027-01-01,MSP,GLF,226014.5,271130.64,316246.78,-2.2,FP&A Baseline TS v3,2026-09-15
2027-02-01,MSP,GLF,306340.83,374389.95,442439.07,-2.2,FP&A Baseline TS v3,2026-09-15
2027-03-01,MSP,GLF,362676.57,451719.53,540762.48,-2.2,FP&A Baseline TS v3,2026-09-15
2027-04-01,MSP,GLF,365057.5,463553.31,562049.12,-2.2,FP&A Baseline TS v3,2026-09-15
2027-05-01,MSP,GLF,372941.06,482984.17,593027.29,-2.2,FP&A Baseline TS v3,2026-09-15
2027-06-01,MSP,GLF,318678.9,421087.34,523495.78,-2.2,FP&A Baseline TS v3,2026-09-15
2027-07-01,MSP,GLF,284886.58,384234.17,483581.76,-2.2,FP&A Baseline TS v3,2026-09-15
2027-08-01,MSP,GLF,241740.14,332938.72,424137.29,-2.2,FP&A Baseline TS v3,2026-09-15
2027-09-01,MSP,GLF,181031.36,254715.44,328399.52,-2.2,FP&A Baseline TS v3,2026-09-15
2027-10-01,MSP,GLF,149079.13,214391.3,279703.47,-2.2,FP&A Baseline TS v3,2026-09-15
2027-11-01,MSP,GLF,175605.26,258243.02,340880.79,-2.2,FP&A Baseline TS v3,2026-09-15
2027-12-01,MSP,GLF,243709.01,366678.22,489647.43,-2.2,FP&A Baseline TS v3,2026-09-15
2026-09-01,MSP,HKY,471687.61,527001.71,582315.81,1.5,FP&A Baseline TS v3,2026-09-15
2026-10-01,MSP,HKY,428123.8,486681.3,545238.79,1.5,FP&A Baseline TS v3,2026-09-15
2026-11-01,MSP,HKY,460223.92,532469.37,604714.81,1.5,FP&A Baseline TS v3,2026-09-15
2026-12-01,MSP,HKY,479236.77,564498.64,649760.52,1.5,FP&A Baseline TS v3,2026-09-15
2027-01-01,MSP,HKY,231810.39,278083.48,324356.57,1.5,FP&A Baseline TS v3,2026-09-15
2027-02-01,MSP,HKY,211432.8,258399.49,305366.18,1.5,FP&A Baseline TS v3,2026-09-15
2027-03-01,MSP,HKY,167173.2,208216.92,249260.65,1.5,FP&A Baseline TS v3,2026-09-15
2027-04-01,MSP,HKY,161997.9,205706.39,249414.89,1.5,FP&A Baseline TS v3,2026-09-15
2027-05-01,MSP,HKY,179734.93,232769.03,285803.12,1.5,FP&A Baseline TS v3,2026-09-15
2027-06-01,MSP,HKY,219108.42,289519.58,359930.74,1.5,FP&A Baseline TS v3,2026-09-15
2027-07-01,MSP,HKY,319463.86,430869.48,542275.09,1.5,FP&A Baseline TS v3,2026-09-15
2027-08-01,MSP,HKY,331317.49,456309.89,581302.3,1.5,FP&A Baseline TS v3,2026-09-15
2027-09-01,MSP,HKY,380109.05,534822.5,689535.96,1.5,FP&A Baseline TS v3,2026-09-15
2027-10-01,MSP,HKY,343440.9,493903.73,644366.56,1.5,FP&A Baseline TS v3,2026-09-15
2027-11-01,MSP,HKY,367452.48,540371.3,713290.12,1.5,FP&A Baseline TS v3,2026-09-15
2027-12-01,MSP,HKY,380756.23,572875.89,764995.55,1.5,FP&A Baseline TS v3,2026-09-15
2026-09-01,MSP,LAX,44511.37,49731.15,54950.94,3.8,FP&A Baseline TS v3,2026-09-15
2026-10-01,MSP,LAX,55474.92,63062.62,70650.31,3.8,FP&A Baseline TS v3,2026-09-15
2026-11-01,MSP,LAX,85107.61,98467.71,111827.81,3.8,FP&A Baseline TS v3,2026-09-15
2026-12-01,MSP,LAX,122793.3,144639.68,166486.05,3.8,FP&A Baseline TS v3,2026-09-15
2027-01-01,MSP,LAX,80028.53,96003.51,111978.5,3.8,FP&A Baseline TS v3,2026-09-15
2027-02-01,MSP,LAX,92372.05,112891.14,133410.23,3.8,FP&A Baseline TS v3,2026-09-15
2027-03-01,MSP,LAX,82440.07,102680.43,122920.8,3.8,FP&A Baseline TS v3,2026-09-15
2027-04-01,MSP,LAX,66923.83,84980.48,103037.13,3.8,FP&A Baseline TS v3,2026-09-15
2027-05-01,MSP,LAX,53737.81,69594.14,85450.46,3.8,FP&A Baseline TS v3,2026-09-15
2027-06-01,MSP,LAX,41174.39,54405.9,67637.42,3.8,FP&A Baseline TS v3,2026-09-15
2027-07-01,MSP,LAX,31851.04,42958.35,54065.66,3.8,FP&A Baseline TS v3,2026-09-15
2027-08-01,MSP,LAX,32787.21,45156.47,57525.74,3.8,FP&A Baseline TS v3,2026-09-15
2027-09-01,MSP,LAX,36704.29,51643.82,66583.34,3.8,FP&A Baseline TS v3,2026-09-15
2027-10-01,MSP,LAX,45537.74,65488.01,85438.28,3.8,FP&A Baseline TS v3,2026-09-15
2027-11-01,MSP,LAX,69533.26,102254.79,134976.32,3.8,FP&A Baseline TS v3,2026-09-15
2027-12-01,MSP,LAX,99830.61,150202.53,200574.45,3.8,FP&A Baseline TS v3,2026-09-15
2026-09-01,MSP,PKB,164957.81,184302.16,203646.52,8.1,FP&A Baseline TS v3,2026-09-15
2026-10-01,MSP,PKB,148657.32,168990.22,189323.12,8.1,FP&A Baseline TS v3,2026-09-15
2026-11-01,MSP,PKB,194546.15,225085.79,255625.44,8.1,FP&A Baseline TS v3,2026-09-15
2026-12-01,MSP,PKB,252737.6,297702.6,342667.6,8.1,FP&A Baseline TS v3,2026-09-15
2027-01-01,MSP,PKB,172765.04,207251.73,241738.41,8.1,FP&A Baseline TS v3,2026-09-15
2027-02-01,MSP,PKB,211437.42,258405.14,305372.85,8.1,FP&A Baseline TS v3,2026-09-15
2027-03-01,MSP,PKB,200314.2,249494.57,298674.95,8.1,FP&A Baseline TS v3,2026-09-15
2027-04-01,MSP,PKB,206606.7,262351.06,318095.41,8.1,FP&A Baseline TS v3,2026-09-15
2027-05-01,MSP,PKB,203401.23,263418.5,323435.77,8.1,FP&A Baseline TS v3,2026-09-15
2027-06-01,MSP,PKB,190312.12,251469.5,312626.89,8.1,FP&A Baseline TS v3,2026-09-15
2027-07-01,MSP,PKB,175494.61,236694.29,297893.96,8.1,FP&A Baseline TS v3,2026-09-15
2027-08-01,MSP,PKB,146766.22,202135.06,257503.89,8.1,FP&A Baseline TS v3,2026-09-15
2027-09-01,MSP,PKB,141605.93,199242.92,256879.92,8.1,FP&A Baseline TS v3,2026-09-15
2027-10-01,MSP,PKB,127035.1,182689.69,238344.28,8.1,FP&A Baseline TS v3,2026-09-15
2027-11-01,MSP,PKB,165466.27,243332.75,321199.22,8.1,FP&A Baseline TS v3,2026-09-15
2027-12-01,MSP,PKB,213905.31,321836.35,429767.38,8.1,FP&A Baseline TS v3,2026-09-15
2026-09-01,MSP,RUN,564198.81,630361.55,696524.3,1.2,FP&A Baseline TS v3,2026-09-15
2026-10-01,MSP,RUN,548439.39,623453.29,698467.19,1.2,FP&A Baseline TS v3,2026-09-15
2026-11-01,MSP,RUN,608532.03,704058.72,799585.41,1.2,FP&A Baseline TS v3,2026-09-15
2026-12-01,MSP,RUN,803530.8,946488.41,1089446.02,1.2,FP&A Baseline TS v3,2026-09-15
2027-01-01,MSP,RUN,533927.43,640507.95,747088.47,1.2,FP&A Baseline TS v3,2026-09-15
2027-02-01,MSP,RUN,676141.7,826336.65,976531.6,1.2,FP&A Baseline TS v3,2026-09-15
2027-03-01,MSP,RUN,642492.83,800235.19,957977.55,1.2,FP&A Baseline TS v3,2026-09-15
2027-04-01,MSP,RUN,650311.87,825771.88,1001231.89,1.2,FP&A Baseline TS v3,2026-09-15
2027-05-01,MSP,RUN,582436.82,754295.52,926154.21,1.2,FP&A Baseline TS v3,2026-09-15
2027-06-01,MSP,RUN,556612.09,735481.1,914350.1,1.2,FP&A Baseline TS v3,2026-09-15
2027-07-01,MSP,RUN,525832.1,709203.85,892575.59,1.2,FP&A Baseline TS v3,2026-09-15
2027-08-01,MSP,RUN,447410.64,616200.2,784989.76,1.2,FP&A Baseline TS v3,2026-09-15
2027-09-01,MSP,RUN,453205.65,637671.16,822136.67,1.2,FP&A Baseline TS v3,2026-09-15
2027-10-01,MSP,RUN,438551.58,630682.79,822813.99,1.2,FP&A Baseline TS v3,2026-09-15
2027-11-01,MSP,RUN,484311.58,712222.91,940134.24,1.2,FP&A Baseline TS v3,2026-09-15
2027-12-01,MSP,RUN,636368.73,957463.79,1278558.85,1.2,FP&A Baseline TS v3,2026-09-15
2026-09-01,MSP,SNW,580318.48,648371.56,716424.64,1.3,FP&A Baseline TS v3,2026-09-15
2026-10-01,MSP,SNW,789679.27,897689.24,1005699.21,1.3,FP&A Baseline TS v3,2026-09-15
2026-11-01,MSP,SNW,982533.51,1136770.53,1291007.56,1.3,FP&A Baseline TS v3,2026-09-15
2026-12-01,MSP,SNW,1221495.87,1438814.4,1656132.93,1.3,FP&A Baseline TS v3,2026-09-15
2027-01-01,MSP,SNW,647031.63,776189.58,905347.53,1.3,FP&A Baseline TS v3,2026-09-15
2027-02-01,MSP,SNW,534503.6,653235.72,771967.85,1.3,FP&A Baseline TS v3,2026-09-15
2027-03-01,MSP,SNW,339185.44,422460.94,505736.44,1.3,FP&A Baseline TS v3,2026-09-15
2027-04-01,MSP,SNW,176007.18,223495.5,270983.83,1.3,FP&A Baseline TS v3,2026-09-15
2027-05-01,MSP,SNW,73410.31,95071.37,116732.43,1.3,FP&A Baseline TS v3,2026-09-15
2027-06-01,MSP,SNW,69231.48,91479.23,113726.98,1.3,FP&A Baseline TS v3,2026-09-15
2027-07-01,MSP,SNW,154022.08,207733.71,261445.34,1.3,FP&A Baseline TS v3,2026-09-15
2027-08-01,MSP,SNW,315161.33,434058.69,552956.04,1.3,FP&A Baseline TS v3,2026-09-15
2027-09-01,MSP,SNW,466768.74,656754.75,846740.76,1.3,FP&A Baseline TS v3,2026-09-15
2027-10-01,MSP,SNW,632288.07,909296.01,1186303.95,1.3,FP&A Baseline TS v3,2026-09-15
2027-11-01,MSP,SNW,782998.6,1151468.53,1519938.46,1.3,FP&A Baseline TS v3,2026-09-15
2027-12-01,MSP,SNW,968658.1,1457417.7,1946177.31,1.3,FP&A Baseline TS v3,2026-09-15
2026-09-01,MSP,SOC,376540.48,420696.81,464853.15,3.2,FP&A Baseline TS v3,2026-09-15
2026-10-01,MSP,SOC,325236.98,369721.92,414206.86,3.2,FP&A Baseline TS v3,2026-09-15
2026-11-01,MSP,SOC,329325.0,381022.07,432719.15,3.2,FP&A Baseline TS v3,2026-09-15
2026-12-01,MSP,SOC,392345.42,462148.29,531951.17,3.2,FP&A Baseline TS v3,2026-09-15
2027-01-01,MSP,SOC,208351.86,249942.25,291532.64,3.2,FP&A Baseline TS v3,2026-09-15
2027-02-01,MSP,SOC,235061.96,287277.52,339493.09,3.2,FP&A Baseline TS v3,2026-09-15
2027-03-01,MSP,SOC,260593.95,324573.97,388553.99,3.2,FP&A Baseline TS v3,2026-09-15
2027-04-01,MSP,SOC,278256.77,353332.95,428409.14,3.2,FP&A Baseline TS v3,2026-09-15
2027-05-01,MSP,SOC,313866.38,406478.42,499090.46,3.2,FP&A Baseline TS v3,2026-09-15
2027-06-01,MSP,SOC,347690.38,459421.75,571153.12,3.2,FP&A Baseline TS v3,2026-09-15
2027-07-01,MSP,SOC,370398.77,499566.75,628734.73,3.2,FP&A Baseline TS v3,2026-09-15
2027-08-01,MSP,SOC,345267.55,475522.74,605777.93,3.2,FP&A Baseline TS v3,2026-09-15
2027-09-01,MSP,SOC,308616.69,434231.05,559845.41,3.2,FP&A Baseline TS v3,2026-09-15
2027-10-01,MSP,SOC,265360.67,381616.24,497871.82,3.2,FP&A Baseline TS v3,2026-09-15
2027-11-01,MSP,SOC,267430.36,393279.94,519129.52,3.2,FP&A Baseline TS v3,2026-09-15
2027-12-01,MSP,SOC,317043.96,477016.07,636988.18,3.2,FP&A Baseline TS v3,2026-09-15
2026-09-01,MSP,TEN,119826.24,133878.09,147929.93,0.6,FP&A Baseline TS v3,2026-09-15
2026-10-01,MSP,TEN,118695.89,134930.76,151165.63,0.6,FP&A Baseline TS v3,2026-09-15
2026-11-01,MSP,TEN,123882.22,143329.11,162776.0,0.6,FP&A Baseline TS v3,2026-09-15
2026-12-01,MSP,TEN,161330.81,190033.47,218736.12,0.6,FP&A Baseline TS v3,2026-09-15
2027-01-01,MSP,TEN,119151.52,142936.08,166720.65,0.6,FP&A Baseline TS v3,2026-09-15
2027-02-01,MSP,TEN,156036.87,190698.17,225359.47,0.6,FP&A Baseline TS v3,2026-09-15
2027-03-01,MSP,TEN,158924.99,197943.64,236962.29,0.6,FP&A Baseline TS v3,2026-09-15
2027-04-01,MSP,TEN,164601.81,209012.86,253423.92,0.6,FP&A Baseline TS v3,2026-09-15
2027-05-01,MSP,TEN,166084.62,215090.94,264097.26,0.6,FP&A Baseline TS v3,2026-09-15
2027-06-01,MSP,TEN,154624.84,204314.01,254003.18,0.6,FP&A Baseline TS v3,2026-09-15
2027-07-01,MSP,TEN,132393.21,178562.27,224731.34,0.6,FP&A Baseline TS v3,2026-09-15
2027-08-01,MSP,TEN,113498.43,156316.7,199134.97,0.6,FP&A Baseline TS v3,2026-09-15
2027-09-01,MSP,TEN,95688.29,134635.71,173583.12,0.6,FP&A Baseline TS v3,2026-09-15
2027-10-01,MSP,TEN,94356.42,135694.34,177032.26,0.6,FP&A Baseline TS v3,2026-09-15
2027-11-01,MSP,TEN,98015.34,144140.21,190265.08,0.6,FP&A Baseline TS v3,2026-09-15
2027-12-01,MSP,TEN,127018.6,191108.87,255199.14,0.6,FP&A Baseline TS v3,2026-09-15
2026-09-01,MSP,VOL,134662.64,150454.33,166246.02,6.1,FP&A Baseline TS v3,2026-09-15
2026-10-01,MSP,VOL,117777.68,133886.96,149996.24,6.1,FP&A Baseline TS v3,2026-09-15
2026-11-01,MSP,VOL,110979.6,128401.05,145822.51,6.1,FP&A Baseline TS v3,2026-09-15
2026-12-01,MSP,VOL,135354.17,159435.27,183516.37,6.1,FP&A Baseline TS v3,2026-09-15
2027-01-01,MSP,VOL,72216.06,86631.55,101047.04,6.1,FP&A Baseline TS v3,2026-09-15
2027-02-01,MSP,VOL,79094.46,96664.13,114233.8,6.1,FP&A Baseline TS v3,2026-09-15
2027-03-01,MSP,VOL,85415.24,106386.06,127356.88,6.1,FP&A Baseline TS v3,2026-09-15
2027-04-01,MSP,VOL,95768.21,121607.34,147446.46,6.1,FP&A Baseline TS v3,2026-09-15
2027-05-01,MSP,VOL,121452.88,157289.79,193126.69,6.1,FP&A Baseline TS v3,2026-09-15
2027-06-01,MSP,VOL,126241.95,166810.19,207378.43,6.1,FP&A Baseline TS v3,2026-09-15
2027-07-01,MSP,VOL,144678.71,195132.06,245585.41,6.1,FP&A Baseline TS v3,2026-09-15
2027-08-01,MSP,VOL,130334.54,179504.37,228674.21,6.1,FP&A Baseline TS v3,2026-09-15
2027-09-01,MSP,VOL,113484.76,159675.76,205866.76,6.1,FP&A Baseline TS v3,2026-09-15
2027-10-01,MSP,VOL,98805.77,142092.97,185380.17,6.1,FP&A Baseline TS v3,2026-09-15
2027-11-01,MSP,VOL,92664.16,136270.83,179877.49,6.1,FP&A Baseline TS v3,2026-09-15
2027-12-01,MSP,VOL,112461.84,169207.15,225952.46,6.1,FP&A Baseline TS v3,2026-09-15
2026-09-01,NSH,BSB,35613.97,39790.37,43966.76,10.6,FP&A Baseline TS v3,2026-09-15
2026-10-01,NSH,BSB,32862.49,37357.32,41852.15,10.6,FP&A Baseline TS v3,2026-09-15
2026-11-01,NSH,BSB,63443.81,73403.15,83362.49,10.6,FP&A Baseline TS v3,2026-09-15
2026-12-01,NSH,BSB,86212.18,101550.34,116888.51,10.6,FP&A Baseline TS v3,2026-09-15
2027-01-01,NSH,BSB,69589.47,83480.65,97371.83,10.6,FP&A Baseline TS v3,2026-09-15
2027-02-01,NSH,BSB,84696.48,103510.55,122324.63,10.6,FP&A Baseline TS v3,2026-09-15
2027-03-01,NSH,BSB,76786.1,95638.33,114490.56,10.6,FP&A Baseline TS v3,2026-09-15
2027-04-01,NSH,BSB,65079.44,82638.46,100197.48,10.6,FP&A Baseline TS v3,2026-09-15
2027-05-01,NSH,BSB,56592.21,73290.79,89989.36,10.6,FP&A Baseline TS v3,2026-09-15
2027-06-01,NSH,BSB,41514.34,54855.1,68195.86,10.6,FP&A Baseline TS v3,2026-09-15
2027-07-01,NSH,BSB,29977.67,40431.69,50885.71,10.6,FP&A Baseline TS v3,2026-09-15
2027-08-01,NSH,BSB,29234.06,40262.87,51291.67,10.6,FP&A Baseline TS v3,2026-09-15
2027-09-01,NSH,BSB,31276.19,44006.34,56736.5,10.6,FP&A Baseline TS v3,2026-09-15
2027-10-01,NSH,BSB,28729.15,41315.5,53901.86,10.6,FP&A Baseline TS v3,2026-09-15
2027-11-01,NSH,BSB,55202.78,81180.56,107158.33,10.6,FP&A Baseline TS v3,2026-09-15
2027-12-01,NSH,BSB,74645.77,112310.08,149974.39,10.6,FP&A Baseline TS v3,2026-09-15
2026-09-01,NSH,BSK,41010.74,45820.01,50629.28,11.5,FP&A Baseline TS v3,2026-09-15
2026-10-01,NSH,BSK,39968.92,45435.75,50902.58,11.5,FP&A Baseline TS v3,2026-09-15
2026-11-01,NSH,BSK,50957.78,58957.08,66956.37,11.5,FP&A Baseline TS v3,2026-09-15
2026-12-01,NSH,BSK,66809.35,78695.52,90581.69,11.5,FP&A Baseline TS v3,2026-09-15
2027-01-01,NSH,BSK,31936.29,38311.29,44686.29,11.5,FP&A Baseline TS v3,2026-09-15
2027-02-01,NSH,BSK,42105.78,51458.96,60812.14,11.5,FP&A Baseline TS v3,2026-09-15
2027-03-01,NSH,BSK,31734.14,39525.38,47316.62,11.5,FP&A Baseline TS v3,2026-09-15
2027-04-01,NSH,BSK,26217.48,33291.19,40364.91,11.5,FP&A Baseline TS v3,2026-09-15
2027-05-01,NSH,BSK,33659.31,43591.11,53522.9,11.5,FP&A Baseline TS v3,2026-09-15
2027-06-01,NSH,BSK,30902.78,40833.48,50764.18,11.5,FP&A Baseline TS v3,2026-09-15
2027-07-01,NSH,BSK,36650.51,49431.53,62212.55,11.5,FP&A Baseline TS v3,2026-09-15
2027-08-01,NSH,BSK,38781.36,53411.97,68042.58,11.5,FP&A Baseline TS v3,2026-09-15
2027-09-01,NSH,BSK,36303.74,51080.23,65856.72,11.5,FP&A Baseline TS v3,2026-09-15
2027-10-01,NSH,BSK,35221.28,50651.86,66082.44,11.5,FP&A Baseline TS v3,2026-09-15
2027-11-01,NSH,BSK,44693.31,65725.45,86757.6,11.5,FP&A Baseline TS v3,2026-09-15
2027-12-01,NSH,BSK,58308.8,87729.9,117151.0,11.5,FP&A Baseline TS v3,2026-09-15
2026-09-01,NSH,CLM,10624.44,11870.35,13116.26,11.1,FP&A Baseline TS v3,2026-09-15
2026-10-01,NSH,CLM,10517.82,11956.42,13395.01,11.1,FP&A Baseline TS v3,2026-09-15
2026-11-01,NSH,CLM,13174.58,15242.71,17310.84,11.1,FP&A Baseline TS v3,2026-09-15
2026-12-01,NSH,CLM,19470.55,22934.59,26398.63,11.1,FP&A Baseline TS v3,2026-09-15
2027-01-01,NSH,CLM,11171.4,13401.39,15631.38,11.1,FP&A Baseline TS v3,2026-09-15
2027-02-01,NSH,CLM,12268.58,14993.86,17719.14,11.1,FP&A Baseline TS v3,2026-09-15
2027-03-01,NSH,CLM,10158.79,12652.94,15147.09,11.1,FP&A Baseline TS v3,2026-09-15
2027-04-01,NSH,CLM,9686.71,12300.28,14913.84,11.1,FP&A Baseline TS v3,2026-09-15
2027-05-01,NSH,CLM,9368.47,12132.81,14897.15,11.1,FP&A Baseline TS v3,2026-09-15
2027-06-01,NSH,CLM,9096.95,12020.28,14943.61,11.1,FP&A Baseline TS v3,2026-09-15
2027-07-01,NSH,CLM,9155.02,12347.62,15540.22,11.1,FP&A Baseline TS v3,2026-09-15
2027-08-01,NSH,CLM,9000.71,12396.3,15791.9,11.1,FP&A Baseline TS v3,2026-09-15
2027-09-01,NSH,CLM,9370.84,13185.0,16999.15,11.1,FP&A Baseline TS v3,2026-09-15
2027-10-01,NSH,CLM,9234.79,13280.59,17326.39,11.1,FP&A Baseline TS v3,2026-09-15
2027-11-01,NSH,CLM,11512.98,16930.85,22348.72,11.1,FP&A Baseline TS v3,2026-09-15
2027-12-01,NSH,CLM,16931.44,25474.61,34017.77,11.1,FP&A Baseline TS v3,2026-09-15
2026-09-01,NSH,CYC,36805.13,41121.22,45437.3,10.4,FP&A Baseline TS v3,2026-09-15
2026-10-01,NSH,CYC,31272.52,35549.88,39827.25,10.4,FP&A Baseline TS v3,2026-09-15
2026-11-01,NSH,CYC,34374.73,39770.84,45166.95,10.4,FP&A Baseline TS v3,2026-09-15
2026-12-01,NSH,CYC,51857.11,61083.11,70309.1,10.4,FP&A Baseline TS v3,2026-09-15
2027-01-01,NSH,CYC,38164.39,45782.61,53400.84,10.4,FP&A Baseline TS v3,2026-09-15
2027-02-01,NSH,CYC,53141.95,64946.65,76751.35,10.4,FP&A Baseline TS v3,2026-09-15
2027-03-01,NSH,CYC,67705.64,84328.47,100951.3,10.4,FP&A Baseline TS v3,2026-09-15
2027-04-01,NSH,CYC,60122.43,76344.0,92565.58,10.4,FP&A Baseline TS v3,2026-09-15
2027-05-01,NSH,CYC,62120.38,80450.15,98779.91,10.4,FP&A Baseline TS v3,2026-09-15
2027-06-01,NSH,CYC,45840.35,60571.29,75302.23,10.4,FP&A Baseline TS v3,2026-09-15
2027-07-01,NSH,CYC,50289.85,67827.27,85364.69,10.4,FP&A Baseline TS v3,2026-09-15
2027-08-01,NSH,CYC,39535.59,54450.74,69365.88,10.4,FP&A Baseline TS v3,2026-09-15
2027-09-01,NSH,CYC,32259.84,45390.36,58520.88,10.4,FP&A Baseline TS v3,2026-09-15
2027-10-01,NSH,CYC,27286.36,39240.62,51194.88,10.4,FP&A Baseline TS v3,2026-09-15
2027-11-01,NSH,CYC,29851.86,43899.79,57947.73,10.4,FP&A Baseline TS v3,2026-09-15
2027-12-01,NSH,CYC,44813.13,67424.66,90036.2,10.4,FP&A Baseline TS v3,2026-09-15
2026-09-01,NSH,FTB,29954.97,33467.74,36980.51,8.2,FP&A Baseline TS v3,2026-09-15
2026-10-01,NSH,FTB,25674.12,29185.75,32697.38,8.2,FP&A Baseline TS v3,2026-09-15
2026-11-01,NSH,FTB,21602.97,24994.18,28385.39,8.2,FP&A Baseline TS v3,2026-09-15
2026-12-01,NSH,FTB,16922.5,19933.21,22943.92,8.2,FP&A Baseline TS v3,2026-09-15
2027-01-01,NSH,FTB,8183.81,9817.43,11451.05,8.2,FP&A Baseline TS v3,2026-09-15
2027-02-01,NSH,FTB,10100.3,12343.93,14587.57,8.2,FP&A Baseline TS v3,2026-09-15
2027-03-01,NSH,FTB,12654.65,15761.58,18868.5,8.2,FP&A Baseline TS v3,2026-09-15
2027-04-01,NSH,FTB,18504.71,23497.44,28490.18,8.2,FP&A Baseline TS v3,2026-09-15
2027-05-01,NSH,FTB,24666.78,31945.17,39223.55,8.2,FP&A Baseline TS v3,2026-09-15
2027-06-01,NSH,FTB,27959.44,36944.29,45929.14,8.2,FP&A Baseline TS v3,2026-09-15
2027-07-01,NSH,FTB,28332.19,38212.38,48092.58,8.2,FP&A Baseline TS v3,2026-09-15
2027-08-01,NSH,FTB,26932.79,37093.42,47254.06,8.2,FP&A Baseline TS v3,2026-09-15
2027-09-01,NSH,FTB,25748.17,36228.3,46708.42,8.2,FP&A Baseline TS v3,2026-09-15
2027-10-01,NSH,FTB,21968.59,31593.11,41217.64,8.2,FP&A Baseline TS v3,2026-09-15
2027-11-01,NSH,FTB,18397.95,27055.81,35713.66,8.2,FP&A Baseline TS v3,2026-09-15
2027-12-01,NSH,FTB,14341.19,21577.38,28813.58,8.2,FP&A Baseline TS v3,2026-09-15
2026-09-01,NSH,GLF,49520.69,55327.91,61135.13,5.1,FP&A Baseline TS v3,2026-09-15
2026-10-01,NSH,GLF,41807.43,47525.73,53244.02,5.1,FP&A Baseline TS v3,2026-09-15
2026-11-01,NSH,GLF,51299.17,59352.05,67404.94,5.1,FP&A Baseline TS v3,2026-09-15
2026-12-01,NSH,GLF,71273.68,83954.1,96634.53,5.1,FP&A Baseline TS v3,2026-09-15
2027-01-01,NSH,GLF,50490.9,60569.7,70648.49,5.1,FP&A Baseline TS v3,2026-09-15
2027-02-01,NSH,GLF,69507.76,84947.89,100388.02,5.1,FP&A Baseline TS v3,2026-09-15
2027-03-01,NSH,GLF,70905.26,88313.65,105722.03,5.1,FP&A Baseline TS v3,2026-09-15
2027-04-01,NSH,GLF,83749.55,106345.93,128942.31,5.1,FP&A Baseline TS v3,2026-09-15
2027-05-01,NSH,GLF,67865.98,87891.09,107916.19,5.1,FP&A Baseline TS v3,2026-09-15
2027-06-01,NSH,GLF,75017.67,99124.83,123231.98,5.1,FP&A Baseline TS v3,2026-09-15
2027-07-01,NSH,GLF,62250.6,83959.05,105667.51,5.1,FP&A Baseline TS v3,2026-09-15
2027-08-01,NSH,GLF,63791.15,87856.92,111922.69,5.1,FP&A Baseline TS v3,2026-09-15
2027-09-01,NSH,GLF,41316.17,58132.84,74949.51,5.1,FP&A Baseline TS v3,2026-09-15
2027-10-01,NSH,GLF,34722.88,49935.11,65147.35,5.1,FP&A Baseline TS v3,2026-09-15
2027-11-01,NSH,GLF,42405.47,62360.99,82316.51,5.1,FP&A Baseline TS v3,2026-09-15
2027-12-01,NSH,GLF,58628.08,88210.28,117792.48,5.1,FP&A Baseline TS v3,2026-09-15
2026-09-01,NSH,HKY,8707.24,9728.32,10749.41,8.9,FP&A Baseline TS v3,2026-09-15
2026-10-01,NSH,HKY,9491.45,10789.67,12087.88,8.9,FP&A Baseline TS v3,2026-09-15
2026-11-01,NSH,HKY,9584.89,11089.51,12594.14,8.9,FP&A Baseline TS v3,2026-09-15
2026-12-01,NSH,HKY,9901.88,11663.55,13425.21,8.9,FP&A Baseline TS v3,2026-09-15
2027-01-01,NSH,HKY,4551.21,5459.71,6368.2,8.9,FP&A Baseline TS v3,2026-09-15
2027-02-01,NSH,HKY,4113.56,5027.33,5941.1,8.9,FP&A Baseline TS v3,2026-09-15
2027-03-01,NSH,HKY,3262.16,4063.07,4863.98,8.9,FP&A Baseline TS v3,2026-09-15
2027-04-01,NSH,HKY,3710.96,4712.22,5713.47,8.9,FP&A Baseline TS v3,2026-09-15
2027-05-01,NSH,HKY,4378.34,5670.24,6962.15,8.9,FP&A Baseline TS v3,2026-09-15
2027-06-01,NSH,HKY,6191.46,8181.1,10170.74,8.9,FP&A Baseline TS v3,2026-09-15
2027-07-01,NSH,HKY,6020.21,8119.62,10219.03,8.9,FP&A Baseline TS v3,2026-09-15
2027-08-01,NSH,HKY,7966.36,10971.74,13977.12,8.9,FP&A Baseline TS v3,2026-09-15
2027-09-01,NSH,HKY,7528.36,10592.58,13656.8,8.9,FP&A Baseline TS v3,2026-09-15
2027-10-01,NSH,HKY,8169.23,11748.21,15327.18,8.9,FP&A Baseline TS v3,2026-09-15
2027-11-01,NSH,HKY,8210.79,12074.69,15938.59,8.9,FP&A Baseline TS v3,2026-09-15
2027-12-01,NSH,HKY,8440.74,12699.72,16958.7,8.9,FP&A Baseline TS v3,2026-09-15
2026-09-01,NSH,LAX,16612.26,18560.35,20508.44,15.5,FP&A Baseline TS v3,2026-09-15
2026-10-01,NSH,LAX,18945.03,21536.28,24127.52,15.5,FP&A Baseline TS v3,2026-09-15
2026-11-01,NSH,LAX,32618.68,37739.12,42859.57,15.5,FP&A Baseline TS v3,2026-09-15
2026-12-01,NSH,LAX,46367.97,54617.38,62866.79,15.5,FP&A Baseline TS v3,2026-09-15
2027-01-01,NSH,LAX,23838.39,28596.92,33355.45,15.5,FP&A Baseline TS v3,2026-09-15
2027-02-01,NSH,LAX,32957.23,40278.19,47599.15,15.5,FP&A Baseline TS v3,2026-09-15
2027-03-01,NSH,LAX,27868.19,34710.28,41552.37,15.5,FP&A Baseline TS v3,2026-09-15
2027-04-01,NSH,LAX,26745.62,33961.83,41178.04,15.5,FP&A Baseline TS v3,2026-09-15
2027-05-01,NSH,LAX,21651.79,28040.54,34429.3,15.5,FP&A Baseline TS v3,2026-09-15
2027-06-01,NSH,LAX,15127.33,19988.55,24849.76,15.5,FP&A Baseline TS v3,2026-09-15
2027-07-01,NSH,LAX,14500.12,19556.7,24613.27,15.5,FP&A Baseline TS v3,2026-09-15
2027-08-01,NSH,LAX,13862.59,19092.37,24322.15,15.5,FP&A Baseline TS v3,2026-09-15
2027-09-01,NSH,LAX,15231.45,21431.01,27630.57,15.5,FP&A Baseline TS v3,2026-09-15
2027-10-01,NSH,LAX,17291.66,24867.21,32442.76,15.5,FP&A Baseline TS v3,2026-09-15
2027-11-01,NSH,LAX,29631.74,43576.09,57520.44,15.5,FP&A Baseline TS v3,2026-09-15
2027-12-01,NSH,LAX,41915.42,63064.85,84214.27,15.5,FP&A Baseline TS v3,2026-09-15
2026-09-01,NSH,PKB,55826.8,62373.53,68920.25,15.6,FP&A Baseline TS v3,2026-09-15
2026-10-01,NSH,PKB,51177.97,58177.94,65177.9,15.6,FP&A Baseline TS v3,2026-09-15
2026-11-01,NSH,PKB,63462.75,73425.06,83387.37,15.6,FP&A Baseline TS v3,2026-09-15
2026-12-01,NSH,PKB,67500.45,79509.58,91518.7,15.6,FP&A Baseline TS v3,2026-09-15
2027-01-01,NSH,PKB,39914.32,47881.86,55849.4,15.6,FP&A Baseline TS v3,2026-09-15
2027-02-01,NSH,PKB,62633.52,76546.64,90459.76,15.6,FP&A Baseline TS v3,2026-09-15
2027-03-01,NSH,PKB,65773.4,81921.83,98070.27,15.6,FP&A Baseline TS v3,2026-09-15
2027-04-01,NSH,PKB,69229.82,87908.65,106587.47,15.6,FP&A Baseline TS v3,2026-09-15
2027-05-01,NSH,PKB,70739.28,91612.2,112485.13,15.6,FP&A Baseline TS v3,2026-09-15
2027-06-01,NSH,PKB,59071.91,78054.84,97037.78,15.6,FP&A Baseline TS v3,2026-09-15
2027-07-01,NSH,PKB,68777.66,92762.28,116746.89,15.6,FP&A Baseline TS v3,2026-09-15
2027-08-01,NSH,PKB,57731.47,79511.18,101290.88,15.6,FP&A Baseline TS v3,2026-09-15
2027-09-01,NSH,PKB,51228.26,72079.39,92930.51,15.6,FP&A Baseline TS v3,2026-09-15
2027-10-01,NSH,PKB,46749.69,67230.92,87712.15,15.6,FP&A Baseline TS v3,2026-09-15
2027-11-01,NSH,PKB,57698.43,84850.63,112002.83,15.6,FP&A Baseline TS v3,2026-09-15
2027-12-01,NSH,PKB,61068.42,91881.95,122695.48,15.6,FP&A Baseline TS v3,2026-09-15
2026-09-01,NSH,RUN,76291.99,85238.64,94185.29,7.2,FP&A Baseline TS v3,2026-09-15
2026-10-01,NSH,RUN,80443.64,91446.48,102449.32,7.2,FP&A Baseline TS v3,2026-09-15
2026-11-01,NSH,RUN,92392.06,106895.67,121399.27,7.2,FP&A Baseline TS v3,2026-09-15
2026-12-01,NSH,RUN,115730.0,136319.74,156909.47,7.2,FP&A Baseline TS v3,2026-09-15
2027-01-01,NSH,RUN,89558.1,107435.34,125312.59,7.2,FP&A Baseline TS v3,2026-09-15
2027-02-01,NSH,RUN,95262.04,116423.1,137584.16,7.2,FP&A Baseline TS v3,2026-09-15
2027-03-01,NSH,RUN,121626.7,151488.02,181349.34,7.2,FP&A Baseline TS v3,2026-09-15
2027-04-01,NSH,RUN,108113.7,137283.75,166453.8,7.2,FP&A Baseline TS v3,2026-09-15
2027-05-01,NSH,RUN,88339.8,114406.09,140472.37,7.2,FP&A Baseline TS v3,2026-09-15
2027-06-01,NSH,RUN,102513.99,135457.17,168400.36,7.2,FP&A Baseline TS v3,2026-09-15
2027-07-01,NSH,RUN,84696.53,114232.48,143768.43,7.2,FP&A Baseline TS v3,2026-09-15
2027-08-01,NSH,RUN,81235.91,111882.87,142529.82,7.2,FP&A Baseline TS v3,2026-09-15
2027-09-01,NSH,RUN,64929.55,91357.42,117785.3,7.2,FP&A Baseline TS v3,2026-09-15
2027-10-01,NSH,RUN,68152.85,98010.88,127868.92,7.2,FP&A Baseline TS v3,2026-09-15
2027-11-01,NSH,RUN,77906.98,114569.08,151231.19,7.2,FP&A Baseline TS v3,2026-09-15
2027-12-01,NSH,RUN,97107.45,146105.34,195103.22,7.2,FP&A Baseline TS v3,2026-09-15
2026-09-01,NSH,SNW,16872.82,18851.47,20830.12,9.2,FP&A Baseline TS v3,2026-09-15
2026-10-01,NSH,SNW,18765.04,21331.66,23898.29,9.2,FP&A Baseline TS v3,2026-09-15
2026-11-01,NSH,SNW,25876.83,29938.94,34001.06,9.2,FP&A Baseline TS v3,2026-09-15
2026-12-01,NSH,SNW,31696.1,37335.22,42974.33,9.2,FP&A Baseline TS v3,2026-09-15
2027-01-01,NSH,SNW,16876.29,20245.07,23613.85,9.2,FP&A Baseline TS v3,2026-09-15
2027-02-01,NSH,SNW,13399.57,16376.08,19352.6,9.2,FP&A Baseline TS v3,2026-09-15
2027-03-01,NSH,SNW,7930.18,9877.17,11824.16,9.2,FP&A Baseline TS v3,2026-09-15
2027-04-01,NSH,SNW,4547.67,5774.67,7001.67,9.2,FP&A Baseline TS v3,2026-09-15
2027-05-01,NSH,SNW,2025.53,2623.2,3220.87,9.2,FP&A Baseline TS v3,2026-09-15
2027-06-01,NSH,SNW,2155.85,2848.64,3541.43,9.2,FP&A Baseline TS v3,2026-09-15
2027-07-01,NSH,SNW,4745.98,6401.03,8056.09,9.2,FP&A Baseline TS v3,2026-09-15
2027-08-01,NSH,SNW,9299.63,12808.0,16316.37,9.2,FP&A Baseline TS v3,2026-09-15
2027-09-01,NSH,SNW,14632.67,20588.52,26544.37,9.2,FP&A Baseline TS v3,2026-09-15
2027-10-01,NSH,SNW,16199.97,23297.25,30394.52,9.2,FP&A Baseline TS v3,2026-09-15
2027-11-01,NSH,SNW,22234.39,32697.64,43160.88,9.2,FP&A Baseline TS v3,2026-09-15
2027-12-01,NSH,SNW,27100.98,40775.43,54449.88,9.2,FP&A Baseline TS v3,2026-09-15
2026-09-01,NSH,SOC,65268.87,72922.85,80576.84,14.0,FP&A Baseline TS v3,2026-09-15
2026-10-01,NSH,SOC,65221.74,74142.58,83063.41,14.0,FP&A Baseline TS v3,2026-09-15
2026-11-01,NSH,SOC,55352.07,64041.18,72730.29,14.0,FP&A Baseline TS v3,2026-09-15
2026-12-01,NSH,SOC,56292.78,66307.93,76323.08,14.0,FP&A Baseline TS v3,2026-09-15
2027-01-01,NSH,SOC,28716.48,34448.76,40181.03,14.0,FP&A Baseline TS v3,2026-09-15
2027-02-01,NSH,SOC,39816.6,48661.28,57505.95,14.0,FP&A Baseline TS v3,2026-09-15
2027-03-01,NSH,SOC,47973.38,59751.62,71529.86,14.0,FP&A Baseline TS v3,2026-09-15
2027-04-01,NSH,SOC,52846.42,67104.86,81363.3,14.0,FP&A Baseline TS v3,2026-09-15
2027-05-01,NSH,SOC,58513.02,75778.37,93043.71,14.0,FP&A Baseline TS v3,2026-09-15
2027-06-01,NSH,SOC,60612.52,80090.54,99568.55,14.0,FP&A Baseline TS v3,2026-09-15
2027-07-01,NSH,SOC,54924.67,74078.38,93232.09,14.0,FP&A Baseline TS v3,2026-09-15
2027-08-01,NSH,SOC,64178.61,88390.55,112602.49,14.0,FP&A Baseline TS v3,2026-09-15
2027-09-01,NSH,SOC,59063.16,83103.27,107143.39,14.0,FP&A Baseline TS v3,2026-09-15
2027-10-01,NSH,SOC,58753.25,84493.28,110233.31,14.0,FP&A Baseline TS v3,2026-09-15
2027-11-01,NSH,SOC,49627.54,72981.67,96335.81,14.0,FP&A Baseline TS v3,2026-09-15
2027-12-01,NSH,SOC,50223.44,75564.87,100906.31,14.0,FP&A Baseline TS v3,2026-09-15
2026-09-01,NSH,TEN,17948.88,20053.72,22158.56,5.5,FP&A Baseline TS v3,2026-09-15
2026-10-01,NSH,TEN,14377.46,16343.97,18310.47,5.5,FP&A Baseline TS v3,2026-09-15
2026-11-01,NSH,TEN,17554.69,20310.41,23066.12,5.5,FP&A Baseline TS v3,2026-09-15
2026-12-01,NSH,TEN,22317.29,26287.8,30258.31,5.5,FP&A Baseline TS v3,2026-09-15
2027-01-01,NSH,TEN,17144.87,20567.27,23989.66,5.5,FP&A Baseline TS v3,2026-09-15
2027-02-01,NSH,TEN,22086.6,26992.81,31899.03,5.5,FP&A Baseline TS v3,2026-09-15
2027-03-01,NSH,TEN,23635.35,29438.2,35241.06,5.5,FP&A Baseline TS v3,2026-09-15
2027-04-01,NSH,TEN,22378.75,28416.74,34454.73,5.5,FP&A Baseline TS v3,2026-09-15
2027-05-01,NSH,TEN,23266.47,30131.67,36996.86,5.5,FP&A Baseline TS v3,2026-09-15
2027-06-01,NSH,TEN,25600.82,33827.73,42054.63,5.5,FP&A Baseline TS v3,2026-09-15
2027-07-01,NSH,TEN,20336.91,27428.93,34520.96,5.5,FP&A Baseline TS v3,2026-09-15
2027-08-01,NSH,TEN,19565.45,26946.68,34327.92,5.5,FP&A Baseline TS v3,2026-09-15
2027-09-01,NSH,TEN,15036.85,21157.2,27277.56,5.5,FP&A Baseline TS v3,2026-09-15
2027-10-01,NSH,TEN,11990.31,17243.31,22496.32,5.5,FP&A Baseline TS v3,2026-09-15
2027-11-01,NSH,TEN,14571.05,21428.01,28284.97,5.5,FP&A Baseline TS v3,2026-09-15
2027-12-01,NSH,TEN,18433.33,27734.31,37035.29,5.5,FP&A Baseline TS v3,2026-09-15
2026-09-01,NSH,VOL,19840.93,22167.65,24494.36,15.0,FP&A Baseline TS v3,2026-09-15
2026-10-01,NSH,VOL,19216.69,21845.09,24473.49,15.0,FP&A Baseline TS v3,2026-09-15
2026-11-01,NSH,VOL,15046.0,17407.9,19769.81,15.0,FP&A Baseline TS v3,2026-09-15
2026-12-01,NSH,VOL,16894.96,19900.77,22906.59,15.0,FP&A Baseline TS v3,2026-09-15
2027-01-01,NSH,VOL,8360.1,10028.91,11697.72,15.0,FP&A Baseline TS v3,2026-09-15
2027-02-01,NSH,VOL,11117.33,13586.88,16056.43,15.0,FP&A Baseline TS v3,2026-09-15
2027-03-01,NSH,VOL,12284.64,15300.71,18316.79,15.0,FP&A Baseline TS v3,2026-09-15
2027-04-01,NSH,VOL,15721.1,19962.8,24204.49,15.0,FP&A Baseline TS v3,2026-09-15
2027-05-01,NSH,VOL,16429.3,21277.06,26124.83,15.0,FP&A Baseline TS v3,2026-09-15
2027-06-01,NSH,VOL,18509.61,24457.72,30405.84,15.0,FP&A Baseline TS v3,2026-09-15
2027-07-01,NSH,VOL,18647.85,25150.86,31653.86,15.0,FP&A Baseline TS v3,2026-09-15
2027-08-01,NSH,VOL,22146.92,30502.04,38857.16,15.0,FP&A Baseline TS v3,2026-09-15
2027-09-01,NSH,VOL,18122.72,25499.11,32875.49,15.0,FP&A Baseline TS v3,2026-09-15
2027-10-01,NSH,VOL,17473.06,25128.07,32783.09,15.0,FP&A Baseline TS v3,2026-09-15
2027-11-01,NSH,VOL,13616.35,20024.05,26431.74,15.0,FP&A Baseline TS v3,2026-09-15
2027-12-01,NSH,VOL,15214.64,22891.56,30568.47,15.0,FP&A Baseline TS v3,2026-09-15
2026-09-01,NYC,BSB,641036.8,716210.23,791383.66,0.6,FP&A Baseline TS v3,2026-09-15
2026-10-01,NYC,BSB,807735.13,918214.73,1028694.33,0.6,FP&A Baseline TS v3,2026-09-15
2026-11-01,NYC,BSB,1203978.91,1392978.19,1581977.48,0.6,FP&A Baseline TS v3,2026-09-15
2026-12-01,NYC,BSB,1830878.34,2156613.2,2482348.05,0.6,FP&A Baseline TS v3,2026-09-15
2027-01-01,NYC,BSB,1279003.67,1534313.42,1789623.18,0.6,FP&A Baseline TS v3,2026-09-15
2027-02-01,NYC,BSB,1600898.42,1956514.5,2312130.57,0.6,FP&A Baseline TS v3,2026-09-15
2027-03-01,NYC,BSB,1438043.46,1791106.34,2144169.22,0.6,FP&A Baseline TS v3,2026-09-15
2027-04-01,NYC,BSB,1406264.06,1785686.79,2165109.52,0.6,FP&A Baseline TS v3,2026-09-15
2027-05-01,NYC,BSB,1117052.57,1446659.46,1776266.35,0.6,FP&A Baseline TS v3,2026-09-15
2027-06-01,NYC,BSB,915260.92,1209382.82,1503504.73,0.6,FP&A Baseline TS v3,2026-09-15
2027-07-01,NYC,BSB,713189.18,961897.37,1210605.55,0.6,FP&A Baseline TS v3,2026-09-15
2027-08-01,NYC,BSB,566452.5,780151.64,993850.78,0.6,FP&A Baseline TS v3,2026-09-15
2027-09-01,NYC,BSB,512013.78,720415.61,928817.43,0.6,FP&A Baseline TS v3,2026-09-15
2027-10-01,NYC,BSB,642238.82,923606.22,1204973.62,0.6,FP&A Baseline TS v3,2026-09-15
2027-11-01,NYC,BSB,952787.0,1401157.35,1849527.71,0.6,FP&A Baseline TS v3,2026-09-15
2027-12-01,NYC,BSB,1441787.73,2169276.2,2896764.66,0.6,FP&A Baseline TS v3,2026-09-15
2026-09-01,NYC,BSK,1290987.57,1442379.75,1593771.93,1.3,FP&A Baseline TS v3,2026-09-15
2026-10-01,NYC,BSK,1394759.69,1585530.75,1776301.81,1.3,FP&A Baseline TS v3,2026-09-15
2026-11-01,NYC,BSK,1432005.2,1656799.8,1881594.4,1.3,FP&A Baseline TS v3,2026-09-15
2026-12-01,NYC,BSK,1745324.27,2055838.05,2366351.83,1.3,FP&A Baseline TS v3,2026-09-15
2027-01-01,NYC,BSK,942191.14,1130267.68,1318344.22,1.3,FP&A Baseline TS v3,2026-09-15
2027-02-01,NYC,BSK,947561.5,1158048.37,1368535.25,1.3,FP&A Baseline TS v3,2026-09-15
2027-03-01,NYC,BSK,871011.09,1084858.38,1298705.66,1.3,FP&A Baseline TS v3,2026-09-15
2027-04-01,NYC,BSK,810849.64,1029624.18,1248398.73,1.3,FP&A Baseline TS v3,2026-09-15
2027-05-01,NYC,BSK,811865.28,1051421.05,1290976.83,1.3,FP&A Baseline TS v3,2026-09-15
2027-06-01,NYC,BSK,855815.77,1130834.78,1405853.8,1.3,FP&A Baseline TS v3,2026-09-15
2027-07-01,NYC,BSK,825067.02,1112790.0,1400512.99,1.3,FP&A Baseline TS v3,2026-09-15
2027-08-01,NYC,BSK,952921.11,1312418.9,1671916.68,1.3,FP&A Baseline TS v3,2026-09-15
2027-09-01,NYC,BSK,1038166.6,1460725.18,1883283.76,1.3,FP&A Baseline TS v3,2026-09-15
2027-10-01,NYC,BSK,1116537.39,1605696.89,2094856.4,1.3,FP&A Baseline TS v3,2026-09-15
2027-11-01,NYC,BSK,1140953.23,1677872.4,2214791.57,1.3,FP&A Baseline TS v3,2026-09-15
2027-12-01,NYC,BSK,1383771.15,2081985.97,2780200.78,1.3,FP&A Baseline TS v3,2026-09-15
2026-09-01,NYC,CLM,295971.84,330680.02,365388.19,3.1,FP&A Baseline TS v3,2026-09-15
2026-10-01,NYC,CLM,336514.04,382541.42,428568.8,3.1,FP&A Baseline TS v3,2026-09-15
2026-11-01,NYC,CLM,381792.45,441725.8,501659.16,3.1,FP&A Baseline TS v3,2026-09-15
2026-12-01,NYC,CLM,495624.52,583801.97,671979.42,3.1,FP&A Baseline TS v3,2026-09-15
2027-01-01,NYC,CLM,277494.36,332886.71,388279.06,3.1,FP&A Baseline TS v3,2026-09-15
2027-02-01,NYC,CLM,324522.52,396610.44,468698.35,3.1,FP&A Baseline TS v3,2026-09-15
2027-03-01,NYC,CLM,285201.63,355223.23,425244.83,3.1,FP&A Baseline TS v3,2026-09-15
2027-04-01,NYC,CLM,268936.19,341497.6,414059.01,3.1,FP&A Baseline TS v3,2026-09-15
2027-05-01,NYC,CLM,262224.74,339598.97,416973.2,3.1,FP&A Baseline TS v3,2026-09-15
2027-06-01,NYC,CLM,221536.47,292727.9,363919.32,3.1,FP&A Baseline TS v3,2026-09-15
2027-07-01,NYC,CLM,237880.58,320835.92,403791.26,3.1,FP&A Baseline TS v3,2026-09-15
2027-08-01,NYC,CLM,251851.27,346864.35,441877.44,3.1,FP&A Baseline TS v3,2026-09-15
2027-09-01,NYC,CLM,242201.21,340782.89,439364.56,3.1,FP&A Baseline TS v3,2026-09-15
2027-10-01,NYC,CLM,274130.9,394228.74,514326.59,3.1,FP&A Baseline TS v3,2026-09-15
2027-11-01,NYC,CLM,309550.49,455221.32,600892.14,3.1,FP&A Baseline TS v3,2026-09-15
2027-12-01,NYC,CLM,399872.79,601638.17,803403.54,3.1,FP&A Baseline TS v3,2026-09-15
2026-09-01,NYC,CYC,1062598.1,1187207.39,1311816.67,0.8,FP&A Baseline TS v3,2026-09-15
2026-10-01,NYC,CYC,925422.28,1051998.78,1178575.27,0.8,FP&A Baseline TS v3,2026-09-15
2026-11-01,NYC,CYC,1039074.89,1202187.72,1365300.55,0.8,FP&A Baseline TS v3,2026-09-15
2026-12-01,NYC,CYC,1351602.35,1592068.36,1832534.36,0.8,FP&A Baseline TS v3,2026-09-15
2027-01-01,NYC,CYC,995376.97,1194070.26,1392763.56,0.8,FP&A Baseline TS v3,2026-09-15
2027-02-01,NYC,CYC,1403545.11,1715322.04,2027098.98,0.8,FP&A Baseline TS v3,2026-09-15
2027-03-01,NYC,CYC,1512751.37,1884156.24,2255561.12,0.8,FP&A Baseline TS v3,2026-09-15
2027-04-01,NYC,CYC,1703508.59,2163130.57,2622752.55,0.8,FP&A Baseline TS v3,2026-09-15
2027-05-01,NYC,CYC,1546884.64,2003321.38,2459758.13,0.8,FP&A Baseline TS v3,2026-09-15
2027-06-01,NYC,CYC,1574713.91,2080753.05,2586792.2,0.8,FP&A Baseline TS v3,2026-09-15
2027-07-01,NYC,CYC,1305163.23,1760308.63,2215454.03,0.8,FP&A Baseline TS v3,2026-09-15
2027-08-01,NYC,CYC,1013738.97,1396180.82,1778622.66,0.8,FP&A Baseline TS v3,2026-09-15
2027-09-01,NYC,CYC,850307.04,1196402.29,1542497.54,0.8,FP&A Baseline TS v3,2026-09-15
2027-10-01,NYC,CYC,737183.46,1060146.49,1383109.52,0.8,FP&A Baseline TS v3,2026-09-15
2027-11-01,NYC,CYC,823819.08,1211498.64,1599178.21,0.8,FP&A Baseline TS v3,2026-09-15
2027-12-01,NYC,CYC,1066347.69,1604398.9,2142450.12,0.8,FP&A Baseline TS v3,2026-09-15
2026-09-01,NYC,FTB,633076.26,707316.16,781556.06,0.4,FP&A Baseline TS v3,2026-09-15
2026-10-01,NYC,FTB,488582.14,555408.94,622235.74,0.4,FP&A Baseline TS v3,2026-09-15
2026-11-01,NYC,FTB,437028.81,505633.11,574237.41,0.4,FP&A Baseline TS v3,2026-09-15
2026-12-01,NYC,FTB,400438.23,471680.92,542923.61,0.4,FP&A Baseline TS v3,2026-09-15
2027-01-01,NYC,FTB,168638.57,202301.55,235964.53,0.4,FP&A Baseline TS v3,2026-09-15
2027-02-01,NYC,FTB,178887.24,218624.42,258361.59,0.4,FP&A Baseline TS v3,2026-09-15
2027-03-01,NYC,FTB,242827.06,302445.03,362062.99,0.4,FP&A Baseline TS v3,2026-09-15
2027-04-01,NYC,FTB,325953.03,413898.1,501843.17,0.4,FP&A Baseline TS v3,2026-09-15
2027-05-01,NYC,FTB,483351.02,625972.62,768594.23,0.4,FP&A Baseline TS v3,2026-09-15
2027-06-01,NYC,FTB,561640.86,742125.88,922610.89,0.4,FP&A Baseline TS v3,2026-09-15
2027-07-01,NYC,FTB,586823.19,791464.16,996105.13,0.4,FP&A Baseline TS v3,2026-09-15
2027-08-01,NYC,FTB,528327.62,727643.81,926960.0,0.4,FP&A Baseline TS v3,2026-09-15
2027-09-01,NYC,FTB,504733.3,710171.8,915610.3,0.4,FP&A Baseline TS v3,2026-09-15
2027-10-01,NYC,FTB,387768.4,557651.28,727534.17,0.4,FP&A Baseline TS v3,2026-09-15
2027-11-01,NYC,FTB,345218.66,507674.49,670130.33,0.4,FP&A Baseline TS v3,2026-09-15
2027-12-01,NYC,FTB,314763.69,473585.23,632406.77,0.4,FP&A Baseline TS v3,2026-09-15
2026-09-01,NYC,GLF,1114329.23,1245004.95,1375680.67,-3.1,FP&A Baseline TS v3,2026-09-15
2026-10-01,NYC,GLF,975016.91,1108376.8,1241736.7,-3.1,FP&A Baseline TS v3,2026-09-15
2026-11-01,NYC,GLF,1106401.56,1280083.26,1453764.96,-3.1,FP&A Baseline TS v3,2026-09-15
2026-12-01,NYC,GLF,1409496.29,1660262.31,1911028.33,-3.1,FP&A Baseline TS v3,2026-09-15
2027-01-01,NYC,GLF,1133037.18,1359209.67,1585382.16,-3.1,FP&A Baseline TS v3,2026-09-15
2027-02-01,NYC,GLF,1492701.99,1824283.82,2155865.65,-3.1,FP&A Baseline TS v3,2026-09-15
2027-03-01,NYC,GLF,1612284.45,2008126.31,2403968.16,-3.1,FP&A Baseline TS v3,2026-09-15
2027-04-01,NYC,GLF,1639840.44,2082284.18,2524727.92,-3.1,FP&A Baseline TS v3,2026-09-15
2027-05-01,NYC,GLF,1752839.7,2270047.27,2787254.84,-3.1,FP&A Baseline TS v3,2026-09-15
2027-06-01,NYC,GLF,1530213.64,2021952.48,2513691.32,-3.1,FP&A Baseline TS v3,2026-09-15
2027-07-01,NYC,GLF,1397835.36,1885298.01,2372760.66,-3.1,FP&A Baseline TS v3,2026-09-15
2027-08-01,NYC,GLF,997786.71,1374210.44,1750634.16,-3.1,FP&A Baseline TS v3,2026-09-15
2027-09-01,NYC,GLF,856990.27,1205805.76,1554621.24,-3.1,FP&A Baseline TS v3,2026-09-15
2027-10-01,NYC,GLF,746454.61,1073479.37,1400504.12,-3.1,FP&A Baseline TS v3,2026-09-15
2027-11-01,NYC,GLF,843050.14,1239779.62,1636509.09,-3.1,FP&A Baseline TS v3,2026-09-15
2027-12-01,NYC,GLF,1068733.59,1607988.66,2147243.74,-3.1,FP&A Baseline TS v3,2026-09-15
2026-09-01,NYC,HKY,1151086.51,1286072.7,1421058.89,0.4,FP&A Baseline TS v3,2026-09-15
2026-10-01,NYC,HKY,1159566.51,1318168.55,1476770.59,0.4,FP&A Baseline TS v3,2026-09-15
2026-11-01,NYC,HKY,1184046.11,1369916.36,1555786.61,0.4,FP&A Baseline TS v3,2026-09-15
2026-12-01,NYC,HKY,1292589.56,1522556.49,1752523.42,0.4,FP&A Baseline TS v3,2026-09-15
2027-01-01,NYC,HKY,582962.61,699331.35,815700.08,0.4,FP&A Baseline TS v3,2026-09-15
2027-02-01,NYC,HKY,512434.97,626264.87,740094.77,0.4,FP&A Baseline TS v3,2026-09-15
2027-03-01,NYC,HKY,424137.59,528270.21,632402.84,0.4,FP&A Baseline TS v3,2026-09-15
2027-04-01,NYC,HKY,434958.38,552314.07,669669.76,0.4,FP&A Baseline TS v3,2026-09-15
2027-05-01,NYC,HKY,550298.1,712673.67,875049.24,0.4,FP&A Baseline TS v3,2026-09-15
2027-06-01,NYC,HKY,620511.68,819915.02,1019318.35,0.4,FP&A Baseline TS v3,2026-09-15
2027-07-01,NYC,HKY,790526.69,1066204.53,1341882.38,0.4,FP&A Baseline TS v3,2026-09-15
2027-08-01,NYC,HKY,915835.99,1261343.09,1606850.19,0.4,FP&A Baseline TS v3,2026-09-15
2027-09-01,NYC,HKY,918070.36,1291746.9,1665423.45,0.4,FP&A Baseline TS v3,2026-09-15
2027-10-01,NYC,HKY,920645.76,1323984.36,1727322.95,0.4,FP&A Baseline TS v3,2026-09-15
2027-11-01,NYC,HKY,935653.13,1375960.48,1816267.84,0.4,FP&A Baseline TS v3,2026-09-15
2027-12-01,NYC,HKY,1016416.71,1529274.06,2042131.41,0.4,FP&A Baseline TS v3,2026-09-15
2026-09-01,NYC,LAX,445407.04,497639.25,549871.47,1.9,FP&A Baseline TS v3,2026-09-15
2026-10-01,NYC,LAX,631920.5,718352.69,804784.89,1.9,FP&A Baseline TS v3,2026-09-15
2026-11-01,NYC,LAX,876110.44,1013641.28,1151172.13,1.9,FP&A Baseline TS v3,2026-09-15
2026-12-01,NYC,LAX,1318968.65,1553628.73,1788288.82,1.9,FP&A Baseline TS v3,2026-09-15
2027-01-01,NYC,LAX,800125.41,959843.34,1119561.27,1.9,FP&A Baseline TS v3,2026-09-15
2027-02-01,NYC,LAX,925783.79,1131433.07,1337082.34,1.9,FP&A Baseline TS v3,2026-09-15
2027-03-01,NYC,LAX,844086.84,1051323.79,1258560.73,1.9,FP&A Baseline TS v3,2026-09-15
2027-04-01,NYC,LAX,732525.55,930167.55,1127809.55,1.9,FP&A Baseline TS v3,2026-09-15
2027-05-01,NYC,LAX,617752.98,800032.35,982311.72,1.9,FP&A Baseline TS v3,2026-09-15
2027-06-01,NYC,LAX,428171.29,565765.45,703359.61,1.9,FP&A Baseline TS v3,2026-09-15
2027-07-01,NYC,LAX,354377.15,477957.96,601538.77,1.9,FP&A Baseline TS v3,2026-09-15
2027-08-01,NYC,LAX,331670.59,456796.21,581921.83,1.9,FP&A Baseline TS v3,2026-09-15
2027-09-01,NYC,LAX,360410.5,507106.17,653801.85,1.9,FP&A Baseline TS v3,2026-09-15
2027-10-01,NYC,LAX,509016.31,732018.4,955020.48,1.9,FP&A Baseline TS v3,2026-09-15
2027-11-01,NYC,LAX,702388.63,1032924.46,1363460.29,1.9,FP&A Baseline TS v3,2026-09-15
2027-12-01,NYC,LAX,1052247.71,1583184.45,2114121.19,1.9,FP&A Baseline TS v3,2026-09-15
2026-09-01,NYC,PKB,804257.7,898571.8,992885.9,10.7,FP&A Baseline TS v3,2026-09-15
2026-10-01,NYC,PKB,769878.02,875179.63,980481.24,10.7,FP&A Baseline TS v3,2026-09-15
2026-11-01,NYC,PKB,923268.23,1068201.86,1213135.49,10.7,FP&A Baseline TS v3,2026-09-15
2026-12-01,NYC,PKB,1290920.86,1520590.91,1750260.96,10.7,FP&A Baseline TS v3,2026-09-15
2027-01-01,NYC,PKB,815201.77,977929.18,1140656.6,10.7,FP&A Baseline TS v3,2026-09-15
2027-02-01,NYC,PKB,1008157.34,1232104.69,1456052.04,10.7,FP&A Baseline TS v3,2026-09-15
2027-03-01,NYC,PKB,991622.35,1235081.65,1478540.94,10.7,FP&A Baseline TS v3,2026-09-15
2027-04-01,NYC,PKB,1069139.27,1357602.69,1646066.11,10.7,FP&A Baseline TS v3,2026-09-15
2027-05-01,NYC,PKB,1087158.19,1407944.2,1728730.21,10.7,FP&A Baseline TS v3,2026-09-15
2027-06-01,NYC,PKB,906040.48,1197199.37,1488358.26,10.7,FP&A Baseline TS v3,2026-09-15
2027-07-01,NYC,PKB,882489.68,1190237.49,1497985.29,10.7,FP&A Baseline TS v3,2026-09-15
2027-08-01,NYC,PKB,716079.91,986227.29,1256374.67,10.7,FP&A Baseline TS v3,2026-09-15
2027-09-01,NYC,PKB,707248.4,995115.38,1282982.36,10.7,FP&A Baseline TS v3,2026-09-15
2027-10-01,NYC,PKB,673949.82,969209.93,1264470.04,10.7,FP&A Baseline TS v3,2026-09-15
2027-11-01,NYC,PKB,804420.07,1182970.69,1561521.31,10.7,FP&A Baseline TS v3,2026-09-15
2027-12-01,NYC,PKB,1119230.45,1683964.93,2248699.42,10.7,FP&A Baseline TS v3,2026-09-15
2026-09-01,NYC,RUN,2655067.79,2966423.61,3277779.43,2.3,FP&A Baseline TS v3,2026-09-15
2026-10-01,NYC,RUN,2510483.63,2853860.07,3197236.52,2.3,FP&A Baseline TS v3,2026-09-15
2026-11-01,NYC,RUN,2894410.85,3348772.27,3803133.69,2.3,FP&A Baseline TS v3,2026-09-15
2026-12-01,NYC,RUN,3774614.29,4446162.7,5117711.11,2.3,FP&A Baseline TS v3,2026-09-15
2027-01-01,NYC,RUN,2482392.53,2977918.1,3473443.67,2.3,FP&A Baseline TS v3,2026-09-15
2027-02-01,NYC,RUN,3176519.4,3882136.53,4587753.67,2.3,FP&A Baseline TS v3,2026-09-15
2027-03-01,NYC,RUN,3177899.56,3958125.2,4738350.84,2.3,FP&A Baseline TS v3,2026-09-15
2027-04-01,NYC,RUN,3022282.65,3837721.77,4653160.89,2.3,FP&A Baseline TS v3,2026-09-15
2027-05-01,NYC,RUN,2958448.63,3831393.28,4704337.92,2.3,FP&A Baseline TS v3,2026-09-15
2027-06-01,NYC,RUN,2705344.03,3574714.63,4444085.22,2.3,FP&A Baseline TS v3,2026-09-15
2027-07-01,NYC,RUN,2491786.9,3360739.77,4229692.65,2.3,FP&A Baseline TS v3,2026-09-15
2027-08-01,NYC,RUN,2554412.27,3518086.53,4481760.79,2.3,FP&A Baseline TS v3,2026-09-15
2027-09-01,NYC,RUN,2155925.38,3033438.45,3910951.53,2.3,FP&A Baseline TS v3,2026-09-15
2027-10-01,NYC,RUN,2029291.33,2918331.98,3807372.64,2.3,FP&A Baseline TS v3,2026-09-15
2027-11-01,NYC,RUN,2328608.86,3424424.8,4520240.73,2.3,FP&A Baseline TS v3,2026-09-15
2027-12-01,NYC,RUN,3021856.55,4546606.51,6071356.47,2.3,FP&A Baseline TS v3,2026-09-15
2026-09-01,NYC,SNW,2039708.99,2278902.61,2518096.22,-0.7,FP&A Baseline TS v3,2026-09-15
2026-10-01,NYC,SNW,2941033.33,3343299.07,3745564.82,-0.7,FP&A Baseline TS v3,2026-09-15
2026-11-01,NYC,SNW,3743598.05,4331263.94,4918929.83,-0.7,FP&A Baseline TS v3,2026-09-15
2026-12-01,NYC,SNW,4371129.12,5148804.57,5926480.01,-0.7,FP&A Baseline TS v3,2026-09-15
2027-01-01,NYC,SNW,2298036.44,2756761.57,3215486.69,-0.7,FP&A Baseline TS v3,2026-09-15
2027-02-01,NYC,SNW,2142917.58,2618935.26,3094952.93,-0.7,FP&A Baseline TS v3,2026-09-15
2027-03-01,NYC,SNW,1270663.09,1582631.39,1894599.69,-0.7,FP&A Baseline TS v3,2026-09-15
2027-04-01,NYC,SNW,627427.9,796713.61,965999.31,-0.7,FP&A Baseline TS v3,2026-09-15
2027-05-01,NYC,SNW,304671.28,394570.14,484469.01,-0.7,FP&A Baseline TS v3,2026-09-15
2027-06-01,NYC,SNW,261643.54,345723.5,429803.45,-0.7,FP&A Baseline TS v3,2026-09-15
2027-07-01,NYC,SNW,598783.27,807595.04,1016406.82,-0.7,FP&A Baseline TS v3,2026-09-15
2027-08-01,NYC,SNW,1164335.43,1603591.11,2042846.79,-0.7,FP&A Baseline TS v3,2026-09-15
2027-09-01,NYC,SNW,1608029.49,2262535.87,2917042.24,-0.7,FP&A Baseline TS v3,2026-09-15
2027-10-01,NYC,SNW,2308100.1,3319288.0,4330475.89,-0.7,FP&A Baseline TS v3,2026-09-15
2027-11-01,NYC,SNW,2924107.07,4300157.45,5676207.83,-0.7,FP&A Baseline TS v3,2026-09-15
2027-12-01,NYC,SNW,3397524.44,5111826.62,6826128.79,-0.7,FP&A Baseline TS v3,2026-09-15
2026-09-01,NYC,SOC,1891187.23,2112963.92,2334740.61,4.7,FP&A Baseline TS v3,2026-09-15
2026-10-01,NYC,SOC,1600500.23,1819411.86,2038323.5,4.7,FP&A Baseline TS v3,2026-09-15
2026-11-01,NYC,SOC,1593165.48,1843258.84,2093352.2,4.7,FP&A Baseline TS v3,2026-09-15
2026-12-01,NYC,SOC,1894946.25,2232079.55,2569212.84,4.7,FP&A Baseline TS v3,2026-09-15
2027-01-01,NYC,SOC,968693.19,1162059.97,1355426.75,4.7,FP&A Baseline TS v3,2026-09-15
2027-02-01,NYC,SOC,1198510.22,1464741.66,1730973.11,4.7,FP&A Baseline TS v3,2026-09-15
2027-03-01,NYC,SOC,1226366.88,1527459.75,1828552.61,4.7,FP&A Baseline TS v3,2026-09-15
2027-04-01,NYC,SOC,1350500.11,1714877.22,2079254.33,4.7,FP&A Baseline TS v3,2026-09-15
2027-05-01,NYC,SOC,1468151.42,1901356.48,2334561.54,4.7,FP&A Baseline TS v3,2026-09-15
2027-06-01,NYC,SOC,1821919.46,2407398.86,2992878.27,4.7,FP&A Baseline TS v3,2026-09-15
2027-07-01,NYC,SOC,1904975.85,2569291.98,3233608.12,4.7,FP&A Baseline TS v3,2026-09-15
2027-08-01,NYC,SOC,1720611.54,2369727.22,3018842.9,4.7,FP&A Baseline TS v3,2026-09-15
2027-09-01,NYC,SOC,1571776.57,2211527.15,2851277.72,4.7,FP&A Baseline TS v3,2026-09-15
2027-10-01,NYC,SOC,1324161.39,1904281.8,2484402.2,4.7,FP&A Baseline TS v3,2026-09-15
2027-11-01,NYC,SOC,1311883.99,1929241.16,2546598.33,4.7,FP&A Baseline TS v3,2026-09-15
2027-12-01,NYC,SOC,1552731.4,2336199.15,3119666.9,4.7,FP&A Baseline TS v3,2026-09-15
2026-09-01,NYC,TEN,601741.05,672306.32,742871.59,0.7,FP&A Baseline TS v3,2026-09-15
2026-10-01,NYC,TEN,511656.99,581639.9,651622.81,0.7,FP&A Baseline TS v3,2026-09-15
2026-11-01,NYC,TEN,609253.32,704893.24,800533.15,0.7,FP&A Baseline TS v3,2026-09-15
2026-12-01,NYC,TEN,840222.26,989707.71,1139193.16,0.7,FP&A Baseline TS v3,2026-09-15
2027-01-01,NYC,TEN,548431.62,657907.41,767383.2,0.7,FP&A Baseline TS v3,2026-09-15
2027-02-01,NYC,TEN,727198.31,888734.74,1050271.17,0.7,FP&A Baseline TS v3,2026-09-15
2027-03-01,NYC,TEN,770374.59,959513.99,1148653.39,0.7,FP&A Baseline TS v3,2026-09-15
2027-04-01,NYC,TEN,783780.94,995252.1,1206723.27,0.7,FP&A Baseline TS v3,2026-09-15
2027-05-01,NYC,TEN,749085.39,970116.81,1191148.22,0.7,FP&A Baseline TS v3,2026-09-15
2027-06-01,NYC,TEN,763255.5,1008529.99,1253804.48,0.7,FP&A Baseline TS v3,2026-09-15
2027-07-01,NYC,TEN,627633.76,846506.47,1065379.18,0.7,FP&A Baseline TS v3,2026-09-15
2027-08-01,NYC,TEN,514968.16,709244.38,903520.6,0.7,FP&A Baseline TS v3,2026-09-15
2027-09-01,NYC,TEN,481379.25,677312.09,873244.93,0.7,FP&A Baseline TS v3,2026-09-15
2027-10-01,NYC,TEN,407460.51,585970.59,764480.68,0.7,FP&A Baseline TS v3,2026-09-15
2027-11-01,NYC,TEN,482896.31,710141.64,937386.96,0.7,FP&A Baseline TS v3,2026-09-15
2027-12-01,NYC,TEN,662697.08,997076.74,1331456.4,0.7,FP&A Baseline TS v3,2026-09-15
2026-09-01,NYC,VOL,580475.89,648547.43,716618.97,5.1,FP&A Baseline TS v3,2026-09-15
2026-10-01,NYC,VOL,443247.12,503873.14,564499.15,5.1,FP&A Baseline TS v3,2026-09-15
2026-11-01,NYC,VOL,468323.87,541840.84,615357.8,5.1,FP&A Baseline TS v3,2026-09-15
2026-12-01,NYC,VOL,511730.37,602773.24,693816.11,5.1,FP&A Baseline TS v3,2026-09-15
2027-01-01,NYC,VOL,273043.26,327547.1,382050.93,5.1,FP&A Baseline TS v3,2026-09-15
2027-02-01,NYC,VOL,321831.58,393321.74,464811.9,5.1,FP&A Baseline TS v3,2026-09-15
2027-03-01,NYC,VOL,332960.09,414707.16,496454.24,5.1,FP&A Baseline TS v3,2026-09-15
2027-04-01,NYC,VOL,385228.87,489167.09,593105.31,5.1,FP&A Baseline TS v3,2026-09-15
2027-05-01,NYC,VOL,458715.19,594067.54,729419.89,5.1,FP&A Baseline TS v3,2026-09-15
2027-06-01,NYC,VOL,491007.99,648794.91,806581.84,5.1,FP&A Baseline TS v3,2026-09-15
2027-07-01,NYC,VOL,525275.36,708452.96,891630.56,5.1,FP&A Baseline TS v3,2026-09-15
2027-08-01,NYC,VOL,531932.05,732608.05,933284.04,5.1,FP&A Baseline TS v3,2026-09-15
2027-09-01,NYC,VOL,484446.36,681627.58,878808.81,5.1,FP&A Baseline TS v3,2026-09-15
2027-10-01,NYC,VOL,368244.54,529573.95,690903.36,5.1,FP&A Baseline TS v3,2026-09-15
2027-11-01,NYC,VOL,387245.22,569478.26,751711.3,5.1,FP&A Baseline TS v3,2026-09-15
2027-12-01,NYC,VOL,421061.81,633518.61,845975.41,5.1,FP&A Baseline TS v3,2026-09-15
2026-09-01,ORL,BSB,170504.03,190498.78,210493.53,2.7,FP&A Baseline TS v3,2026-09-15
2026-10-01,ORL,BSB,176227.86,200331.78,224435.7,2.7,FP&A Baseline TS v3,2026-09-15
2026-11-01,ORL,BSB,306413.07,354513.45,402613.84,2.7,FP&A Baseline TS v3,2026-09-15
2026-12-01,ORL,BSB,473564.91,557817.7,642070.48,2.7,FP&A Baseline TS v3,2026-09-15
2027-01-01,ORL,BSB,305305.28,366249.13,427192.99,2.7,FP&A Baseline TS v3,2026-09-15
2027-02-01,ORL,BSB,363190.55,443868.0,524545.45,2.7,FP&A Baseline TS v3,2026-09-15
2027-03-01,ORL,BSB,345349.88,430138.85,514927.82,2.7,FP&A Baseline TS v3,2026-09-15
2027-04-01,ORL,BSB,354390.42,450008.15,545625.88,2.7,FP&A Baseline TS v3,2026-09-15
2027-05-01,ORL,BSB,284440.61,368370.04,452299.47,2.7,FP&A Baseline TS v3,2026-09-15
2027-06-01,ORL,BSB,214664.49,283647.58,352630.68,2.7,FP&A Baseline TS v3,2026-09-15
2027-07-01,ORL,BSB,170067.92,229375.16,288682.41,2.7,FP&A Baseline TS v3,2026-09-15
2027-08-01,ORL,BSB,130260.3,179402.13,228543.96,2.7,FP&A Baseline TS v3,2026-09-15
2027-09-01,ORL,BSB,139017.32,195600.68,252184.05,2.7,FP&A Baseline TS v3,2026-09-15
2027-10-01,ORL,BSB,143033.48,205697.03,268360.57,2.7,FP&A Baseline TS v3,2026-09-15
2027-11-01,ORL,BSB,247525.42,364007.97,480490.52,2.7,FP&A Baseline TS v3,2026-09-15
2027-12-01,ORL,BSB,380677.26,572757.07,764836.88,2.7,FP&A Baseline TS v3,2026-09-15
2026-09-01,ORL,BSK,231013.14,258103.71,285194.28,2.9,FP&A Baseline TS v3,2026-09-15
2026-10-01,ORL,BSK,249447.34,283566.0,317684.66,2.9,FP&A Baseline TS v3,2026-09-15
2026-11-01,ORL,BSK,268714.03,310896.46,353078.9,2.9,FP&A Baseline TS v3,2026-09-15
2026-12-01,ORL,BSK,324666.15,382428.09,440190.03,2.9,FP&A Baseline TS v3,2026-09-15
2027-01-01,ORL,BSK,174725.5,209603.52,244481.55,2.9,FP&A Baseline TS v3,2026-09-15
2027-02-01,ORL,BSK,195480.62,238903.77,282326.92,2.9,FP&A Baseline TS v3,2026-09-15
2027-03-01,ORL,BSK,172978.95,215448.08,257917.2,2.9,FP&A Baseline TS v3,2026-09-15
2027-04-01,ORL,BSK,152113.53,193155.13,234196.74,2.9,FP&A Baseline TS v3,2026-09-15
2027-05-01,ORL,BSK,140980.98,182580.01,224179.04,2.9,FP&A Baseline TS v3,2026-09-15
2027-06-01,ORL,BSK,149071.71,196976.36,244881.01,2.9,FP&A Baseline TS v3,2026-09-15
2027-07-01,ORL,BSK,159555.23,215196.42,270837.6,2.9,FP&A Baseline TS v3,2026-09-15
2027-08-01,ORL,BSK,187402.23,258101.35,328800.47,2.9,FP&A Baseline TS v3,2026-09-15
2027-09-01,ORL,BSK,188715.97,265527.87,342339.77,2.9,FP&A Baseline TS v3,2026-09-15
2027-10-01,ORL,BSK,202852.2,291722.56,380592.93,2.9,FP&A Baseline TS v3,2026-09-15
2027-11-01,ORL,BSK,217490.64,319839.17,422187.7,2.9,FP&A Baseline TS v3,2026-09-15
2027-12-01,ORL,BSK,261488.22,393428.35,525368.48,2.9,FP&A Baseline TS v3,2026-09-15
2026-09-01,ORL,CLM,58165.79,64986.8,71807.82,6.6,FP&A Baseline TS v3,2026-09-15
2026-10-01,ORL,CLM,61045.57,69395.2,77744.83,6.6,FP&A Baseline TS v3,2026-09-15
2026-11-01,ORL,CLM,69636.28,80567.71,91499.14,6.6,FP&A Baseline TS v3,2026-09-15
2026-12-01,ORL,CLM,95653.59,112671.5,129689.4,6.6,FP&A Baseline TS v3,2026-09-15
2027-01-01,ORL,CLM,56543.13,67830.05,79116.97,6.6,FP&A Baseline TS v3,2026-09-15
2027-02-01,ORL,CLM,60656.86,74130.89,87604.92,6.6,FP&A Baseline TS v3,2026-09-15
2027-03-01,ORL,CLM,59872.01,74571.55,89271.1,6.6,FP&A Baseline TS v3,2026-09-15
2027-04-01,ORL,CLM,51386.67,65251.26,79115.85,6.6,FP&A Baseline TS v3,2026-09-15
2027-05-01,ORL,CLM,49134.0,63631.9,78129.79,6.6,FP&A Baseline TS v3,2026-09-15
2027-06-01,ORL,CLM,43253.05,57152.55,71052.05,6.6,FP&A Baseline TS v3,2026-09-15
2027-07-01,ORL,CLM,43676.36,58907.48,74138.6,6.6,FP&A Baseline TS v3,2026-09-15
2027-08-01,ORL,CLM,44593.36,61416.59,78239.83,6.6,FP&A Baseline TS v3,2026-09-15
2027-09-01,ORL,CLM,49242.14,69284.86,89327.59,6.6,FP&A Baseline TS v3,2026-09-15
2027-10-01,ORL,CLM,51446.08,73984.82,96523.55,6.6,FP&A Baseline TS v3,2026-09-15
2027-11-01,ORL,CLM,58409.45,85896.25,113383.05,6.6,FP&A Baseline TS v3,2026-09-15
2027-12-01,ORL,CLM,79838.75,120123.3,160407.85,6.6,FP&A Baseline TS v3,2026-09-15
2026-09-01,ORL,CYC,199367.6,222747.14,246126.68,2.0,FP&A Baseline TS v3,2026-09-15
2026-10-01,ORL,CYC,177040.79,201255.9,225471.01,2.0,FP&A Baseline TS v3,2026-09-15
2026-11-01,ORL,CYC,189070.0,218750.0,248430.0,2.0,FP&A Baseline TS v3,2026-09-15
2026-12-01,ORL,CYC,251852.17,296659.64,341467.11,2.0,FP&A Baseline TS v3,2026-09-15
2027-01-01,ORL,CYC,186709.15,223979.3,261249.46,2.0,FP&A Baseline TS v3,2026-09-15
2027-02-01,ORL,CYC,261915.52,320096.21,378276.89,2.0,FP&A Baseline TS v3,2026-09-15
2027-03-01,ORL,CYC,285679.32,355818.2,425957.09,2.0,FP&A Baseline TS v3,2026-09-15
2027-04-01,ORL,CYC,302607.58,384253.83,465900.08,2.0,FP&A Baseline TS v3,2026-09-15
2027-05-01,ORL,CYC,309462.9,400775.61,492088.33,2.0,FP&A Baseline TS v3,2026-09-15
2027-06-01,ORL,CYC,289010.2,381884.51,474758.83,2.0,FP&A Baseline TS v3,2026-09-15
2027-07-01,ORL,CYC,232799.25,313982.59,395165.93,2.0,FP&A Baseline TS v3,2026-09-15
2027-08-01,ORL,CYC,193416.38,266384.4,339352.41,2.0,FP&A Baseline TS v3,2026-09-15
2027-09-01,ORL,CYC,161517.23,227258.6,292999.96,2.0,FP&A Baseline TS v3,2026-09-15
2027-10-01,ORL,CYC,142779.72,205332.08,267884.45,2.0,FP&A Baseline TS v3,2026-09-15
2027-11-01,ORL,CYC,151762.74,223180.5,294598.25,2.0,FP&A Baseline TS v3,2026-09-15
2027-12-01,ORL,CYC,201165.32,302668.1,404170.87,2.0,FP&A Baseline TS v3,2026-09-15
2026-09-01,ORL,FTB,155907.82,174190.89,192473.97,1.5,FP&A Baseline TS v3,2026-09-15
2026-10-01,ORL,FTB,123984.48,140942.71,157900.94,1.5,FP&A Baseline TS v3,2026-09-15
2026-11-01,ORL,FTB,115709.34,133873.27,152037.19,1.5,FP&A Baseline TS v3,2026-09-15
2026-12-01,ORL,FTB,101274.62,119292.57,137310.52,1.5,FP&A Baseline TS v3,2026-09-15
2027-01-01,ORL,FTB,44123.65,52931.44,61739.23,1.5,FP&A Baseline TS v3,2026-09-15
2027-02-01,ORL,FTB,52330.07,63954.43,75578.79,1.5,FP&A Baseline TS v3,2026-09-15
2027-03-01,ORL,FTB,64730.89,80623.36,96515.84,1.5,FP&A Baseline TS v3,2026-09-15
2027-04-01,ORL,FTB,84017.05,106685.61,129354.17,1.5,FP&A Baseline TS v3,2026-09-15
2027-05-01,ORL,FTB,116382.56,150723.37,185064.18,1.5,FP&A Baseline TS v3,2026-09-15
2027-06-01,ORL,FTB,134199.13,177324.44,220449.74,1.5,FP&A Baseline TS v3,2026-09-15
2027-07-01,ORL,FTB,154722.11,208677.86,262633.6,1.5,FP&A Baseline TS v3,2026-09-15
2027-08-01,ORL,FTB,146000.64,201080.66,256160.67,1.5,FP&A Baseline TS v3,2026-09-15
2027-09-01,ORL,FTB,125719.09,176889.76,228060.42,1.5,FP&A Baseline TS v3,2026-09-15
2027-10-01,ORL,FTB,99524.4,143126.43,186728.47,1.5,FP&A Baseline TS v3,2026-09-15
2027-11-01,ORL,FTB,92444.27,135947.46,179450.65,1.5,FP&A Baseline TS v3,2026-09-15
2027-12-01,ORL,FTB,80515.06,121140.85,161766.65,1.5,FP&A Baseline TS v3,2026-09-15
2026-09-01,ORL,GLF,282327.79,315435.95,348544.11,-1.5,FP&A Baseline TS v3,2026-09-15
2026-10-01,ORL,GLF,239678.33,272460.82,305243.3,-1.5,FP&A Baseline TS v3,2026-09-15
2026-11-01,ORL,GLF,243448.72,281665.04,319881.35,-1.5,FP&A Baseline TS v3,2026-09-15
2026-12-01,ORL,GLF,356254.84,419636.78,483018.72,-1.5,FP&A Baseline TS v3,2026-09-15
2027-01-01,ORL,GLF,252944.02,303435.72,353927.43,-1.5,FP&A Baseline TS v3,2026-09-15
2027-02-01,ORL,GLF,350141.04,427919.72,505698.41,-1.5,FP&A Baseline TS v3,2026-09-15
2027-03-01,ORL,GLF,375399.59,467566.25,559732.91,-1.5,FP&A Baseline TS v3,2026-09-15
2027-04-01,ORL,GLF,409117.59,519501.21,629884.83,-1.5,FP&A Baseline TS v3,2026-09-15
2027-05-01,ORL,GLF,401084.14,519431.39,637778.63,-1.5,FP&A Baseline TS v3,2026-09-15
2027-06-01,ORL,GLF,379124.32,500957.09,622789.85,-1.5,FP&A Baseline TS v3,2026-09-15
2027-07-01,ORL,GLF,342338.68,461721.36,581104.03,-1.5,FP&A Baseline TS v3,2026-09-15
2027-08-01,ORL,GLF,244702.08,337018.07,429334.05,-1.5,FP&A Baseline TS v3,2026-09-15
2027-09-01,ORL,GLF,220761.78,310617.1,400472.41,-1.5,FP&A Baseline TS v3,2026-09-15
2027-10-01,ORL,GLF,186564.04,268298.49,350032.94,-1.5,FP&A Baseline TS v3,2026-09-15
2027-11-01,ORL,GLF,188606.23,277362.1,366117.97,-1.5,FP&A Baseline TS v3,2026-09-15
2027-12-01,ORL,GLF,274646.57,413226.07,551805.56,-1.5,FP&A Baseline TS v3,2026-09-15
2026-09-01,ORL,HKY,50944.74,56918.95,62893.16,2.3,FP&A Baseline TS v3,2026-09-15
2026-10-01,ORL,HKY,46165.22,52479.56,58793.9,2.3,FP&A Baseline TS v3,2026-09-15
2026-11-01,ORL,HKY,48564.24,56187.8,63811.36,2.3,FP&A Baseline TS v3,2026-09-15
2026-12-01,ORL,HKY,47089.94,55467.8,63845.65,2.3,FP&A Baseline TS v3,2026-09-15
2027-01-01,ORL,HKY,25906.1,31077.38,36248.65,2.3,FP&A Baseline TS v3,2026-09-15
2027-02-01,ORL,HKY,21045.1,25719.96,30394.82,2.3,FP&A Baseline TS v3,2026-09-15
2027-03-01,ORL,HKY,17446.33,21729.69,26013.05,2.3,FP&A Baseline TS v3,2026-09-15
2027-04-01,ORL,HKY,16459.41,20900.31,25341.21,2.3,FP&A Baseline TS v3,2026-09-15
2027-05-01,ORL,HKY,22307.94,28890.31,35472.68,2.3,FP&A Baseline TS v3,2026-09-15
2027-06-01,ORL,HKY,24784.96,32749.68,40714.4,2.3,FP&A Baseline TS v3,2026-09-15
2027-07-01,ORL,HKY,31772.84,42852.89,53932.93,2.3,FP&A Baseline TS v3,2026-09-15
2027-08-01,ORL,HKY,37948.4,52264.77,66581.14,2.3,FP&A Baseline TS v3,2026-09-15
2027-09-01,ORL,HKY,41365.9,58202.8,75039.71,2.3,FP&A Baseline TS v3,2026-09-15
2027-10-01,ORL,HKY,37315.3,53663.28,70011.26,2.3,FP&A Baseline TS v3,2026-09-15
2027-11-01,ORL,HKY,39069.51,57455.16,75840.81,2.3,FP&A Baseline TS v3,2026-09-15
2027-12-01,ORL,HKY,37697.66,56718.92,75740.17,2.3,FP&A Baseline TS v3,2026-09-15
2026-09-01,ORL,LAX,46089.36,51494.19,56899.02,4.6,FP&A Baseline TS v3,2026-09-15
2026-10-01,ORL,LAX,63777.08,72500.32,81223.56,4.6,FP&A Baseline TS v3,2026-09-15
2026-11-01,ORL,LAX,85937.12,99427.44,112917.75,4.6,FP&A Baseline TS v3,2026-09-15
2026-12-01,ORL,LAX,142667.78,168050.06,193432.34,4.6,FP&A Baseline TS v3,2026-09-15
2027-01-01,ORL,LAX,83639.25,100335.0,117030.74,4.6,FP&A Baseline TS v3,2026-09-15
2027-02-01,ORL,LAX,96079.18,117421.76,138764.34,4.6,FP&A Baseline TS v3,2026-09-15
2027-03-01,ORL,LAX,93586.62,116563.65,139540.68,4.6,FP&A Baseline TS v3,2026-09-15
2027-04-01,ORL,LAX,76102.15,96635.19,117168.24,4.6,FP&A Baseline TS v3,2026-09-15
2027-05-01,ORL,LAX,60670.95,78573.03,96475.11,4.6,FP&A Baseline TS v3,2026-09-15
2027-06-01,ORL,LAX,47109.31,62248.03,77386.75,4.6,FP&A Baseline TS v3,2026-09-15
2027-07-01,ORL,LAX,36255.62,48898.92,61542.23,4.6,FP&A Baseline TS v3,2026-09-15
2027-08-01,ORL,LAX,35594.68,49023.09,62451.49,4.6,FP&A Baseline TS v3,2026-09-15
2027-09-01,ORL,LAX,38265.5,53840.47,69415.44,4.6,FP&A Baseline TS v3,2026-09-15
2027-10-01,ORL,LAX,52710.87,75803.71,98896.56,4.6,FP&A Baseline TS v3,2026-09-15
2027-11-01,ORL,LAX,70691.26,103957.74,137224.21,4.6,FP&A Baseline TS v3,2026-09-15
2027-12-01,ORL,LAX,116781.95,175707.07,234632.19,4.6,FP&A Baseline TS v3,2026-09-15
2026-09-01,ORL,PKB,175779.58,196392.98,217006.39,5.8,FP&A Baseline TS v3,2026-09-15
2026-10-01,ORL,PKB,182298.6,207232.86,232167.12,5.8,FP&A Baseline TS v3,2026-09-15
2026-11-01,ORL,PKB,206086.87,238438.16,270789.45,5.8,FP&A Baseline TS v3,2026-09-15
2026-12-01,ORL,PKB,268069.69,315762.45,363455.21,5.8,FP&A Baseline TS v3,2026-09-15
2027-01-01,ORL,PKB,189245.84,227022.36,264798.88,5.8,FP&A Baseline TS v3,2026-09-15
2027-02-01,ORL,PKB,222764.75,272248.67,321732.59,5.8,FP&A Baseline TS v3,2026-09-15
2027-03-01,ORL,PKB,218033.03,271563.65,325094.28,5.8,FP&A Baseline TS v3,2026-09-15
2027-04-01,ORL,PKB,209705.05,266285.37,322865.68,5.8,FP&A Baseline TS v3,2026-09-15
2027-05-01,ORL,PKB,223580.6,289552.17,355523.73,5.8,FP&A Baseline TS v3,2026-09-15
2027-06-01,ORL,PKB,191369.41,252866.55,314363.7,5.8,FP&A Baseline TS v3,2026-09-15
2027-07-01,ORL,PKB,176514.88,238070.35,299625.82,5.8,FP&A Baseline TS v3,2026-09-15
2027-08-01,ORL,PKB,165290.15,227647.29,290004.44,5.8,FP&A Baseline TS v3,2026-09-15
2027-09-01,ORL,PKB,147636.58,207728.19,267819.8,5.8,FP&A Baseline TS v3,2026-09-15
2027-10-01,ORL,PKB,152418.54,219193.71,285968.88,5.8,FP&A Baseline TS v3,2026-09-15
2027-11-01,ORL,PKB,171496.06,252200.08,332904.11,5.8,FP&A Baseline TS v3,2026-09-15
2027-12-01,ORL,PKB,221981.32,333987.3,445993.28,5.8,FP&A Baseline TS v3,2026-09-15
2026-09-01,ORL,RUN,412060.7,460382.44,508704.18,2.3,FP&A Baseline TS v3,2026-09-15
2026-10-01,ORL,RUN,446394.15,507450.61,568507.06,2.3,FP&A Baseline TS v3,2026-09-15
2026-11-01,ORL,RUN,514151.59,594862.54,675573.48,2.3,FP&A Baseline TS v3,2026-09-15
2026-12-01,ORL,RUN,737207.47,868365.37,999523.28,2.3,FP&A Baseline TS v3,2026-09-15
2027-01-01,ORL,RUN,481917.25,578115.7,674314.16,2.3,FP&A Baseline TS v3,2026-09-15
2027-02-01,ORL,RUN,560091.05,684507.05,808923.05,2.3,FP&A Baseline TS v3,2026-09-15
2027-03-01,ORL,RUN,543132.41,676480.18,809827.96,2.3,FP&A Baseline TS v3,2026-09-15
2027-04-01,ORL,RUN,569480.55,723131.53,876782.52,2.3,FP&A Baseline TS v3,2026-09-15
2027-05-01,ORL,RUN,539712.31,698964.35,858216.38,2.3,FP&A Baseline TS v3,2026-09-15
2027-06-01,ORL,RUN,479247.84,633255.6,787263.37,2.3,FP&A Baseline TS v3,2026-09-15
2027-07-01,ORL,RUN,455223.94,613972.73,772721.52,2.3,FP&A Baseline TS v3,2026-09-15
2027-08-01,ORL,RUN,439455.53,605243.96,771032.38,2.3,FP&A Baseline TS v3,2026-09-15
2027-09-01,ORL,RUN,334687.25,470912.95,607138.65,2.3,FP&A Baseline TS v3,2026-09-15
2027-10-01,ORL,RUN,360931.98,519057.72,677183.46,2.3,FP&A Baseline TS v3,2026-09-15
2027-11-01,ORL,RUN,413758.96,608469.06,803179.16,2.3,FP&A Baseline TS v3,2026-09-15
2027-12-01,ORL,RUN,590351.75,888227.83,1186103.92,2.3,FP&A Baseline TS v3,2026-09-15
2026-09-01,ORL,SNW,73199.03,81782.97,90366.91,-0.0,FP&A Baseline TS v3,2026-09-15
2026-10-01,ORL,SNW,95770.6,108869.82,121969.03,-0.0,FP&A Baseline TS v3,2026-09-15
2026-11-01,ORL,SNW,125553.36,145262.59,164971.82,-0.0,FP&A Baseline TS v3,2026-09-15
2026-12-01,ORL,SNW,157936.25,186034.97,214133.69,-0.0,FP&A Baseline TS v3,2026-09-15
2027-01-01,ORL,SNW,86590.49,103875.34,121160.2,-0.0,FP&A Baseline TS v3,2026-09-15
2027-02-01,ORL,SNW,73195.58,89454.91,105714.23,-0.0,FP&A Baseline TS v3,2026-09-15
2027-03-01,ORL,SNW,47364.61,58993.39,70622.17,-0.0,FP&A Baseline TS v3,2026-09-15
2027-04-01,ORL,SNW,22738.63,28873.71,35008.8,-0.0,FP&A Baseline TS v3,2026-09-15
2027-05-01,ORL,SNW,10331.52,13380.03,16428.54,-0.0,FP&A Baseline TS v3,2026-09-15
2027-06-01,ORL,SNW,10055.53,13286.9,16518.28,-0.0,FP&A Baseline TS v3,2026-09-15
2027-07-01,ORL,SNW,21099.03,28456.83,35814.62,-0.0,FP&A Baseline TS v3,2026-09-15
2027-08-01,ORL,SNW,39218.83,54014.47,68810.12,-0.0,FP&A Baseline TS v3,2026-09-15
2027-09-01,ORL,SNW,58120.01,81776.24,105432.47,-0.0,FP&A Baseline TS v3,2026-09-15
2027-10-01,ORL,SNW,75697.48,108860.85,142024.23,-0.0,FP&A Baseline TS v3,2026-09-15
2027-11-01,ORL,SNW,98770.43,145250.64,191730.84,-0.0,FP&A Baseline TS v3,2026-09-15
2027-12-01,ORL,SNW,123636.1,186019.65,248403.21,-0.0,FP&A Baseline TS v3,2026-09-15
2026-09-01,ORL,SOC,365240.55,408071.76,450902.98,3.8,FP&A Baseline TS v3,2026-09-15
2026-10-01,ORL,SOC,321538.03,365517.03,409496.04,3.8,FP&A Baseline TS v3,2026-09-15
2026-11-01,ORL,SOC,322725.63,373386.74,424047.85,3.8,FP&A Baseline TS v3,2026-09-15
2026-12-01,ORL,SOC,299221.63,352456.69,405691.75,3.8,FP&A Baseline TS v3,2026-09-15
2027-01-01,ORL,SOC,166534.47,199777.44,233020.4,3.8,FP&A Baseline TS v3,2026-09-15
2027-02-01,ORL,SOC,199037.81,243251.14,287464.47,3.8,FP&A Baseline TS v3,2026-09-15
2027-03-01,ORL,SOC,210537.5,262227.86,313918.21,3.8,FP&A Baseline TS v3,2026-09-15
2027-04-01,ORL,SOC,236069.93,299763.73,363457.52,3.8,FP&A Baseline TS v3,2026-09-15
2027-05-01,ORL,SOC,272003.57,352263.22,432522.87,3.8,FP&A Baseline TS v3,2026-09-15
2027-06-01,ORL,SOC,304498.9,402350.55,500202.2,3.8,FP&A Baseline TS v3,2026-09-15
2027-07-01,ORL,SOC,294703.23,397474.14,500245.06,3.8,FP&A Baseline TS v3,2026-09-15
2027-08-01,ORL,SOC,303339.17,417776.52,532213.86,3.8,FP&A Baseline TS v3,2026-09-15
2027-09-01,ORL,SOC,301141.84,423713.76,546285.67,3.8,FP&A Baseline TS v3,2026-09-15
2027-10-01,ORL,SOC,263908.48,379527.84,495147.2,3.8,FP&A Baseline TS v3,2026-09-15
2027-11-01,ORL,SOC,263635.46,387699.21,511762.95,3.8,FP&A Baseline TS v3,2026-09-15
2027-12-01,ORL,SOC,243236.22,365966.87,488697.52,3.8,FP&A Baseline TS v3,2026-09-15
2026-09-01,ORL,TEN,95013.66,106155.77,117297.88,-2.4,FP&A Baseline TS v3,2026-09-15
2026-10-01,ORL,TEN,86596.23,98440.61,110284.98,-2.4,FP&A Baseline TS v3,2026-09-15
2026-11-01,ORL,TEN,92495.59,107015.45,121535.31,-2.4,FP&A Baseline TS v3,2026-09-15
2026-12-01,ORL,TEN,127500.96,150184.88,172868.81,-2.4,FP&A Baseline TS v3,2026-09-15
2027-01-01,ORL,TEN,83433.65,100088.35,116743.06,-2.4,FP&A Baseline TS v3,2026-09-15
2027-02-01,ORL,TEN,110446.66,134980.76,159514.87,-2.4,FP&A Baseline TS v3,2026-09-15
2027-03-01,ORL,TEN,113607.2,141499.6,169392.0,-2.4,FP&A Baseline TS v3,2026-09-15
2027-04-01,ORL,TEN,118989.59,151094.06,183198.52,-2.4,FP&A Baseline TS v3,2026-09-15
2027-05-01,ORL,TEN,114048.44,147700.52,181352.61,-2.4,FP&A Baseline TS v3,2026-09-15
2027-06-01,ORL,TEN,101765.51,134468.17,167170.82,-2.4,FP&A Baseline TS v3,2026-09-15
2027-07-01,ORL,TEN,94643.2,127647.81,160652.43,-2.4,FP&A Baseline TS v3,2026-09-15
2027-08-01,ORL,TEN,83915.64,115573.55,147231.46,-2.4,FP&A Baseline TS v3,2026-09-15
2027-09-01,ORL,TEN,73636.8,103608.73,133580.67,-2.4,FP&A Baseline TS v3,2026-09-15
2027-10-01,ORL,TEN,66809.27,96078.68,125348.09,-2.4,FP&A Baseline TS v3,2026-09-15
2027-11-01,ORL,TEN,71024.5,104447.79,137871.08,-2.4,FP&A Baseline TS v3,2026-09-15
2027-12-01,ORL,TEN,97423.89,146581.44,195738.99,-2.4,FP&A Baseline TS v3,2026-09-15
2026-09-01,ORL,VOL,103155.58,115252.48,127349.38,7.2,FP&A Baseline TS v3,2026-09-15
2026-10-01,ORL,VOL,95884.65,108999.47,122114.29,7.2,FP&A Baseline TS v3,2026-09-15
2026-11-01,ORL,VOL,88099.1,101928.8,115758.5,7.2,FP&A Baseline TS v3,2026-09-15
2026-12-01,ORL,VOL,105622.62,124414.13,143205.64,7.2,FP&A Baseline TS v3,2026-09-15
2027-01-01,ORL,VOL,46810.11,56154.16,65498.21,7.2,FP&A Baseline TS v3,2026-09-15
2027-02-01,ORL,VOL,53289.2,65126.62,76964.03,7.2,FP&A Baseline TS v3,2026-09-15
2027-03-01,ORL,VOL,60845.44,75783.97,90722.51,7.2,FP&A Baseline TS v3,2026-09-15
2027-04-01,ORL,VOL,70575.08,89616.87,108658.66,7.2,FP&A Baseline TS v3,2026-09-15
2027-05-01,ORL,VOL,84410.01,109316.74,134223.47,7.2,FP&A Baseline TS v3,2026-09-15
2027-06-01,ORL,VOL,91371.69,120734.27,150096.84,7.2,FP&A Baseline TS v3,2026-09-15
2027-07-01,ORL,VOL,101325.75,136660.76,171995.77,7.2,FP&A Baseline TS v3,2026-09-15
2027-08-01,ORL,VOL,94178.47,129708.12,165237.76,7.2,FP&A Baseline TS v3,2026-09-15
2027-09-01,ORL,VOL,87771.98,123497.27,159222.56,7.2,FP&A Baseline TS v3,2026-09-15
2027-10-01,ORL,VOL,81215.92,116796.93,152377.95,7.2,FP&A Baseline TS v3,2026-09-15
2027-11-01,ORL,VOL,74269.91,109220.46,144171.0,7.2,FP&A Baseline TS v3,2026-09-15
2027-12-01,ORL,VOL,88606.02,133314.3,178022.59,7.2,FP&A Baseline TS v3,2026-09-15
2026-09-01,PHL,BSB,220535.24,246397.08,272258.92,0.5,FP&A Baseline TS v3,2026-09-15
2026-10-01,PHL,BSB,260526.05,296160.02,331794.0,0.5,FP&A Baseline TS v3,2026-09-15
2026-11-01,PHL,BSB,371076.32,429327.47,487578.62,0.5,FP&A Baseline TS v3,2026-09-15
2026-12-01,PHL,BSB,555478.54,654304.72,753130.9,0.5,FP&A Baseline TS v3,2026-09-15
2027-01-01,PHL,BSB,412109.12,494372.75,576636.37,0.5,FP&A Baseline TS v3,2026-09-15
2027-02-01,PHL,BSB,509964.04,623245.06,736526.09,0.5,FP&A Baseline TS v3,2026-09-15
2027-03-01,PHL,BSB,471469.18,587222.47,702975.77,0.5,FP&A Baseline TS v3,2026-09-15
2027-04-01,PHL,BSB,451376.49,573161.93,694947.38,0.5,FP&A Baseline TS v3,2026-09-15
2027-05-01,PHL,BSB,361890.61,468673.08,575455.56,0.5,FP&A Baseline TS v3,2026-09-15
2027-06-01,PHL,BSB,291661.51,385387.83,479114.15,0.5,FP&A Baseline TS v3,2026-09-15
2027-07-01,PHL,BSB,229030.29,308899.29,388768.29,0.5,FP&A Baseline TS v3,2026-09-15
2027-08-01,PHL,BSB,189579.99,261100.69,332621.4,0.5,FP&A Baseline TS v3,2026-09-15
2027-09-01,PHL,BSB,175961.91,247582.61,319203.31,0.5,FP&A Baseline TS v3,2026-09-15
2027-10-01,PHL,BSB,206928.69,297584.98,388241.27,0.5,FP&A Baseline TS v3,2026-09-15
2027-11-01,PHL,BSB,293347.35,431393.16,569438.97,0.5,FP&A Baseline TS v3,2026-09-15
2027-12-01,PHL,BSB,436969.48,657452.87,877936.27,0.5,FP&A Baseline TS v3,2026-09-15
2026-09-01,PHL,BSK,429808.99,480212.04,530615.1,3.0,FP&A Baseline TS v3,2026-09-15
2026-10-01,PHL,BSK,441471.41,501854.55,562237.69,3.0,FP&A Baseline TS v3,2026-09-15
2026-11-01,PHL,BSK,470499.74,544358.26,618216.79,3.0,FP&A Baseline TS v3,2026-09-15
2026-12-01,PHL,BSK,605763.58,713536.06,821308.55,3.0,FP&A Baseline TS v3,2026-09-15
2027-01-01,PHL,BSK,292076.12,350379.22,408682.33,3.0,FP&A Baseline TS v3,2026-09-15
2027-02-01,PHL,BSK,358625.35,438288.7,517952.05,3.0,FP&A Baseline TS v3,2026-09-15
2027-03-01,PHL,BSK,283673.09,353319.41,422965.73,3.0,FP&A Baseline TS v3,2026-09-15
2027-04-01,PHL,BSK,278568.75,353729.11,428889.47,3.0,FP&A Baseline TS v3,2026-09-15
2027-05-01,PHL,BSK,268676.38,347954.29,427232.2,3.0,FP&A Baseline TS v3,2026-09-15
2027-06-01,PHL,BSK,242818.4,320848.84,398879.27,3.0,FP&A Baseline TS v3,2026-09-15
2027-07-01,PHL,BSK,309451.77,417365.9,525280.03,3.0,FP&A Baseline TS v3,2026-09-15
2027-08-01,PHL,BSK,321533.16,442834.34,564135.53,3.0,FP&A Baseline TS v3,2026-09-15
2027-09-01,PHL,BSK,351490.31,494555.26,637620.2,3.0,FP&A Baseline TS v3,2026-09-15
2027-10-01,PHL,BSK,359392.78,516844.19,674295.61,3.0,FP&A Baseline TS v3,2026-09-15
2027-11-01,PHL,BSK,381219.85,560617.43,740015.01,3.0,FP&A Baseline TS v3,2026-09-15
2027-12-01,PHL,BSK,488409.58,734848.32,981287.05,3.0,FP&A Baseline TS v3,2026-09-15
2026-09-01,PHL,CLM,97490.27,108922.81,120355.35,3.5,FP&A Baseline TS v3,2026-09-15
2026-10-01,PHL,CLM,104603.75,118911.14,133218.53,3.5,FP&A Baseline TS v3,2026-09-15
2026-11-01,PHL,CLM,118720.11,137356.66,155993.22,3.5,FP&A Baseline TS v3,2026-09-15
2026-12-01,PHL,CLM,165232.26,194629.03,224025.8,3.5,FP&A Baseline TS v3,2026-09-15
2027-01-01,PHL,CLM,91460.45,109717.43,127974.41,3.5,FP&A Baseline TS v3,2026-09-15
2027-02-01,PHL,CLM,103303.47,126250.81,149198.16,3.5,FP&A Baseline TS v3,2026-09-15
2027-03-01,PHL,CLM,99008.31,123316.45,147624.59,3.5,FP&A Baseline TS v3,2026-09-15
2027-04-01,PHL,CLM,86249.38,109520.24,132791.1,3.5,FP&A Baseline TS v3,2026-09-15
2027-05-01,PHL,CLM,81891.16,106054.66,130218.15,3.5,FP&A Baseline TS v3,2026-09-15
2027-06-01,PHL,CLM,82306.58,108756.05,135205.52,3.5,FP&A Baseline TS v3,2026-09-15
2027-07-01,PHL,CLM,77887.1,105048.43,132209.75,3.5,FP&A Baseline TS v3,2026-09-15
2027-08-01,PHL,CLM,76959.22,105992.75,135026.29,3.5,FP&A Baseline TS v3,2026-09-15
2027-09-01,PHL,CLM,80148.6,112770.99,145393.38,3.5,FP&A Baseline TS v3,2026-09-15
2027-10-01,PHL,CLM,85607.3,123112.2,160617.1,3.5,FP&A Baseline TS v3,2026-09-15
2027-11-01,PHL,CLM,96702.39,142209.4,187716.4,3.5,FP&A Baseline TS v3,2026-09-15
2027-12-01,PHL,CLM,133928.39,201505.16,269081.94,3.5,FP&A Baseline TS v3,2026-09-15
2026-09-01,PHL,CYC,310363.38,346759.23,383155.08,-0.9,FP&A Baseline TS v3,2026-09-15
2026-10-01,PHL,CYC,289857.55,329503.4,369149.25,-0.9,FP&A Baseline TS v3,2026-09-15
2026-11-01,PHL,CYC,316275.48,365924.05,415572.63,-0.9,FP&A Baseline TS v3,2026-09-15
2026-12-01,PHL,CYC,441217.55,519715.35,598213.16,-0.9,FP&A Baseline TS v3,2026-09-15
2027-01-01,PHL,CYC,303223.5,363751.8,424280.1,-0.9,FP&A Baseline TS v3,2026-09-15
2027-02-01,PHL,CYC,462093.48,564740.76,667388.04,-0.9,FP&A Baseline TS v3,2026-09-15
2027-03-01,PHL,CYC,504410.8,628251.8,752092.79,-0.9,FP&A Baseline TS v3,2026-09-15
2027-04-01,PHL,CYC,519676.05,659889.34,800102.63,-0.9,FP&A Baseline TS v3,2026-09-15
2027-05-01,PHL,CYC,525612.27,680703.83,835795.39,-0.9,FP&A Baseline TS v3,2026-09-15
2027-06-01,PHL,CYC,498685.14,658939.13,819193.13,-0.9,FP&A Baseline TS v3,2026-09-15
2027-07-01,PHL,CYC,379346.96,511635.41,643923.87,-0.9,FP&A Baseline TS v3,2026-09-15
2027-08-01,PHL,CYC,330505.76,455191.94,579878.11,-0.9,FP&A Baseline TS v3,2026-09-15
2027-09-01,PHL,CYC,244303.81,343741.29,443178.78,-0.9,FP&A Baseline TS v3,2026-09-15
2027-10-01,PHL,CYC,227129.37,326635.65,426141.94,-0.9,FP&A Baseline TS v3,2026-09-15
2027-11-01,PHL,CYC,246662.74,362739.32,478815.91,-0.9,FP&A Baseline TS v3,2026-09-15
2027-12-01,PHL,CYC,342417.3,515192.14,687966.98,-0.9,FP&A Baseline TS v3,2026-09-15
2026-09-01,PHL,FTB,185274.91,207001.82,228728.74,-1.4,FP&A Baseline TS v3,2026-09-15
2026-10-01,PHL,FTB,165657.98,188316.18,210974.39,-1.4,FP&A Baseline TS v3,2026-09-15
2026-11-01,PHL,FTB,144982.88,167742.13,190501.38,-1.4,FP&A Baseline TS v3,2026-09-15
2026-12-01,PHL,FTB,113173.09,133307.92,153442.75,-1.4,FP&A Baseline TS v3,2026-09-15
2027-01-01,PHL,FTB,53919.2,64682.34,75445.48,-1.4,FP&A Baseline TS v3,2026-09-15
2027-02-01,PHL,FTB,61569.7,75246.51,88923.31,-1.4,FP&A Baseline TS v3,2026-09-15
2027-03-01,PHL,FTB,74771.43,93129.02,111486.61,-1.4,FP&A Baseline TS v3,2026-09-15
2027-04-01,PHL,FTB,104337.07,132488.15,160639.24,-1.4,FP&A Baseline TS v3,2026-09-15
2027-05-01,PHL,FTB,138042.57,178774.57,219506.56,-1.4,FP&A Baseline TS v3,2026-09-15
2027-06-01,PHL,FTB,169216.14,223594.26,277972.39,-1.4,FP&A Baseline TS v3,2026-09-15
2027-07-01,PHL,FTB,177237.42,239044.86,300852.3,-1.4,FP&A Baseline TS v3,2026-09-15
2027-08-01,PHL,FTB,170024.27,234167.41,298310.54,-1.4,FP&A Baseline TS v3,2026-09-15
2027-09-01,PHL,FTB,145094.27,204151.1,263207.94,-1.4,FP&A Baseline TS v3,2026-09-15
2027-10-01,PHL,FTB,129144.2,185722.79,242301.38,-1.4,FP&A Baseline TS v3,2026-09-15
2027-11-01,PHL,FTB,112493.81,165432.08,218370.34,-1.4,FP&A Baseline TS v3,2026-09-15
2027-12-01,PHL,FTB,87381.6,131472.07,175562.55,-1.4,FP&A Baseline TS v3,2026-09-15
2026-09-01,PHL,GLF,335581.14,374934.24,414287.33,-3.0,FP&A Baseline TS v3,2026-09-15
2026-10-01,PHL,GLF,315918.2,359128.54,402338.89,-3.0,FP&A Baseline TS v3,2026-09-15
2026-11-01,PHL,GLF,328986.48,380630.42,432274.35,-3.0,FP&A Baseline TS v3,2026-09-15
2026-12-01,PHL,GLF,520670.3,613303.68,705937.07,-3.0,FP&A Baseline TS v3,2026-09-15
2027-01-01,PHL,GLF,332400.8,398753.35,465105.91,-3.0,FP&A Baseline TS v3,2026-09-15
2027-02-01,PHL,GLF,454614.65,555600.61,656586.58,-3.0,FP&A Baseline TS v3,2026-09-15
2027-03-01,PHL,GLF,530981.75,661346.34,791710.93,-3.0,FP&A Baseline TS v3,2026-09-15
2027-04-01,PHL,GLF,546657.01,694150.0,841642.99,-3.0,FP&A Baseline TS v3,2026-09-15
2027-05-01,PHL,GLF,526166.56,681421.68,836676.79,-3.0,FP&A Baseline TS v3,2026-09-15
2027-06-01,PHL,GLF,551069.07,728156.81,905244.54,-3.0,FP&A Baseline TS v3,2026-09-15
2027-07-01,PHL,GLF,412418.18,556239.45,700060.73,-3.0,FP&A Baseline TS v3,2026-09-15
2027-08-01,PHL,GLF,342343.94,471496.17,600648.4,-3.0,FP&A Baseline TS v3,2026-09-15
2027-09-01,PHL,GLF,258510.96,363731.09,468951.22,-3.0,FP&A Baseline TS v3,2026-09-15
2027-10-01,PHL,GLF,242261.81,348397.68,454533.54,-3.0,FP&A Baseline TS v3,2026-09-15
2027-11-01,PHL,GLF,251094.81,369257.07,487419.33,-3.0,FP&A Baseline TS v3,2026-09-15
2027-12-01,PHL,GLF,395446.17,594977.99,794509.81,-3.0,FP&A Baseline TS v3,2026-09-15
2026-09-01,PHL,HKY,391126.58,436993.41,482860.24,1.9,FP&A Baseline TS v3,2026-09-15
2026-10-01,PHL,HKY,385251.01,437944.49,490637.97,1.9,FP&A Baseline TS v3,2026-09-15
2026-11-01,PHL,HKY,408005.88,472054.19,536102.5,1.9,FP&A Baseline TS v3,2026-09-15
2026-12-01,PHL,HKY,406165.75,478427.42,550689.1,1.9,FP&A Baseline TS v3,2026-09-15
2027-01-01,PHL,HKY,217136.12,260479.99,303823.86,1.9,FP&A Baseline TS v3,2026-09-15
2027-02-01,PHL,HKY,166966.3,204055.42,241144.53,1.9,FP&A Baseline TS v3,2026-09-15
2027-03-01,PHL,HKY,137685.87,171489.98,205294.08,1.9,FP&A Baseline TS v3,2026-09-15
2027-04-01,PHL,HKY,130739.82,166014.61,201289.39,1.9,FP&A Baseline TS v3,2026-09-15
2027-05-01,PHL,HKY,165928.17,214888.33,263848.49,1.9,FP&A Baseline TS v3,2026-09-15
2027-06-01,PHL,HKY,204055.55,269629.43,335203.31,1.9,FP&A Baseline TS v3,2026-09-15
2027-07-01,PHL,HKY,239667.49,323245.96,406824.44,1.9,FP&A Baseline TS v3,2026-09-15
2027-08-01,PHL,HKY,317176.53,436834.14,556491.74,1.9,FP&A Baseline TS v3,2026-09-15
2027-09-01,PHL,HKY,316619.21,445490.79,574362.36,1.9,FP&A Baseline TS v3,2026-09-15
2027-10-01,PHL,HKY,310450.68,446460.36,582470.05,1.9,FP&A Baseline TS v3,2026-09-15
2027-11-01,PHL,HKY,327238.66,481233.33,635228.0,1.9,FP&A Baseline TS v3,2026-09-15
2027-12-01,PHL,HKY,324165.19,487730.49,651295.79,1.9,FP&A Baseline TS v3,2026-09-15
2026-09-01,PHL,LAX,163424.32,182588.84,201753.37,4.2,FP&A Baseline TS v3,2026-09-15
2026-10-01,PHL,LAX,188413.12,214183.7,239954.28,4.2,FP&A Baseline TS v3,2026-09-15
2026-11-01,PHL,LAX,295135.28,341465.3,387795.31,4.2,FP&A Baseline TS v3,2026-09-15
2026-12-01,PHL,LAX,412595.62,486001.25,559406.88,4.2,FP&A Baseline TS v3,2026-09-15
2027-01-01,PHL,LAX,283808.78,340461.59,397114.4,4.2,FP&A Baseline TS v3,2026-09-15
2027-02-01,PHL,LAX,314094.8,383866.35,453637.9,4.2,FP&A Baseline TS v3,2026-09-15
2027-03-01,PHL,LAX,281847.23,351045.27,420243.31,4.2,FP&A Baseline TS v3,2026-09-15
2027-04-01,PHL,LAX,246928.83,313552.46,380176.08,4.2,FP&A Baseline TS v3,2026-09-15
2027-05-01,PHL,LAX,199314.61,258126.05,316937.48,4.2,FP&A Baseline TS v3,2026-09-15
2027-06-01,PHL,LAX,134644.64,177913.11,221181.57,4.2,FP&A Baseline TS v3,2026-09-15
2027-07-01,PHL,LAX,114762.89,154783.79,194804.68,4.2,FP&A Baseline TS v3,2026-09-15
2027-08-01,PHL,LAX,121369.15,167156.72,212944.29,4.2,FP&A Baseline TS v3,2026-09-15
2027-09-01,PHL,LAX,135215.5,190251.44,245287.37,4.2,FP&A Baseline TS v3,2026-09-15
2027-10-01,PHL,LAX,155185.03,223172.22,291159.4,4.2,FP&A Baseline TS v3,2026-09-15
2027-11-01,PHL,LAX,241940.85,355795.37,469649.88,4.2,FP&A Baseline TS v3,2026-09-15
2027-12-01,PHL,LAX,336571.69,506396.97,676222.26,4.2,FP&A Baseline TS v3,2026-09-15
2026-09-01,PHL,PKB,240790.85,269028.03,297265.22,9.8,FP&A Baseline TS v3,2026-09-15
2026-10-01,PHL,PKB,258423.33,293769.7,329116.07,9.8,FP&A Baseline TS v3,2026-09-15
2026-11-01,PHL,PKB,299796.06,346857.71,393919.37,9.8,FP&A Baseline TS v3,2026-09-15
2026-12-01,PHL,PKB,392298.94,462093.56,531888.17,9.8,FP&A Baseline TS v3,2026-09-15
2027-01-01,PHL,PKB,246289.98,295453.43,344616.88,9.8,FP&A Baseline TS v3,2026-09-15
2027-02-01,PHL,PKB,311167.54,380288.84,449410.14,9.8,FP&A Baseline TS v3,2026-09-15
2027-03-01,PHL,PKB,341284.97,425075.94,508866.91,9.8,FP&A Baseline TS v3,2026-09-15
2027-04-01,PHL,PKB,345642.91,438900.49,532158.07,9.8,FP&A Baseline TS v3,2026-09-15
2027-05-01,PHL,PKB,304446.1,394278.51,484110.93,9.8,FP&A Baseline TS v3,2026-09-15
2027-06-01,PHL,PKB,292415.02,386383.48,480351.94,9.8,FP&A Baseline TS v3,2026-09-15
2027-07-01,PHL,PKB,263163.09,354935.11,446707.14,9.8,FP&A Baseline TS v3,2026-09-15
2027-08-01,PHL,PKB,241688.54,332867.64,424046.74,9.8,FP&A Baseline TS v3,2026-09-15
2027-09-01,PHL,PKB,209863.2,295282.53,380701.86,9.8,FP&A Baseline TS v3,2026-09-15
2027-10-01,PHL,PKB,224211.0,322438.74,420666.48,9.8,FP&A Baseline TS v3,2026-09-15
2027-11-01,PHL,PKB,258881.18,380707.62,502534.06,9.8,FP&A Baseline TS v3,2026-09-15
2027-12-01,PHL,PKB,337098.33,507189.35,677280.37,9.8,FP&A Baseline TS v3,2026-09-15
2026-09-01,PHL,RUN,845262.74,944385.44,1043508.13,1.6,FP&A Baseline TS v3,2026-09-15
2026-10-01,PHL,RUN,822950.27,935510.95,1048071.63,1.6,FP&A Baseline TS v3,2026-09-15
2026-11-01,PHL,RUN,920522.75,1065025.39,1209528.04,1.6,FP&A Baseline TS v3,2026-09-15
2026-12-01,PHL,RUN,1280238.02,1508007.47,1735776.91,1.6,FP&A Baseline TS v3,2026-09-15
2027-01-01,PHL,RUN,815753.07,978590.54,1141428.0,1.6,FP&A Baseline TS v3,2026-09-15
2027-02-01,PHL,RUN,969648.63,1185041.84,1400435.04,1.6,FP&A Baseline TS v3,2026-09-15
2027-03-01,PHL,RUN,971807.97,1210402.51,1448997.05,1.6,FP&A Baseline TS v3,2026-09-15
2027-04-01,PHL,RUN,1040680.5,1321465.48,1602250.47,1.6,FP&A Baseline TS v3,2026-09-15
2027-05-01,PHL,RUN,900869.98,1166688.22,1432506.47,1.6,FP&A Baseline TS v3,2026-09-15
2027-06-01,PHL,RUN,851737.85,1125446.42,1399154.99,1.6,FP&A Baseline TS v3,2026-09-15
2027-07-01,PHL,RUN,790178.98,1065735.56,1341292.15,1.6,FP&A Baseline TS v3,2026-09-15
2027-08-01,PHL,RUN,687994.99,947547.08,1207099.18,1.6,FP&A Baseline TS v3,2026-09-15
2027-09-01,PHL,RUN,681753.65,959243.65,1236733.66,1.6,FP&A Baseline TS v3,2026-09-15
2027-10-01,PHL,RUN,660751.61,950229.54,1239707.47,1.6,FP&A Baseline TS v3,2026-09-15
2027-11-01,PHL,RUN,735611.53,1081781.66,1427951.79,1.6,FP&A Baseline TS v3,2026-09-15
2027-12-01,PHL,RUN,1018051.2,1531733.26,2045415.33,1.6,FP&A Baseline TS v3,2026-09-15
2026-09-01,PHL,SNW,680923.64,760774.54,840625.43,0.9,FP&A Baseline TS v3,2026-09-15
2026-10-01,PHL,SNW,1010397.04,1148596.12,1286795.21,0.9,FP&A Baseline TS v3,2026-09-15
2026-11-01,PHL,SNW,1162397.51,1344869.39,1527341.27,0.9,FP&A Baseline TS v3,2026-09-15
2026-12-01,PHL,SNW,1500189.83,1767091.3,2033992.77,0.9,FP&A Baseline TS v3,2026-09-15
2027-01-01,PHL,SNW,783575.72,939990.06,1096404.41,0.9,FP&A Baseline TS v3,2026-09-15
2027-02-01,PHL,SNW,681277.55,832613.35,983949.16,0.9,FP&A Baseline TS v3,2026-09-15
2027-03-01,PHL,SNW,445666.59,555084.93,664503.27,0.9,FP&A Baseline TS v3,2026-09-15
2027-04-01,PHL,SNW,227204.89,288506.81,349808.74,0.9,FP&A Baseline TS v3,2026-09-15
2027-05-01,PHL,SNW,97411.96,126155.15,154898.34,0.9,FP&A Baseline TS v3,2026-09-15
2027-06-01,PHL,SNW,87542.75,115674.88,143807.01,0.9,FP&A Baseline TS v3,2026-09-15
2027-07-01,PHL,SNW,194079.36,261760.03,329440.71,0.9,FP&A Baseline TS v3,2026-09-15
2027-08-01,PHL,SNW,376155.45,518063.36,659971.28,0.9,FP&A Baseline TS v3,2026-09-15
2027-09-01,PHL,SNW,545307.93,767261.27,989214.61,0.9,FP&A Baseline TS v3,2026-09-15
2027-10-01,PHL,SNW,805497.8,1158389.61,1511281.42,0.9,FP&A Baseline TS v3,2026-09-15
2027-11-01,PHL,SNW,922308.75,1356336.4,1790364.04,0.9,FP&A Baseline TS v3,2026-09-15
2027-12-01,PHL,SNW,1184493.74,1782158.38,2379823.01,0.9,FP&A Baseline TS v3,2026-09-15
2026-09-01,PHL,SOC,568911.54,635626.95,702342.35,4.1,FP&A Baseline TS v3,2026-09-15
2026-10-01,PHL,SOC,464641.17,528193.4,591745.63,4.1,FP&A Baseline TS v3,2026-09-15
2026-11-01,PHL,SOC,486417.54,562774.83,639132.11,4.1,FP&A Baseline TS v3,2026-09-15
2026-12-01,PHL,SOC,659384.13,776696.35,894008.56,4.1,FP&A Baseline TS v3,2026-09-15
2027-01-01,PHL,SOC,300167.03,360085.2,420003.38,4.1,FP&A Baseline TS v3,2026-09-15
2027-02-01,PHL,SOC,343449.7,419742.01,496034.31,4.1,FP&A Baseline TS v3,2026-09-15
2027-03-01,PHL,SOC,368404.8,458854.12,549303.45,4.1,FP&A Baseline TS v3,2026-09-15
2027-04-01,PHL,SOC,407938.29,518003.72,628069.15,4.1,FP&A Baseline TS v3,2026-09-15
2027-05-01,PHL,SOC,470874.67,609814.9,748755.13,4.1,FP&A Baseline TS v3,2026-09-15
2027-06-01,PHL,SOC,618646.08,817449.89,1016253.71,4.1,FP&A Baseline TS v3,2026-09-15
2027-07-01,PHL,SOC,594988.88,802477.44,1009966.01,4.1,FP&A Baseline TS v3,2026-09-15
2027-08-01,PHL,SOC,554594.59,763820.22,973045.86,4.1,FP&A Baseline TS v3,2026-09-15
2027-09-01,PHL,SOC,470084.05,661419.47,852754.89,4.1,FP&A Baseline TS v3,2026-09-15
2027-10-01,PHL,SOC,382188.27,549626.48,717064.68,4.1,FP&A Baseline TS v3,2026-09-15
2027-11-01,PHL,SOC,398215.58,585611.15,773006.71,4.1,FP&A Baseline TS v3,2026-09-15
2027-12-01,PHL,SOC,537170.82,808213.19,1079255.57,4.1,FP&A Baseline TS v3,2026-09-15
2026-09-01,PHL,TEN,181868.9,203196.39,224523.88,-0.1,FP&A Baseline TS v3,2026-09-15
2026-10-01,PHL,TEN,179281.08,203802.6,228324.13,-0.1,FP&A Baseline TS v3,2026-09-15
2026-11-01,PHL,TEN,184618.51,213599.72,242580.93,-0.1,FP&A Baseline TS v3,2026-09-15
2026-12-01,PHL,TEN,268924.83,316769.73,364614.63,-0.1,FP&A Baseline TS v3,2026-09-15
2027-01-01,PHL,TEN,173656.24,208320.82,242985.41,-0.1,FP&A Baseline TS v3,2026-09-15
2027-02-01,PHL,TEN,228307.53,279022.69,329737.85,-0.1,FP&A Baseline TS v3,2026-09-15
2027-03-01,PHL,TEN,229375.27,285690.6,342005.93,-0.1,FP&A Baseline TS v3,2026-09-15
2027-04-01,PHL,TEN,249476.54,316787.56,384098.58,-0.1,FP&A Baseline TS v3,2026-09-15
2027-05-01,PHL,TEN,253332.43,328082.82,402833.22,-0.1,FP&A Baseline TS v3,2026-09-15
2027-06-01,PHL,TEN,208751.74,275834.75,342917.76,-0.1,FP&A Baseline TS v3,2026-09-15
2027-07-01,PHL,TEN,205474.02,277128.31,348782.61,-0.1,FP&A Baseline TS v3,2026-09-15
2027-08-01,PHL,TEN,171604.12,236343.27,301082.42,-0.1,FP&A Baseline TS v3,2026-09-15
2027-09-01,PHL,TEN,144243.01,202953.36,261663.71,-0.1,FP&A Baseline TS v3,2026-09-15
2027-10-01,PHL,TEN,141546.68,203558.85,265571.02,-0.1,FP&A Baseline TS v3,2026-09-15
2027-11-01,PHL,TEN,145074.09,213344.25,281614.42,-0.1,FP&A Baseline TS v3,2026-09-15
2027-12-01,PHL,TEN,210286.03,316390.87,422495.71,-0.1,FP&A Baseline TS v3,2026-09-15
2026-09-01,PHL,VOL,185578.49,207341.0,229103.51,5.7,FP&A Baseline TS v3,2026-09-15
2026-10-01,PHL,VOL,163291.09,185625.56,207960.03,5.7,FP&A Baseline TS v3,2026-09-15
2026-11-01,PHL,VOL,153999.68,178174.38,202349.08,5.7,FP&A Baseline TS v3,2026-09-15
2026-12-01,PHL,VOL,165411.73,194840.43,224269.12,5.7,FP&A Baseline TS v3,2026-09-15
2027-01-01,PHL,VOL,88596.95,106282.32,123967.7,5.7,FP&A Baseline TS v3,2026-09-15
2027-02-01,PHL,VOL,93902.75,114761.86,135620.98,5.7,FP&A Baseline TS v3,2026-09-15
2027-03-01,PHL,VOL,99212.74,123571.07,147929.4,5.7,FP&A Baseline TS v3,2026-09-15
2027-04-01,PHL,VOL,115408.58,146546.85,177685.13,5.7,FP&A Baseline TS v3,2026-09-15
2027-05-01,PHL,VOL,130275.17,168715.26,207155.34,5.7,FP&A Baseline TS v3,2026-09-15
2027-06-01,PHL,VOL,165624.25,218848.12,272071.98,5.7,FP&A Baseline TS v3,2026-09-15
2027-07-01,PHL,VOL,175745.93,237033.25,298320.57,5.7,FP&A Baseline TS v3,2026-09-15
2027-08-01,PHL,VOL,161690.74,222689.98,283689.22,5.7,FP&A Baseline TS v3,2026-09-15
2027-09-01,PHL,VOL,155773.86,219177.54,282581.22,5.7,FP&A Baseline TS v3,2026-09-15
2027-10-01,PHL,VOL,136445.22,196222.42,255999.62,5.7,FP&A Baseline TS v3,2026-09-15
2027-11-01,PHL,VOL,128075.19,188345.87,248616.55,5.7,FP&A Baseline TS v3,2026-09-15
2027-12-01,PHL,VOL,136891.47,205963.34,275035.2,5.7,FP&A Baseline TS v3,2026-09-15
2026-09-01,PHX,BSB,259716.84,290173.45,320630.05,1.8,FP&A Baseline TS v3,2026-09-15
2026-10-01,PHX,BSB,299472.43,340433.37,381394.32,1.8,FP&A Baseline TS v3,2026-09-15
2026-11-01,PHX,BSB,446603.4,516710.7,586818.01,1.8,FP&A Baseline TS v3,2026-09-15
2026-12-01,PHX,BSB,708532.94,834589.3,960645.67,1.8,FP&A Baseline TS v3,2026-09-15
2027-01-01,PHX,BSB,497727.33,597081.73,696436.13,1.8,FP&A Baseline TS v3,2026-09-15
2027-02-01,PHX,BSB,593923.98,725855.48,857786.97,1.8,FP&A Baseline TS v3,2026-09-15
2027-03-01,PHX,BSB,599914.97,747203.78,894492.59,1.8,FP&A Baseline TS v3,2026-09-15
2027-04-01,PHX,BSB,530766.2,673971.71,817177.22,1.8,FP&A Baseline TS v3,2026-09-15
2027-05-01,PHX,BSB,458253.07,593469.06,728685.05,1.8,FP&A Baseline TS v3,2026-09-15
2027-06-01,PHX,BSB,350114.67,462625.09,575135.51,1.8,FP&A Baseline TS v3,2026-09-15
2027-07-01,PHX,BSB,265196.24,357677.28,450158.31,1.8,FP&A Baseline TS v3,2026-09-15
2027-08-01,PHX,BSB,215095.01,296241.48,377387.95,1.8,FP&A Baseline TS v3,2026-09-15
2027-09-01,PHX,BSB,210039.64,295530.78,381021.92,1.8,FP&A Baseline TS v3,2026-09-15
2027-10-01,PHX,BSB,241094.27,346718.63,452342.99,1.8,FP&A Baseline TS v3,2026-09-15
2027-11-01,PHX,BSB,357850.33,526250.48,694650.64,1.8,FP&A Baseline TS v3,2026-09-15
2027-12-01,PHX,BSB,564942.62,849997.92,1135053.22,1.8,FP&A Baseline TS v3,2026-09-15
2026-09-01,PHX,BSK,430822.08,481343.94,531865.8,3.2,FP&A Baseline TS v3,2026-09-15
2026-10-01,PHX,BSK,425863.92,484112.32,542360.71,3.2,FP&A Baseline TS v3,2026-09-15
2026-11-01,PHX,BSK,511349.77,591620.89,671892.02,3.2,FP&A Baseline TS v3,2026-09-15
2026-12-01,PHX,BSK,553913.31,652461.02,751008.73,3.2,FP&A Baseline TS v3,2026-09-15
2027-01-01,PHX,BSK,309539.25,371328.27,433117.3,3.2,FP&A Baseline TS v3,2026-09-15
2027-02-01,PHX,BSK,337674.77,412684.26,487693.75,3.2,FP&A Baseline TS v3,2026-09-15
2027-03-01,PHX,BSK,279221.28,347774.62,416327.95,3.2,FP&A Baseline TS v3,2026-09-15
2027-04-01,PHX,BSK,265166.32,336710.58,408254.84,3.2,FP&A Baseline TS v3,2026-09-15
2027-05-01,PHX,BSK,241487.23,312742.47,383997.72,3.2,FP&A Baseline TS v3,2026-09-15
2027-06-01,PHX,BSK,274602.85,362847.31,451091.78,3.2,FP&A Baseline TS v3,2026-09-15
2027-07-01,PHX,BSK,295708.48,398829.95,501951.43,3.2,FP&A Baseline TS v3,2026-09-15
2027-08-01,PHX,BSK,314598.97,433284.17,551969.37,3.2,FP&A Baseline TS v3,2026-09-15
2027-09-01,PHX,BSK,353114.61,496840.68,640566.75,3.2,FP&A Baseline TS v3,2026-09-15
2027-10-01,PHX,BSK,347470.13,499698.19,651926.24,3.2,FP&A Baseline TS v3,2026-09-15
2027-11-01,PHX,BSK,415254.22,610667.98,806081.73,3.2,FP&A Baseline TS v3,2026-09-15
2027-12-01,PHX,BSK,447613.0,673466.83,899320.67,3.2,FP&A Baseline TS v3,2026-09-15
2026-09-01,PHX,CLM,96095.64,107364.64,118633.63,7.0,FP&A Baseline TS v3,2026-09-15
2026-10-01,PHX,CLM,113194.56,128676.97,144159.38,7.0,FP&A Baseline TS v3,2026-09-15
2026-11-01,PHX,CLM,134236.58,155308.89,176381.2,7.0,FP&A Baseline TS v3,2026-09-15
2026-12-01,PHX,CLM,171059.6,201493.12,231926.64,7.0,FP&A Baseline TS v3,2026-09-15
2027-01-01,PHX,CLM,96345.84,115578.03,134810.21,7.0,FP&A Baseline TS v3,2026-09-15
2027-02-01,PHX,CLM,109086.36,133318.29,157550.22,7.0,FP&A Baseline TS v3,2026-09-15
2027-03-01,PHX,CLM,99334.61,123722.86,148111.11,7.0,FP&A Baseline TS v3,2026-09-15
2027-04-01,PHX,CLM,90696.58,115167.34,139638.1,7.0,FP&A Baseline TS v3,2026-09-15
2027-05-01,PHX,CLM,92798.44,120180.32,147562.21,7.0,FP&A Baseline TS v3,2026-09-15
2027-06-01,PHX,CLM,82159.65,108561.9,134964.16,7.0,FP&A Baseline TS v3,2026-09-15
2027-07-01,PHX,CLM,77474.41,104491.82,131509.22,7.0,FP&A Baseline TS v3,2026-09-15
2027-08-01,PHX,CLM,79787.7,109888.31,139988.91,7.0,FP&A Baseline TS v3,2026-09-15
2027-09-01,PHX,CLM,81617.19,114837.33,148057.47,7.0,FP&A Baseline TS v3,2026-09-15
2027-10-01,PHX,CLM,95704.5,137633.02,179561.54,7.0,FP&A Baseline TS v3,2026-09-15
2027-11-01,PHX,CLM,112960.62,166118.56,219276.49,7.0,FP&A Baseline TS v3,2026-09-15
2027-12-01,PHX,CLM,143241.38,215517.25,287793.11,7.0,FP&A Baseline TS v3,2026-09-15
2026-09-01,PHX,CYC,316277.8,353367.22,390456.64,1.5,FP&A Baseline TS v3,2026-09-15
2026-10-01,PHX,CYC,312853.94,355645.16,398436.39,1.5,FP&A Baseline TS v3,2026-09-15
2026-11-01,PHX,CYC,320960.15,371344.12,421728.09,1.5,FP&A Baseline TS v3,2026-09-15
2026-12-01,PHX,CYC,458019.38,539506.43,620993.48,1.5,FP&A Baseline TS v3,2026-09-15
2027-01-01,PHX,CYC,346213.51,415323.31,484433.11,1.5,FP&A Baseline TS v3,2026-09-15
2027-02-01,PHX,CYC,443174.04,541618.65,640063.25,1.5,FP&A Baseline TS v3,2026-09-15
2027-03-01,PHX,CYC,510130.86,635376.22,760621.58,1.5,FP&A Baseline TS v3,2026-09-15
2027-04-01,PHX,CYC,524245.35,665691.48,807137.6,1.5,FP&A Baseline TS v3,2026-09-15
2027-05-01,PHX,CYC,551709.71,714501.8,877293.89,1.5,FP&A Baseline TS v3,2026-09-15
2027-06-01,PHX,CYC,478341.88,632058.52,785775.15,1.5,FP&A Baseline TS v3,2026-09-15
2027-07-01,PHX,CYC,426407.64,575107.42,723807.19,1.5,FP&A Baseline TS v3,2026-09-15
2027-08-01,PHX,CYC,336309.7,463185.47,590061.23,1.5,FP&A Baseline TS v3,2026-09-15
2027-09-01,PHX,CYC,254873.57,358613.2,462352.82,1.5,FP&A Baseline TS v3,2026-09-15
2027-10-01,PHX,CYC,250972.78,360924.96,470877.14,1.5,FP&A Baseline TS v3,2026-09-15
2027-11-01,PHX,CYC,256262.74,376856.97,497451.21,1.5,FP&A Baseline TS v3,2026-09-15
2027-12-01,PHX,CYC,363900.88,547515.77,731130.66,1.5,FP&A Baseline TS v3,2026-09-15
2026-09-01,PHX,FTB,202761.19,226538.69,250316.19,1.8,FP&A Baseline TS v3,2026-09-15
2026-10-01,PHX,FTB,160829.5,182827.28,204825.06,1.8,FP&A Baseline TS v3,2026-09-15
2026-11-01,PHX,FTB,137694.54,159309.68,180924.82,1.8,FP&A Baseline TS v3,2026-09-15
2026-12-01,PHX,FTB,130365.76,153559.37,176752.98,1.8,FP&A Baseline TS v3,2026-09-15
2027-01-01,PHX,FTB,57049.0,68436.9,79824.81,1.8,FP&A Baseline TS v3,2026-09-15
2027-02-01,PHX,FTB,63346.27,77417.71,91489.16,1.8,FP&A Baseline TS v3,2026-09-15
2027-03-01,PHX,FTB,74430.53,92704.42,110978.32,1.8,FP&A Baseline TS v3,2026-09-15
2027-04-01,PHX,FTB,111275.59,141298.75,171321.91,1.8,FP&A Baseline TS v3,2026-09-15
2027-05-01,PHX,FTB,153431.86,198704.75,243977.63,1.8,FP&A Baseline TS v3,2026-09-15
2027-06-01,PHX,FTB,164198.1,216963.67,269729.23,1.8,FP&A Baseline TS v3,2026-09-15
2027-07-01,PHX,FTB,191651.6,258485.65,325319.7,1.8,FP&A Baseline TS v3,2026-09-15
2027-08-01,PHX,FTB,191432.78,263652.47,335872.15,1.8,FP&A Baseline TS v3,2026-09-15
2027-09-01,PHX,FTB,163955.34,230689.07,297422.81,1.8,FP&A Baseline TS v3,2026-09-15
2027-10-01,PHX,FTB,129459.92,186176.83,242893.74,1.8,FP&A Baseline TS v3,2026-09-15
2027-11-01,PHX,FTB,110315.29,162228.37,214141.45,1.8,FP&A Baseline TS v3,2026-09-15
2027-12-01,PHX,FTB,103931.56,156372.71,208813.86,1.8,FP&A Baseline TS v3,2026-09-15
2026-09-01,PHX,GLF,524768.01,586306.77,647845.53,-0.3,FP&A Baseline TS v3,2026-09-15
2026-10-01,PHX,GLF,438894.33,498924.98,558955.63,-0.3,FP&A Baseline TS v3,2026-09-15
2026-11-01,PHX,GLF,525342.88,607810.62,690278.37,-0.3,FP&A Baseline TS v3,2026-09-15
2026-12-01,PHX,GLF,683250.62,804808.97,926367.32,-0.3,FP&A Baseline TS v3,2026-09-15
2027-01-01,PHX,GLF,496071.41,595095.26,694119.11,-0.3,FP&A Baseline TS v3,2026-09-15
2027-02-01,PHX,GLF,656204.79,801971.05,947737.31,-0.3,FP&A Baseline TS v3,2026-09-15
2027-03-01,PHX,GLF,771675.47,961134.26,1150593.04,-0.3,FP&A Baseline TS v3,2026-09-15
2027-04-01,PHX,GLF,872545.86,1107966.6,1343387.35,-0.3,FP&A Baseline TS v3,2026-09-15
2027-05-01,PHX,GLF,761211.64,985821.12,1210430.61,-0.3,FP&A Baseline TS v3,2026-09-15
2027-06-01,PHX,GLF,749246.98,990019.8,1230792.61,-0.3,FP&A Baseline TS v3,2026-09-15
2027-07-01,PHX,GLF,651796.13,879094.9,1106393.68,-0.3,FP&A Baseline TS v3,2026-09-15
2027-08-01,PHX,GLF,509353.67,701511.77,893669.88,-0.3,FP&A Baseline TS v3,2026-09-15
2027-09-01,PHX,GLF,415458.6,584560.17,753661.73,-0.3,FP&A Baseline TS v3,2026-09-15
2027-10-01,PHX,GLF,345898.96,497438.68,648978.4,-0.3,FP&A Baseline TS v3,2026-09-15
2027-11-01,PHX,GLF,412079.97,605999.96,799919.94,-0.3,FP&A Baseline TS v3,2026-09-15
2027-12-01,PHX,GLF,533314.74,802411.44,1071508.15,-0.3,FP&A Baseline TS v3,2026-09-15
2026-09-01,PHX,HKY,102848.53,114909.42,126970.31,2.1,FP&A Baseline TS v3,2026-09-15
2026-10-01,PHX,HKY,108816.18,123699.73,138583.28,2.1,FP&A Baseline TS v3,2026-09-15
2026-11-01,PHX,HKY,118067.26,136601.33,155135.4,2.1,FP&A Baseline TS v3,2026-09-15
2026-12-01,PHX,HKY,114072.16,134366.94,154661.73,2.1,FP&A Baseline TS v3,2026-09-15
2027-01-01,PHX,HKY,52955.27,63525.99,74096.72,2.1,FP&A Baseline TS v3,2026-09-15
2027-02-01,PHX,HKY,45165.59,55198.46,65231.33,2.1,FP&A Baseline TS v3,2026-09-15
2027-03-01,PHX,HKY,38145.31,47510.6,56875.89,2.1,FP&A Baseline TS v3,2026-09-15
2027-04-01,PHX,HKY,38850.91,49333.23,59815.56,2.1,FP&A Baseline TS v3,2026-09-15
2027-05-01,PHX,HKY,46457.02,60165.02,73873.02,2.1,FP&A Baseline TS v3,2026-09-15
2027-06-01,PHX,HKY,61501.88,81265.7,101029.52,2.1,FP&A Baseline TS v3,2026-09-15
2027-07-01,PHX,HKY,67521.84,91068.51,114615.19,2.1,FP&A Baseline TS v3,2026-09-15
2027-08-01,PHX,HKY,82885.73,114155.09,145424.46,2.1,FP&A Baseline TS v3,2026-09-15
2027-09-01,PHX,HKY,83371.96,117306.34,151240.71,2.1,FP&A Baseline TS v3,2026-09-15
2027-10-01,PHX,HKY,87810.06,126280.01,164749.95,2.1,FP&A Baseline TS v3,2026-09-15
2027-11-01,PHX,HKY,94826.49,139450.72,184074.95,2.1,FP&A Baseline TS v3,2026-09-15
2027-12-01,PHX,HKY,91168.49,137169.73,183170.97,2.1,FP&A Baseline TS v3,2026-09-15
2026-09-01,PHX,LAX,41333.94,46181.11,51028.28,3.3,FP&A Baseline TS v3,2026-09-15
2026-10-01,PHX,LAX,54758.32,62247.99,69737.67,3.3,FP&A Baseline TS v3,2026-09-15
2026-11-01,PHX,LAX,75976.03,87902.67,99829.3,3.3,FP&A Baseline TS v3,2026-09-15
2026-12-01,PHX,LAX,118297.47,139343.99,160390.5,3.3,FP&A Baseline TS v3,2026-09-15
2027-01-01,PHX,LAX,76418.8,91673.23,106927.65,3.3,FP&A Baseline TS v3,2026-09-15
2027-02-01,PHX,LAX,82221.71,100486.05,118750.4,3.3,FP&A Baseline TS v3,2026-09-15
2027-03-01,PHX,LAX,76922.16,95807.79,114693.42,3.3,FP&A Baseline TS v3,2026-09-15
2027-04-01,PHX,LAX,62812.72,79760.16,96707.6,3.3,FP&A Baseline TS v3,2026-09-15
2027-05-01,PHX,LAX,57617.13,74618.13,91619.12,3.3,FP&A Baseline TS v3,2026-09-15
2027-06-01,PHX,LAX,38721.14,51164.29,63607.45,3.3,FP&A Baseline TS v3,2026-09-15
2027-07-01,PHX,LAX,32993.63,44499.39,56005.16,3.3,FP&A Baseline TS v3,2026-09-15
2027-08-01,PHX,LAX,30220.45,41621.38,53022.31,3.3,FP&A Baseline TS v3,2026-09-15
2027-09-01,PHX,LAX,33909.08,47710.88,61512.69,3.3,FP&A Baseline TS v3,2026-09-15
2027-10-01,PHX,LAX,44718.59,64309.98,83901.38,3.3,FP&A Baseline TS v3,2026-09-15
2027-11-01,PHX,LAX,61753.85,90814.48,119875.11,3.3,FP&A Baseline TS v3,2026-09-15
2027-12-01,PHX,LAX,95681.45,143959.81,192238.17,3.3,FP&A Baseline TS v3,2026-09-15
2026-09-01,PHX,PKB,388932.26,434541.77,480151.27,7.3,FP&A Baseline TS v3,2026-09-15
2026-10-01,PHX,PKB,339643.88,386099.35,432554.83,7.3,FP&A Baseline TS v3,2026-09-15
2026-11-01,PHX,PKB,436188.69,504661.1,573133.52,7.3,FP&A Baseline TS v3,2026-09-15
2026-12-01,PHX,PKB,595891.48,701907.61,807923.73,7.3,FP&A Baseline TS v3,2026-09-15
2027-01-01,PHX,PKB,354340.17,425072.18,495804.2,7.3,FP&A Baseline TS v3,2026-09-15
2027-02-01,PHX,PKB,440495.63,538345.26,636194.9,7.3,FP&A Baseline TS v3,2026-09-15
2027-03-01,PHX,PKB,471218.16,586909.82,702601.49,7.3,FP&A Baseline TS v3,2026-09-15
2027-04-01,PHX,PKB,409901.2,520496.24,631091.28,7.3,FP&A Baseline TS v3,2026-09-15
2027-05-01,PHX,PKB,443930.51,574920.37,705910.23,7.3,FP&A Baseline TS v3,2026-09-15
2027-06-01,PHX,PKB,400247.12,528867.76,657488.4,7.3,FP&A Baseline TS v3,2026-09-15
2027-07-01,PHX,PKB,366021.81,493663.43,621305.04,7.3,FP&A Baseline TS v3,2026-09-15
2027-08-01,PHX,PKB,310737.48,427965.9,545194.32,7.3,FP&A Baseline TS v3,2026-09-15
2027-09-01,PHX,PKB,331307.95,466158.2,601008.44,7.3,FP&A Baseline TS v3,2026-09-15
2027-10-01,PHX,PKB,288012.0,414191.2,540370.41,7.3,FP&A Baseline TS v3,2026-09-15
2027-11-01,PHX,PKB,368137.91,541379.28,714620.65,7.3,FP&A Baseline TS v3,2026-09-15
2027-12-01,PHX,PKB,500458.67,752977.06,1005495.45,7.3,FP&A Baseline TS v3,2026-09-15
2026-09-01,PHX,RUN,813135.86,908491.08,1003846.3,2.5,FP&A Baseline TS v3,2026-09-15
2026-10-01,PHX,RUN,761249.08,865370.45,969491.82,2.5,FP&A Baseline TS v3,2026-09-15
2026-11-01,PHX,RUN,1005788.32,1163675.86,1321563.4,2.5,FP&A Baseline TS v3,2026-09-15
2026-12-01,PHX,RUN,1268842.46,1494584.5,1720326.55,2.5,FP&A Baseline TS v3,2026-09-15
2027-01-01,PHX,RUN,798163.98,957490.38,1116816.78,2.5,FP&A Baseline TS v3,2026-09-15
2027-02-01,PHX,RUN,981542.17,1199577.35,1417612.53,2.5,FP&A Baseline TS v3,2026-09-15
2027-03-01,PHX,RUN,1019268.92,1269515.9,1519762.87,2.5,FP&A Baseline TS v3,2026-09-15
2027-04-01,PHX,RUN,982820.79,1247994.7,1513168.61,2.5,FP&A Baseline TS v3,2026-09-15
2027-05-01,PHX,RUN,966849.1,1252135.7,1537422.3,2.5,FP&A Baseline TS v3,2026-09-15
2027-06-01,PHX,RUN,860190.69,1136615.6,1413040.52,2.5,FP&A Baseline TS v3,2026-09-15
2027-07-01,PHX,RUN,771826.9,1040983.63,1310140.35,2.5,FP&A Baseline TS v3,2026-09-15
2027-08-01,PHX,RUN,740154.57,1019384.33,1298614.09,2.5,FP&A Baseline TS v3,2026-09-15
2027-09-01,PHX,RUN,661857.15,931248.8,1200640.46,2.5,FP&A Baseline TS v3,2026-09-15
2027-10-01,PHX,RUN,616817.7,887048.0,1157278.3,2.5,FP&A Baseline TS v3,2026-09-15
2027-11-01,PHX,RUN,811121.65,1192825.96,1574530.27,2.5,FP&A Baseline TS v3,2026-09-15
2027-12-01,PHX,RUN,1018244.35,1532023.88,2045803.41,2.5,FP&A Baseline TS v3,2026-09-15
2026-09-01,PHX,SNW,273915.96,306037.68,338159.39,1.5,FP&A Baseline TS v3,2026-09-15
2026-10-01,PHX,SNW,343631.54,390632.44,437633.33,1.5,FP&A Baseline TS v3,2026-09-15
2026-11-01,PHX,SNW,459544.31,531683.07,603821.82,1.5,FP&A Baseline TS v3,2026-09-15
2026-12-01,PHX,SNW,572862.65,674781.67,776700.7,1.5,FP&A Baseline TS v3,2026-09-15
2027-01-01,PHX,SNW,306910.18,368174.4,429438.62,1.5,FP&A Baseline TS v3,2026-09-15
2027-02-01,PHX,SNW,255313.98,312028.24,368742.49,1.5,FP&A Baseline TS v3,2026-09-15
2027-03-01,PHX,SNW,165509.1,206144.26,246779.41,1.5,FP&A Baseline TS v3,2026-09-15
2027-04-01,PHX,SNW,79750.97,101268.5,122786.03,1.5,FP&A Baseline TS v3,2026-09-15
2027-05-01,PHX,SNW,34635.02,44854.72,55074.42,1.5,FP&A Baseline TS v3,2026-09-15
2027-06-01,PHX,SNW,32747.83,43271.45,53795.06,1.5,FP&A Baseline TS v3,2026-09-15
2027-07-01,PHX,SNW,74585.51,100595.47,126605.44,1.5,FP&A Baseline TS v3,2026-09-15
2027-08-01,PHX,SNW,146547.36,201833.63,257119.9,1.5,FP&A Baseline TS v3,2026-09-15
2027-09-01,PHX,SNW,220847.13,310737.19,400627.24,1.5,FP&A Baseline TS v3,2026-09-15
2027-10-01,PHX,SNW,275801.32,396630.98,517460.64,1.5,FP&A Baseline TS v3,2026-09-15
2027-11-01,PHX,SNW,367096.35,539847.58,712598.81,1.5,FP&A Baseline TS v3,2026-09-15
2027-12-01,PHX,SNW,455373.85,685143.61,914913.37,1.5,FP&A Baseline TS v3,2026-09-15
2026-09-01,PHX,SOC,586897.73,655722.35,724546.97,4.9,FP&A Baseline TS v3,2026-09-15
2026-10-01,PHX,SOC,509177.54,578821.32,648465.1,4.9,FP&A Baseline TS v3,2026-09-15
2026-11-01,PHX,SOC,492379.01,569672.12,646965.23,4.9,FP&A Baseline TS v3,2026-09-15
2026-12-01,PHX,SOC,570418.49,671902.67,773386.85,4.9,FP&A Baseline TS v3,2026-09-15
2027-01-01,PHX,SOC,313640.05,376247.66,438855.27,4.9,FP&A Baseline TS v3,2026-09-15
2027-02-01,PHX,SOC,359638.98,439527.5,519416.01,4.9,FP&A Baseline TS v3,2026-09-15
2027-03-01,PHX,SOC,373040.89,464628.45,556216.01,4.9,FP&A Baseline TS v3,2026-09-15
2027-04-01,PHX,SOC,409867.05,520452.88,631038.7,4.9,FP&A Baseline TS v3,2026-09-15
2027-05-01,PHX,SOC,477825.03,618816.09,759807.15,4.9,FP&A Baseline TS v3,2026-09-15
2027-06-01,PHX,SOC,550652.89,727606.88,904560.87,4.9,FP&A Baseline TS v3,2026-09-15
2027-07-01,PHX,SOC,551716.1,744114.3,936512.49,4.9,FP&A Baseline TS v3,2026-09-15
2027-08-01,PHX,SOC,532950.67,734010.95,935071.23,4.9,FP&A Baseline TS v3,2026-09-15
2027-09-01,PHX,SOC,489023.99,688068.42,887112.86,4.9,FP&A Baseline TS v3,2026-09-15
2027-10-01,PHX,SOC,422343.55,607373.94,792404.34,4.9,FP&A Baseline TS v3,2026-09-15
2027-11-01,PHX,SOC,406485.93,597773.43,789060.92,4.9,FP&A Baseline TS v3,2026-09-15
2027-12-01,PHX,SOC,468602.37,705046.9,941491.43,4.9,FP&A Baseline TS v3,2026-09-15
2026-09-01,PHX,TEN,181198.81,202447.72,223696.63,-1.6,FP&A Baseline TS v3,2026-09-15
2026-10-01,PHX,TEN,154739.84,175904.69,197069.54,-1.6,FP&A Baseline TS v3,2026-09-15
2026-11-01,PHX,TEN,158996.2,183955.25,208914.3,-1.6,FP&A Baseline TS v3,2026-09-15
2026-12-01,PHX,TEN,224335.49,264247.42,304159.35,-1.6,FP&A Baseline TS v3,2026-09-15
2027-01-01,PHX,TEN,139304.56,167112.0,194919.43,-1.6,FP&A Baseline TS v3,2026-09-15
2027-02-01,PHX,TEN,180089.78,220094.08,260098.38,-1.6,FP&A Baseline TS v3,2026-09-15
2027-03-01,PHX,TEN,204760.64,255032.68,305304.73,-1.6,FP&A Baseline TS v3,2026-09-15
2027-04-01,PHX,TEN,213770.95,271448.28,329125.62,-1.6,FP&A Baseline TS v3,2026-09-15
2027-05-01,PHX,TEN,213616.43,276647.89,339679.34,-1.6,FP&A Baseline TS v3,2026-09-15
2027-06-01,PHX,TEN,197343.37,260760.27,324177.16,-1.6,FP&A Baseline TS v3,2026-09-15
2027-07-01,PHX,TEN,169824.36,229046.67,288268.97,-1.6,FP&A Baseline TS v3,2026-09-15
2027-08-01,PHX,TEN,153704.01,211690.19,269676.36,-1.6,FP&A Baseline TS v3,2026-09-15
2027-09-01,PHX,TEN,141510.93,199109.26,256707.58,-1.6,FP&A Baseline TS v3,2026-09-15
2027-10-01,PHX,TEN,120300.01,173003.93,225707.85,-1.6,FP&A Baseline TS v3,2026-09-15
2027-11-01,PHX,TEN,123026.78,180921.73,238816.69,-1.6,FP&A Baseline TS v3,2026-09-15
2027-12-01,PHX,TEN,172733.18,259889.84,347046.5,-1.6,FP&A Baseline TS v3,2026-09-15
2026-09-01,PHX,VOL,189089.1,211263.3,233437.49,7.3,FP&A Baseline TS v3,2026-09-15
2026-10-01,PHX,VOL,153996.49,175059.67,196122.85,7.3,FP&A Baseline TS v3,2026-09-15
2026-11-01,PHX,VOL,156546.02,181120.44,205694.86,7.3,FP&A Baseline TS v3,2026-09-15
2026-12-01,PHX,VOL,166002.99,195536.88,225070.77,7.3,FP&A Baseline TS v3,2026-09-15
2027-01-01,PHX,VOL,90088.32,108071.4,126054.48,7.3,FP&A Baseline TS v3,2026-09-15
2027-02-01,PHX,VOL,101796.68,124409.32,147021.95,7.3,FP&A Baseline TS v3,2026-09-15
2027-03-01,PHX,VOL,102345.2,127472.59,152599.99,7.3,FP&A Baseline TS v3,2026-09-15
2027-04-01,PHX,VOL,134651.73,170981.98,207312.23,7.3,FP&A Baseline TS v3,2026-09-15
2027-05-01,PHX,VOL,158900.35,205786.81,252673.28,7.3,FP&A Baseline TS v3,2026-09-15
2027-06-01,PHX,VOL,164052.46,216771.22,269489.99,7.3,FP&A Baseline TS v3,2026-09-15
2027-07-01,PHX,VOL,178118.02,240232.54,302347.07,7.3,FP&A Baseline TS v3,2026-09-15
2027-08-01,PHX,VOL,160281.99,220749.77,281217.54,7.3,FP&A Baseline TS v3,2026-09-15
2027-09-01,PHX,VOL,161140.48,226728.5,292316.52,7.3,FP&A Baseline TS v3,2026-09-15
2027-10-01,PHX,VOL,130640.51,187874.65,245108.78,7.3,FP&A Baseline TS v3,2026-09-15
2027-11-01,PHX,VOL,132177.78,194379.09,256580.39,7.3,FP&A Baseline TS v3,2026-09-15
2027-12-01,PHX,VOL,139475.27,209850.86,280226.44,7.3,FP&A Baseline TS v3,2026-09-15
2026-09-01,POR,BSB,93829.15,104832.35,115835.56,1.5,FP&A Baseline TS v3,2026-09-15
2026-10-01,POR,BSB,119494.82,135838.96,152183.11,1.5,FP&A Baseline TS v3,2026-09-15
2026-11-01,POR,BSB,155642.64,180075.25,204507.86,1.5,FP&A Baseline TS v3,2026-09-15
2026-12-01,POR,BSB,256415.29,302034.6,347653.9,1.5,FP&A Baseline TS v3,2026-09-15
2027-01-01,POR,BSB,167716.44,201195.35,234674.26,1.5,FP&A Baseline TS v3,2026-09-15
2027-02-01,POR,BSB,221978.79,271288.12,320597.45,1.5,FP&A Baseline TS v3,2026-09-15
2027-03-01,POR,BSB,209247.17,260620.73,311994.29,1.5,FP&A Baseline TS v3,2026-09-15
2027-04-01,POR,BSB,197387.4,250644.3,303901.2,1.5,FP&A Baseline TS v3,2026-09-15
2027-05-01,POR,BSB,168279.47,217933.42,267587.37,1.5,FP&A Baseline TS v3,2026-09-15
2027-06-01,POR,BSB,118341.13,156370.41,194399.7,1.5,FP&A Baseline TS v3,2026-09-15
2027-07-01,POR,BSB,98543.2,132907.85,167272.5,1.5,FP&A Baseline TS v3,2026-09-15
2027-08-01,POR,BSB,76362.87,105171.43,133979.98,1.5,FP&A Baseline TS v3,2026-09-15
2027-09-01,POR,BSB,75619.3,106398.16,137177.02,1.5,FP&A Baseline TS v3,2026-09-15
2027-10-01,POR,BSB,95867.82,137867.89,179867.97,1.5,FP&A Baseline TS v3,2026-09-15
2027-11-01,POR,BSB,124280.14,182764.91,241249.68,1.5,FP&A Baseline TS v3,2026-09-15
2027-12-01,POR,BSB,203742.64,306545.87,409349.09,1.5,FP&A Baseline TS v3,2026-09-15
2026-09-01,POR,BSK,167777.06,187452.03,207126.99,0.3,FP&A Baseline TS v3,2026-09-15
2026-10-01,POR,BSK,173449.69,197173.61,220897.54,0.3,FP&A Baseline TS v3,2026-09-15
2026-11-01,POR,BSK,193141.61,223460.76,253779.92,0.3,FP&A Baseline TS v3,2026-09-15
2026-12-01,POR,BSK,224956.82,264979.3,305001.77,0.3,FP&A Baseline TS v3,2026-09-15
2027-01-01,POR,BSK,113584.6,136257.92,158931.24,0.3,FP&A Baseline TS v3,2026-09-15
2027-02-01,POR,BSK,126593.95,154714.94,182835.92,0.3,FP&A Baseline TS v3,2026-09-15
2027-03-01,POR,BSK,114854.74,143053.44,171252.13,0.3,FP&A Baseline TS v3,2026-09-15
2027-04-01,POR,BSK,108560.2,137850.72,167141.25,0.3,FP&A Baseline TS v3,2026-09-15
2027-05-01,POR,BSK,100048.76,129569.98,159091.21,0.3,FP&A Baseline TS v3,2026-09-15
2027-06-01,POR,BSK,110088.03,145465.16,180842.28,0.3,FP&A Baseline TS v3,2026-09-15
2027-07-01,POR,BSK,126943.56,171212.18,215480.8,0.3,FP&A Baseline TS v3,2026-09-15
2027-08-01,POR,BSK,128771.13,177351.15,225931.18,0.3,FP&A Baseline TS v3,2026-09-15
2027-09-01,POR,BSK,133599.74,187978.02,242356.3,0.3,FP&A Baseline TS v3,2026-09-15
2027-10-01,POR,BSK,137491.37,197726.89,257962.4,0.3,FP&A Baseline TS v3,2026-09-15
2027-11-01,POR,BSK,152379.7,224087.79,295795.89,0.3,FP&A Baseline TS v3,2026-09-15
2027-12-01,POR,BSK,176610.02,265722.83,354835.64,0.3,FP&A Baseline TS v3,2026-09-15
2026-09-01,POR,CLM,65796.23,73512.05,81227.88,3.3,FP&A Baseline TS v3,2026-09-15
2026-10-01,POR,CLM,71803.09,81624.1,91445.11,3.3,FP&A Baseline TS v3,2026-09-15
2026-11-01,POR,CLM,78049.11,90301.18,102553.24,3.3,FP&A Baseline TS v3,2026-09-15
2026-12-01,POR,CLM,108204.15,127454.94,146705.74,3.3,FP&A Baseline TS v3,2026-09-15
2027-01-01,POR,CLM,61485.19,73758.63,86032.06,3.3,FP&A Baseline TS v3,2026-09-15
2027-02-01,POR,CLM,70836.9,86572.27,102307.65,3.3,FP&A Baseline TS v3,2026-09-15
2027-03-01,POR,CLM,69605.26,86694.48,103783.69,3.3,FP&A Baseline TS v3,2026-09-15
2027-04-01,POR,CLM,63807.23,81023.0,98238.77,3.3,FP&A Baseline TS v3,2026-09-15
2027-05-01,POR,CLM,53812.22,69690.51,85568.79,3.3,FP&A Baseline TS v3,2026-09-15
2027-06-01,POR,CLM,51514.78,68069.22,84623.65,3.3,FP&A Baseline TS v3,2026-09-15
2027-07-01,POR,CLM,49250.26,66425.15,83600.03,3.3,FP&A Baseline TS v3,2026-09-15
2027-08-01,POR,CLM,51925.95,71515.47,91104.99,3.3,FP&A Baseline TS v3,2026-09-15
2027-09-01,POR,CLM,53968.66,75935.2,97901.73,3.3,FP&A Baseline TS v3,2026-09-15
2027-10-01,POR,CLM,58629.03,84314.64,110000.25,3.3,FP&A Baseline TS v3,2026-09-15
2027-11-01,POR,CLM,63428.86,93277.73,123126.61,3.3,FP&A Baseline TS v3,2026-09-15
2027-12-01,POR,CLM,87503.97,131656.18,175808.4,3.3,FP&A Baseline TS v3,2026-09-15
2026-09-01,POR,CYC,128983.8,144109.54,159235.28,-1.1,FP&A Baseline TS v3,2026-09-15
2026-10-01,POR,CYC,114957.03,130680.51,146403.99,-1.1,FP&A Baseline TS v3,2026-09-15
2026-11-01,POR,CYC,130665.05,151176.71,171688.36,-1.1,FP&A Baseline TS v3,2026-09-15
2026-12-01,POR,CYC,190421.08,224299.24,258177.4,-1.1,FP&A Baseline TS v3,2026-09-15
2027-01-01,POR,CYC,130827.28,156942.52,183057.75,-1.1,FP&A Baseline TS v3,2026-09-15
2027-02-01,POR,CYC,167736.41,204996.59,242256.77,-1.1,FP&A Baseline TS v3,2026-09-15
2027-03-01,POR,CYC,203495.85,253457.36,303418.88,-1.1,FP&A Baseline TS v3,2026-09-15
2027-04-01,POR,CYC,211627.8,268726.89,325825.98,-1.1,FP&A Baseline TS v3,2026-09-15
2027-05-01,POR,CYC,227146.92,294170.8,361194.68,-1.1,FP&A Baseline TS v3,2026-09-15
2027-06-01,POR,CYC,194832.55,257442.59,320052.62,-1.1,FP&A Baseline TS v3,2026-09-15
2027-07-01,POR,CYC,163546.26,220579.22,277612.18,-1.1,FP&A Baseline TS v3,2026-09-15
2027-08-01,POR,CYC,154009.59,212111.04,270212.5,-1.1,FP&A Baseline TS v3,2026-09-15
2027-09-01,POR,CYC,101282.33,142506.66,183730.98,-1.1,FP&A Baseline TS v3,2026-09-15
2027-10-01,POR,CYC,89859.28,129226.99,168594.7,-1.1,FP&A Baseline TS v3,2026-09-15
2027-11-01,POR,CYC,101656.75,149495.22,197333.69,-1.1,FP&A Baseline TS v3,2026-09-15
2027-12-01,POR,CYC,147420.1,221804.43,296188.77,-1.1,FP&A Baseline TS v3,2026-09-15
2026-09-01,POR,FTB,90120.62,100688.93,111257.24,0.5,FP&A Baseline TS v3,2026-09-15
2026-10-01,POR,FTB,71137.68,80867.67,90597.67,0.5,FP&A Baseline TS v3,2026-09-15
2026-11-01,POR,FTB,60944.87,70511.93,80078.99,0.5,FP&A Baseline TS v3,2026-09-15
2026-12-01,POR,FTB,55189.36,65008.2,74827.04,0.5,FP&A Baseline TS v3,2026-09-15
2027-01-01,POR,FTB,23129.27,27746.24,32363.22,0.5,FP&A Baseline TS v3,2026-09-15
2027-02-01,POR,FTB,25240.55,30847.37,36454.19,0.5,FP&A Baseline TS v3,2026-09-15
2027-03-01,POR,FTB,34306.98,42729.9,51152.81,0.5,FP&A Baseline TS v3,2026-09-15
2027-04-01,POR,FTB,48261.03,61282.3,74303.56,0.5,FP&A Baseline TS v3,2026-09-15
2027-05-01,POR,FTB,57819.29,74879.93,91940.58,0.5,FP&A Baseline TS v3,2026-09-15
2027-06-01,POR,FTB,78375.1,103561.18,128747.25,0.5,FP&A Baseline TS v3,2026-09-15
2027-07-01,POR,FTB,71504.98,96440.68,121376.38,0.5,FP&A Baseline TS v3,2026-09-15
2027-08-01,POR,FTB,73895.38,101773.05,129650.73,0.5,FP&A Baseline TS v3,2026-09-15
2027-09-01,POR,FTB,71952.68,101239.14,130525.59,0.5,FP&A Baseline TS v3,2026-09-15
2027-10-01,POR,FTB,56539.42,81309.57,106079.72,0.5,FP&A Baseline TS v3,2026-09-15
2027-11-01,POR,FTB,48210.12,70897.23,93584.35,0.5,FP&A Baseline TS v3,2026-09-15
2027-12-01,POR,FTB,43443.15,65363.44,87283.72,0.5,FP&A Baseline TS v3,2026-09-15
2026-09-01,POR,GLF,154701.69,172843.33,190984.97,-2.7,FP&A Baseline TS v3,2026-09-15
2026-10-01,POR,GLF,138613.35,157572.47,176531.59,-2.7,FP&A Baseline TS v3,2026-09-15
2026-11-01,POR,GLF,146481.69,169476.22,192470.75,-2.7,FP&A Baseline TS v3,2026-09-15
2026-12-01,POR,GLF,207886.78,244872.29,281857.8,-2.7,FP&A Baseline TS v3,2026-09-15
2027-01-01,POR,GLF,138326.81,165939.07,193551.33,-2.7,FP&A Baseline TS v3,2026-09-15
2027-02-01,POR,GLF,198208.85,242238.03,286267.22,-2.7,FP&A Baseline TS v3,2026-09-15
2027-03-01,POR,GLF,242953.25,302602.19,362251.14,-2.7,FP&A Baseline TS v3,2026-09-15
2027-04-01,POR,GLF,210622.72,267450.62,324278.53,-2.7,FP&A Baseline TS v3,2026-09-15
2027-05-01,POR,GLF,227821.52,295044.45,362267.38,-2.7,FP&A Baseline TS v3,2026-09-15
2027-06-01,POR,GLF,195989.64,258971.52,321953.39,-2.7,FP&A Baseline TS v3,2026-09-15
2027-07-01,POR,GLF,171494.33,231299.0,291103.67,-2.7,FP&A Baseline TS v3,2026-09-15
2027-08-01,POR,GLF,144076.09,198430.05,252784.01,-2.7,FP&A Baseline TS v3,2026-09-15
2027-09-01,POR,GLF,119572.94,168241.98,216911.03,-2.7,FP&A Baseline TS v3,2026-09-15
2027-10-01,POR,GLF,106652.69,153377.66,200102.63,-2.7,FP&A Baseline TS v3,2026-09-15
2027-11-01,POR,GLF,112175.87,164964.51,217753.15,-2.7,FP&A Baseline TS v3,2026-09-15
2027-12-01,POR,GLF,158419.22,238353.42,318287.62,-2.7,FP&A Baseline TS v3,2026-09-15
2026-09-01,POR,HKY,72419.71,80912.26,89404.81,0.3,FP&A Baseline TS v3,2026-09-15
2026-10-01,POR,HKY,69919.83,79483.26,89046.69,0.3,FP&A Baseline TS v3,2026-09-15
2026-11-01,POR,HKY,75113.31,86904.52,98695.72,0.3,FP&A Baseline TS v3,2026-09-15
2026-12-01,POR,HKY,81519.33,96022.58,110525.83,0.3,FP&A Baseline TS v3,2026-09-15
2027-01-01,POR,HKY,31823.96,38176.54,44529.11,0.3,FP&A Baseline TS v3,2026-09-15
2027-02-01,POR,HKY,33401.57,40821.24,48240.91,0.3,FP&A Baseline TS v3,2026-09-15
2027-03-01,POR,HKY,26969.57,33591.04,40212.5,0.3,FP&A Baseline TS v3,2026-09-15
2027-04-01,POR,HKY,25175.89,31968.58,38761.26,0.3,FP&A Baseline TS v3,2026-09-15
2027-05-01,POR,HKY,30060.51,38930.42,47800.32,0.3,FP&A Baseline TS v3,2026-09-15
2027-06-01,POR,HKY,36136.85,47749.54,59362.23,0.3,FP&A Baseline TS v3,2026-09-15
2027-07-01,POR,HKY,44920.39,60585.33,76250.27,0.3,FP&A Baseline TS v3,2026-09-15
2027-08-01,POR,HKY,54642.07,75256.27,95870.47,0.3,FP&A Baseline TS v3,2026-09-15
2027-09-01,POR,HKY,57691.84,81173.8,104655.76,0.3,FP&A Baseline TS v3,2026-09-15
2027-10-01,POR,HKY,55448.14,79740.19,104032.24,0.3,FP&A Baseline TS v3,2026-09-15
2027-11-01,POR,HKY,59286.09,87185.43,115084.77,0.3,FP&A Baseline TS v3,2026-09-15
2027-12-01,POR,HKY,64026.74,96332.97,128639.19,0.3,FP&A Baseline TS v3,2026-09-15
2026-09-01,POR,LAX,23201.39,25922.19,28642.98,3.3,FP&A Baseline TS v3,2026-09-15
2026-10-01,POR,LAX,25825.24,29357.54,32889.84,3.3,FP&A Baseline TS v3,2026-09-15
2026-11-01,POR,LAX,40958.7,47388.35,53818.0,3.3,FP&A Baseline TS v3,2026-09-15
2026-12-01,POR,LAX,58142.59,68486.84,78831.09,3.3,FP&A Baseline TS v3,2026-09-15
2027-01-01,POR,LAX,41085.37,49286.67,57487.97,3.3,FP&A Baseline TS v3,2026-09-15
2027-02-01,POR,LAX,42404.66,51824.23,61243.81,3.3,FP&A Baseline TS v3,2026-09-15
2027-03-01,POR,LAX,39787.1,49555.48,59323.86,3.3,FP&A Baseline TS v3,2026-09-15
2027-04-01,POR,LAX,32799.52,41649.12,50498.73,3.3,FP&A Baseline TS v3,2026-09-15
2027-05-01,POR,LAX,26274.34,34027.07,41779.8,3.3,FP&A Baseline TS v3,2026-09-15
2027-06-01,POR,LAX,19631.8,25940.53,32249.27,3.3,FP&A Baseline TS v3,2026-09-15
2027-07-01,POR,LAX,16193.59,21840.73,27487.87,3.3,FP&A Baseline TS v3,2026-09-15
2027-08-01,POR,LAX,16055.4,22112.43,28169.47,3.3,FP&A Baseline TS v3,2026-09-15
2027-09-01,POR,LAX,19038.91,26788.2,34537.49,3.3,FP&A Baseline TS v3,2026-09-15
2027-10-01,POR,LAX,21096.06,30338.32,39580.59,3.3,FP&A Baseline TS v3,2026-09-15
2027-11-01,POR,LAX,33300.63,48971.51,64642.4,3.3,FP&A Baseline TS v3,2026-09-15
2027-12-01,POR,LAX,47039.81,70774.87,94509.93,3.3,FP&A Baseline TS v3,2026-09-15
2026-09-01,POR,PKB,118217.02,132080.15,145943.28,10.3,FP&A Baseline TS v3,2026-09-15
2026-10-01,POR,PKB,104672.28,118989.05,133305.81,10.3,FP&A Baseline TS v3,2026-09-15
2026-11-01,POR,PKB,119536.89,138301.66,157066.43,10.3,FP&A Baseline TS v3,2026-09-15
2026-12-01,POR,PKB,171371.98,201861.07,232350.17,10.3,FP&A Baseline TS v3,2026-09-15
2027-01-01,POR,PKB,110373.33,132405.63,154437.92,10.3,FP&A Baseline TS v3,2026-09-15
2027-02-01,POR,PKB,132567.02,162014.83,191462.65,10.3,FP&A Baseline TS v3,2026-09-15
2027-03-01,POR,PKB,139820.12,174148.22,208476.31,10.3,FP&A Baseline TS v3,2026-09-15
2027-04-01,POR,PKB,145266.36,184460.54,223654.71,10.3,FP&A Baseline TS v3,2026-09-15
2027-05-01,POR,PKB,128963.59,167016.66,205069.74,10.3,FP&A Baseline TS v3,2026-09-15
2027-06-01,POR,PKB,119187.02,157488.14,195789.25,10.3,FP&A Baseline TS v3,2026-09-15
2027-07-01,POR,PKB,103687.38,139845.95,176004.52,10.3,FP&A Baseline TS v3,2026-09-15
2027-08-01,POR,PKB,101287.43,139498.99,177710.55,10.3,FP&A Baseline TS v3,2026-09-15
2027-09-01,POR,PKB,103563.73,145716.64,187869.55,10.3,FP&A Baseline TS v3,2026-09-15
2027-10-01,POR,PKB,91282.66,131273.96,171265.26,10.3,FP&A Baseline TS v3,2026-09-15
2027-11-01,POR,PKB,103754.73,152580.48,201406.24,10.3,FP&A Baseline TS v3,2026-09-15
2027-12-01,POR,PKB,148016.68,222702.03,297387.38,10.3,FP&A Baseline TS v3,2026-09-15
2026-09-01,POR,RUN,324419.5,362463.69,400507.88,1.8,FP&A Baseline TS v3,2026-09-15
2026-10-01,POR,RUN,339928.58,386422.99,432917.41,1.8,FP&A Baseline TS v3,2026-09-15
2026-11-01,POR,RUN,412776.52,477573.72,542370.93,1.8,FP&A Baseline TS v3,2026-09-15
2026-12-01,POR,RUN,541294.14,637596.75,733899.36,1.8,FP&A Baseline TS v3,2026-09-15
2027-01-01,POR,RUN,318587.93,382183.22,445778.51,1.8,FP&A Baseline TS v3,2026-09-15
2027-02-01,POR,RUN,424026.86,518218.2,612409.54,1.8,FP&A Baseline TS v3,2026-09-15
2027-03-01,POR,RUN,407093.31,507041.29,606989.27,1.8,FP&A Baseline TS v3,2026-09-15
2027-04-01,POR,RUN,390174.54,495447.15,600719.76,1.8,FP&A Baseline TS v3,2026-09-15
2027-05-01,POR,RUN,408649.78,529229.41,649809.04,1.8,FP&A Baseline TS v3,2026-09-15
2027-06-01,POR,RUN,365019.1,482319.1,599619.11,1.8,FP&A Baseline TS v3,2026-09-15
2027-07-01,POR,RUN,319243.13,430571.76,541900.39,1.8,FP&A Baseline TS v3,2026-09-15
2027-08-01,POR,RUN,296386.64,408201.08,520015.52,1.8,FP&A Baseline TS v3,2026-09-15
2027-09-01,POR,RUN,262260.63,369006.96,475753.29,1.8,FP&A Baseline TS v3,2026-09-15
2027-10-01,POR,RUN,273553.78,393398.78,513243.78,1.8,FP&A Baseline TS v3,2026-09-15
2027-11-01,POR,RUN,330612.59,486194.98,641777.38,1.8,FP&A Baseline TS v3,2026-09-15
2027-12-01,POR,RUN,431422.33,649106.78,866791.22,1.8,FP&A Baseline TS v3,2026-09-15
2026-09-01,POR,SNW,401499.27,448582.49,495665.71,2.4,FP&A Baseline TS v3,2026-09-15
2026-10-01,POR,SNW,534916.03,608080.25,681244.46,2.4,FP&A Baseline TS v3,2026-09-15
2026-11-01,POR,SNW,720736.27,833876.66,947017.04,2.4,FP&A Baseline TS v3,2026-09-15
2026-12-01,POR,SNW,876403.56,1032326.1,1188248.63,2.4,FP&A Baseline TS v3,2026-09-15
2027-01-01,POR,SNW,410387.2,492307.1,574227.0,2.4,FP&A Baseline TS v3,2026-09-15
2027-02-01,POR,SNW,393069.8,480384.49,567699.17,2.4,FP&A Baseline TS v3,2026-09-15
2027-03-01,POR,SNW,228600.09,284725.1,340850.11,2.4,FP&A Baseline TS v3,2026-09-15
2027-04-01,POR,SNW,129732.47,164735.46,199738.46,2.4,FP&A Baseline TS v3,2026-09-15
2027-05-01,POR,SNW,51938.95,67264.49,82590.03,2.4,FP&A Baseline TS v3,2026-09-15
2027-06-01,POR,SNW,50056.02,66141.68,82227.34,2.4,FP&A Baseline TS v3,2026-09-15
2027-07-01,POR,SNW,108347.45,146131.11,183914.77,2.4,FP&A Baseline TS v3,2026-09-15
2027-08-01,POR,SNW,213466.75,293998.94,374531.12,2.4,FP&A Baseline TS v3,2026-09-15
2027-09-01,POR,SNW,326340.9,459169.43,591997.97,2.4,FP&A Baseline TS v3,2026-09-15
2027-10-01,POR,SNW,432813.96,622431.48,812049.01,2.4,FP&A Baseline TS v3,2026-09-15
2027-11-01,POR,SNW,580418.69,853556.89,1126695.1,2.4,FP&A Baseline TS v3,2026-09-15
2027-12-01,POR,SNW,702318.38,1056689.91,1411061.44,2.4,FP&A Baseline TS v3,2026-09-15
2026-09-01,POR,SOC,244422.42,273085.47,301748.52,3.1,FP&A Baseline TS v3,2026-09-15
2026-10-01,POR,SOC,224654.31,255381.85,286109.4,3.1,FP&A Baseline TS v3,2026-09-15
2026-11-01,POR,SOC,226687.04,262272.13,297857.21,3.1,FP&A Baseline TS v3,2026-09-15
2026-12-01,POR,SOC,219175.15,258169.0,297162.84,3.1,FP&A Baseline TS v3,2026-09-15
2027-01-01,POR,SOC,118376.67,142006.57,165636.46,3.1,FP&A Baseline TS v3,2026-09-15
2027-02-01,POR,SOC,150479.68,183906.53,217333.38,3.1,FP&A Baseline TS v3,2026-09-15
2027-03-01,POR,SOC,151654.62,188888.27,226121.93,3.1,FP&A Baseline TS v3,2026-09-15
2027-04-01,POR,SOC,190680.57,242127.9,293575.24,3.1,FP&A Baseline TS v3,2026-09-15
2027-05-01,POR,SOC,191037.9,247407.15,303776.39,3.1,FP&A Baseline TS v3,2026-09-15
2027-06-01,POR,SOC,227649.15,300804.9,373960.65,3.1,FP&A Baseline TS v3,2026-09-15
2027-07-01,POR,SOC,236040.26,318353.82,400667.39,3.1,FP&A Baseline TS v3,2026-09-15
2027-08-01,POR,SOC,208911.47,287725.15,366538.82,3.1,FP&A Baseline TS v3,2026-09-15
2027-09-01,POR,SOC,200117.78,281570.5,363023.21,3.1,FP&A Baseline TS v3,2026-09-15
2027-10-01,POR,SOC,183099.98,263316.81,343533.65,3.1,FP&A Baseline TS v3,2026-09-15
2027-11-01,POR,SOC,183886.4,270421.17,356955.95,3.1,FP&A Baseline TS v3,2026-09-15
2027-12-01,POR,SOC,176920.89,266190.56,355460.22,3.1,FP&A Baseline TS v3,2026-09-15
2026-09-01,POR,TEN,75844.15,84738.28,93632.41,-0.1,FP&A Baseline TS v3,2026-09-15
2026-10-01,POR,TEN,71811.19,81633.3,91455.42,-0.1,FP&A Baseline TS v3,2026-09-15
2026-11-01,POR,TEN,80340.33,92952.07,105563.8,-0.1,FP&A Baseline TS v3,2026-09-15
2026-12-01,POR,TEN,103841.62,122316.27,140790.92,-0.1,FP&A Baseline TS v3,2026-09-15
2027-01-01,POR,TEN,65906.5,79062.5,92218.49,-0.1,FP&A Baseline TS v3,2026-09-15
2027-02-01,POR,TEN,97634.88,119323.04,141011.2,-0.1,FP&A Baseline TS v3,2026-09-15
2027-03-01,POR,TEN,101760.58,126744.45,151728.32,-0.1,FP&A Baseline TS v3,2026-09-15
2027-04-01,POR,TEN,106169.41,134814.87,163460.33,-0.1,FP&A Baseline TS v3,2026-09-15
2027-05-01,POR,TEN,99359.0,128676.7,157994.4,-0.1,FP&A Baseline TS v3,2026-09-15
2027-06-01,POR,TEN,95866.57,126673.58,157480.6,-0.1,FP&A Baseline TS v3,2026-09-15
2027-07-01,POR,TEN,88593.91,119488.98,150384.05,-0.1,FP&A Baseline TS v3,2026-09-15
2027-08-01,POR,TEN,71101.16,97924.69,124748.22,-0.1,FP&A Baseline TS v3,2026-09-15
2027-09-01,POR,TEN,60172.62,84664.32,109156.01,-0.1,FP&A Baseline TS v3,2026-09-15
2027-10-01,POR,TEN,56714.99,81562.05,106409.12,-0.1,FP&A Baseline TS v3,2026-09-15
2027-11-01,POR,TEN,63152.24,92870.94,122589.64,-0.1,FP&A Baseline TS v3,2026-09-15
2027-12-01,POR,TEN,81225.33,122209.51,163193.69,-0.1,FP&A Baseline TS v3,2026-09-15
2026-09-01,POR,VOL,76105.11,85029.84,93954.57,2.8,FP&A Baseline TS v3,2026-09-15
2026-10-01,POR,VOL,71145.75,80876.85,90607.95,2.8,FP&A Baseline TS v3,2026-09-15
2026-11-01,POR,VOL,65902.54,76247.85,86593.16,2.8,FP&A Baseline TS v3,2026-09-15
2026-12-01,POR,VOL,76185.32,89739.59,103293.85,2.8,FP&A Baseline TS v3,2026-09-15
2027-01-01,POR,VOL,39594.85,47498.62,55402.39,2.8,FP&A Baseline TS v3,2026-09-15
2027-02-01,POR,VOL,45274.73,55331.84,65388.96,2.8,FP&A Baseline TS v3,2026-09-15
2027-03-01,POR,VOL,48404.24,60288.26,72172.29,2.8,FP&A Baseline TS v3,2026-09-15
2027-04-01,POR,VOL,53886.26,68425.26,82964.26,2.8,FP&A Baseline TS v3,2026-09-15
2027-05-01,POR,VOL,62810.39,81343.75,99877.11,2.8,FP&A Baseline TS v3,2026-09-15
2027-06-01,POR,VOL,70357.76,92967.44,115577.12,2.8,FP&A Baseline TS v3,2026-09-15
2027-07-01,POR,VOL,75345.8,101620.89,127895.99,2.8,FP&A Baseline TS v3,2026-09-15
2027-08-01,POR,VOL,74110.72,102069.64,130028.56,2.8,FP&A Baseline TS v3,2026-09-15
2027-09-01,POR,VOL,62116.21,87398.99,112681.77,2.8,FP&A Baseline TS v3,2026-09-15
2027-10-01,POR,VOL,57805.48,83130.29,108455.1,2.8,FP&A Baseline TS v3,2026-09-15
2027-11-01,POR,VOL,53293.17,78372.31,103451.45,2.8,FP&A Baseline TS v3,2026-09-15
2027-12-01,POR,VOL,61306.37,92239.96,123173.56,2.8,FP&A Baseline TS v3,2026-09-15
2026-09-01,RDU,BSB,20376.21,22765.7,25155.19,5.1,FP&A Baseline TS v3,2026-09-15
2026-10-01,RDU,BSB,21355.92,24276.92,27197.92,5.1,FP&A Baseline TS v3,2026-09-15
2026-11-01,RDU,BSB,28780.27,33298.16,37816.06,5.1,FP&A Baseline TS v3,2026-09-15
2026-12-01,RDU,BSB,47726.81,56217.97,64709.13,5.1,FP&A Baseline TS v3,2026-09-15
2027-01-01,RDU,BSB,36966.96,44346.16,51725.36,5.1,FP&A Baseline TS v3,2026-09-15
2027-02-01,RDU,BSB,44913.29,54890.12,64866.95,5.1,FP&A Baseline TS v3,2026-09-15
2027-03-01,RDU,BSB,46865.92,58372.27,69878.61,5.1,FP&A Baseline TS v3,2026-09-15
2027-04-01,RDU,BSB,42405.95,53847.45,65288.96,5.1,FP&A Baseline TS v3,2026-09-15
2027-05-01,RDU,BSB,32656.93,42292.96,51928.99,5.1,FP&A Baseline TS v3,2026-09-15
2027-06-01,RDU,BSB,28260.58,37342.21,46423.83,5.1,FP&A Baseline TS v3,2026-09-15
2027-07-01,RDU,BSB,23979.97,32342.43,40704.89,5.1,FP&A Baseline TS v3,2026-09-15
2027-08-01,RDU,BSB,15681.24,21597.12,27513.01,5.1,FP&A Baseline TS v3,2026-09-15
2027-09-01,RDU,BSB,17001.87,23922.04,30842.21,5.1,FP&A Baseline TS v3,2026-09-15
2027-10-01,RDU,BSB,17738.64,25510.02,33281.39,5.1,FP&A Baseline TS v3,2026-09-15
2027-11-01,RDU,BSB,23792.84,34989.48,46186.11,5.1,FP&A Baseline TS v3,2026-09-15
2027-12-01,RDU,BSB,39262.58,59073.45,78884.33,5.1,FP&A Baseline TS v3,2026-09-15
2026-09-01,RDU,BSK,26635.59,29759.1,32882.62,6.7,FP&A Baseline TS v3,2026-09-15
2026-10-01,RDU,BSK,25423.28,28900.6,32377.92,6.7,FP&A Baseline TS v3,2026-09-15
2026-11-01,RDU,BSK,33760.82,39060.56,44360.3,6.7,FP&A Baseline TS v3,2026-09-15
2026-12-01,RDU,BSK,35869.71,42251.36,48633.01,6.7,FP&A Baseline TS v3,2026-09-15
2027-01-01,RDU,BSK,21683.18,26011.49,30339.8,6.7,FP&A Baseline TS v3,2026-09-15
2027-02-01,RDU,BSK,23048.4,28168.27,33288.13,6.7,FP&A Baseline TS v3,2026-09-15
2027-03-01,RDU,BSK,19791.35,24650.45,29509.55,6.7,FP&A Baseline TS v3,2026-09-15
2027-04-01,RDU,BSK,18072.2,22948.24,27824.28,6.7,FP&A Baseline TS v3,2026-09-15
2027-05-01,RDU,BSK,19274.4,24961.66,30648.93,6.7,FP&A Baseline TS v3,2026-09-15
2027-06-01,RDU,BSK,20402.36,26958.73,33515.09,6.7,FP&A Baseline TS v3,2026-09-15
2027-07-01,RDU,BSK,24835.35,33496.11,42156.86,6.7,FP&A Baseline TS v3,2026-09-15
2027-08-01,RDU,BSK,22695.04,31256.94,39818.84,6.7,FP&A Baseline TS v3,2026-09-15
2027-09-01,RDU,BSK,22571.72,31758.95,40946.18,6.7,FP&A Baseline TS v3,2026-09-15
2027-10-01,RDU,BSK,21446.82,30842.76,40238.69,6.7,FP&A Baseline TS v3,2026-09-15
2027-11-01,RDU,BSK,28346.13,41685.48,55024.84,6.7,FP&A Baseline TS v3,2026-09-15
2027-12-01,RDU,BSK,29969.09,45090.71,60212.33,6.7,FP&A Baseline TS v3,2026-09-15
2026-09-01,RDU,CLM,6222.56,6952.28,7681.99,12.8,FP&A Baseline TS v3,2026-09-15
2026-10-01,RDU,CLM,8020.78,9117.84,10214.9,12.8,FP&A Baseline TS v3,2026-09-15
2026-11-01,RDU,CLM,9447.66,10930.74,12413.82,12.8,FP&A Baseline TS v3,2026-09-15
2026-12-01,RDU,CLM,12959.0,15264.56,17570.12,12.8,FP&A Baseline TS v3,2026-09-15
2027-01-01,RDU,CLM,7378.14,8850.93,10323.73,12.8,FP&A Baseline TS v3,2026-09-15
2027-02-01,RDU,CLM,7179.42,8774.22,10369.02,12.8,FP&A Baseline TS v3,2026-09-15
2027-03-01,RDU,CLM,7552.62,9406.91,11261.19,12.8,FP&A Baseline TS v3,2026-09-15
2027-04-01,RDU,CLM,7803.21,9908.59,12013.96,12.8,FP&A Baseline TS v3,2026-09-15
2027-05-01,RDU,CLM,6704.48,8682.76,10661.03,12.8,FP&A Baseline TS v3,2026-09-15
2027-06-01,RDU,CLM,6657.5,8796.9,10936.31,12.8,FP&A Baseline TS v3,2026-09-15
2027-07-01,RDU,CLM,6980.11,9414.26,11848.41,12.8,FP&A Baseline TS v3,2026-09-15
2027-08-01,RDU,CLM,5473.25,7538.08,9602.91,12.8,FP&A Baseline TS v3,2026-09-15
2027-09-01,RDU,CLM,5575.98,7845.54,10115.1,12.8,FP&A Baseline TS v3,2026-09-15
2027-10-01,RDU,CLM,7154.8,10289.35,13423.9,12.8,FP&A Baseline TS v3,2026-09-15
2027-11-01,RDU,CLM,8387.92,12335.18,16282.44,12.8,FP&A Baseline TS v3,2026-09-15
2027-12-01,RDU,CLM,11448.98,17225.84,23002.7,12.8,FP&A Baseline TS v3,2026-09-15
2026-09-01,RDU,CYC,22194.71,24797.45,27400.19,9.2,FP&A Baseline TS v3,2026-09-15
2026-10-01,RDU,CYC,24912.5,28319.96,31727.42,9.2,FP&A Baseline TS v3,2026-09-15
2026-11-01,RDU,CYC,24013.3,27782.88,31552.46,9.2,FP&A Baseline TS v3,2026-09-15
2026-12-01,RDU,CYC,33684.31,39677.15,45669.99,9.2,FP&A Baseline TS v3,2026-09-15
2027-01-01,RDU,CYC,21119.37,25335.14,29550.9,9.2,FP&A Baseline TS v3,2026-09-15
2027-02-01,RDU,CYC,34867.43,42612.71,50358.0,9.2,FP&A Baseline TS v3,2026-09-15
2027-03-01,RDU,CYC,41705.87,51945.33,62184.79,9.2,FP&A Baseline TS v3,2026-09-15
2027-04-01,RDU,CYC,43864.21,55699.17,67534.13,9.2,FP&A Baseline TS v3,2026-09-15
2027-05-01,RDU,CYC,42112.09,54538.03,66963.98,9.2,FP&A Baseline TS v3,2026-09-15
2027-06-01,RDU,CYC,35777.02,47274.07,58771.12,9.2,FP&A Baseline TS v3,2026-09-15
2027-07-01,RDU,CYC,30278.45,40837.36,51396.27,9.2,FP&A Baseline TS v3,2026-09-15
2027-08-01,RDU,CYC,28670.55,39486.77,50302.98,9.2,FP&A Baseline TS v3,2026-09-15
2027-09-01,RDU,CYC,19239.18,27069.98,34900.79,9.2,FP&A Baseline TS v3,2026-09-15
2027-10-01,RDU,CYC,21497.27,30915.31,40333.35,9.2,FP&A Baseline TS v3,2026-09-15
2027-11-01,RDU,CYC,20623.72,30329.01,40034.29,9.2,FP&A Baseline TS v3,2026-09-15
2027-12-01,RDU,CYC,28787.76,43313.31,57838.86,9.2,FP&A Baseline TS v3,2026-09-15
2026-09-01,RDU,FTB,21970.23,24546.64,27123.06,8.9,FP&A Baseline TS v3,2026-09-15
2026-10-01,RDU,FTB,16378.29,18618.46,20858.64,8.9,FP&A Baseline TS v3,2026-09-15
2026-11-01,RDU,FTB,15331.67,17738.42,20145.17,8.9,FP&A Baseline TS v3,2026-09-15
2026-12-01,RDU,FTB,12316.3,14507.52,16698.73,8.9,FP&A Baseline TS v3,2026-09-15
2027-01-01,RDU,FTB,5754.7,6903.43,8052.16,8.9,FP&A Baseline TS v3,2026-09-15
2027-02-01,RDU,FTB,7187.95,8784.65,10381.34,8.9,FP&A Baseline TS v3,2026-09-15
2027-03-01,RDU,FTB,8872.21,11050.48,13228.75,8.9,FP&A Baseline TS v3,2026-09-15
2027-04-01,RDU,FTB,12430.74,15784.67,19138.59,8.9,FP&A Baseline TS v3,2026-09-15
2027-05-01,RDU,FTB,15173.9,19651.24,24128.58,8.9,FP&A Baseline TS v3,2026-09-15
2027-06-01,RDU,FTB,24568.24,32463.32,40358.4,8.9,FP&A Baseline TS v3,2026-09-15
2027-07-01,RDU,FTB,21546.66,29060.56,36574.45,8.9,FP&A Baseline TS v3,2026-09-15
2027-08-01,RDU,FTB,20752.88,28582.08,36411.29,8.9,FP&A Baseline TS v3,2026-09-15
2027-09-01,RDU,FTB,19002.71,26737.27,34471.83,8.9,FP&A Baseline TS v3,2026-09-15
2027-10-01,RDU,FTB,14101.93,20280.04,26458.15,8.9,FP&A Baseline TS v3,2026-09-15
2027-11-01,RDU,FTB,13138.59,19321.46,25504.33,8.9,FP&A Baseline TS v3,2026-09-15
2027-12-01,RDU,FTB,10502.79,15802.22,21101.65,8.9,FP&A Baseline TS v3,2026-09-15
2026-09-01,RDU,GLF,36313.08,40571.46,44829.84,3.2,FP&A Baseline TS v3,2026-09-15
2026-10-01,RDU,GLF,26510.94,30137.03,33763.12,3.2,FP&A Baseline TS v3,2026-09-15
2026-11-01,RDU,GLF,30752.22,35579.67,40407.12,3.2,FP&A Baseline TS v3,2026-09-15
2026-12-01,RDU,GLF,42916.71,50552.1,58187.49,3.2,FP&A Baseline TS v3,2026-09-15
2027-01-01,RDU,GLF,30387.78,36453.67,42519.56,3.2,FP&A Baseline TS v3,2026-09-15
2027-02-01,RDU,GLF,42616.81,52083.51,61550.2,3.2,FP&A Baseline TS v3,2026-09-15
2027-03-01,RDU,GLF,50883.02,63375.62,75868.22,3.2,FP&A Baseline TS v3,2026-09-15
2027-04-01,RDU,GLF,45704.04,58035.4,70366.76,3.2,FP&A Baseline TS v3,2026-09-15
2027-05-01,RDU,GLF,52032.08,67385.1,82738.12,3.2,FP&A Baseline TS v3,2026-09-15
2027-06-01,RDU,GLF,44897.22,59325.08,73752.94,3.2,FP&A Baseline TS v3,2026-09-15
2027-07-01,RDU,GLF,41806.84,56386.01,70965.17,3.2,FP&A Baseline TS v3,2026-09-15
2027-08-01,RDU,GLF,35902.28,49446.73,62991.18,3.2,FP&A Baseline TS v3,2026-09-15
2027-09-01,RDU,GLF,29748.66,41857.08,53965.5,3.2,FP&A Baseline TS v3,2026-09-15
2027-10-01,RDU,GLF,21620.14,31092.01,40563.88,3.2,FP&A Baseline TS v3,2026-09-15
2027-11-01,RDU,GLF,24960.84,36707.11,48453.39,3.2,FP&A Baseline TS v3,2026-09-15
2027-12-01,RDU,GLF,34663.62,52153.98,69644.34,3.2,FP&A Baseline TS v3,2026-09-15
2026-09-01,RDU,HKY,6735.35,7525.2,8315.04,10.2,FP&A Baseline TS v3,2026-09-15
2026-10-01,RDU,HKY,5535.99,6293.18,7050.38,10.2,FP&A Baseline TS v3,2026-09-15
2026-11-01,RDU,HKY,6254.06,7235.82,8217.57,10.2,FP&A Baseline TS v3,2026-09-15
2026-12-01,RDU,HKY,7792.18,9178.5,10564.82,10.2,FP&A Baseline TS v3,2026-09-15
2027-01-01,RDU,HKY,3169.78,3802.52,4435.25,10.2,FP&A Baseline TS v3,2026-09-15
2027-02-01,RDU,HKY,3263.74,3988.73,4713.72,10.2,FP&A Baseline TS v3,2026-09-15
2027-03-01,RDU,HKY,2174.46,2708.33,3242.19,10.2,FP&A Baseline TS v3,2026-09-15
2027-04-01,RDU,HKY,2161.86,2745.15,3328.44,10.2,FP&A Baseline TS v3,2026-09-15
2027-05-01,RDU,HKY,2765.22,3581.15,4397.08,10.2,FP&A Baseline TS v3,2026-09-15
2027-06-01,RDU,HKY,4523.98,5977.77,7431.56,10.2,FP&A Baseline TS v3,2026-09-15
2027-07-01,RDU,HKY,4481.7,6044.59,7607.48,10.2,FP&A Baseline TS v3,2026-09-15
2027-08-01,RDU,HKY,4715.74,6494.8,8273.85,10.2,FP&A Baseline TS v3,2026-09-15
2027-09-01,RDU,HKY,5893.31,8292.03,10690.75,10.2,FP&A Baseline TS v3,2026-09-15
2027-10-01,RDU,HKY,4821.95,6934.47,9046.99,10.2,FP&A Baseline TS v3,2026-09-15
2027-11-01,RDU,HKY,5421.75,7973.16,10524.57,10.2,FP&A Baseline TS v3,2026-09-15
2027-12-01,RDU,HKY,6722.04,10113.81,13505.58,10.2,FP&A Baseline TS v3,2026-09-15
2026-09-01,RDU,LAX,10738.37,11997.64,13256.91,10.5,FP&A Baseline TS v3,2026-09-15
2026-10-01,RDU,LAX,15204.9,17284.59,19364.27,10.5,FP&A Baseline TS v3,2026-09-15
2026-11-01,RDU,LAX,23076.55,26699.08,30321.61,10.5,FP&A Baseline TS v3,2026-09-15
2026-12-01,RDU,LAX,35567.11,41894.92,48222.73,10.5,FP&A Baseline TS v3,2026-09-15
2027-01-01,RDU,LAX,19270.82,23117.58,26964.35,10.5,FP&A Baseline TS v3,2026-09-15
2027-02-01,RDU,LAX,27257.94,33312.89,39367.84,10.5,FP&A Baseline TS v3,2026-09-15
2027-03-01,RDU,LAX,23823.37,29672.4,35521.42,10.5,FP&A Baseline TS v3,2026-09-15
2027-04-01,RDU,LAX,20528.04,26066.7,31605.35,10.5,FP&A Baseline TS v3,2026-09-15
2027-05-01,RDU,LAX,15433.57,19987.53,24541.49,10.5,FP&A Baseline TS v3,2026-09-15
2027-06-01,RDU,LAX,12157.2,16063.95,19970.7,10.5,FP&A Baseline TS v3,2026-09-15
2027-07-01,RDU,LAX,10440.58,14081.49,17722.4,10.5,FP&A Baseline TS v3,2026-09-15
2027-08-01,RDU,LAX,11094.29,15279.7,19465.12,10.5,FP&A Baseline TS v3,2026-09-15
2027-09-01,RDU,LAX,9426.47,13263.27,17100.06,10.5,FP&A Baseline TS v3,2026-09-15
2027-10-01,RDU,LAX,13286.89,19107.93,24928.97,10.5,FP&A Baseline TS v3,2026-09-15
2027-11-01,RDU,LAX,20070.58,29515.56,38960.53,10.5,FP&A Baseline TS v3,2026-09-15
2027-12-01,RDU,LAX,30782.4,46314.4,61846.4,10.5,FP&A Baseline TS v3,2026-09-15
2026-09-01,RDU,PKB,33833.83,37801.47,41769.11,17.0,FP&A Baseline TS v3,2026-09-15
2026-10-01,RDU,PKB,33358.63,37921.32,42484.02,17.0,FP&A Baseline TS v3,2026-09-15
2026-11-01,RDU,PKB,43757.44,50626.44,57495.43,17.0,FP&A Baseline TS v3,2026-09-15
2026-12-01,RDU,PKB,57483.41,67710.38,77937.36,17.0,FP&A Baseline TS v3,2026-09-15
2027-01-01,RDU,PKB,38875.72,46635.94,54396.16,17.0,FP&A Baseline TS v3,2026-09-15
2027-02-01,RDU,PKB,42116.9,51472.54,60828.19,17.0,FP&A Baseline TS v3,2026-09-15
2027-03-01,RDU,PKB,50078.43,62373.49,74668.55,17.0,FP&A Baseline TS v3,2026-09-15
2027-04-01,RDU,PKB,44214.5,56143.98,68073.45,17.0,FP&A Baseline TS v3,2026-09-15
2027-05-01,RDU,PKB,47535.88,61562.21,75588.55,17.0,FP&A Baseline TS v3,2026-09-15
2027-06-01,RDU,PKB,41196.76,54435.47,67674.18,17.0,FP&A Baseline TS v3,2026-09-15
2027-07-01,RDU,PKB,32817.11,44261.32,55705.53,17.0,FP&A Baseline TS v3,2026-09-15
2027-08-01,RDU,PKB,38477.21,52993.07,67508.93,17.0,FP&A Baseline TS v3,2026-09-15
2027-09-01,RDU,PKB,31424.75,44215.37,57005.99,17.0,FP&A Baseline TS v3,2026-09-15
2027-10-01,RDU,PKB,30843.08,44355.56,57868.04,17.0,FP&A Baseline TS v3,2026-09-15
2027-11-01,RDU,PKB,40267.15,59216.4,78165.64,17.0,FP&A Baseline TS v3,2026-09-15
2027-12-01,RDU,PKB,52638.85,79199.04,105759.22,17.0,FP&A Baseline TS v3,2026-09-15
2026-09-01,RDU,RUN,59919.42,66946.08,73972.74,7.8,FP&A Baseline TS v3,2026-09-15
2026-10-01,RDU,RUN,55421.75,63002.17,70582.59,7.8,FP&A Baseline TS v3,2026-09-15
2026-11-01,RDU,RUN,65727.3,76045.1,86362.89,7.8,FP&A Baseline TS v3,2026-09-15
2026-12-01,RDU,RUN,80732.15,95095.35,109458.55,7.8,FP&A Baseline TS v3,2026-09-15
2027-01-01,RDU,RUN,54017.49,64800.25,75583.01,7.8,FP&A Baseline TS v3,2026-09-15
2027-02-01,RDU,RUN,64663.69,79027.78,93391.86,7.8,FP&A Baseline TS v3,2026-09-15
2027-03-01,RDU,RUN,76679.11,95505.07,114331.02,7.8,FP&A Baseline TS v3,2026-09-15
2027-04-01,RDU,RUN,74574.68,94695.6,114816.52,7.8,FP&A Baseline TS v3,2026-09-15
2027-05-01,RDU,RUN,67530.47,87456.58,107382.68,7.8,FP&A Baseline TS v3,2026-09-15
2027-06-01,RDU,RUN,61632.44,81438.21,101243.99,7.8,FP&A Baseline TS v3,2026-09-15
2027-07-01,RDU,RUN,57528.89,77590.76,97652.62,7.8,FP&A Baseline TS v3,2026-09-15
2027-08-01,RDU,RUN,60027.78,82673.78,105319.78,7.8,FP&A Baseline TS v3,2026-09-15
2027-09-01,RDU,RUN,51311.21,72196.09,93080.98,7.8,FP&A Baseline TS v3,2026-09-15
2027-10-01,RDU,RUN,47244.77,67942.9,88641.02,7.8,FP&A Baseline TS v3,2026-09-15
2027-11-01,RDU,RUN,55765.89,82008.67,108251.44,7.8,FP&A Baseline TS v3,2026-09-15
2027-12-01,RDU,RUN,68160.74,102552.87,136945.0,7.8,FP&A Baseline TS v3,2026-09-15
2026-09-01,RDU,SNW,10495.68,11726.49,12957.3,9.5,FP&A Baseline TS v3,2026-09-15
2026-10-01,RDU,SNW,13947.01,15854.64,17762.27,9.5,FP&A Baseline TS v3,2026-09-15
2026-11-01,RDU,SNW,17258.03,19967.18,22676.32,9.5,FP&A Baseline TS v3,2026-09-15
2026-12-01,RDU,SNW,22231.02,26186.18,30141.34,9.5,FP&A Baseline TS v3,2026-09-15
2027-01-01,RDU,SNW,10893.9,13068.5,15243.1,9.5,FP&A Baseline TS v3,2026-09-15
2027-02-01,RDU,SNW,9771.07,11941.57,14112.07,9.5,FP&A Baseline TS v3,2026-09-15
2027-03-01,RDU,SNW,6135.88,7642.34,9148.8,9.5,FP&A Baseline TS v3,2026-09-15
2027-04-01,RDU,SNW,3048.98,3871.62,4694.27,9.5,FP&A Baseline TS v3,2026-09-15
2027-05-01,RDU,SNW,1277.62,1654.61,2031.59,9.5,FP&A Baseline TS v3,2026-09-15
2027-06-01,RDU,SNW,1252.42,1654.89,2057.36,9.5,FP&A Baseline TS v3,2026-09-15
2027-07-01,RDU,SNW,2979.04,4017.91,5056.77,9.5,FP&A Baseline TS v3,2026-09-15
2027-08-01,RDU,SNW,5255.14,7237.68,9220.23,9.5,FP&A Baseline TS v3,2026-09-15
2027-09-01,RDU,SNW,9121.84,12834.65,16547.46,9.5,FP&A Baseline TS v3,2026-09-15
2027-10-01,RDU,SNW,12066.52,17352.91,22639.3,9.5,FP&A Baseline TS v3,2026-09-15
2027-11-01,RDU,SNW,14860.78,21854.09,28847.4,9.5,FP&A Baseline TS v3,2026-09-15
2027-12-01,RDU,SNW,19049.11,28660.79,38272.47,9.5,FP&A Baseline TS v3,2026-09-15
2026-09-01,RDU,SOC,45432.82,50760.66,56088.5,10.3,FP&A Baseline TS v3,2026-09-15
2026-10-01,RDU,SOC,34613.41,39347.73,44082.05,10.3,FP&A Baseline TS v3,2026-09-15
2026-11-01,RDU,SOC,39935.0,46203.95,52472.9,10.3,FP&A Baseline TS v3,2026-09-15
2026-12-01,RDU,SOC,37170.51,43783.59,50396.66,10.3,FP&A Baseline TS v3,2026-09-15
2027-01-01,RDU,SOC,22937.72,27516.46,32095.2,10.3,FP&A Baseline TS v3,2026-09-15
2027-02-01,RDU,SOC,26779.13,32727.72,38676.31,10.3,FP&A Baseline TS v3,2026-09-15
2027-03-01,RDU,SOC,27688.22,34486.13,41284.04,10.3,FP&A Baseline TS v3,2026-09-15
2027-04-01,RDU,SOC,33212.13,42173.07,51134.0,10.3,FP&A Baseline TS v3,2026-09-15
2027-05-01,RDU,SOC,39951.05,51739.34,63527.64,10.3,FP&A Baseline TS v3,2026-09-15
2027-06-01,RDU,SOC,41298.22,54569.52,67840.83,10.3,FP&A Baseline TS v3,2026-09-15
2027-07-01,RDU,SOC,44752.21,60358.51,75964.81,10.3,FP&A Baseline TS v3,2026-09-15
2027-08-01,RDU,SOC,40600.03,55916.74,71233.46,10.3,FP&A Baseline TS v3,2026-09-15
2027-09-01,RDU,SOC,39793.53,55990.45,72187.36,10.3,FP&A Baseline TS v3,2026-09-15
2027-10-01,RDU,SOC,30179.78,43401.66,56623.54,10.3,FP&A Baseline TS v3,2026-09-15
2027-11-01,RDU,SOC,34655.7,50964.26,67272.82,10.3,FP&A Baseline TS v3,2026-09-15
2027-12-01,RDU,SOC,32098.48,48294.53,64490.59,10.3,FP&A Baseline TS v3,2026-09-15
2026-09-01,RDU,TEN,13871.34,15498.02,17124.69,11.0,FP&A Baseline TS v3,2026-09-15
2026-10-01,RDU,TEN,12430.8,14131.05,15831.3,11.0,FP&A Baseline TS v3,2026-09-15
2026-11-01,RDU,TEN,12561.6,14533.51,16505.42,11.0,FP&A Baseline TS v3,2026-09-15
2026-12-01,RDU,TEN,17143.11,20193.07,23243.03,11.0,FP&A Baseline TS v3,2026-09-15
2027-01-01,RDU,TEN,10910.03,13087.85,15265.67,11.0,FP&A Baseline TS v3,2026-09-15
2027-02-01,RDU,TEN,17013.31,20792.57,24571.82,11.0,FP&A Baseline TS v3,2026-09-15
2027-03-01,RDU,TEN,14870.75,18521.76,22172.76,11.0,FP&A Baseline TS v3,2026-09-15
2027-04-01,RDU,TEN,21522.31,27329.22,33136.14,11.0,FP&A Baseline TS v3,2026-09-15
2027-05-01,RDU,TEN,17457.5,22608.66,27759.81,11.0,FP&A Baseline TS v3,2026-09-15
2027-06-01,RDU,TEN,16603.21,21938.71,27274.2,11.0,FP&A Baseline TS v3,2026-09-15
2027-07-01,RDU,TEN,13975.22,18848.76,23722.29,11.0,FP&A Baseline TS v3,2026-09-15
2027-08-01,RDU,TEN,12612.74,17371.0,22129.26,11.0,FP&A Baseline TS v3,2026-09-15
2027-09-01,RDU,TEN,12225.44,17201.48,22177.53,11.0,FP&A Baseline TS v3,2026-09-15
2027-10-01,RDU,TEN,10906.21,15684.27,20462.32,11.0,FP&A Baseline TS v3,2026-09-15
2027-11-01,RDU,TEN,10969.05,16130.96,21292.87,11.0,FP&A Baseline TS v3,2026-09-15
2027-12-01,RDU,TEN,14896.3,22412.59,29928.88,11.0,FP&A Baseline TS v3,2026-09-15
2026-09-01,RDU,VOL,11320.04,12647.52,13975.01,12.5,FP&A Baseline TS v3,2026-09-15
2026-10-01,RDU,VOL,11072.74,12587.24,14101.73,12.5,FP&A Baseline TS v3,2026-09-15
2026-11-01,RDU,VOL,11170.91,12924.51,14678.11,12.5,FP&A Baseline TS v3,2026-09-15
2026-12-01,RDU,VOL,11260.03,13263.32,15266.61,12.5,FP&A Baseline TS v3,2026-09-15
2027-01-01,RDU,VOL,5839.67,7005.36,8171.05,12.5,FP&A Baseline TS v3,2026-09-15
2027-02-01,RDU,VOL,7349.68,8982.31,10614.93,12.5,FP&A Baseline TS v3,2026-09-15
2027-03-01,RDU,VOL,7538.11,9388.84,11239.57,12.5,FP&A Baseline TS v3,2026-09-15
2027-04-01,RDU,VOL,9483.15,12041.79,14600.42,12.5,FP&A Baseline TS v3,2026-09-15
2027-05-01,RDU,VOL,10626.35,13761.85,16897.35,12.5,FP&A Baseline TS v3,2026-09-15
2027-06-01,RDU,VOL,13648.89,18035.01,22421.12,12.5,FP&A Baseline TS v3,2026-09-15
2027-07-01,RDU,VOL,14783.55,19938.97,25094.39,12.5,FP&A Baseline TS v3,2026-09-15
2027-08-01,RDU,VOL,12258.66,16883.35,21508.04,12.5,FP&A Baseline TS v3,2026-09-15
2027-09-01,RDU,VOL,10111.77,14227.5,18343.24,12.5,FP&A Baseline TS v3,2026-09-15
2027-10-01,RDU,VOL,9846.08,14159.69,18473.29,12.5,FP&A Baseline TS v3,2026-09-15
2027-11-01,RDU,VOL,9886.58,14539.09,19191.6,12.5,FP&A Baseline TS v3,2026-09-15
2027-12-01,RDU,VOL,9916.58,14920.23,19923.88,12.5,FP&A Baseline TS v3,2026-09-15
2026-09-01,SAN,BSB,125766.28,140514.71,155263.13,0.8,FP&A Baseline TS v3,2026-09-15
2026-10-01,SAN,BSB,161088.38,183121.57,205154.76,0.8,FP&A Baseline TS v3,2026-09-15
2026-11-01,SAN,BSB,229304.77,265300.78,301296.79,0.8,FP&A Baseline TS v3,2026-09-15
2026-12-01,SAN,BSB,339250.37,399607.01,459963.65,0.8,FP&A Baseline TS v3,2026-09-15
2027-01-01,SAN,BSB,228524.47,274141.64,319758.81,0.8,FP&A Baseline TS v3,2026-09-15
2027-02-01,SAN,BSB,316359.38,386633.97,456908.56,0.8,FP&A Baseline TS v3,2026-09-15
2027-03-01,SAN,BSB,292601.0,364439.27,436277.54,0.8,FP&A Baseline TS v3,2026-09-15
2027-04-01,SAN,BSB,276326.39,350881.74,425437.1,0.8,FP&A Baseline TS v3,2026-09-15
2027-05-01,SAN,BSB,220655.73,285764.26,350872.79,0.8,FP&A Baseline TS v3,2026-09-15
2027-06-01,SAN,BSB,169413.55,223855.11,278296.68,0.8,FP&A Baseline TS v3,2026-09-15
2027-07-01,SAN,BSB,124764.07,168272.64,211781.22,0.8,FP&A Baseline TS v3,2026-09-15
2027-08-01,SAN,BSB,106010.77,146004.25,185997.74,0.8,FP&A Baseline TS v3,2026-09-15
2027-09-01,SAN,BSB,100631.25,141590.57,182549.89,0.8,FP&A Baseline TS v3,2026-09-15
2027-10-01,SAN,BSB,128310.37,184523.66,240736.95,0.8,FP&A Baseline TS v3,2026-09-15
2027-11-01,SAN,BSB,181785.81,267332.08,352878.34,0.8,FP&A Baseline TS v3,2026-09-15
2027-12-01,SAN,BSB,267628.36,402666.64,537704.93,0.8,FP&A Baseline TS v3,2026-09-15
2026-09-01,SAN,BSK,248249.37,277361.2,306473.03,1.6,FP&A Baseline TS v3,2026-09-15
2026-10-01,SAN,BSK,248397.86,282372.98,316348.1,1.6,FP&A Baseline TS v3,2026-09-15
2026-11-01,SAN,BSK,314502.39,363872.63,413242.86,1.6,FP&A Baseline TS v3,2026-09-15
2026-12-01,SAN,BSK,346223.36,407820.58,469417.8,1.6,FP&A Baseline TS v3,2026-09-15
2027-01-01,SAN,BSK,184987.0,221913.38,258839.77,1.6,FP&A Baseline TS v3,2026-09-15
2027-02-01,SAN,BSK,189552.3,231658.56,273764.82,1.6,FP&A Baseline TS v3,2026-09-15
2027-03-01,SAN,BSK,176667.97,220042.81,263417.65,1.6,FP&A Baseline TS v3,2026-09-15
2027-04-01,SAN,BSK,154223.99,195835.01,237446.04,1.6,FP&A Baseline TS v3,2026-09-15
2027-05-01,SAN,BSK,151680.96,196437.21,241193.47,1.6,FP&A Baseline TS v3,2026-09-15
2027-06-01,SAN,BSK,152258.25,201186.91,250115.56,1.6,FP&A Baseline TS v3,2026-09-15
2027-07-01,SAN,BSK,170627.23,230129.51,289631.8,1.6,FP&A Baseline TS v3,2026-09-15
2027-08-01,SAN,BSK,180642.03,248790.8,316939.58,1.6,FP&A Baseline TS v3,2026-09-15
2027-09-01,SAN,BSK,200191.19,281673.78,363156.37,1.6,FP&A Baseline TS v3,2026-09-15
2027-10-01,SAN,BSK,199403.86,286763.49,374123.12,1.6,FP&A Baseline TS v3,2026-09-15
2027-11-01,SAN,BSK,251280.63,369530.34,487780.05,1.6,FP&A Baseline TS v3,2026-09-15
2027-12-01,SAN,BSK,275268.38,414161.62,553054.87,1.6,FP&A Baseline TS v3,2026-09-15
2026-09-01,SAN,CLM,88692.68,99093.53,109494.39,2.6,FP&A Baseline TS v3,2026-09-15
2026-10-01,SAN,CLM,97192.36,110486.04,123779.72,2.6,FP&A Baseline TS v3,2026-09-15
2026-11-01,SAN,CLM,113622.18,131458.47,149294.75,2.6,FP&A Baseline TS v3,2026-09-15
2026-12-01,SAN,CLM,147423.05,173651.35,199879.65,2.6,FP&A Baseline TS v3,2026-09-15
2027-01-01,SAN,CLM,90238.01,108250.97,126263.93,2.6,FP&A Baseline TS v3,2026-09-15
2027-02-01,SAN,CLM,97434.07,119077.62,140721.17,2.6,FP&A Baseline TS v3,2026-09-15
2027-03-01,SAN,CLM,97528.4,121473.2,145417.99,2.6,FP&A Baseline TS v3,2026-09-15
2027-04-01,SAN,CLM,84362.32,107124.03,129885.75,2.6,FP&A Baseline TS v3,2026-09-15
2027-05-01,SAN,CLM,80760.31,104590.12,128419.94,2.6,FP&A Baseline TS v3,2026-09-15
2027-06-01,SAN,CLM,67268.06,88884.85,110501.65,2.6,FP&A Baseline TS v3,2026-09-15
2027-07-01,SAN,CLM,70650.32,95287.98,119925.64,2.6,FP&A Baseline TS v3,2026-09-15
2027-08-01,SAN,CLM,77066.03,106139.86,135213.69,2.6,FP&A Baseline TS v3,2026-09-15
2027-09-01,SAN,CLM,72224.14,101621.09,131018.04,2.6,FP&A Baseline TS v3,2026-09-15
2027-10-01,SAN,CLM,78787.19,113304.18,147821.16,2.6,FP&A Baseline TS v3,2026-09-15
2027-11-01,SAN,CLM,91671.85,134811.55,177951.25,2.6,FP&A Baseline TS v3,2026-09-15
2027-12-01,SAN,CLM,118359.51,178080.63,237801.76,2.6,FP&A Baseline TS v3,2026-09-15
2026-09-01,SAN,CYC,196415.32,219448.66,242481.99,-0.5,FP&A Baseline TS v3,2026-09-15
2026-10-01,SAN,CYC,179410.71,203949.97,228489.24,-0.5,FP&A Baseline TS v3,2026-09-15
2026-11-01,SAN,CYC,198731.81,229928.52,261125.22,-0.5,FP&A Baseline TS v3,2026-09-15
2026-12-01,SAN,CYC,295013.91,347500.37,399986.82,-0.5,FP&A Baseline TS v3,2026-09-15
2027-01-01,SAN,CYC,191390.48,229595.1,267799.73,-0.5,FP&A Baseline TS v3,2026-09-15
2027-02-01,SAN,CYC,254273.53,310756.66,367239.79,-0.5,FP&A Baseline TS v3,2026-09-15
2027-03-01,SAN,CYC,291353.56,362885.56,434417.56,-0.5,FP&A Baseline TS v3,2026-09-15
2027-04-01,SAN,CYC,323648.91,410972.31,498295.7,-0.5,FP&A Baseline TS v3,2026-09-15
2027-05-01,SAN,CYC,293853.23,380560.03,467266.82,-0.5,FP&A Baseline TS v3,2026-09-15
2027-06-01,SAN,CYC,274864.56,363193.12,451521.69,-0.5,FP&A Baseline TS v3,2026-09-15
2027-07-01,SAN,CYC,229411.94,309414.04,389416.13,-0.5,FP&A Baseline TS v3,2026-09-15
2027-08-01,SAN,CYC,193548.99,266567.03,339585.08,-0.5,FP&A Baseline TS v3,2026-09-15
2027-09-01,SAN,CYC,155182.96,218346.13,281509.3,-0.5,FP&A Baseline TS v3,2026-09-15
2027-10-01,SAN,CYC,141106.15,202925.32,264744.48,-0.5,FP&A Baseline TS v3,2026-09-15
2027-11-01,SAN,CYC,155565.87,228773.34,301980.81,-0.5,FP&A Baseline TS v3,2026-09-15
2027-12-01,SAN,CYC,229802.27,345754.5,461706.73,-0.5,FP&A Baseline TS v3,2026-09-15
2026-09-01,SAN,FTB,123607.39,138102.64,152597.89,0.5,FP&A Baseline TS v3,2026-09-15
2026-10-01,SAN,FTB,101143.72,114977.86,128811.99,0.5,FP&A Baseline TS v3,2026-09-15
2026-11-01,SAN,FTB,88760.03,102693.49,116626.94,0.5,FP&A Baseline TS v3,2026-09-15
2026-12-01,SAN,FTB,71965.48,84768.99,97572.5,0.5,FP&A Baseline TS v3,2026-09-15
2027-01-01,SAN,FTB,32834.0,39388.2,45942.4,0.5,FP&A Baseline TS v3,2026-09-15
2027-02-01,SAN,FTB,34342.88,41971.65,49600.42,0.5,FP&A Baseline TS v3,2026-09-15
2027-03-01,SAN,FTB,46400.38,57792.42,69184.46,0.5,FP&A Baseline TS v3,2026-09-15
2027-04-01,SAN,FTB,66273.32,84154.46,102035.6,0.5,FP&A Baseline TS v3,2026-09-15
2027-05-01,SAN,FTB,86968.66,112630.36,138292.06,0.5,FP&A Baseline TS v3,2026-09-15
2027-06-01,SAN,FTB,97128.17,128340.61,159553.04,0.5,FP&A Baseline TS v3,2026-09-15
2027-07-01,SAN,FTB,111772.2,150750.17,189728.13,0.5,FP&A Baseline TS v3,2026-09-15
2027-08-01,SAN,FTB,109224.63,150430.58,191636.52,0.5,FP&A Baseline TS v3,2026-09-15
2027-09-01,SAN,FTB,98602.71,138736.37,178870.03,0.5,FP&A Baseline TS v3,2026-09-15
2027-10-01,SAN,FTB,80317.88,115505.47,150693.06,0.5,FP&A Baseline TS v3,2026-09-15
2027-11-01,SAN,FTB,70152.02,103164.73,136177.44,0.5,FP&A Baseline TS v3,2026-09-15
2027-12-01,SAN,FTB,56599.4,85157.98,113716.56,0.5,FP&A Baseline TS v3,2026-09-15
2026-09-01,SAN,GLF,214583.09,239746.92,264910.76,-3.8,FP&A Baseline TS v3,2026-09-15
2026-10-01,SAN,GLF,195942.77,222743.23,249543.7,-3.8,FP&A Baseline TS v3,2026-09-15
2026-11-01,SAN,GLF,215117.06,248885.9,282654.74,-3.8,FP&A Baseline TS v3,2026-09-15
2026-12-01,SAN,GLF,270661.84,318815.78,366969.72,-3.8,FP&A Baseline TS v3,2026-09-15
2027-01-01,SAN,GLF,199845.09,239737.39,279629.69,-3.8,FP&A Baseline TS v3,2026-09-15
2027-02-01,SAN,GLF,271541.31,331860.23,392179.14,-3.8,FP&A Baseline TS v3,2026-09-15
2027-03-01,SAN,GLF,303339.2,377813.87,452288.54,-3.8,FP&A Baseline TS v3,2026-09-15
2027-04-01,SAN,GLF,315761.88,400957.28,486152.68,-3.8,FP&A Baseline TS v3,2026-09-15
2027-05-01,SAN,GLF,317063.44,410618.84,504174.24,-3.8,FP&A Baseline TS v3,2026-09-15
2027-06-01,SAN,GLF,303027.8,400406.72,497785.63,-3.8,FP&A Baseline TS v3,2026-09-15
2027-07-01,SAN,GLF,243729.01,328723.85,413718.69,-3.8,FP&A Baseline TS v3,2026-09-15
2027-08-01,SAN,GLF,196096.67,270075.85,344055.02,-3.8,FP&A Baseline TS v3,2026-09-15
2027-09-01,SAN,GLF,163933.6,230658.48,297383.37,-3.8,FP&A Baseline TS v3,2026-09-15
2027-10-01,SAN,GLF,149015.21,214299.38,279583.54,-3.8,FP&A Baseline TS v3,2026-09-15
2027-11-01,SAN,GLF,162826.69,239451.01,316075.33,-3.8,FP&A Baseline TS v3,2026-09-15
2027-12-01,SAN,GLF,203865.0,306729.96,409594.92,-3.8,FP&A Baseline TS v3,2026-09-15
2026-09-01,SAN,HKY,110499.99,123458.16,136416.33,1.4,FP&A Baseline TS v3,2026-09-15
2026-10-01,SAN,HKY,104732.18,119057.14,133382.09,1.4,FP&A Baseline TS v3,2026-09-15
2026-11-01,SAN,HKY,104597.76,121017.4,137437.04,1.4,FP&A Baseline TS v3,2026-09-15
2026-12-01,SAN,HKY,111550.97,131397.2,151243.44,1.4,FP&A Baseline TS v3,2026-09-15
2027-01-01,SAN,HKY,48164.19,57778.54,67392.89,1.4,FP&A Baseline TS v3,2026-09-15
2027-02-01,SAN,HKY,46464.29,56785.65,67107.01,1.4,FP&A Baseline TS v3,2026-09-15
2027-03-01,SAN,HKY,34973.81,43560.44,52147.07,1.4,FP&A Baseline TS v3,2026-09-15
2027-04-01,SAN,HKY,34122.29,43328.79,52535.3,1.4,FP&A Baseline TS v3,2026-09-15
2027-05-01,SAN,HKY,43086.33,55799.74,68513.15,1.4,FP&A Baseline TS v3,2026-09-15
2027-06-01,SAN,HKY,53362.22,70510.33,87658.45,1.4,FP&A Baseline TS v3,2026-09-15
2027-07-01,SAN,HKY,69155.04,93271.25,117387.47,1.4,FP&A Baseline TS v3,2026-09-15
2027-08-01,SAN,HKY,79062.45,108889.44,138716.44,1.4,FP&A Baseline TS v3,2026-09-15
2027-09-01,SAN,HKY,88997.82,125222.05,161446.29,1.4,FP&A Baseline TS v3,2026-09-15
2027-10-01,SAN,HKY,83970.39,120758.15,157545.92,1.4,FP&A Baseline TS v3,2026-09-15
2027-11-01,SAN,HKY,83467.57,122746.42,162025.28,1.4,FP&A Baseline TS v3,2026-09-15
2027-12-01,SAN,HKY,88579.58,133274.53,177969.47,1.4,FP&A Baseline TS v3,2026-09-15
2026-09-01,SAN,LAX,31927.75,35671.87,39415.99,2.5,FP&A Baseline TS v3,2026-09-15
2026-10-01,SAN,LAX,37880.61,43061.8,48243.0,2.5,FP&A Baseline TS v3,2026-09-15
2026-11-01,SAN,LAX,54713.4,63302.25,71891.1,2.5,FP&A Baseline TS v3,2026-09-15
2026-12-01,SAN,LAX,89682.85,105638.48,121594.12,2.5,FP&A Baseline TS v3,2026-09-15
2027-01-01,SAN,LAX,50336.5,60384.48,70432.45,2.5,FP&A Baseline TS v3,2026-09-15
2027-02-01,SAN,LAX,58999.95,72105.92,85211.89,2.5,FP&A Baseline TS v3,2026-09-15
2027-03-01,SAN,LAX,57738.53,71914.27,86090.01,2.5,FP&A Baseline TS v3,2026-09-15
2027-04-01,SAN,LAX,49577.3,62953.71,76330.11,2.5,FP&A Baseline TS v3,2026-09-15
2027-05-01,SAN,LAX,35269.74,45676.73,56083.71,2.5,FP&A Baseline TS v3,2026-09-15
2027-06-01,SAN,LAX,28936.94,38235.91,47534.88,2.5,FP&A Baseline TS v3,2026-09-15
2027-07-01,SAN,LAX,22760.85,30698.17,38635.49,2.5,FP&A Baseline TS v3,2026-09-15
2027-08-01,SAN,LAX,21232.74,29242.98,37253.21,2.5,FP&A Baseline TS v3,2026-09-15
2027-09-01,SAN,LAX,25986.3,36563.34,47140.38,2.5,FP&A Baseline TS v3,2026-09-15
2027-10-01,SAN,LAX,30691.77,44137.95,57584.14,2.5,FP&A Baseline TS v3,2026-09-15
2027-11-01,SAN,LAX,44121.27,64884.22,85647.17,2.5,FP&A Baseline TS v3,2026-09-15
2027-12-01,SAN,LAX,71966.2,108278.47,144590.74,2.5,FP&A Baseline TS v3,2026-09-15
2026-09-01,SAN,PKB,142674.08,159405.26,176136.43,8.9,FP&A Baseline TS v3,2026-09-15
2026-10-01,SAN,PKB,153937.35,174992.44,196047.53,8.9,FP&A Baseline TS v3,2026-09-15
2026-11-01,SAN,PKB,190009.16,219836.59,249664.02,8.9,FP&A Baseline TS v3,2026-09-15
2026-12-01,SAN,PKB,234022.88,275658.31,317293.74,8.9,FP&A Baseline TS v3,2026-09-15
2027-01-01,SAN,PKB,141869.37,170188.79,198508.2,8.9,FP&A Baseline TS v3,2026-09-15
2027-02-01,SAN,PKB,195450.96,238867.52,282284.08,8.9,FP&A Baseline TS v3,2026-09-15
2027-03-01,SAN,PKB,193582.63,241110.29,288637.95,8.9,FP&A Baseline TS v3,2026-09-15
2027-04-01,SAN,PKB,178387.98,226518.67,274649.36,8.9,FP&A Baseline TS v3,2026-09-15
2027-05-01,SAN,PKB,187598.34,242952.68,298307.02,8.9,FP&A Baseline TS v3,2026-09-15
2027-06-01,SAN,PKB,168953.2,223246.83,277540.45,8.9,FP&A Baseline TS v3,2026-09-15
2027-07-01,SAN,PKB,138450.97,186732.54,235014.1,8.9,FP&A Baseline TS v3,2026-09-15
2027-08-01,SAN,PKB,136358.07,187800.34,239242.61,8.9,FP&A Baseline TS v3,2026-09-15
2027-09-01,SAN,PKB,123350.58,173557.21,223763.84,8.9,FP&A Baseline TS v3,2026-09-15
2027-10-01,SAN,PKB,132485.7,190528.22,248570.73,8.9,FP&A Baseline TS v3,2026-09-15
2027-11-01,SAN,PKB,162760.47,239353.63,315946.79,8.9,FP&A Baseline TS v3,2026-09-15
2027-12-01,SAN,PKB,199479.19,300131.18,400783.18,8.9,FP&A Baseline TS v3,2026-09-15
2026-09-01,SAN,RUN,454356.7,507638.43,560920.15,0.7,FP&A Baseline TS v3,2026-09-15
2026-10-01,SAN,RUN,466549.97,530363.28,594176.6,0.7,FP&A Baseline TS v3,2026-09-15
2026-11-01,SAN,RUN,582547.62,673995.3,765442.98,0.7,FP&A Baseline TS v3,2026-09-15
2026-12-01,SAN,RUN,689036.65,811624.4,934212.14,0.7,FP&A Baseline TS v3,2026-09-15
2027-01-01,SAN,RUN,480571.83,576501.72,672431.6,0.7,FP&A Baseline TS v3,2026-09-15
2027-02-01,SAN,RUN,568706.45,695036.24,821366.03,0.7,FP&A Baseline TS v3,2026-09-15
2027-03-01,SAN,RUN,582386.25,725371.48,868356.71,0.7,FP&A Baseline TS v3,2026-09-15
2027-04-01,SAN,RUN,573274.4,727949.0,882623.61,0.7,FP&A Baseline TS v3,2026-09-15
2027-05-01,SAN,RUN,539832.49,699119.99,858407.49,0.7,FP&A Baseline TS v3,2026-09-15
2027-06-01,SAN,RUN,511523.45,675903.07,840282.7,0.7,FP&A Baseline TS v3,2026-09-15
2027-07-01,SAN,RUN,454502.32,612999.47,771496.61,0.7,FP&A Baseline TS v3,2026-09-15
2027-08-01,SAN,RUN,437076.18,601966.97,766857.77,0.7,FP&A Baseline TS v3,2026-09-15
2027-09-01,SAN,RUN,363186.79,511012.48,658838.17,0.7,FP&A Baseline TS v3,2026-09-15
2027-10-01,SAN,RUN,371244.62,533888.38,696532.14,0.7,FP&A Baseline TS v3,2026-09-15
2027-11-01,SAN,RUN,461363.04,678475.05,895587.07,0.7,FP&A Baseline TS v3,2026-09-15
2027-12-01,SAN,RUN,543023.45,817018.91,1091014.37,0.7,FP&A Baseline TS v3,2026-09-15
2026-09-01,SAN,SNW,485131.92,542022.61,598913.31,0.5,FP&A Baseline TS v3,2026-09-15
2026-10-01,SAN,SNW,604722.29,687434.39,770146.5,0.5,FP&A Baseline TS v3,2026-09-15
2026-11-01,SAN,SNW,781669.65,904375.29,1027080.93,0.5,FP&A Baseline TS v3,2026-09-15
2026-12-01,SAN,SNW,951007.45,1120202.9,1289398.34,0.5,FP&A Baseline TS v3,2026-09-15
2027-01-01,SAN,SNW,507320.87,608590.3,709859.72,0.5,FP&A Baseline TS v3,2026-09-15
2027-02-01,SAN,SNW,439028.36,536552.06,634075.77,0.5,FP&A Baseline TS v3,2026-09-15
2027-03-01,SAN,SNW,264940.93,329988.2,395035.48,0.5,FP&A Baseline TS v3,2026-09-15
2027-04-01,SAN,SNW,140354.41,178223.3,216092.19,0.5,FP&A Baseline TS v3,2026-09-15
2027-05-01,SAN,SNW,59302.04,76800.2,94298.35,0.5,FP&A Baseline TS v3,2026-09-15
2027-06-01,SAN,SNW,55575.89,73435.37,91294.85,0.5,FP&A Baseline TS v3,2026-09-15
2027-07-01,SAN,SNW,123629.2,166742.02,209854.84,0.5,FP&A Baseline TS v3,2026-09-15
2027-08-01,SAN,SNW,226011.28,311276.0,396540.73,0.5,FP&A Baseline TS v3,2026-09-15
2027-09-01,SAN,SNW,387164.48,544749.66,702334.84,0.5,FP&A Baseline TS v3,2026-09-15
2027-10-01,SAN,SNW,480419.38,690893.03,901366.69,0.5,FP&A Baseline TS v3,2026-09-15
2027-11-01,SAN,SNW,618069.28,908925.41,1199781.54,0.5,FP&A Baseline TS v3,2026-09-15
2027-12-01,SAN,SNW,748277.56,1125838.9,1503400.23,0.5,FP&A Baseline TS v3,2026-09-15
2026-09-01,SAN,SOC,343971.18,384308.16,424645.15,1.8,FP&A Baseline TS v3,2026-09-15
2026-10-01,SAN,SOC,328992.71,373991.35,418989.99,1.8,FP&A Baseline TS v3,2026-09-15
2026-11-01,SAN,SOC,307810.83,356130.64,404450.44,1.8,FP&A Baseline TS v3,2026-09-15
2026-12-01,SAN,SOC,339617.68,400039.67,460461.66,1.8,FP&A Baseline TS v3,2026-09-15
2027-01-01,SAN,SOC,186097.19,223245.2,260393.2,1.8,FP&A Baseline TS v3,2026-09-15
2027-02-01,SAN,SOC,198975.21,243174.63,287374.05,1.8,FP&A Baseline TS v3,2026-09-15
2027-03-01,SAN,SOC,222164.96,276710.05,331255.13,1.8,FP&A Baseline TS v3,2026-09-15
2027-04-01,SAN,SOC,242799.3,308308.74,373818.18,1.8,FP&A Baseline TS v3,2026-09-15
2027-05-01,SAN,SOC,292023.37,378190.23,464357.09,1.8,FP&A Baseline TS v3,2026-09-15
2027-06-01,SAN,SOC,291553.58,385245.21,478936.85,1.8,FP&A Baseline TS v3,2026-09-15
2027-07-01,SAN,SOC,302776.87,408363.28,513949.69,1.8,FP&A Baseline TS v3,2026-09-15
2027-08-01,SAN,SOC,295981.82,407643.54,519305.26,1.8,FP&A Baseline TS v3,2026-09-15
2027-09-01,SAN,SOC,277935.36,391061.68,504188.0,1.8,FP&A Baseline TS v3,2026-09-15
2027-10-01,SAN,SOC,264628.68,380563.57,496498.46,1.8,FP&A Baseline TS v3,2026-09-15
2027-11-01,SAN,SOC,246424.51,362388.98,478353.46,1.8,FP&A Baseline TS v3,2026-09-15
2027-12-01,SAN,SOC,270554.76,407069.64,543584.51,1.8,FP&A Baseline TS v3,2026-09-15
2026-09-01,SAN,TEN,111049.35,124071.94,137094.53,0.5,FP&A Baseline TS v3,2026-09-15
2026-10-01,SAN,TEN,100679.28,114449.89,128220.51,0.5,FP&A Baseline TS v3,2026-09-15
2026-11-01,SAN,TEN,117660.54,136130.77,154600.99,0.5,FP&A Baseline TS v3,2026-09-15
2026-12-01,SAN,TEN,163273.69,192322.0,221370.32,0.5,FP&A Baseline TS v3,2026-09-15
2027-01-01,SAN,TEN,106151.52,127341.08,148530.63,0.5,FP&A Baseline TS v3,2026-09-15
2027-02-01,SAN,TEN,127855.41,156256.61,184657.81,0.5,FP&A Baseline TS v3,2026-09-15
2027-03-01,SAN,TEN,142521.98,177513.43,212504.88,0.5,FP&A Baseline TS v3,2026-09-15
2027-04-01,SAN,TEN,151037.12,191788.29,232539.47,0.5,FP&A Baseline TS v3,2026-09-15
2027-05-01,SAN,TEN,149391.28,193471.92,237552.56,0.5,FP&A Baseline TS v3,2026-09-15
2027-06-01,SAN,TEN,129239.45,170770.94,212302.43,0.5,FP&A Baseline TS v3,2026-09-15
2027-07-01,SAN,TEN,125418.24,169154.94,212891.64,0.5,FP&A Baseline TS v3,2026-09-15
2027-08-01,SAN,TEN,100445.55,138339.51,176233.47,0.5,FP&A Baseline TS v3,2026-09-15
2027-09-01,SAN,TEN,88638.12,124715.95,160793.77,0.5,FP&A Baseline TS v3,2026-09-15
2027-10-01,SAN,TEN,79996.96,115043.95,150090.94,0.5,FP&A Baseline TS v3,2026-09-15
2027-11-01,SAN,TEN,93049.41,136837.36,180625.32,0.5,FP&A Baseline TS v3,2026-09-15
2027-12-01,SAN,TEN,128488.38,193320.26,258152.14,0.5,FP&A Baseline TS v3,2026-09-15
2026-09-01,SAN,VOL,111899.62,125021.92,138144.22,5.0,FP&A Baseline TS v3,2026-09-15
2026-10-01,SAN,VOL,103324.49,117456.9,131589.32,5.0,FP&A Baseline TS v3,2026-09-15
2026-11-01,SAN,VOL,95919.0,110976.26,126033.52,5.0,FP&A Baseline TS v3,2026-09-15
2026-12-01,SAN,VOL,103799.76,122266.97,140734.17,5.0,FP&A Baseline TS v3,2026-09-15
2027-01-01,SAN,VOL,53463.98,64136.25,74808.52,5.0,FP&A Baseline TS v3,2026-09-15
2027-02-01,SAN,VOL,61928.97,75685.59,89442.2,5.0,FP&A Baseline TS v3,2026-09-15
2027-03-01,SAN,VOL,66031.52,82243.33,98455.13,5.0,FP&A Baseline TS v3,2026-09-15
2027-04-01,SAN,VOL,76851.35,97586.54,118321.72,5.0,FP&A Baseline TS v3,2026-09-15
2027-05-01,SAN,VOL,99532.45,128901.32,158270.2,5.0,FP&A Baseline TS v3,2026-09-15
2027-06-01,SAN,VOL,106358.34,140536.92,174715.5,5.0,FP&A Baseline TS v3,2026-09-15
2027-07-01,SAN,VOL,106787.0,144026.5,181265.99,5.0,FP&A Baseline TS v3,2026-09-15
2027-08-01,SAN,VOL,113521.41,156348.35,199175.29,5.0,FP&A Baseline TS v3,2026-09-15
2027-09-01,SAN,VOL,93275.28,131240.55,169205.81,5.0,FP&A Baseline TS v3,2026-09-15
2027-10-01,SAN,VOL,85737.37,123299.25,160861.13,5.0,FP&A Baseline TS v3,2026-09-15
2027-11-01,SAN,VOL,79217.45,116496.26,153775.06,5.0,FP&A Baseline TS v3,2026-09-15
2027-12-01,SAN,VOL,85305.59,128348.57,171391.54,5.0,FP&A Baseline TS v3,2026-09-15
2026-09-01,SAT,BSB,26477.41,29582.38,32687.35,2.2,FP&A Baseline TS v3,2026-09-15
2026-10-01,SAT,BSB,29081.39,33059.05,37036.72,2.2,FP&A Baseline TS v3,2026-09-15
2026-11-01,SAT,BSB,42792.37,49509.87,56227.37,2.2,FP&A Baseline TS v3,2026-09-15
2026-12-01,SAT,BSB,61671.27,72643.31,83615.36,2.2,FP&A Baseline TS v3,2026-09-15
2027-01-01,SAT,BSB,45459.89,54534.42,63608.94,2.2,FP&A Baseline TS v3,2026-09-15
2027-02-01,SAT,BSB,54230.36,66276.84,78323.31,2.2,FP&A Baseline TS v3,2026-09-15
2027-03-01,SAT,BSB,56744.55,70676.26,84607.96,2.2,FP&A Baseline TS v3,2026-09-15
2027-04-01,SAT,BSB,55047.83,69900.23,84752.64,2.2,FP&A Baseline TS v3,2026-09-15
2027-05-01,SAT,BSB,46176.81,59802.13,73427.45,2.2,FP&A Baseline TS v3,2026-09-15
2027-06-01,SAT,BSB,37325.4,49320.04,61314.67,2.2,FP&A Baseline TS v3,2026-09-15
2027-07-01,SAT,BSB,27004.69,36421.95,45839.21,2.2,FP&A Baseline TS v3,2026-09-15
2027-08-01,SAT,BSB,21750.02,29955.4,38160.79,2.2,FP&A Baseline TS v3,2026-09-15
2027-09-01,SAT,BSB,21479.92,30222.77,38965.61,2.2,FP&A Baseline TS v3,2026-09-15
2027-10-01,SAT,BSB,23485.58,33774.7,44063.82,2.2,FP&A Baseline TS v3,2026-09-15
2027-11-01,SAT,BSB,34395.52,50581.64,66767.77,2.2,FP&A Baseline TS v3,2026-09-15
2027-12-01,SAT,BSB,49326.83,74215.86,99104.9,2.2,FP&A Baseline TS v3,2026-09-15
2026-09-01,SAT,BSK,30786.49,34396.78,38007.06,5.7,FP&A Baseline TS v3,2026-09-15
2026-10-01,SAT,BSK,38031.09,43232.86,48434.64,5.7,FP&A Baseline TS v3,2026-09-15
2026-11-01,SAT,BSK,44796.26,51828.32,58860.39,5.7,FP&A Baseline TS v3,2026-09-15
2026-12-01,SAT,BSK,54299.12,63959.57,73620.03,5.7,FP&A Baseline TS v3,2026-09-15
2027-01-01,SAT,BSK,28072.94,33676.75,39280.56,5.7,FP&A Baseline TS v3,2026-09-15
2027-02-01,SAT,BSK,30601.24,37398.86,44196.48,5.7,FP&A Baseline TS v3,2026-09-15
2027-03-01,SAT,BSK,28833.3,35912.34,42991.38,5.7,FP&A Baseline TS v3,2026-09-15
2027-04-01,SAT,BSK,24525.03,31142.11,37759.18,5.7,FP&A Baseline TS v3,2026-09-15
2027-05-01,SAT,BSK,23118.3,29939.78,36761.26,5.7,FP&A Baseline TS v3,2026-09-15
2027-06-01,SAT,BSK,25592.49,33816.71,42040.93,5.7,FP&A Baseline TS v3,2026-09-15
2027-07-01,SAT,BSK,29715.69,40078.34,50441.0,5.7,FP&A Baseline TS v3,2026-09-15
2027-08-01,SAT,BSK,34927.64,48104.39,61281.15,5.7,FP&A Baseline TS v3,2026-09-15
2027-09-01,SAT,BSK,25833.1,36347.79,46862.48,5.7,FP&A Baseline TS v3,2026-09-15
2027-10-01,SAT,BSK,31767.57,45685.06,59602.56,5.7,FP&A Baseline TS v3,2026-09-15
2027-11-01,SAT,BSK,37242.28,54768.07,72293.85,5.7,FP&A Baseline TS v3,2026-09-15
2027-12-01,SAT,BSK,44921.3,67587.41,90253.52,5.7,FP&A Baseline TS v3,2026-09-15
2026-09-01,SAT,CLM,9305.66,10396.92,11488.18,4.4,FP&A Baseline TS v3,2026-09-15
2026-10-01,SAT,CLM,7893.06,8972.65,10052.24,4.4,FP&A Baseline TS v3,2026-09-15
2026-11-01,SAT,CLM,11576.06,13393.26,15210.46,4.4,FP&A Baseline TS v3,2026-09-15
2026-12-01,SAT,CLM,13419.85,15807.4,18194.95,4.4,FP&A Baseline TS v3,2026-09-15
2027-01-01,SAT,CLM,7831.62,9394.94,10958.26,4.4,FP&A Baseline TS v3,2026-09-15
2027-02-01,SAT,CLM,9721.59,11881.1,14040.6,4.4,FP&A Baseline TS v3,2026-09-15
2027-03-01,SAT,CLM,10468.02,13038.09,15608.16,4.4,FP&A Baseline TS v3,2026-09-15
2027-04-01,SAT,CLM,7936.33,10077.62,12218.92,4.4,FP&A Baseline TS v3,2026-09-15
2027-05-01,SAT,CLM,7047.58,9127.1,11206.62,4.4,FP&A Baseline TS v3,2026-09-15
2027-06-01,SAT,CLM,6975.01,9216.46,11457.9,4.4,FP&A Baseline TS v3,2026-09-15
2027-07-01,SAT,CLM,5988.56,8076.93,10165.3,4.4,FP&A Baseline TS v3,2026-09-15
2027-08-01,SAT,CLM,6673.53,9191.17,11708.82,4.4,FP&A Baseline TS v3,2026-09-15
2027-09-01,SAT,CLM,7717.81,10859.15,14000.48,4.4,FP&A Baseline TS v3,2026-09-15
2027-10-01,SAT,CLM,6516.61,9371.56,12226.52,4.4,FP&A Baseline TS v3,2026-09-15
2027-11-01,SAT,CLM,9512.32,13988.7,18465.09,4.4,FP&A Baseline TS v3,2026-09-15
2027-12-01,SAT,CLM,10973.32,16510.18,22047.03,4.4,FP&A Baseline TS v3,2026-09-15
2026-09-01,SAT,CYC,31963.21,35711.49,39459.77,4.7,FP&A Baseline TS v3,2026-09-15
2026-10-01,SAT,CYC,26501.31,30126.08,33750.85,4.7,FP&A Baseline TS v3,2026-09-15
2026-11-01,SAT,CYC,32853.38,38010.67,43167.96,4.7,FP&A Baseline TS v3,2026-09-15
2026-12-01,SAT,CYC,38901.32,45822.33,52743.33,4.7,FP&A Baseline TS v3,2026-09-15
2027-01-01,SAT,CYC,29255.15,35094.96,40934.76,4.7,FP&A Baseline TS v3,2026-09-15
2027-02-01,SAT,CYC,37266.94,45545.24,53823.54,4.7,FP&A Baseline TS v3,2026-09-15
2027-03-01,SAT,CYC,47887.22,59644.3,71401.39,4.7,FP&A Baseline TS v3,2026-09-15
2027-04-01,SAT,CYC,55287.98,70205.18,85122.37,4.7,FP&A Baseline TS v3,2026-09-15
2027-05-01,SAT,CYC,53018.42,68662.48,84306.53,4.7,FP&A Baseline TS v3,2026-09-15
2027-06-01,SAT,CYC,45052.31,59530.01,74007.71,4.7,FP&A Baseline TS v3,2026-09-15
2027-07-01,SAT,CYC,44147.02,59542.26,74937.51,4.7,FP&A Baseline TS v3,2026-09-15
2027-08-01,SAT,CYC,35672.48,49130.23,62587.98,4.7,FP&A Baseline TS v3,2026-09-15
2027-09-01,SAT,CYC,26580.69,37399.66,48218.64,4.7,FP&A Baseline TS v3,2026-09-15
2027-10-01,SAT,CYC,21938.76,31550.22,41161.68,4.7,FP&A Baseline TS v3,2026-09-15
2027-11-01,SAT,CYC,27069.12,39807.53,52545.94,4.7,FP&A Baseline TS v3,2026-09-15
2027-12-01,SAT,CYC,31895.05,47988.47,64081.88,4.7,FP&A Baseline TS v3,2026-09-15
2026-09-01,SAT,FTB,26422.9,29521.47,32620.05,4.0,FP&A Baseline TS v3,2026-09-15
2026-10-01,SAT,FTB,22582.34,25671.08,28759.83,4.0,FP&A Baseline TS v3,2026-09-15
2026-11-01,SAT,FTB,21133.34,24450.83,27768.31,4.0,FP&A Baseline TS v3,2026-09-15
2026-12-01,SAT,FTB,19363.35,22808.32,26253.29,4.0,FP&A Baseline TS v3,2026-09-15
2027-01-01,SAT,FTB,7666.87,9197.3,10727.74,4.0,FP&A Baseline TS v3,2026-09-15
2027-02-01,SAT,FTB,8886.53,10860.54,12834.55,4.0,FP&A Baseline TS v3,2026-09-15
2027-03-01,SAT,FTB,11269.24,14036.02,16802.8,4.0,FP&A Baseline TS v3,2026-09-15
2027-04-01,SAT,FTB,14547.44,18472.47,22397.5,4.0,FP&A Baseline TS v3,2026-09-15
2027-05-01,SAT,FTB,18995.59,24600.58,30205.58,4.0,FP&A Baseline TS v3,2026-09-15
2027-06-01,SAT,FTB,25285.37,33410.9,41536.44,4.0,FP&A Baseline TS v3,2026-09-15
2027-07-01,SAT,FTB,28281.75,38144.36,48006.96,4.0,FP&A Baseline TS v3,2026-09-15
2027-08-01,SAT,FTB,26554.31,36572.15,46590.0,4.0,FP&A Baseline TS v3,2026-09-15
2027-09-01,SAT,FTB,21823.68,30706.44,39589.19,4.0,FP&A Baseline TS v3,2026-09-15
2027-10-01,SAT,FTB,18567.15,26701.49,34835.83,4.0,FP&A Baseline TS v3,2026-09-15
2027-11-01,SAT,FTB,17293.93,25432.26,33570.58,4.0,FP&A Baseline TS v3,2026-09-15
2027-12-01,SAT,FTB,15767.8,23723.82,31679.84,4.0,FP&A Baseline TS v3,2026-09-15
2026-09-01,SAT,GLF,43292.23,48369.04,53445.86,-0.8,FP&A Baseline TS v3,2026-09-15
2026-10-01,SAT,GLF,28321.21,32194.9,36068.59,-0.8,FP&A Baseline TS v3,2026-09-15
2026-11-01,SAT,GLF,36370.16,42079.51,47788.86,-0.8,FP&A Baseline TS v3,2026-09-15
2026-12-01,SAT,GLF,59101.24,69616.05,80130.86,-0.8,FP&A Baseline TS v3,2026-09-15
2027-01-01,SAT,GLF,34522.47,41413.71,48304.95,-0.8,FP&A Baseline TS v3,2026-09-15
2027-02-01,SAT,GLF,51064.36,62407.55,73750.75,-0.8,FP&A Baseline TS v3,2026-09-15
2027-03-01,SAT,GLF,55595.6,69245.21,82894.83,-0.8,FP&A Baseline TS v3,2026-09-15
2027-04-01,SAT,GLF,60816.15,77224.9,93633.64,-0.8,FP&A Baseline TS v3,2026-09-15
2027-05-01,SAT,GLF,56589.61,73287.42,89985.22,-0.8,FP&A Baseline TS v3,2026-09-15
2027-06-01,SAT,GLF,54923.02,72572.7,90222.38,-0.8,FP&A Baseline TS v3,2026-09-15
2027-07-01,SAT,GLF,44487.0,60000.8,75514.61,-0.8,FP&A Baseline TS v3,2026-09-15
2027-08-01,SAT,GLF,36751.13,50615.81,64480.5,-0.8,FP&A Baseline TS v3,2026-09-15
2027-09-01,SAT,GLF,34117.32,48003.88,61890.44,-0.8,FP&A Baseline TS v3,2026-09-15
2027-10-01,SAT,GLF,22218.04,31951.85,41685.66,-0.8,FP&A Baseline TS v3,2026-09-15
2027-11-01,SAT,GLF,28398.05,41761.83,55125.62,-0.8,FP&A Baseline TS v3,2026-09-15
2027-12-01,SAT,GLF,45920.3,69090.48,92260.66,-0.8,FP&A Baseline TS v3,2026-09-15
2026-09-01,SAT,HKY,11131.41,12436.78,13742.14,7.8,FP&A Baseline TS v3,2026-09-15
2026-10-01,SAT,HKY,11958.39,13594.02,15229.66,7.8,FP&A Baseline TS v3,2026-09-15
2026-11-01,SAT,HKY,10357.98,11983.96,13609.94,7.8,FP&A Baseline TS v3,2026-09-15
2026-12-01,SAT,HKY,13005.37,15319.18,17632.99,7.8,FP&A Baseline TS v3,2026-09-15
2027-01-01,SAT,HKY,5157.81,6187.39,7216.97,7.8,FP&A Baseline TS v3,2026-09-15
2027-02-01,SAT,HKY,5524.65,6751.87,7979.09,7.8,FP&A Baseline TS v3,2026-09-15
2027-03-01,SAT,HKY,3693.77,4600.66,5507.54,7.8,FP&A Baseline TS v3,2026-09-15
2027-04-01,SAT,HKY,4035.02,5123.7,6212.39,7.8,FP&A Baseline TS v3,2026-09-15
2027-05-01,SAT,HKY,4744.85,6144.91,7544.96,7.8,FP&A Baseline TS v3,2026-09-15
2027-06-01,SAT,HKY,5319.62,7029.1,8738.58,7.8,FP&A Baseline TS v3,2026-09-15
2027-07-01,SAT,HKY,6066.95,8182.66,10298.37,7.8,FP&A Baseline TS v3,2026-09-15
2027-08-01,SAT,HKY,7205.11,9923.3,12641.49,7.8,FP&A Baseline TS v3,2026-09-15
2027-09-01,SAT,HKY,9531.39,13410.89,17290.4,7.8,FP&A Baseline TS v3,2026-09-15
2027-10-01,SAT,HKY,10193.13,14658.79,19124.44,7.8,FP&A Baseline TS v3,2026-09-15
2027-11-01,SAT,HKY,8787.38,12922.61,17057.85,7.8,FP&A Baseline TS v3,2026-09-15
2027-12-01,SAT,HKY,10979.23,16519.07,22058.9,7.8,FP&A Baseline TS v3,2026-09-15
2026-09-01,SAT,LAX,5099.33,5697.32,6295.31,4.2,FP&A Baseline TS v3,2026-09-15
2026-10-01,SAT,LAX,5707.84,6488.55,7269.25,4.2,FP&A Baseline TS v3,2026-09-15
2026-11-01,SAT,LAX,8192.82,9478.92,10765.02,4.2,FP&A Baseline TS v3,2026-09-15
2026-12-01,SAT,LAX,13229.28,15582.92,17936.57,4.2,FP&A Baseline TS v3,2026-09-15
2027-01-01,SAT,LAX,6723.12,8065.16,9407.2,4.2,FP&A Baseline TS v3,2026-09-15
2027-02-01,SAT,LAX,8640.72,10560.13,12479.54,4.2,FP&A Baseline TS v3,2026-09-15
2027-03-01,SAT,LAX,8590.63,10699.76,12808.9,4.2,FP&A Baseline TS v3,2026-09-15
2027-04-01,SAT,LAX,8676.58,11017.61,13358.63,4.2,FP&A Baseline TS v3,2026-09-15
2027-05-01,SAT,LAX,5528.69,7160.03,8791.37,4.2,FP&A Baseline TS v3,2026-09-15
2027-06-01,SAT,LAX,4501.45,5948.0,7394.55,4.2,FP&A Baseline TS v3,2026-09-15
2027-07-01,SAT,LAX,3320.77,4478.82,5636.86,4.2,FP&A Baseline TS v3,2026-09-15
2027-08-01,SAT,LAX,3469.46,4778.35,6087.23,4.2,FP&A Baseline TS v3,2026-09-15
2027-09-01,SAT,LAX,4217.77,5934.5,7651.23,4.2,FP&A Baseline TS v3,2026-09-15
2027-10-01,SAT,LAX,4699.7,6758.66,8817.62,4.2,FP&A Baseline TS v3,2026-09-15
2027-11-01,SAT,LAX,6714.0,9873.52,13033.05,4.2,FP&A Baseline TS v3,2026-09-15
2027-12-01,SAT,LAX,10788.19,16231.63,21675.07,4.2,FP&A Baseline TS v3,2026-09-15
2026-09-01,SAT,PKB,42025.46,46953.72,51881.99,14.6,FP&A Baseline TS v3,2026-09-15
2026-10-01,SAT,PKB,39271.64,44643.1,50014.55,14.6,FP&A Baseline TS v3,2026-09-15
2026-11-01,SAT,PKB,45236.4,52337.56,59438.72,14.6,FP&A Baseline TS v3,2026-09-15
2026-12-01,SAT,PKB,67280.51,79250.51,91220.51,14.6,FP&A Baseline TS v3,2026-09-15
2027-01-01,SAT,PKB,39314.42,47162.22,55010.01,14.6,FP&A Baseline TS v3,2026-09-15
2027-02-01,SAT,PKB,50035.19,61149.78,72264.36,14.6,FP&A Baseline TS v3,2026-09-15
2027-03-01,SAT,PKB,56248.73,70058.71,83868.68,14.6,FP&A Baseline TS v3,2026-09-15
2027-04-01,SAT,PKB,58671.84,74502.03,90332.22,14.6,FP&A Baseline TS v3,2026-09-15
2027-05-01,SAT,PKB,52277.44,67702.86,83128.28,14.6,FP&A Baseline TS v3,2026-09-15
2027-06-01,SAT,PKB,52571.14,69465.04,86358.93,14.6,FP&A Baseline TS v3,2026-09-15
2027-07-01,SAT,PKB,44898.9,60556.35,76213.81,14.6,FP&A Baseline TS v3,2026-09-15
2027-08-01,SAT,PKB,41271.8,56841.95,72412.1,14.6,FP&A Baseline TS v3,2026-09-15
2027-09-01,SAT,PKB,38244.28,53810.62,69376.96,14.6,FP&A Baseline TS v3,2026-09-15
2027-10-01,SAT,PKB,35576.4,51162.56,66748.72,14.6,FP&A Baseline TS v3,2026-09-15
2027-11-01,SAT,PKB,40786.87,59980.69,79174.51,14.6,FP&A Baseline TS v3,2026-09-15
2027-12-01,SAT,PKB,60365.18,90823.87,121282.57,14.6,FP&A Baseline TS v3,2026-09-15
2026-09-01,SAT,RUN,77025.14,86057.76,95090.38,6.0,FP&A Baseline TS v3,2026-09-15
2026-10-01,SAT,RUN,75850.04,86224.59,96599.13,6.0,FP&A Baseline TS v3,2026-09-15
2026-11-01,SAT,RUN,98678.54,114168.99,129659.44,6.0,FP&A Baseline TS v3,2026-09-15
2026-12-01,SAT,RUN,109454.52,128927.77,148401.02,6.0,FP&A Baseline TS v3,2026-09-15
2027-01-01,SAT,RUN,80860.47,97001.52,113142.58,6.0,FP&A Baseline TS v3,2026-09-15
2027-02-01,SAT,RUN,95081.59,116202.56,137323.54,6.0,FP&A Baseline TS v3,2026-09-15
2027-03-01,SAT,RUN,98772.35,123022.56,147272.77,6.0,FP&A Baseline TS v3,2026-09-15
2027-04-01,SAT,RUN,90665.3,115127.62,139589.93,6.0,FP&A Baseline TS v3,2026-09-15
2027-05-01,SAT,RUN,89796.11,116292.11,142788.1,6.0,FP&A Baseline TS v3,2026-09-15
2027-06-01,SAT,RUN,77738.38,102719.84,127701.31,6.0,FP&A Baseline TS v3,2026-09-15
2027-07-01,SAT,RUN,79143.44,106742.88,134342.31,6.0,FP&A Baseline TS v3,2026-09-15
2027-08-01,SAT,RUN,64827.82,89284.68,113741.54,6.0,FP&A Baseline TS v3,2026-09-15
2027-09-01,SAT,RUN,64856.23,91254.27,117652.3,6.0,FP&A Baseline TS v3,2026-09-15
2027-10-01,SAT,RUN,63577.58,91431.17,119284.76,6.0,FP&A Baseline TS v3,2026-09-15
2027-11-01,SAT,RUN,82322.82,121062.96,159803.11,6.0,FP&A Baseline TS v3,2026-09-15
2027-12-01,SAT,RUN,90864.89,136712.94,182560.99,6.0,FP&A Baseline TS v3,2026-09-15
2026-09-01,SAT,SNW,15204.72,16987.76,18770.8,4.0,FP&A Baseline TS v3,2026-09-15
2026-10-01,SAT,SNW,20522.43,23329.43,26136.43,4.0,FP&A Baseline TS v3,2026-09-15
2026-11-01,SAT,SNW,30733.29,35557.77,40382.25,4.0,FP&A Baseline TS v3,2026-09-15
2026-12-01,SAT,SNW,32205.03,37934.69,43664.34,4.0,FP&A Baseline TS v3,2026-09-15
2027-01-01,SAT,SNW,15284.44,18335.46,21386.48,4.0,FP&A Baseline TS v3,2026-09-15
2027-02-01,SAT,SNW,14848.33,18146.67,21445.0,4.0,FP&A Baseline TS v3,2026-09-15
2027-03-01,SAT,SNW,8970.17,11172.49,13374.81,4.0,FP&A Baseline TS v3,2026-09-15
2027-04-01,SAT,SNW,4742.48,6022.04,7301.6,4.0,FP&A Baseline TS v3,2026-09-15
2027-05-01,SAT,SNW,2058.51,2665.91,3273.31,4.0,FP&A Baseline TS v3,2026-09-15
2027-06-01,SAT,SNW,1789.28,2364.28,2939.27,4.0,FP&A Baseline TS v3,2026-09-15
2027-07-01,SAT,SNW,4833.62,6519.23,8204.84,4.0,FP&A Baseline TS v3,2026-09-15
2027-08-01,SAT,SNW,7577.29,10435.89,13294.49,4.0,FP&A Baseline TS v3,2026-09-15
2027-09-01,SAT,SNW,12561.38,17674.17,22786.95,4.0,FP&A Baseline TS v3,2026-09-15
2027-10-01,SAT,SNW,16877.83,24272.08,31666.32,4.0,FP&A Baseline TS v3,2026-09-15
2027-11-01,SAT,SNW,25156.27,36994.51,48832.76,4.0,FP&A Baseline TS v3,2026-09-15
2027-12-01,SAT,SNW,26231.66,39467.48,52703.29,4.0,FP&A Baseline TS v3,2026-09-15
2026-09-01,SAT,SOC,53669.91,59963.7,66257.49,7.0,FP&A Baseline TS v3,2026-09-15
2026-10-01,SAT,SOC,38277.97,43513.52,48749.07,7.0,FP&A Baseline TS v3,2026-09-15
2026-11-01,SAT,SOC,46611.21,53928.19,61245.17,7.0,FP&A Baseline TS v3,2026-09-15
2026-12-01,SAT,SOC,50029.8,58930.69,67831.59,7.0,FP&A Baseline TS v3,2026-09-15
2027-01-01,SAT,SOC,30408.92,36479.03,42549.14,7.0,FP&A Baseline TS v3,2026-09-15
2027-02-01,SAT,SOC,31230.24,38167.57,45104.91,7.0,FP&A Baseline TS v3,2026-09-15
2027-03-01,SAT,SOC,36578.23,45558.77,54539.32,7.0,FP&A Baseline TS v3,2026-09-15
2027-04-01,SAT,SOC,41211.9,52331.24,63450.59,7.0,FP&A Baseline TS v3,2026-09-15
2027-05-01,SAT,SOC,48047.19,62224.4,76401.6,7.0,FP&A Baseline TS v3,2026-09-15
2027-06-01,SAT,SOC,56180.04,74233.67,92287.3,7.0,FP&A Baseline TS v3,2026-09-15
2027-07-01,SAT,SOC,58152.19,78431.41,98710.64,7.0,FP&A Baseline TS v3,2026-09-15
2027-08-01,SAT,SOC,44750.74,61633.34,78515.95,7.0,FP&A Baseline TS v3,2026-09-15
2027-09-01,SAT,SOC,45601.97,64163.06,82724.16,7.0,FP&A Baseline TS v3,2026-09-15
2027-10-01,SAT,SOC,32376.55,46560.85,60745.15,7.0,FP&A Baseline TS v3,2026-09-15
2027-11-01,SAT,SOC,39239.32,57704.88,76170.44,7.0,FP&A Baseline TS v3,2026-09-15
2027-12-01,SAT,SOC,41910.68,63057.72,84204.75,7.0,FP&A Baseline TS v3,2026-09-15
2026-09-01,SAT,TEN,15388.55,17193.15,18997.74,-1.8,FP&A Baseline TS v3,2026-09-15
2026-10-01,SAT,TEN,11616.59,13205.47,14794.35,-1.8,FP&A Baseline TS v3,2026-09-15
2026-11-01,SAT,TEN,15766.74,18241.79,20716.83,-1.8,FP&A Baseline TS v3,2026-09-15
2026-12-01,SAT,TEN,23326.32,27476.35,31626.38,-1.8,FP&A Baseline TS v3,2026-09-15
2027-01-01,SAT,TEN,12392.86,14866.67,17340.49,-1.8,FP&A Baseline TS v3,2026-09-15
2027-02-01,SAT,TEN,17102.81,20901.95,24701.09,-1.8,FP&A Baseline TS v3,2026-09-15
2027-03-01,SAT,TEN,19092.83,23780.43,28468.03,-1.8,FP&A Baseline TS v3,2026-09-15
2027-04-01,SAT,TEN,18316.44,23258.38,28200.32,-1.8,FP&A Baseline TS v3,2026-09-15
2027-05-01,SAT,TEN,17479.07,22636.59,27794.11,-1.8,FP&A Baseline TS v3,2026-09-15
2027-06-01,SAT,TEN,15327.64,20253.22,25178.8,-1.8,FP&A Baseline TS v3,2026-09-15
2027-07-01,SAT,TEN,14627.16,19728.05,24828.93,-1.8,FP&A Baseline TS v3,2026-09-15
2027-08-01,SAT,TEN,11729.78,16154.94,20580.11,-1.8,FP&A Baseline TS v3,2026-09-15
2027-09-01,SAT,TEN,12000.21,16884.59,21768.96,-1.8,FP&A Baseline TS v3,2026-09-15
2027-10-01,SAT,TEN,9017.76,12968.48,16919.19,-1.8,FP&A Baseline TS v3,2026-09-15
2027-11-01,SAT,TEN,12181.8,17914.41,23647.02,-1.8,FP&A Baseline TS v3,2026-09-15
2027-12-01,SAT,TEN,17934.15,26983.25,36032.35,-1.8,FP&A Baseline TS v3,2026-09-15
2026-09-01,SAT,VOL,22355.18,24976.74,27598.3,10.2,FP&A Baseline TS v3,2026-09-15
2026-10-01,SAT,VOL,17820.74,20258.21,22695.67,10.2,FP&A Baseline TS v3,2026-09-15
2026-11-01,SAT,VOL,15275.65,17673.6,20071.56,10.2,FP&A Baseline TS v3,2026-09-15
2026-12-01,SAT,VOL,17856.28,21033.13,24209.97,10.2,FP&A Baseline TS v3,2026-09-15
2027-01-01,SAT,VOL,10441.09,12525.3,14609.52,10.2,FP&A Baseline TS v3,2026-09-15
2027-02-01,SAT,VOL,9888.84,12085.5,14282.16,10.2,FP&A Baseline TS v3,2026-09-15
2027-03-01,SAT,VOL,14408.24,17945.69,21483.15,10.2,FP&A Baseline TS v3,2026-09-15
2027-04-01,SAT,VOL,13189.19,16747.75,20306.31,10.2,FP&A Baseline TS v3,2026-09-15
2027-05-01,SAT,VOL,15990.52,20708.82,25427.11,10.2,FP&A Baseline TS v3,2026-09-15
2027-06-01,SAT,VOL,18560.44,24524.89,30489.34,10.2,FP&A Baseline TS v3,2026-09-15
2027-07-01,SAT,VOL,22666.37,30570.74,38475.11,10.2,FP&A Baseline TS v3,2026-09-15
2027-08-01,SAT,VOL,18737.67,25806.62,32875.56,10.2,FP&A Baseline TS v3,2026-09-15
2027-09-01,SAT,VOL,19561.07,27522.89,35484.71,10.2,FP&A Baseline TS v3,2026-09-15
2027-10-01,SAT,VOL,15522.76,22323.34,29123.92,10.2,FP&A Baseline TS v3,2026-09-15
2027-11-01,SAT,VOL,13243.18,19475.26,25707.34,10.2,FP&A Baseline TS v3,2026-09-15
2027-12-01,SAT,VOL,15404.53,23177.25,30949.98,10.2,FP&A Baseline TS v3,2026-09-15
2026-09-01,SEA,BSB,152629.01,170527.59,188426.16,1.3,FP&A Baseline TS v3,2026-09-15
2026-10-01,SEA,BSB,185183.4,210512.24,235841.07,1.3,FP&A Baseline TS v3,2026-09-15
2026-11-01,SEA,BSB,264560.51,306090.93,347621.34,1.3,FP&A Baseline TS v3,2026-09-15
2026-12-01,SEA,BSB,452692.46,533231.79,613771.11,1.3,FP&A Baseline TS v3,2026-09-15
2027-01-01,SEA,BSB,292546.68,350943.72,409340.75,1.3,FP&A Baseline TS v3,2026-09-15
2027-02-01,SEA,BSB,387791.42,473933.59,560075.76,1.3,FP&A Baseline TS v3,2026-09-15
2027-03-01,SEA,BSB,351636.26,437968.64,524301.02,1.3,FP&A Baseline TS v3,2026-09-15
2027-04-01,SEA,BSB,312591.11,396931.01,481270.91,1.3,FP&A Baseline TS v3,2026-09-15
2027-05-01,SEA,BSB,302986.6,392388.37,481790.13,1.3,FP&A Baseline TS v3,2026-09-15
2027-06-01,SEA,BSB,209440.61,276745.0,344049.38,1.3,FP&A Baseline TS v3,2026-09-15
2027-07-01,SEA,BSB,161707.42,218099.13,274490.85,1.3,FP&A Baseline TS v3,2026-09-15
2027-08-01,SEA,BSB,135947.59,187235.0,238522.41,1.3,FP&A Baseline TS v3,2026-09-15
2027-09-01,SEA,BSB,122760.46,172726.9,222693.34,1.3,FP&A Baseline TS v3,2026-09-15
2027-10-01,SEA,BSB,148269.69,213227.24,278184.78,1.3,FP&A Baseline TS v3,2026-09-15
2027-11-01,SEA,BSB,210826.26,310038.61,409250.97,1.3,FP&A Baseline TS v3,2026-09-15
2027-12-01,SEA,BSB,358978.0,540108.93,721239.86,1.3,FP&A Baseline TS v3,2026-09-15
2026-09-01,SEA,BSK,296376.69,331132.34,365887.99,2.6,FP&A Baseline TS v3,2026-09-15
2026-10-01,SEA,BSK,297474.52,338162.2,378849.88,2.6,FP&A Baseline TS v3,2026-09-15
2026-11-01,SEA,BSK,338025.89,391088.82,444151.75,2.6,FP&A Baseline TS v3,2026-09-15
2026-12-01,SEA,BSK,409042.74,481816.27,554589.8,2.6,FP&A Baseline TS v3,2026-09-15
2027-01-01,SEA,BSK,226595.59,271827.72,317059.86,2.6,FP&A Baseline TS v3,2026-09-15
2027-02-01,SEA,BSK,237668.52,290463.1,343257.67,2.6,FP&A Baseline TS v3,2026-09-15
2027-03-01,SEA,BSK,207215.57,258090.34,308965.1,2.6,FP&A Baseline TS v3,2026-09-15
2027-04-01,SEA,BSK,189392.54,240492.35,291592.17,2.6,FP&A Baseline TS v3,2026-09-15
2027-05-01,SEA,BSK,189400.68,245286.83,301172.98,2.6,FP&A Baseline TS v3,2026-09-15
2027-06-01,SEA,BSK,198536.97,262337.43,326137.89,2.6,FP&A Baseline TS v3,2026-09-15
2027-07-01,SEA,BSK,214327.41,289069.13,363810.84,2.6,FP&A Baseline TS v3,2026-09-15
2027-08-01,SEA,BSK,230440.99,317376.86,404312.73,2.6,FP&A Baseline TS v3,2026-09-15
2027-09-01,SEA,BSK,241528.38,339836.19,438144.0,2.6,FP&A Baseline TS v3,2026-09-15
2027-10-01,SEA,BSK,241325.26,347050.83,452776.39,2.6,FP&A Baseline TS v3,2026-09-15
2027-11-01,SEA,BSK,272930.67,401368.63,529806.59,2.6,FP&A Baseline TS v3,2026-09-15
2027-12-01,SEA,BSK,328651.76,494480.86,660309.97,2.6,FP&A Baseline TS v3,2026-09-15
2026-09-01,SEA,CLM,114479.97,127904.87,141329.76,6.3,FP&A Baseline TS v3,2026-09-15
2026-10-01,SEA,CLM,128348.96,145904.15,163459.33,6.3,FP&A Baseline TS v3,2026-09-15
2026-11-01,SEA,CLM,154629.97,178903.61,203177.26,6.3,FP&A Baseline TS v3,2026-09-15
2026-12-01,SEA,CLM,195219.7,229951.58,264683.47,6.3,FP&A Baseline TS v3,2026-09-15
2027-01-01,SEA,CLM,109641.11,131527.25,153413.38,6.3,FP&A Baseline TS v3,2026-09-15
2027-02-01,SEA,CLM,125947.78,153925.22,181902.67,6.3,FP&A Baseline TS v3,2026-09-15
2027-03-01,SEA,CLM,111372.92,138716.77,166060.62,6.3,FP&A Baseline TS v3,2026-09-15
2027-04-01,SEA,CLM,102624.64,130313.69,158002.74,6.3,FP&A Baseline TS v3,2026-09-15
2027-05-01,SEA,CLM,102120.76,132253.37,162385.98,6.3,FP&A Baseline TS v3,2026-09-15
2027-06-01,SEA,CLM,94190.33,124458.69,154727.04,6.3,FP&A Baseline TS v3,2026-09-15
2027-07-01,SEA,CLM,86355.85,116470.45,146585.06,6.3,FP&A Baseline TS v3,2026-09-15
2027-08-01,SEA,CLM,103622.87,142715.49,181808.12,6.3,FP&A Baseline TS v3,2026-09-15
2027-09-01,SEA,CLM,96591.36,135906.34,175221.33,6.3,FP&A Baseline TS v3,2026-09-15
2027-10-01,SEA,CLM,107802.79,155031.62,202260.45,6.3,FP&A Baseline TS v3,2026-09-15
2027-11-01,SEA,CLM,129264.92,190095.47,250926.02,6.3,FP&A Baseline TS v3,2026-09-15
2027-12-01,SEA,CLM,162396.08,244336.9,326277.72,6.3,FP&A Baseline TS v3,2026-09-15
2026-09-01,SEA,CYC,239379.4,267451.06,295522.73,-0.2,FP&A Baseline TS v3,2026-09-15
2026-10-01,SEA,CYC,197196.74,224168.72,251140.7,-0.2,FP&A Baseline TS v3,2026-09-15
2026-11-01,SEA,CYC,248344.94,287329.85,326314.76,-0.2,FP&A Baseline TS v3,2026-09-15
2026-12-01,SEA,CYC,324124.86,381790.49,439456.13,-0.2,FP&A Baseline TS v3,2026-09-15
2027-01-01,SEA,CYC,238784.25,286449.43,334114.62,-0.2,FP&A Baseline TS v3,2026-09-15
2027-02-01,SEA,CYC,354770.94,433578.09,512385.24,-0.2,FP&A Baseline TS v3,2026-09-15
2027-03-01,SEA,CYC,390884.97,486853.54,582822.11,-0.2,FP&A Baseline TS v3,2026-09-15
2027-04-01,SEA,CYC,385670.66,489728.08,593785.5,-0.2,FP&A Baseline TS v3,2026-09-15
2027-05-01,SEA,CYC,371075.57,480568.24,590060.91,-0.2,FP&A Baseline TS v3,2026-09-15
2027-06-01,SEA,CYC,330491.51,436695.96,542900.42,-0.2,FP&A Baseline TS v3,2026-09-15
2027-07-01,SEA,CYC,286068.2,385827.85,485587.5,-0.2,FP&A Baseline TS v3,2026-09-15
2027-08-01,SEA,CYC,241814.79,333041.53,424268.26,-0.2,FP&A Baseline TS v3,2026-09-15
2027-09-01,SEA,CYC,189699.94,266912.34,344124.75,-0.2,FP&A Baseline TS v3,2026-09-15
2027-10-01,SEA,CYC,155563.98,223717.18,291870.38,-0.2,FP&A Baseline TS v3,2026-09-15
2027-11-01,SEA,CYC,194990.74,286751.09,378511.44,-0.2,FP&A Baseline TS v3,2026-09-15
2027-12-01,SEA,CYC,253242.11,381021.46,508800.82,-0.2,FP&A Baseline TS v3,2026-09-15
2026-09-01,SEA,FTB,157147.71,175576.18,194004.66,1.7,FP&A Baseline TS v3,2026-09-15
2026-10-01,SEA,FTB,125713.74,142908.49,160103.24,1.7,FP&A Baseline TS v3,2026-09-15
2026-11-01,SEA,FTB,99449.77,115061.29,130672.8,1.7,FP&A Baseline TS v3,2026-09-15
2026-12-01,SEA,FTB,89518.59,105445.0,121371.41,1.7,FP&A Baseline TS v3,2026-09-15
2027-01-01,SEA,FTB,41215.57,49442.87,57670.16,1.7,FP&A Baseline TS v3,2026-09-15
2027-02-01,SEA,FTB,46896.26,57313.57,67730.88,1.7,FP&A Baseline TS v3,2026-09-15
2027-03-01,SEA,FTB,60694.68,75596.21,90497.73,1.7,FP&A Baseline TS v3,2026-09-15
2027-04-01,SEA,FTB,79687.21,101187.54,122687.87,1.7,FP&A Baseline TS v3,2026-09-15
2027-05-01,SEA,FTB,109715.97,142089.69,174463.4,1.7,FP&A Baseline TS v3,2026-09-15
2027-06-01,SEA,FTB,132267.12,174771.56,217276.0,1.7,FP&A Baseline TS v3,2026-09-15
2027-07-01,SEA,FTB,142262.09,191872.69,241483.29,1.7,FP&A Baseline TS v3,2026-09-15
2027-08-01,SEA,FTB,122339.59,168493.27,214646.95,1.7,FP&A Baseline TS v3,2026-09-15
2027-09-01,SEA,FTB,126864.12,178500.85,230137.57,1.7,FP&A Baseline TS v3,2026-09-15
2027-10-01,SEA,FTB,101028.15,145288.99,189549.83,1.7,FP&A Baseline TS v3,2026-09-15
2027-11-01,SEA,FTB,79544.99,116977.93,154410.86,1.7,FP&A Baseline TS v3,2026-09-15
2027-12-01,SEA,FTB,71250.37,107201.45,143152.53,1.7,FP&A Baseline TS v3,2026-09-15
2026-09-01,SEA,GLF,257159.51,287316.22,317472.93,-0.8,FP&A Baseline TS v3,2026-09-15
2026-10-01,SEA,GLF,239846.14,272651.58,305457.01,-0.8,FP&A Baseline TS v3,2026-09-15
2026-11-01,SEA,GLF,265541.11,307225.46,348909.82,-0.8,FP&A Baseline TS v3,2026-09-15
2026-12-01,SEA,GLF,392725.36,462595.83,532466.31,-0.8,FP&A Baseline TS v3,2026-09-15
2027-01-01,SEA,GLF,265802.48,318860.95,371919.41,-0.8,FP&A Baseline TS v3,2026-09-15
2027-02-01,SEA,GLF,379760.76,464119.04,548477.31,-0.8,FP&A Baseline TS v3,2026-09-15
2027-03-01,SEA,GLF,391354.24,487438.02,583521.8,-0.8,FP&A Baseline TS v3,2026-09-15
2027-04-01,SEA,GLF,419493.59,532676.75,645859.9,-0.8,FP&A Baseline TS v3,2026-09-15
2027-05-01,SEA,GLF,395178.94,511783.75,628388.56,-0.8,FP&A Baseline TS v3,2026-09-15
2027-06-01,SEA,GLF,379087.6,500908.56,622729.52,-0.8,FP&A Baseline TS v3,2026-09-15
2027-07-01,SEA,GLF,307020.97,414087.42,521153.86,-0.8,FP&A Baseline TS v3,2026-09-15
2027-08-01,SEA,GLF,244646.18,336941.08,429235.97,-0.8,FP&A Baseline TS v3,2026-09-15
2027-09-01,SEA,GLF,202507.58,284933.0,367358.41,-0.8,FP&A Baseline TS v3,2026-09-15
2027-10-01,SEA,GLF,188018.39,270390.0,352761.61,-0.8,FP&A Baseline TS v3,2026-09-15
2027-11-01,SEA,GLF,207180.43,304677.1,402173.78,-0.8,FP&A Baseline TS v3,2026-09-15
2027-12-01,SEA,GLF,304909.39,458758.71,612608.03,-0.8,FP&A Baseline TS v3,2026-09-15
2026-09-01,SEA,HKY,128854.6,143965.19,159075.78,1.8,FP&A Baseline TS v3,2026-09-15
2026-10-01,SEA,HKY,125969.18,143198.87,160428.56,1.8,FP&A Baseline TS v3,2026-09-15
2026-11-01,SEA,HKY,132344.92,153120.28,173895.64,1.8,FP&A Baseline TS v3,2026-09-15
2026-12-01,SEA,HKY,140287.9,165246.77,190205.65,1.8,FP&A Baseline TS v3,2026-09-15
2027-01-01,SEA,HKY,62522.63,75003.15,87483.68,1.8,FP&A Baseline TS v3,2026-09-15
2027-02-01,SEA,HKY,53100.9,64896.48,76692.07,1.8,FP&A Baseline TS v3,2026-09-15
2027-03-01,SEA,HKY,43696.28,54424.42,65152.56,1.8,FP&A Baseline TS v3,2026-09-15
2027-04-01,SEA,HKY,42904.11,54480.02,66055.94,1.8,FP&A Baseline TS v3,2026-09-15
2027-05-01,SEA,HKY,54155.01,70134.44,86113.87,1.8,FP&A Baseline TS v3,2026-09-15
2027-06-01,SEA,HKY,66819.83,88292.58,109765.34,1.8,FP&A Baseline TS v3,2026-09-15
2027-07-01,SEA,HKY,83559.09,112698.38,141837.67,1.8,FP&A Baseline TS v3,2026-09-15
2027-08-01,SEA,HKY,94090.87,129587.47,165084.07,1.8,FP&A Baseline TS v3,2026-09-15
2027-09-01,SEA,HKY,104143.13,146531.87,188920.61,1.8,FP&A Baseline TS v3,2026-09-15
2027-10-01,SEA,HKY,101350.03,145751.88,190153.74,1.8,FP&A Baseline TS v3,2026-09-15
2027-11-01,SEA,HKY,105978.12,155850.18,205722.24,1.8,FP&A Baseline TS v3,2026-09-15
2027-12-01,SEA,HKY,111787.71,168192.87,224598.03,1.8,FP&A Baseline TS v3,2026-09-15
2026-09-01,SEA,LAX,37796.14,42228.44,46660.74,2.8,FP&A Baseline TS v3,2026-09-15
2026-10-01,SEA,LAX,44579.87,50677.37,56774.87,2.8,FP&A Baseline TS v3,2026-09-15
2026-11-01,SEA,LAX,66595.92,77050.07,87504.22,2.8,FP&A Baseline TS v3,2026-09-15
2026-12-01,SEA,LAX,102430.9,120654.56,138878.23,2.8,FP&A Baseline TS v3,2026-09-15
2027-01-01,SEA,LAX,63864.34,76612.69,89361.04,2.8,FP&A Baseline TS v3,2026-09-15
2027-02-01,SEA,LAX,77247.23,94406.57,111565.91,2.8,FP&A Baseline TS v3,2026-09-15
2027-03-01,SEA,LAX,68180.21,84919.55,101658.9,2.8,FP&A Baseline TS v3,2026-09-15
2027-04-01,SEA,LAX,59605.89,75688.09,91770.3,2.8,FP&A Baseline TS v3,2026-09-15
2027-05-01,SEA,LAX,45759.5,59261.69,72763.87,2.8,FP&A Baseline TS v3,2026-09-15
2027-06-01,SEA,LAX,34341.51,45377.26,56413.01,2.8,FP&A Baseline TS v3,2026-09-15
2027-07-01,SEA,LAX,26353.45,35543.61,44733.76,2.8,FP&A Baseline TS v3,2026-09-15
2027-08-01,SEA,LAX,27793.05,38278.21,48763.38,2.8,FP&A Baseline TS v3,2026-09-15
2027-09-01,SEA,LAX,30867.51,43431.33,55995.14,2.8,FP&A Baseline TS v3,2026-09-15
2027-10-01,SEA,LAX,36242.81,52120.93,67999.04,2.8,FP&A Baseline TS v3,2026-09-15
2027-11-01,SEA,LAX,53886.51,79244.86,104603.22,2.8,FP&A Baseline TS v3,2026-09-15
2027-12-01,SEA,LAX,82476.13,124091.44,165706.75,2.8,FP&A Baseline TS v3,2026-09-15
2026-09-01,SEA,PKB,187121.94,209065.45,231008.96,8.1,FP&A Baseline TS v3,2026-09-15
2026-10-01,SEA,PKB,173550.59,197288.32,221026.05,8.1,FP&A Baseline TS v3,2026-09-15
2026-11-01,SEA,PKB,211650.52,244875.18,278099.85,8.1,FP&A Baseline TS v3,2026-09-15
2026-12-01,SEA,PKB,286037.91,336927.43,387816.94,8.1,FP&A Baseline TS v3,2026-09-15
2027-01-01,SEA,PKB,171408.47,205624.36,239840.25,8.1,FP&A Baseline TS v3,2026-09-15
2027-02-01,SEA,PKB,224031.05,273796.26,323561.46,8.1,FP&A Baseline TS v3,2026-09-15
2027-03-01,SEA,PKB,228649.68,284786.87,340924.06,8.1,FP&A Baseline TS v3,2026-09-15
2027-04-01,SEA,PKB,243128.06,308726.2,374324.35,8.1,FP&A Baseline TS v3,2026-09-15
2027-05-01,SEA,PKB,215852.71,279544.02,343235.33,8.1,FP&A Baseline TS v3,2026-09-15
2027-06-01,SEA,PKB,212140.75,280312.84,348484.92,8.1,FP&A Baseline TS v3,2026-09-15
2027-07-01,SEA,PKB,180336.38,243224.51,306112.64,8.1,FP&A Baseline TS v3,2026-09-15
2027-08-01,SEA,PKB,181396.06,249829.3,318262.55,8.1,FP&A Baseline TS v3,2026-09-15
2027-09-01,SEA,PKB,160617.34,225992.43,291367.52,8.1,FP&A Baseline TS v3,2026-09-15
2027-10-01,SEA,PKB,148293.7,213261.76,278229.83,8.1,FP&A Baseline TS v3,2026-09-15
2027-11-01,SEA,PKB,179997.01,264701.49,349405.97,8.1,FP&A Baseline TS v3,2026-09-15
2027-12-01,SEA,PKB,242066.37,364206.74,486347.11,8.1,FP&A Baseline TS v3,2026-09-15
2026-09-01,SEA,RUN,574309.02,641657.38,709005.74,1.3,FP&A Baseline TS v3,2026-09-15
2026-10-01,SEA,RUN,586751.62,667005.75,747259.88,1.3,FP&A Baseline TS v3,2026-09-15
2026-11-01,SEA,RUN,712258.8,824068.41,935878.01,1.3,FP&A Baseline TS v3,2026-09-15
2026-12-01,SEA,RUN,895334.06,1054624.55,1213915.04,1.3,FP&A Baseline TS v3,2026-09-15
2027-01-01,SEA,RUN,552238.53,662474.24,772709.95,1.3,FP&A Baseline TS v3,2026-09-15
2027-02-01,SEA,RUN,719663.97,879526.75,1039389.53,1.3,FP&A Baseline TS v3,2026-09-15
2027-03-01,SEA,RUN,714647.25,890104.68,1065562.12,1.3,FP&A Baseline TS v3,2026-09-15
2027-04-01,SEA,RUN,718121.32,911876.93,1105632.54,1.3,FP&A Baseline TS v3,2026-09-15
2027-05-01,SEA,RUN,669482.73,867025.92,1064569.11,1.3,FP&A Baseline TS v3,2026-09-15
2027-06-01,SEA,RUN,618119.37,816753.92,1015388.47,1.3,FP&A Baseline TS v3,2026-09-15
2027-07-01,SEA,RUN,534461.02,720841.9,907222.78,1.3,FP&A Baseline TS v3,2026-09-15
2027-08-01,SEA,RUN,520105.87,716320.34,912534.8,1.3,FP&A Baseline TS v3,2026-09-15
2027-09-01,SEA,RUN,461934.87,649953.39,837971.91,1.3,FP&A Baseline TS v3,2026-09-15
2027-10-01,SEA,RUN,469805.72,675629.49,881453.26,1.3,FP&A Baseline TS v3,2026-09-15
2027-11-01,SEA,RUN,567611.52,834722.82,1101834.12,1.3,FP&A Baseline TS v3,2026-09-15
2027-12-01,SEA,RUN,710008.22,1068259.83,1426511.45,1.3,FP&A Baseline TS v3,2026-09-15
2026-09-01,SEA,SNW,673355.36,752318.73,831282.1,1.4,FP&A Baseline TS v3,2026-09-15
2026-10-01,SEA,SNW,874149.83,993713.43,1113277.03,1.4,FP&A Baseline TS v3,2026-09-15
2026-11-01,SEA,SNW,1207037.78,1396517.24,1585996.7,1.4,FP&A Baseline TS v3,2026-09-15
2026-12-01,SEA,SNW,1621650.89,1910161.72,2198672.54,1.4,FP&A Baseline TS v3,2026-09-15
2027-01-01,SEA,SNW,784303.01,940862.54,1097422.07,1.4,FP&A Baseline TS v3,2026-09-15
2027-02-01,SEA,SNW,675703.93,825801.64,975899.34,1.4,FP&A Baseline TS v3,2026-09-15
2027-03-01,SEA,SNW,429899.75,535447.08,640994.4,1.4,FP&A Baseline TS v3,2026-09-15
2027-04-01,SEA,SNW,218974.1,278055.29,337136.48,1.4,FP&A Baseline TS v3,2026-09-15
2027-05-01,SEA,SNW,99295.23,128594.11,157892.99,1.4,FP&A Baseline TS v3,2026-09-15
2027-06-01,SEA,SNW,92679.11,122461.82,152244.53,1.4,FP&A Baseline TS v3,2026-09-15
2027-07-01,SEA,SNW,199326.44,268836.91,338347.38,1.4,FP&A Baseline TS v3,2026-09-15
2027-08-01,SEA,SNW,373511.73,514422.28,655332.83,1.4,FP&A Baseline TS v3,2026-09-15
2027-09-01,SEA,SNW,542268.54,762984.77,983701.01,1.4,FP&A Baseline TS v3,2026-09-15
2027-10-01,SEA,SNW,700785.1,1007801.85,1314818.61,1.4,FP&A Baseline TS v3,2026-09-15
2027-11-01,SEA,SNW,963095.18,1416316.44,1869537.7,1.4,FP&A Baseline TS v3,2026-09-15
2027-12-01,SEA,SNW,1287569.28,1937243.14,2586917.0,1.4,FP&A Baseline TS v3,2026-09-15
2026-09-01,SEA,SOC,493384.5,551242.96,609101.42,6.6,FP&A Baseline TS v3,2026-09-15
2026-10-01,SEA,SOC,415182.38,471969.79,528757.19,6.6,FP&A Baseline TS v3,2026-09-15
2026-11-01,SEA,SOC,396634.6,458897.86,521161.12,6.6,FP&A Baseline TS v3,2026-09-15
2026-12-01,SEA,SOC,391361.71,460989.58,530617.45,6.6,FP&A Baseline TS v3,2026-09-15
2027-01-01,SEA,SOC,228947.15,274648.69,320350.23,6.6,FP&A Baseline TS v3,2026-09-15
2027-02-01,SEA,SOC,268567.5,328225.82,387884.15,6.6,FP&A Baseline TS v3,2026-09-15
2027-03-01,SEA,SOC,270961.38,337486.77,404012.16,6.6,FP&A Baseline TS v3,2026-09-15
2027-04-01,SEA,SOC,301779.62,383202.48,464625.34,6.6,FP&A Baseline TS v3,2026-09-15
2027-05-01,SEA,SOC,348361.29,451151.69,553942.09,6.6,FP&A Baseline TS v3,2026-09-15
2027-06-01,SEA,SOC,444538.21,587391.93,730245.65,6.6,FP&A Baseline TS v3,2026-09-15
2027-07-01,SEA,SOC,470718.68,634870.9,799023.12,6.6,FP&A Baseline TS v3,2026-09-15
2027-08-01,SEA,SOC,444192.3,611767.71,779343.12,6.6,FP&A Baseline TS v3,2026-09-15
2027-09-01,SEA,SOC,417550.46,587503.46,757456.46,6.6,FP&A Baseline TS v3,2026-09-15
2027-10-01,SEA,SOC,349777.02,503015.74,656254.45,6.6,FP&A Baseline TS v3,2026-09-15
2027-11-01,SEA,SOC,332577.08,489083.95,645590.81,6.6,FP&A Baseline TS v3,2026-09-15
2027-12-01,SEA,SOC,326546.44,491313.26,656080.07,6.6,FP&A Baseline TS v3,2026-09-15
2026-09-01,SEA,TEN,131945.48,147418.53,162891.58,0.5,FP&A Baseline TS v3,2026-09-15
2026-10-01,SEA,TEN,128388.48,145949.07,163509.67,0.5,FP&A Baseline TS v3,2026-09-15
2026-11-01,SEA,TEN,156842.34,181463.27,206084.21,0.5,FP&A Baseline TS v3,2026-09-15
2026-12-01,SEA,TEN,199263.4,234714.71,270166.02,0.5,FP&A Baseline TS v3,2026-09-15
2027-01-01,SEA,TEN,122814.95,147330.79,171846.63,0.5,FP&A Baseline TS v3,2026-09-15
2027-02-01,SEA,TEN,161538.33,197421.7,233305.07,0.5,FP&A Baseline TS v3,2026-09-15
2027-03-01,SEA,TEN,176339.22,219633.34,262927.46,0.5,FP&A Baseline TS v3,2026-09-15
2027-04-01,SEA,TEN,178659.49,226863.44,275067.38,0.5,FP&A Baseline TS v3,2026-09-15
2027-05-01,SEA,TEN,171393.27,221966.0,272538.73,0.5,FP&A Baseline TS v3,2026-09-15
2027-06-01,SEA,TEN,176354.21,233026.18,289698.15,0.5,FP&A Baseline TS v3,2026-09-15
2027-07-01,SEA,TEN,150070.52,202404.14,254737.75,0.5,FP&A Baseline TS v3,2026-09-15
2027-08-01,SEA,TEN,123627.8,170267.46,216907.13,0.5,FP&A Baseline TS v3,2026-09-15
2027-09-01,SEA,TEN,105305.05,148166.72,191028.39,0.5,FP&A Baseline TS v3,2026-09-15
2027-10-01,SEA,TEN,102002.23,146689.81,191377.39,0.5,FP&A Baseline TS v3,2026-09-15
2027-11-01,SEA,TEN,124021.29,182384.25,240747.22,0.5,FP&A Baseline TS v3,2026-09-15
2027-12-01,SEA,TEN,156792.53,235905.96,315019.38,0.5,FP&A Baseline TS v3,2026-09-15
2026-09-01,SEA,VOL,146858.59,164080.48,181302.37,6.8,FP&A Baseline TS v3,2026-09-15
2026-10-01,SEA,VOL,134933.04,153388.78,171844.52,6.8,FP&A Baseline TS v3,2026-09-15
2026-11-01,SEA,VOL,119982.11,138816.77,157651.42,6.8,FP&A Baseline TS v3,2026-09-15
2026-12-01,SEA,VOL,135128.88,159169.9,183210.92,6.8,FP&A Baseline TS v3,2026-09-15
2027-01-01,SEA,VOL,68289.5,81921.18,95552.86,6.8,FP&A Baseline TS v3,2026-09-15
2027-02-01,SEA,VOL,72100.77,88116.89,104133.02,6.8,FP&A Baseline TS v3,2026-09-15
2027-03-01,SEA,VOL,88344.2,110034.12,131724.05,6.8,FP&A Baseline TS v3,2026-09-15
2027-04-01,SEA,VOL,102444.74,130085.26,157725.77,6.8,FP&A Baseline TS v3,2026-09-15
2027-05-01,SEA,VOL,124817.87,161647.68,198477.49,6.8,FP&A Baseline TS v3,2026-09-15
2027-06-01,SEA,VOL,132269.89,174775.22,217280.55,6.8,FP&A Baseline TS v3,2026-09-15
2027-07-01,SEA,VOL,135934.43,183338.4,230742.38,6.8,FP&A Baseline TS v3,2026-09-15
2027-08-01,SEA,VOL,137446.69,189299.64,241152.6,6.8,FP&A Baseline TS v3,2026-09-15
2027-09-01,SEA,VOL,124585.61,175294.93,226004.25,6.8,FP&A Baseline TS v3,2026-09-15
2027-10-01,SEA,VOL,113950.37,163872.49,213794.6,6.8,FP&A Baseline TS v3,2026-09-15
2027-11-01,SEA,VOL,100847.07,148304.51,195761.96,6.8,FP&A Baseline TS v3,2026-09-15
2027-12-01,SEA,VOL,113021.18,170048.72,227076.26,6.8,FP&A Baseline TS v3,2026-09-15
2026-09-01,SFO,BSB,128475.5,143541.63,158607.76,-1.4,FP&A Baseline TS v3,2026-09-15
2026-10-01,SFO,BSB,164880.41,187432.26,209984.11,-1.4,FP&A Baseline TS v3,2026-09-15
2026-11-01,SFO,BSB,240905.01,278722.01,316539.02,-1.4,FP&A Baseline TS v3,2026-09-15
2026-12-01,SFO,BSB,326801.92,384943.83,443085.75,-1.4,FP&A Baseline TS v3,2026-09-15
2027-01-01,SFO,BSB,252570.8,302988.01,353405.21,-1.4,FP&A Baseline TS v3,2026-09-15
2027-02-01,SFO,BSB,318451.66,389191.02,459930.38,-1.4,FP&A Baseline TS v3,2026-09-15
2027-03-01,SFO,BSB,317800.01,395825.04,473850.07,-1.4,FP&A Baseline TS v3,2026-09-15
2027-04-01,SFO,BSB,273613.87,347437.36,421260.85,-1.4,FP&A Baseline TS v3,2026-09-15
2027-05-01,SFO,BSB,234503.16,303697.63,372892.1,-1.4,FP&A Baseline TS v3,2026-09-15
2027-06-01,SFO,BSB,199046.87,263011.2,326975.52,-1.4,FP&A Baseline TS v3,2026-09-15
2027-07-01,SFO,BSB,136582.07,184211.89,231841.72,-1.4,FP&A Baseline TS v3,2026-09-15
2027-08-01,SFO,BSB,108471.09,149392.76,190314.42,-1.4,FP&A Baseline TS v3,2026-09-15
2027-09-01,SFO,BSB,100616.64,141570.01,182523.38,-1.4,FP&A Baseline TS v3,2026-09-15
2027-10-01,SFO,BSB,128542.71,184857.78,241172.86,-1.4,FP&A Baseline TS v3,2026-09-15
2027-11-01,SFO,BSB,186927.66,274893.62,362859.58,-1.4,FP&A Baseline TS v3,2026-09-15
2027-12-01,SFO,BSB,252334.85,379656.43,506978.01,-1.4,FP&A Baseline TS v3,2026-09-15
2026-09-01,SFO,BSK,268598.07,300096.16,331594.26,-0.9,FP&A Baseline TS v3,2026-09-15
2026-10-01,SFO,BSK,246448.99,280157.55,313866.1,-0.9,FP&A Baseline TS v3,2026-09-15
2026-11-01,SFO,BSK,327441.54,378842.95,430244.37,-0.9,FP&A Baseline TS v3,2026-09-15
2026-12-01,SFO,BSK,363543.84,428222.58,492901.32,-0.9,FP&A Baseline TS v3,2026-09-15
2027-01-01,SFO,BSK,177546.97,212988.2,248429.44,-0.9,FP&A Baseline TS v3,2026-09-15
2027-02-01,SFO,BSK,200456.56,244985.04,289513.52,-0.9,FP&A Baseline TS v3,2026-09-15
2027-03-01,SFO,BSK,175664.19,218792.59,261920.98,-0.9,FP&A Baseline TS v3,2026-09-15
2027-04-01,SFO,BSK,159837.36,202962.92,246088.48,-0.9,FP&A Baseline TS v3,2026-09-15
2027-05-01,SFO,BSK,148844.72,192764.09,236683.46,-0.9,FP&A Baseline TS v3,2026-09-15
2027-06-01,SFO,BSK,164534.8,217408.56,270282.33,-0.9,FP&A Baseline TS v3,2026-09-15
2027-07-01,SFO,BSK,167240.74,225562.07,283883.4,-0.9,FP&A Baseline TS v3,2026-09-15
2027-08-01,SFO,BSK,203513.89,280291.28,357068.67,-0.9,FP&A Baseline TS v3,2026-09-15
2027-09-01,SFO,BSK,211389.33,297429.84,383470.34,-0.9,FP&A Baseline TS v3,2026-09-15
2027-10-01,SFO,BSK,193079.48,277668.37,362257.27,-0.9,FP&A Baseline TS v3,2026-09-15
2027-11-01,SFO,BSK,255324.34,375476.97,495629.6,-0.9,FP&A Baseline TS v3,2026-09-15
2027-12-01,SFO,BSK,282085.09,424417.86,566750.63,-0.9,FP&A Baseline TS v3,2026-09-15
2026-09-01,SFO,CLM,100145.45,111889.35,123633.26,1.9,FP&A Baseline TS v3,2026-09-15
2026-10-01,SFO,CLM,108735.23,123607.7,138480.18,1.9,FP&A Baseline TS v3,2026-09-15
2026-11-01,SFO,CLM,131051.37,151623.67,172195.97,1.9,FP&A Baseline TS v3,2026-09-15
2026-12-01,SFO,CLM,156505.59,184349.78,212193.97,1.9,FP&A Baseline TS v3,2026-09-15
2027-01-01,SFO,CLM,86444.46,103700.17,120955.88,1.9,FP&A Baseline TS v3,2026-09-15
2027-02-01,SFO,CLM,103395.58,126363.4,149331.21,1.9,FP&A Baseline TS v3,2026-09-15
2027-03-01,SFO,CLM,100236.31,124845.95,149455.58,1.9,FP&A Baseline TS v3,2026-09-15
2027-04-01,SFO,CLM,85066.94,108018.77,130970.6,1.9,FP&A Baseline TS v3,2026-09-15
2027-05-01,SFO,CLM,81996.51,106191.08,130385.66,1.9,FP&A Baseline TS v3,2026-09-15
2027-06-01,SFO,CLM,81105.7,107169.27,133232.83,1.9,FP&A Baseline TS v3,2026-09-15
2027-07-01,SFO,CLM,73004.54,98463.17,123921.81,1.9,FP&A Baseline TS v3,2026-09-15
2027-08-01,SFO,CLM,78944.06,108726.4,138508.73,1.9,FP&A Baseline TS v3,2026-09-15
2027-09-01,SFO,CLM,81072.66,114071.16,147069.67,1.9,FP&A Baseline TS v3,2026-09-15
2027-10-01,SFO,CLM,87627.89,126018.02,164408.15,1.9,FP&A Baseline TS v3,2026-09-15
2027-11-01,SFO,CLM,105114.6,154580.29,204045.98,1.9,FP&A Baseline TS v3,2026-09-15
2027-12-01,SFO,CLM,124915.46,187944.55,250973.63,1.9,FP&A Baseline TS v3,2026-09-15
2026-09-01,SFO,CYC,221247.72,247193.11,273138.5,-1.3,FP&A Baseline TS v3,2026-09-15
2026-10-01,SFO,CYC,193476.29,219939.4,246402.5,-1.3,FP&A Baseline TS v3,2026-09-15
2026-11-01,SFO,CYC,213000.16,246436.69,279873.22,-1.3,FP&A Baseline TS v3,2026-09-15
2026-12-01,SFO,CYC,289141.02,340582.62,392024.22,-1.3,FP&A Baseline TS v3,2026-09-15
2027-01-01,SFO,CYC,205971.53,247086.76,288202.0,-1.3,FP&A Baseline TS v3,2026-09-15
2027-02-01,SFO,CYC,284257.85,347401.56,410545.26,-1.3,FP&A Baseline TS v3,2026-09-15
2027-03-01,SFO,CYC,299185.97,372640.95,446095.94,-1.3,FP&A Baseline TS v3,2026-09-15
2027-04-01,SFO,CYC,325052.15,412754.16,500456.16,-1.3,FP&A Baseline TS v3,2026-09-15
2027-05-01,SFO,CYC,333132.03,431428.76,529725.49,-1.3,FP&A Baseline TS v3,2026-09-15
2027-06-01,SFO,CYC,316612.7,418357.17,520101.63,-1.3,FP&A Baseline TS v3,2026-09-15
2027-07-01,SFO,CYC,261839.71,353150.23,444460.76,-1.3,FP&A Baseline TS v3,2026-09-15
2027-08-01,SFO,CYC,186816.12,257294.12,327772.13,-1.3,FP&A Baseline TS v3,2026-09-15
2027-09-01,SFO,CYC,173486.48,244099.62,314712.76,-1.3,FP&A Baseline TS v3,2026-09-15
2027-10-01,SFO,CYC,151023.14,217186.98,283350.82,-1.3,FP&A Baseline TS v3,2026-09-15
2027-11-01,SFO,CYC,165479.81,243352.67,321225.52,-1.3,FP&A Baseline TS v3,2026-09-15
2027-12-01,SFO,CYC,223532.0,336320.41,449108.83,-1.3,FP&A Baseline TS v3,2026-09-15
2026-09-01,SFO,FTB,116016.54,129621.63,143226.71,-2.3,FP&A Baseline TS v3,2026-09-15
2026-10-01,SFO,FTB,100294.04,114011.96,127729.88,-2.3,FP&A Baseline TS v3,2026-09-15
2026-11-01,SFO,FTB,81739.91,94571.35,107402.79,-2.3,FP&A Baseline TS v3,2026-09-15
2026-12-01,SFO,FTB,80276.72,94558.89,108841.07,-2.3,FP&A Baseline TS v3,2026-09-15
2027-01-01,SFO,FTB,32567.59,39068.61,45569.63,-2.3,FP&A Baseline TS v3,2026-09-15
2027-02-01,SFO,FTB,37312.98,45601.51,53890.04,-2.3,FP&A Baseline TS v3,2026-09-15
2027-03-01,SFO,FTB,43800.01,54553.62,65307.23,-2.3,FP&A Baseline TS v3,2026-09-15
2027-04-01,SFO,FTB,69373.01,88090.47,106807.94,-2.3,FP&A Baseline TS v3,2026-09-15
2027-05-01,SFO,FTB,90160.68,116764.25,143367.82,-2.3,FP&A Baseline TS v3,2026-09-15
2027-06-01,SFO,FTB,108226.18,143005.0,177783.82,-2.3,FP&A Baseline TS v3,2026-09-15
2027-07-01,SFO,FTB,112632.8,151910.88,191188.96,-2.3,FP&A Baseline TS v3,2026-09-15
2027-08-01,SFO,FTB,111043.74,152935.96,194828.18,-2.3,FP&A Baseline TS v3,2026-09-15
2027-09-01,SFO,FTB,90008.65,126644.32,163279.99,-2.3,FP&A Baseline TS v3,2026-09-15
2027-10-01,SFO,FTB,77458.38,111393.2,145328.02,-2.3,FP&A Baseline TS v3,2026-09-15
2027-11-01,SFO,FTB,62831.4,92399.12,121966.84,-2.3,FP&A Baseline TS v3,2026-09-15
2027-12-01,SFO,FTB,61404.06,92386.95,123369.84,-2.3,FP&A Baseline TS v3,2026-09-15
2026-09-01,SFO,GLF,227925.84,254654.36,281382.88,-4.5,FP&A Baseline TS v3,2026-09-15
2026-10-01,SFO,GLF,201194.66,228713.46,256232.26,-4.5,FP&A Baseline TS v3,2026-09-15
2026-11-01,SFO,GLF,237251.44,274494.91,311738.38,-4.5,FP&A Baseline TS v3,2026-09-15
2026-12-01,SFO,GLF,313981.63,369842.66,425703.7,-4.5,FP&A Baseline TS v3,2026-09-15
2027-01-01,SFO,GLF,221139.21,265282.17,309425.12,-4.5,FP&A Baseline TS v3,2026-09-15
2027-02-01,SFO,GLF,302224.93,369359.76,436494.59,-4.5,FP&A Baseline TS v3,2026-09-15
2027-03-01,SFO,GLF,322508.56,401689.62,480870.68,-4.5,FP&A Baseline TS v3,2026-09-15
2027-04-01,SFO,GLF,333728.28,423771.18,513814.08,-4.5,FP&A Baseline TS v3,2026-09-15
2027-05-01,SFO,GLF,347193.87,449639.8,552085.73,-4.5,FP&A Baseline TS v3,2026-09-15
2027-06-01,SFO,GLF,297520.65,393129.82,488738.99,-4.5,FP&A Baseline TS v3,2026-09-15
2027-07-01,SFO,GLF,259068.11,349412.1,439756.09,-4.5,FP&A Baseline TS v3,2026-09-15
2027-08-01,SFO,GLF,210802.92,290330.16,369857.4,-4.5,FP&A Baseline TS v3,2026-09-15
2027-09-01,SFO,GLF,172774.57,243097.95,313421.32,-4.5,FP&A Baseline TS v3,2026-09-15
2027-10-01,SFO,GLF,151820.92,218334.27,284847.62,-4.5,FP&A Baseline TS v3,2026-09-15
2027-11-01,SFO,GLF,178185.93,262038.13,345890.33,-4.5,FP&A Baseline TS v3,2026-09-15
2027-12-01,SFO,GLF,234657.08,353058.92,471460.76,-4.5,FP&A Baseline TS v3,2026-09-15
2026-09-01,SFO,HKY,113650.64,126978.28,140305.92,-2.2,FP&A Baseline TS v3,2026-09-15
2026-10-01,SFO,HKY,99384.64,112978.17,126571.71,-2.2,FP&A Baseline TS v3,2026-09-15
2026-11-01,SFO,HKY,108141.02,125116.88,142092.73,-2.2,FP&A Baseline TS v3,2026-09-15
2026-12-01,SFO,HKY,110989.21,130735.5,150481.79,-2.2,FP&A Baseline TS v3,2026-09-15
2027-01-01,SFO,HKY,51416.88,61680.52,71944.16,-2.2,FP&A Baseline TS v3,2026-09-15
2027-02-01,SFO,HKY,45914.25,56113.42,66312.6,-2.2,FP&A Baseline TS v3,2026-09-15
2027-03-01,SFO,HKY,38064.98,47410.55,56756.12,-2.2,FP&A Baseline TS v3,2026-09-15
2027-04-01,SFO,HKY,35659.66,45280.95,54902.25,-2.2,FP&A Baseline TS v3,2026-09-15
2027-05-01,SFO,HKY,40249.19,52125.45,64001.71,-2.2,FP&A Baseline TS v3,2026-09-15
2027-06-01,SFO,HKY,51672.94,68278.2,84883.46,-2.2,FP&A Baseline TS v3,2026-09-15
2027-07-01,SFO,HKY,68961.06,93009.63,117058.2,-2.2,FP&A Baseline TS v3,2026-09-15
2027-08-01,SFO,HKY,79088.12,108924.8,138761.48,-2.2,FP&A Baseline TS v3,2026-09-15
2027-09-01,SFO,HKY,88275.86,124206.25,160136.63,-2.2,FP&A Baseline TS v3,2026-09-15
2027-10-01,SFO,HKY,76845.47,110511.78,144178.08,-2.2,FP&A Baseline TS v3,2026-09-15
2027-11-01,SFO,HKY,83222.13,122385.48,161548.84,-2.2,FP&A Baseline TS v3,2026-09-15
2027-12-01,SFO,HKY,84995.12,127881.44,170767.77,-2.2,FP&A Baseline TS v3,2026-09-15
2026-09-01,SFO,LAX,36193.39,40437.74,44682.08,0.9,FP&A Baseline TS v3,2026-09-15
2026-10-01,SFO,LAX,43524.52,49477.67,55430.83,0.9,FP&A Baseline TS v3,2026-09-15
2026-11-01,SFO,LAX,60269.97,69731.09,79192.2,0.9,FP&A Baseline TS v3,2026-09-15
2026-12-01,SFO,LAX,91837.1,108176.0,124514.9,0.9,FP&A Baseline TS v3,2026-09-15
2027-01-01,SFO,LAX,50953.56,61124.71,71295.87,0.9,FP&A Baseline TS v3,2026-09-15
2027-02-01,SFO,LAX,64254.62,78527.84,92801.06,0.9,FP&A Baseline TS v3,2026-09-15
2027-03-01,SFO,LAX,54614.61,68023.38,81432.15,0.9,FP&A Baseline TS v3,2026-09-15
2027-04-01,SFO,LAX,43301.65,54984.82,66668.0,0.9,FP&A Baseline TS v3,2026-09-15
2027-05-01,SFO,LAX,34029.98,44071.16,54112.33,0.9,FP&A Baseline TS v3,2026-09-15
2027-06-01,SFO,LAX,26155.02,34560.01,42965.0,0.9,FP&A Baseline TS v3,2026-09-15
2027-07-01,SFO,LAX,22589.44,30466.98,38344.52,0.9,FP&A Baseline TS v3,2026-09-15
2027-08-01,SFO,LAX,23034.66,31724.69,40414.71,0.9,FP&A Baseline TS v3,2026-09-15
2027-09-01,SFO,LAX,28993.1,40793.99,52594.87,0.9,FP&A Baseline TS v3,2026-09-15
2027-10-01,SFO,LAX,34707.9,49913.57,65119.23,0.9,FP&A Baseline TS v3,2026-09-15
2027-11-01,SFO,LAX,47834.88,70345.41,92855.94,0.9,FP&A Baseline TS v3,2026-09-15
2027-12-01,SFO,LAX,72531.51,109129.02,145726.52,0.9,FP&A Baseline TS v3,2026-09-15
2026-09-01,SFO,PKB,154277.13,172368.98,190460.83,6.3,FP&A Baseline TS v3,2026-09-15
2026-10-01,SFO,PKB,164021.48,186455.85,208890.22,6.3,FP&A Baseline TS v3,2026-09-15
2026-11-01,SFO,PKB,178060.23,206011.93,233963.62,6.3,FP&A Baseline TS v3,2026-09-15
2026-12-01,SFO,PKB,236327.86,278373.38,320418.9,6.3,FP&A Baseline TS v3,2026-09-15
2027-01-01,SFO,PKB,155200.31,186180.8,217161.28,6.3,FP&A Baseline TS v3,2026-09-15
2027-02-01,SFO,PKB,199290.81,243560.34,287829.87,6.3,FP&A Baseline TS v3,2026-09-15
2027-03-01,SFO,PKB,197716.32,246258.86,294801.41,6.3,FP&A Baseline TS v3,2026-09-15
2027-04-01,SFO,PKB,207129.23,263014.57,318899.9,6.3,FP&A Baseline TS v3,2026-09-15
2027-05-01,SFO,PKB,188090.34,243589.85,299089.36,6.3,FP&A Baseline TS v3,2026-09-15
2027-06-01,SFO,PKB,159605.2,210894.82,262184.44,6.3,FP&A Baseline TS v3,2026-09-15
2027-07-01,SFO,PKB,164045.88,221253.08,278460.27,6.3,FP&A Baseline TS v3,2026-09-15
2027-08-01,SFO,PKB,144077.28,198431.69,252786.1,6.3,FP&A Baseline TS v3,2026-09-15
2027-09-01,SFO,PKB,130259.97,183278.89,236297.81,6.3,FP&A Baseline TS v3,2026-09-15
2027-10-01,SFO,PKB,137860.25,198257.37,258654.5,6.3,FP&A Baseline TS v3,2026-09-15
2027-11-01,SFO,PKB,148954.84,219051.23,289147.63,6.3,FP&A Baseline TS v3,2026-09-15
2027-12-01,SFO,PKB,196728.61,295992.73,395256.85,6.3,FP&A Baseline TS v3,2026-09-15
2026-09-01,SFO,RUN,494364.84,552338.26,610311.69,-0.5,FP&A Baseline TS v3,2026-09-15
2026-10-01,SFO,RUN,512361.16,582440.39,652519.62,-0.5,FP&A Baseline TS v3,2026-09-15
2026-11-01,SFO,RUN,597069.28,690796.56,784523.83,-0.5,FP&A Baseline TS v3,2026-09-15
2026-12-01,SFO,RUN,824339.09,970998.74,1117658.39,-0.5,FP&A Baseline TS v3,2026-09-15
2027-01-01,SFO,RUN,489765.24,587530.28,685295.32,-0.5,FP&A Baseline TS v3,2026-09-15
2027-02-01,SFO,RUN,608978.26,744253.84,879529.42,-0.5,FP&A Baseline TS v3,2026-09-15
2027-03-01,SFO,RUN,650383.84,810063.57,969743.3,-0.5,FP&A Baseline TS v3,2026-09-15
2027-04-01,SFO,RUN,573827.02,728650.72,883474.43,-0.5,FP&A Baseline TS v3,2026-09-15
2027-05-01,SFO,RUN,585727.01,758556.53,931386.05,-0.5,FP&A Baseline TS v3,2026-09-15
2027-06-01,SFO,RUN,541918.28,716065.38,890212.48,-0.5,FP&A Baseline TS v3,2026-09-15
2027-07-01,SFO,RUN,490298.93,661279.31,832259.68,-0.5,FP&A Baseline TS v3,2026-09-15
2027-08-01,SFO,RUN,403000.2,555035.53,707070.87,-0.5,FP&A Baseline TS v3,2026-09-15
2027-09-01,SFO,RUN,390507.96,549454.02,708400.07,-0.5,FP&A Baseline TS v3,2026-09-15
2027-10-01,SFO,RUN,402890.85,579398.95,755907.05,-0.5,FP&A Baseline TS v3,2026-09-15
2027-11-01,SFO,RUN,467288.72,687189.3,907089.87,-0.5,FP&A Baseline TS v3,2026-09-15
2027-12-01,SFO,RUN,641994.58,965928.3,1289862.01,-0.5,FP&A Baseline TS v3,2026-09-15
2026-09-01,SFO,SNW,446340.01,498681.64,551023.26,-1.4,FP&A Baseline TS v3,2026-09-15
2026-10-01,SFO,SNW,648002.79,736634.67,825266.56,-1.4,FP&A Baseline TS v3,2026-09-15
2026-11-01,SFO,SNW,841669.52,973793.88,1105918.23,-1.4,FP&A Baseline TS v3,2026-09-15
2026-12-01,SFO,SNW,1012407.82,1192527.12,1372646.42,-1.4,FP&A Baseline TS v3,2026-09-15
2027-01-01,SFO,SNW,554562.47,665262.08,775961.69,-1.4,FP&A Baseline TS v3,2026-09-15
2027-02-01,SFO,SNW,404699.77,494597.87,584495.98,-1.4,FP&A Baseline TS v3,2026-09-15
2027-03-01,SFO,SNW,277359.28,345455.46,413551.64,-1.4,FP&A Baseline TS v3,2026-09-15
2027-04-01,SFO,SNW,135018.72,171447.99,207877.26,-1.4,FP&A Baseline TS v3,2026-09-15
2027-05-01,SFO,SNW,63370.2,82068.74,100767.29,-1.4,FP&A Baseline TS v3,2026-09-15
2027-06-01,SFO,SNW,56828.36,75090.32,93352.29,-1.4,FP&A Baseline TS v3,2026-09-15
2027-07-01,SFO,SNW,135357.91,182560.84,229763.77,-1.4,FP&A Baseline TS v3,2026-09-15
2027-08-01,SFO,SNW,261100.06,359602.34,458104.61,-1.4,FP&A Baseline TS v3,2026-09-15
2027-09-01,SFO,SNW,349603.46,491900.41,634197.36,-1.4,FP&A Baseline TS v3,2026-09-15
2027-10-01,SFO,SNW,505260.87,726617.68,947974.49,-1.4,FP&A Baseline TS v3,2026-09-15
2027-11-01,SFO,SNW,653175.31,960551.92,1267928.54,-1.4,FP&A Baseline TS v3,2026-09-15
2027-12-01,SFO,SNW,781823.19,1176310.76,1570798.34,-1.4,FP&A Baseline TS v3,2026-09-15
2026-09-01,SFO,SOC,389619.27,435309.34,480999.41,2.7,FP&A Baseline TS v3,2026-09-15
2026-10-01,SFO,SOC,348454.7,396115.3,443775.89,2.7,FP&A Baseline TS v3,2026-09-15
2026-11-01,SFO,SOC,335765.0,388473.02,441181.04,2.7,FP&A Baseline TS v3,2026-09-15
2026-12-01,SFO,SOC,353805.39,416751.54,479697.69,2.7,FP&A Baseline TS v3,2026-09-15
2027-01-01,SFO,SOC,190534.73,228568.54,266602.34,2.7,FP&A Baseline TS v3,2026-09-15
2027-02-01,SFO,SOC,227413.73,277930.35,328446.97,2.7,FP&A Baseline TS v3,2026-09-15
2027-03-01,SFO,SOC,255197.37,317852.44,380507.51,2.7,FP&A Baseline TS v3,2026-09-15
2027-04-01,SFO,SOC,243081.02,308666.47,374251.93,2.7,FP&A Baseline TS v3,2026-09-15
2027-05-01,SFO,SOC,263770.24,341600.5,419430.75,2.7,FP&A Baseline TS v3,2026-09-15
2027-06-01,SFO,SOC,360641.66,476534.96,592428.26,2.7,FP&A Baseline TS v3,2026-09-15
2027-07-01,SFO,SOC,376692.85,508055.75,639418.64,2.7,FP&A Baseline TS v3,2026-09-15
2027-08-01,SFO,SOC,347702.57,478876.4,610050.22,2.7,FP&A Baseline TS v3,2026-09-15
2027-09-01,SFO,SOC,317836.35,447203.33,576570.31,2.7,FP&A Baseline TS v3,2026-09-15
2027-10-01,SFO,SOC,282968.68,406938.39,530908.1,2.7,FP&A Baseline TS v3,2026-09-15
2027-11-01,SFO,SOC,271379.36,399087.3,526795.24,2.7,FP&A Baseline TS v3,2026-09-15
2027-12-01,SFO,SOC,284557.95,428138.47,571718.99,2.7,FP&A Baseline TS v3,2026-09-15
2026-09-01,SFO,TEN,109696.26,122560.17,135424.09,-1.5,FP&A Baseline TS v3,2026-09-15
2026-10-01,SFO,TEN,110202.36,125275.51,140348.65,-1.5,FP&A Baseline TS v3,2026-09-15
2026-11-01,SFO,TEN,124789.46,144378.77,163968.08,-1.5,FP&A Baseline TS v3,2026-09-15
2026-12-01,SFO,TEN,166136.46,195694.09,225251.73,-1.5,FP&A Baseline TS v3,2026-09-15
2027-01-01,SFO,TEN,101407.69,121650.31,141892.92,-1.5,FP&A Baseline TS v3,2026-09-15
2027-02-01,SFO,TEN,141320.26,172712.48,204104.7,-1.5,FP&A Baseline TS v3,2026-09-15
2027-03-01,SFO,TEN,153290.9,190926.29,228561.68,-1.5,FP&A Baseline TS v3,2026-09-15
2027-04-01,SFO,TEN,152408.54,193529.74,234650.94,-1.5,FP&A Baseline TS v3,2026-09-15
2027-05-01,SFO,TEN,161262.07,208845.41,256428.75,-1.5,FP&A Baseline TS v3,2026-09-15
2027-06-01,SFO,TEN,140988.48,186295.56,231602.65,-1.5,FP&A Baseline TS v3,2026-09-15
2027-07-01,SFO,TEN,124501.18,167918.08,211334.98,-1.5,FP&A Baseline TS v3,2026-09-15
2027-08-01,SFO,TEN,106581.56,146790.38,186999.2,-1.5,FP&A Baseline TS v3,2026-09-15
2027-09-01,SFO,TEN,85758.12,120663.72,155569.32,-1.5,FP&A Baseline TS v3,2026-09-15
2027-10-01,SFO,TEN,85763.64,123337.03,160910.43,-1.5,FP&A Baseline TS v3,2026-09-15
2027-11-01,SFO,TEN,96658.4,142144.7,187631.0,-1.5,FP&A Baseline TS v3,2026-09-15
2027-12-01,SFO,TEN,128053.52,192665.99,257278.45,-1.5,FP&A Baseline TS v3,2026-09-15
2026-09-01,SFO,VOL,119449.4,133457.05,147464.7,1.9,FP&A Baseline TS v3,2026-09-15
2026-10-01,SFO,VOL,97050.69,110325.0,123599.3,1.9,FP&A Baseline TS v3,2026-09-15
2026-11-01,SFO,VOL,96573.02,111732.94,126892.87,1.9,FP&A Baseline TS v3,2026-09-15
2026-12-01,SFO,VOL,102103.4,120268.8,138434.2,1.9,FP&A Baseline TS v3,2026-09-15
2027-01-01,SFO,VOL,60440.88,72505.86,84570.83,1.9,FP&A Baseline TS v3,2026-09-15
2027-02-01,SFO,VOL,69260.91,84646.2,100031.49,1.9,FP&A Baseline TS v3,2026-09-15
2027-03-01,SFO,VOL,71847.05,89486.66,107126.27,1.9,FP&A Baseline TS v3,2026-09-15
2027-04-01,SFO,VOL,85597.8,108692.86,131787.91,1.9,FP&A Baseline TS v3,2026-09-15
2027-05-01,SFO,VOL,99544.06,128916.36,158288.67,1.9,FP&A Baseline TS v3,2026-09-15
2027-06-01,SFO,VOL,111040.93,146724.27,182407.62,1.9,FP&A Baseline TS v3,2026-09-15
2027-07-01,SFO,VOL,111096.75,149839.17,188581.58,1.9,FP&A Baseline TS v3,2026-09-15
2027-08-01,SFO,VOL,106185.01,146244.22,186303.44,1.9,FP&A Baseline TS v3,2026-09-15
2027-09-01,SFO,VOL,96694.62,136051.63,175408.65,1.9,FP&A Baseline TS v3,2026-09-15
2027-10-01,SFO,VOL,78207.05,112469.87,146732.69,1.9,FP&A Baseline TS v3,2026-09-15
2027-11-01,SFO,VOL,77455.52,113905.18,150354.84,1.9,FP&A Baseline TS v3,2026-09-15
2027-12-01,SFO,VOL,81489.51,122606.99,163724.46,1.9,FP&A Baseline TS v3,2026-09-15
2026-09-01,SLC,BSB,10381.24,11598.64,12816.03,6.3,FP&A Baseline TS v3,2026-09-15
2026-10-01,SLC,BSB,12648.29,14378.28,16108.28,6.3,FP&A Baseline TS v3,2026-09-15
2026-11-01,SLC,BSB,21427.76,24791.46,28155.17,6.3,FP&A Baseline TS v3,2026-09-15
2026-12-01,SLC,BSB,29898.01,35217.22,40536.43,6.3,FP&A Baseline TS v3,2026-09-15
2027-01-01,SLC,BSB,23671.82,28397.1,33122.38,6.3,FP&A Baseline TS v3,2026-09-15
2027-02-01,SLC,BSB,28266.09,34544.99,40823.88,6.3,FP&A Baseline TS v3,2026-09-15
2027-03-01,SLC,BSB,23645.53,29450.89,35256.25,6.3,FP&A Baseline TS v3,2026-09-15
2027-04-01,SLC,BSB,21709.78,27567.28,33424.78,6.3,FP&A Baseline TS v3,2026-09-15
2027-05-01,SLC,BSB,18536.07,24005.48,29474.89,6.3,FP&A Baseline TS v3,2026-09-15
2027-06-01,SLC,BSB,11958.16,15800.95,19643.74,6.3,FP&A Baseline TS v3,2026-09-15
2027-07-01,SLC,BSB,13688.0,18461.37,23234.74,6.3,FP&A Baseline TS v3,2026-09-15
2027-08-01,SLC,BSB,8448.95,11636.38,14823.82,6.3,FP&A Baseline TS v3,2026-09-15
2027-09-01,SLC,BSB,8760.85,12326.73,15892.6,6.3,FP&A Baseline TS v3,2026-09-15
2027-10-01,SLC,BSB,10625.7,15280.86,19936.02,6.3,FP&A Baseline TS v3,2026-09-15
2027-11-01,SLC,BSB,17916.45,26347.71,34778.98,6.3,FP&A Baseline TS v3,2026-09-15
2027-12-01,SLC,BSB,24876.1,37427.93,49979.77,6.3,FP&A Baseline TS v3,2026-09-15
2026-09-01,SLC,BSK,23336.89,26073.57,28810.25,8.1,FP&A Baseline TS v3,2026-09-15
2026-10-01,SLC,BSK,19903.45,22625.78,25348.12,8.1,FP&A Baseline TS v3,2026-09-15
2026-11-01,SLC,BSK,24354.44,28177.57,32000.7,8.1,FP&A Baseline TS v3,2026-09-15
2026-12-01,SLC,BSK,27497.28,32389.37,37281.46,8.1,FP&A Baseline TS v3,2026-09-15
2027-01-01,SLC,BSK,14574.27,17483.53,20392.79,8.1,FP&A Baseline TS v3,2026-09-15
2027-02-01,SLC,BSK,15018.56,18354.71,21690.87,8.1,FP&A Baseline TS v3,2026-09-15
2027-03-01,SLC,BSK,13000.53,16192.37,19384.2,8.1,FP&A Baseline TS v3,2026-09-15
2027-04-01,SLC,BSK,14350.68,18222.62,22094.56,8.1,FP&A Baseline TS v3,2026-09-15
2027-05-01,SLC,BSK,15994.48,20713.94,25433.41,8.1,FP&A Baseline TS v3,2026-09-15
2027-06-01,SLC,BSK,14744.77,19483.05,24221.33,8.1,FP&A Baseline TS v3,2026-09-15
2027-07-01,SLC,BSK,14239.23,19204.83,24170.43,8.1,FP&A Baseline TS v3,2026-09-15
2027-08-01,SLC,BSK,16910.23,23289.76,29669.3,8.1,FP&A Baseline TS v3,2026-09-15
2027-09-01,SLC,BSK,20037.41,28193.11,36348.82,8.1,FP&A Baseline TS v3,2026-09-15
2027-10-01,SLC,BSK,17012.02,24465.05,31918.09,8.1,FP&A Baseline TS v3,2026-09-15
2027-11-01,SLC,BSK,20718.34,30468.15,40217.96,8.1,FP&A Baseline TS v3,2026-09-15
2027-12-01,SLC,BSK,23277.24,35022.33,46767.42,8.1,FP&A Baseline TS v3,2026-09-15
2026-09-01,SLC,CLM,13357.06,14923.42,16489.79,8.9,FP&A Baseline TS v3,2026-09-15
2026-10-01,SLC,CLM,15536.1,17661.08,19786.06,8.9,FP&A Baseline TS v3,2026-09-15
2026-11-01,SLC,CLM,18434.03,21327.78,24221.53,8.9,FP&A Baseline TS v3,2026-09-15
2026-12-01,SLC,CLM,22284.61,26249.3,30214.0,8.9,FP&A Baseline TS v3,2026-09-15
2027-01-01,SLC,CLM,13154.07,15779.83,18405.6,8.9,FP&A Baseline TS v3,2026-09-15
2027-02-01,SLC,CLM,13830.53,16902.77,19975.02,8.9,FP&A Baseline TS v3,2026-09-15
2027-03-01,SLC,CLM,13973.78,17404.56,20835.35,8.9,FP&A Baseline TS v3,2026-09-15
2027-04-01,SLC,CLM,12350.3,15682.53,19014.75,8.9,FP&A Baseline TS v3,2026-09-15
2027-05-01,SLC,CLM,11141.53,14429.04,17716.55,8.9,FP&A Baseline TS v3,2026-09-15
2027-06-01,SLC,CLM,9769.55,12909.02,16048.5,8.9,FP&A Baseline TS v3,2026-09-15
2027-07-01,SLC,CLM,12568.46,16951.42,21334.38,8.9,FP&A Baseline TS v3,2026-09-15
2027-08-01,SLC,CLM,10212.58,14065.36,17918.15,8.9,FP&A Baseline TS v3,2026-09-15
2027-09-01,SLC,CLM,11555.37,16258.68,20961.99,8.9,FP&A Baseline TS v3,2026-09-15
2027-10-01,SLC,CLM,13379.62,19241.28,25102.95,8.9,FP&A Baseline TS v3,2026-09-15
2027-11-01,SLC,CLM,15800.52,23236.06,30671.59,8.9,FP&A Baseline TS v3,2026-09-15
2027-12-01,SLC,CLM,19007.33,28597.93,38188.53,8.9,FP&A Baseline TS v3,2026-09-15
2026-09-01,SLC,CYC,16237.83,18142.02,20046.2,3.5,FP&A Baseline TS v3,2026-09-15
2026-10-01,SLC,CYC,14684.73,16693.26,18701.79,3.5,FP&A Baseline TS v3,2026-09-15
2026-11-01,SLC,CYC,16041.45,18559.62,21077.79,3.5,FP&A Baseline TS v3,2026-09-15
2026-12-01,SLC,CYC,23423.36,27590.66,31757.95,3.5,FP&A Baseline TS v3,2026-09-15
2027-01-01,SLC,CYC,15580.9,18691.1,21801.3,3.5,FP&A Baseline TS v3,2026-09-15
2027-02-01,SLC,CYC,22772.32,27830.85,32889.39,3.5,FP&A Baseline TS v3,2026-09-15
2027-03-01,SLC,CYC,26731.85,33294.95,39858.05,3.5,FP&A Baseline TS v3,2026-09-15
2027-04-01,SLC,CYC,30185.91,38330.35,46474.78,3.5,FP&A Baseline TS v3,2026-09-15
2027-05-01,SLC,CYC,23590.09,30550.77,37511.46,3.5,FP&A Baseline TS v3,2026-09-15
2027-06-01,SLC,CYC,26075.26,34454.62,42833.98,3.5,FP&A Baseline TS v3,2026-09-15
2027-07-01,SLC,CYC,20627.57,27820.96,35014.35,3.5,FP&A Baseline TS v3,2026-09-15
2027-08-01,SLC,CYC,18000.13,24790.83,31581.54,3.5,FP&A Baseline TS v3,2026-09-15
2027-09-01,SLC,CYC,13346.64,18779.05,24211.45,3.5,FP&A Baseline TS v3,2026-09-15
2027-10-01,SLC,CYC,12015.42,17279.42,22543.42,3.5,FP&A Baseline TS v3,2026-09-15
2027-11-01,SLC,CYC,13063.7,19211.32,25358.94,3.5,FP&A Baseline TS v3,2026-09-15
2027-12-01,SLC,CYC,18981.76,28559.46,38137.16,3.5,FP&A Baseline TS v3,2026-09-15
2026-09-01,SLC,FTB,9616.44,10744.14,11871.85,3.5,FP&A Baseline TS v3,2026-09-15
2026-10-01,SLC,FTB,7274.89,8269.93,9264.97,3.5,FP&A Baseline TS v3,2026-09-15
2026-11-01,SLC,FTB,7126.26,8244.93,9363.61,3.5,FP&A Baseline TS v3,2026-09-15
2026-12-01,SLC,FTB,6579.22,7749.74,8920.26,3.5,FP&A Baseline TS v3,2026-09-15
2027-01-01,SLC,FTB,2690.1,3227.09,3764.08,3.5,FP&A Baseline TS v3,2026-09-15
2027-02-01,SLC,FTB,3058.3,3737.66,4417.01,3.5,FP&A Baseline TS v3,2026-09-15
2027-03-01,SLC,FTB,4498.69,5603.19,6707.7,3.5,FP&A Baseline TS v3,2026-09-15
2027-04-01,SLC,FTB,5377.84,6828.83,8279.82,3.5,FP&A Baseline TS v3,2026-09-15
2027-05-01,SLC,FTB,6835.23,8852.09,10868.95,3.5,FP&A Baseline TS v3,2026-09-15
2027-06-01,SLC,FTB,9544.88,12612.16,15679.44,3.5,FP&A Baseline TS v3,2026-09-15
2027-07-01,SLC,FTB,8543.87,11523.35,14502.83,3.5,FP&A Baseline TS v3,2026-09-15
2027-08-01,SLC,FTB,10603.11,14603.23,18603.35,3.5,FP&A Baseline TS v3,2026-09-15
2027-09-01,SLC,FTB,7900.99,11116.88,14332.77,3.5,FP&A Baseline TS v3,2026-09-15
2027-10-01,SLC,FTB,5950.08,8556.84,11163.59,3.5,FP&A Baseline TS v3,2026-09-15
2027-11-01,SLC,FTB,5801.06,8530.97,11260.88,3.5,FP&A Baseline TS v3,2026-09-15
2027-12-01,SLC,FTB,5329.48,8018.6,10707.71,3.5,FP&A Baseline TS v3,2026-09-15
2026-09-01,SLC,GLF,17358.43,19394.03,21429.62,2.4,FP&A Baseline TS v3,2026-09-15
2026-10-01,SLC,GLF,17725.53,20149.98,22574.42,2.4,FP&A Baseline TS v3,2026-09-15
2026-11-01,SLC,GLF,15718.74,18186.25,20653.76,2.4,FP&A Baseline TS v3,2026-09-15
2026-12-01,SLC,GLF,23504.71,27686.48,31868.24,2.4,FP&A Baseline TS v3,2026-09-15
2027-01-01,SLC,GLF,18212.4,21847.89,25483.38,2.4,FP&A Baseline TS v3,2026-09-15
2027-02-01,SLC,GLF,28368.63,34670.31,40971.99,2.4,FP&A Baseline TS v3,2026-09-15
2027-03-01,SLC,GLF,25113.57,31279.36,37445.14,2.4,FP&A Baseline TS v3,2026-09-15
2027-04-01,SLC,GLF,27070.73,34374.66,41678.59,2.4,FP&A Baseline TS v3,2026-09-15
2027-05-01,SLC,GLF,27848.2,36065.32,44282.44,2.4,FP&A Baseline TS v3,2026-09-15
2027-06-01,SLC,GLF,25616.49,33848.43,42080.37,2.4,FP&A Baseline TS v3,2026-09-15
2027-07-01,SLC,GLF,22069.39,29765.57,37461.76,2.4,FP&A Baseline TS v3,2026-09-15
2027-08-01,SLC,GLF,18721.61,25784.5,32847.4,2.4,FP&A Baseline TS v3,2026-09-15
2027-09-01,SLC,GLF,14109.26,19852.06,25594.87,2.4,FP&A Baseline TS v3,2026-09-15
2027-10-01,SLC,GLF,14342.4,20625.87,26909.33,2.4,FP&A Baseline TS v3,2026-09-15
2027-11-01,SLC,GLF,12658.72,18615.76,24572.81,2.4,FP&A Baseline TS v3,2026-09-15
2027-12-01,SLC,GLF,18836.14,28340.36,37844.58,2.4,FP&A Baseline TS v3,2026-09-15
2026-09-01,SLC,HKY,11887.21,13281.2,14675.2,3.9,FP&A Baseline TS v3,2026-09-15
2026-10-01,SLC,HKY,13465.73,15307.54,17149.34,3.9,FP&A Baseline TS v3,2026-09-15
2026-11-01,SLC,HKY,11088.2,12828.81,14569.42,3.9,FP&A Baseline TS v3,2026-09-15
2026-12-01,SLC,HKY,12976.76,15285.47,17594.19,3.9,FP&A Baseline TS v3,2026-09-15
2027-01-01,SLC,HKY,6641.26,7966.96,9292.66,3.9,FP&A Baseline TS v3,2026-09-15
2027-02-01,SLC,HKY,5739.67,7014.66,8289.64,3.9,FP&A Baseline TS v3,2026-09-15
2027-03-01,SLC,HKY,4506.6,5613.05,6719.49,3.9,FP&A Baseline TS v3,2026-09-15
2027-04-01,SLC,HKY,4317.56,5482.47,6647.39,3.9,FP&A Baseline TS v3,2026-09-15
2027-05-01,SLC,HKY,5838.57,7561.35,9284.12,3.9,FP&A Baseline TS v3,2026-09-15
2027-06-01,SLC,HKY,7217.49,9536.85,11856.21,3.9,FP&A Baseline TS v3,2026-09-15
2027-07-01,SLC,HKY,7599.23,10249.28,12899.33,3.9,FP&A Baseline TS v3,2026-09-15
2027-08-01,SLC,HKY,10203.98,14053.53,17903.07,3.9,FP&A Baseline TS v3,2026-09-15
2027-09-01,SLC,HKY,9809.06,13801.58,17794.11,3.9,FP&A Baseline TS v3,2026-09-15
2027-10-01,SLC,HKY,11061.31,15907.31,20753.32,3.9,FP&A Baseline TS v3,2026-09-15
2027-11-01,SLC,HKY,9065.4,13331.47,17597.53,3.9,FP&A Baseline TS v3,2026-09-15
2027-12-01,SLC,HKY,10557.4,15884.39,21211.38,3.9,FP&A Baseline TS v3,2026-09-15
2026-09-01,SLC,LAX,6027.11,6733.9,7440.69,9.8,FP&A Baseline TS v3,2026-09-15
2026-10-01,SLC,LAX,7161.84,8141.41,9120.99,9.8,FP&A Baseline TS v3,2026-09-15
2026-11-01,SLC,LAX,10565.18,12223.69,13882.2,9.8,FP&A Baseline TS v3,2026-09-15
2026-12-01,SLC,LAX,14698.83,17313.92,19929.02,9.8,FP&A Baseline TS v3,2026-09-15
2027-01-01,SLC,LAX,10931.23,13113.28,15295.33,9.8,FP&A Baseline TS v3,2026-09-15
2027-02-01,SLC,LAX,12201.84,14912.3,17622.76,9.8,FP&A Baseline TS v3,2026-09-15
2027-03-01,SLC,LAX,12480.54,15544.71,18608.89,9.8,FP&A Baseline TS v3,2026-09-15
2027-04-01,SLC,LAX,9457.99,12009.85,14561.7,9.8,FP&A Baseline TS v3,2026-09-15
2027-05-01,SLC,LAX,6868.63,8895.34,10922.06,9.8,FP&A Baseline TS v3,2026-09-15
2027-06-01,SLC,LAX,5717.52,7554.86,9392.21,9.8,FP&A Baseline TS v3,2026-09-15
2027-07-01,SLC,LAX,4066.92,5485.16,6903.41,9.8,FP&A Baseline TS v3,2026-09-15
2027-08-01,SLC,LAX,4196.14,5779.17,7362.2,9.8,FP&A Baseline TS v3,2026-09-15
2027-09-01,SLC,LAX,5256.6,7396.16,9535.72,9.8,FP&A Baseline TS v3,2026-09-15
2027-10-01,SLC,LAX,6217.98,8942.1,11666.22,9.8,FP&A Baseline TS v3,2026-09-15
2027-11-01,SLC,LAX,9129.58,13425.85,17722.13,9.8,FP&A Baseline TS v3,2026-09-15
2027-12-01,SLC,LAX,12639.26,19016.7,25394.14,9.8,FP&A Baseline TS v3,2026-09-15
2026-09-01,SLC,PKB,13659.39,15261.2,16863.02,14.4,FP&A Baseline TS v3,2026-09-15
2026-10-01,SLC,PKB,14300.16,16256.09,18212.02,14.4,FP&A Baseline TS v3,2026-09-15
2026-11-01,SLC,PKB,15986.79,18496.37,21005.96,14.4,FP&A Baseline TS v3,2026-09-15
2026-12-01,SLC,PKB,22586.84,26605.3,30623.76,14.4,FP&A Baseline TS v3,2026-09-15
2027-01-01,SLC,PKB,14031.55,16832.48,19633.4,14.4,FP&A Baseline TS v3,2026-09-15
2027-02-01,SLC,PKB,18030.39,22035.57,26040.76,14.4,FP&A Baseline TS v3,2026-09-15
2027-03-01,SLC,PKB,17417.48,21693.75,25970.02,14.4,FP&A Baseline TS v3,2026-09-15
2027-04-01,SLC,PKB,16149.66,20506.99,24864.31,14.4,FP&A Baseline TS v3,2026-09-15
2027-05-01,SLC,PKB,17081.0,22121.07,27161.13,14.4,FP&A Baseline TS v3,2026-09-15
2027-06-01,SLC,PKB,16675.77,22034.58,27393.39,14.4,FP&A Baseline TS v3,2026-09-15
2027-07-01,SLC,PKB,16411.21,22134.23,27857.26,14.4,FP&A Baseline TS v3,2026-09-15
2027-08-01,SLC,PKB,12191.08,16790.26,21389.45,14.4,FP&A Baseline TS v3,2026-09-15
2027-09-01,SLC,PKB,12409.71,17460.76,22511.81,14.4,FP&A Baseline TS v3,2026-09-15
2027-10-01,SLC,PKB,12933.03,18599.04,24265.05,14.4,FP&A Baseline TS v3,2026-09-15
2027-11-01,SLC,PKB,14390.3,21162.21,27934.12,14.4,FP&A Baseline TS v3,2026-09-15
2027-12-01,SLC,PKB,20231.55,30439.86,40648.16,14.4,FP&A Baseline TS v3,2026-09-15
2026-09-01,SLC,RUN,40193.11,44906.5,49619.88,2.6,FP&A Baseline TS v3,2026-09-15
2026-10-01,SLC,RUN,36777.85,41808.21,46838.57,2.6,FP&A Baseline TS v3,2026-09-15
2026-11-01,SLC,RUN,46072.78,53305.24,60537.69,2.6,FP&A Baseline TS v3,2026-09-15
2026-12-01,SLC,RUN,56297.16,66313.09,76329.02,2.6,FP&A Baseline TS v3,2026-09-15
2027-01-01,SLC,RUN,38481.97,46163.6,53845.22,2.6,FP&A Baseline TS v3,2026-09-15
2027-02-01,SLC,RUN,46913.46,57334.59,67755.73,2.6,FP&A Baseline TS v3,2026-09-15
2027-03-01,SLC,RUN,48399.35,60282.17,72164.99,2.6,FP&A Baseline TS v3,2026-09-15
2027-04-01,SLC,RUN,48612.79,61728.96,74845.12,2.6,FP&A Baseline TS v3,2026-09-15
2027-05-01,SLC,RUN,48766.87,63156.43,77545.99,2.6,FP&A Baseline TS v3,2026-09-15
2027-06-01,SLC,RUN,33257.73,43945.21,54632.68,2.6,FP&A Baseline TS v3,2026-09-15
2027-07-01,SLC,RUN,44263.22,59698.99,75134.76,2.6,FP&A Baseline TS v3,2026-09-15
2027-08-01,SLC,RUN,35863.96,49393.95,62923.94,2.6,FP&A Baseline TS v3,2026-09-15
2027-09-01,SLC,RUN,32746.25,46074.76,59403.27,2.6,FP&A Baseline TS v3,2026-09-15
2027-10-01,SLC,RUN,29828.07,42895.87,55963.67,2.6,FP&A Baseline TS v3,2026-09-15
2027-11-01,SLC,RUN,37190.56,54692.0,72193.44,2.6,FP&A Baseline TS v3,2026-09-15
2027-12-01,SLC,RUN,45220.95,68038.26,90855.56,2.6,FP&A Baseline TS v3,2026-09-15
2026-09-01,SLC,SNW,80181.02,89583.72,98986.43,4.1,FP&A Baseline TS v3,2026-09-15
2026-10-01,SLC,SNW,112835.68,128269.0,143702.33,4.1,FP&A Baseline TS v3,2026-09-15
2026-11-01,SLC,SNW,149900.38,173431.58,196962.78,4.1,FP&A Baseline TS v3,2026-09-15
2026-12-01,SLC,SNW,191735.97,225848.07,259960.16,4.1,FP&A Baseline TS v3,2026-09-15
2027-01-01,SLC,SNW,101364.4,121598.36,141832.33,4.1,FP&A Baseline TS v3,2026-09-15
2027-02-01,SLC,SNW,98996.69,120987.35,142978.01,4.1,FP&A Baseline TS v3,2026-09-15
2027-03-01,SLC,SNW,57897.91,72112.78,86327.65,4.1,FP&A Baseline TS v3,2026-09-15
2027-04-01,SLC,SNW,27118.74,34435.61,41752.49,4.1,FP&A Baseline TS v3,2026-09-15
2027-05-01,SLC,SNW,12617.89,16341.03,20064.17,4.1,FP&A Baseline TS v3,2026-09-15
2027-06-01,SLC,SNW,13082.83,17287.04,21491.25,4.1,FP&A Baseline TS v3,2026-09-15
2027-07-01,SLC,SNW,24006.97,32378.85,40750.72,4.1,FP&A Baseline TS v3,2026-09-15
2027-08-01,SLC,SNW,47814.44,65852.86,83891.27,4.1,FP&A Baseline TS v3,2026-09-15
2027-09-01,SLC,SNW,66290.53,93272.36,120254.18,4.1,FP&A Baseline TS v3,2026-09-15
2027-10-01,SLC,SNW,92865.68,133550.51,174235.34,4.1,FP&A Baseline TS v3,2026-09-15
2027-11-01,SLC,SNW,122789.41,180572.67,238355.92,4.1,FP&A Baseline TS v3,2026-09-15
2027-12-01,SLC,SNW,156288.38,235147.42,314006.45,4.1,FP&A Baseline TS v3,2026-09-15
2026-09-01,SLC,SOC,34643.38,38705.95,42768.53,7.2,FP&A Baseline TS v3,2026-09-15
2026-10-01,SLC,SOC,28580.16,32489.27,36398.38,7.2,FP&A Baseline TS v3,2026-09-15
2026-11-01,SLC,SOC,22176.63,25657.89,29139.15,7.2,FP&A Baseline TS v3,2026-09-15
2026-12-01,SLC,SOC,27800.98,32747.11,37693.23,7.2,FP&A Baseline TS v3,2026-09-15
2027-01-01,SLC,SOC,15631.11,18751.33,21871.55,7.2,FP&A Baseline TS v3,2026-09-15
2027-02-01,SLC,SOC,15601.48,19067.11,22532.75,7.2,FP&A Baseline TS v3,2026-09-15
2027-03-01,SLC,SOC,17118.24,21321.04,25523.84,7.2,FP&A Baseline TS v3,2026-09-15
2027-04-01,SLC,SOC,19984.85,25376.94,30769.03,7.2,FP&A Baseline TS v3,2026-09-15
2027-05-01,SLC,SOC,26757.72,34653.07,42548.43,7.2,FP&A Baseline TS v3,2026-09-15
2027-06-01,SLC,SOC,25494.49,33687.23,41879.96,7.2,FP&A Baseline TS v3,2026-09-15
2027-07-01,SLC,SOC,25660.9,34609.54,43558.18,7.2,FP&A Baseline TS v3,2026-09-15
2027-08-01,SLC,SOC,27215.26,37482.45,47749.64,7.2,FP&A Baseline TS v3,2026-09-15
2027-09-01,SLC,SOC,29496.7,41502.55,53508.41,7.2,FP&A Baseline TS v3,2026-09-15
2027-10-01,SLC,SOC,24224.05,34836.7,45449.35,7.2,FP&A Baseline TS v3,2026-09-15
2027-11-01,SLC,SOC,18707.98,27511.74,36315.49,7.2,FP&A Baseline TS v3,2026-09-15
2027-12-01,SLC,SOC,23337.61,35113.17,46888.72,7.2,FP&A Baseline TS v3,2026-09-15
2026-09-01,SLC,TEN,7762.79,8673.12,9583.45,3.2,FP&A Baseline TS v3,2026-09-15
2026-10-01,SLC,TEN,6879.16,7820.07,8760.98,3.2,FP&A Baseline TS v3,2026-09-15
2026-11-01,SLC,TEN,9190.34,10633.02,12075.71,3.2,FP&A Baseline TS v3,2026-09-15
2026-12-01,SLC,TEN,13384.73,15766.03,18147.33,3.2,FP&A Baseline TS v3,2026-09-15
2027-01-01,SLC,TEN,8929.77,10712.3,12494.82,3.2,FP&A Baseline TS v3,2026-09-15
2027-02-01,SLC,TEN,11000.23,13443.77,15887.31,3.2,FP&A Baseline TS v3,2026-09-15
2027-03-01,SLC,TEN,10420.89,12979.38,15537.88,3.2,FP&A Baseline TS v3,2026-09-15
2027-04-01,SLC,TEN,12278.65,15591.54,18904.42,3.2,FP&A Baseline TS v3,2026-09-15
2027-05-01,SLC,TEN,12141.93,15724.62,19307.32,3.2,FP&A Baseline TS v3,2026-09-15
2027-06-01,SLC,TEN,10244.24,13536.25,16828.27,3.2,FP&A Baseline TS v3,2026-09-15
2027-07-01,SLC,TEN,11064.63,14923.16,18781.69,3.2,FP&A Baseline TS v3,2026-09-15
2027-08-01,SLC,TEN,10345.55,14248.5,18151.45,3.2,FP&A Baseline TS v3,2026-09-15
2027-09-01,SLC,TEN,6364.41,8954.87,11545.34,3.2,FP&A Baseline TS v3,2026-09-15
2027-10-01,SLC,TEN,5614.41,8074.11,10533.81,3.2,FP&A Baseline TS v3,2026-09-15
2027-11-01,SLC,TEN,7465.34,10978.44,14491.54,3.2,FP&A Baseline TS v3,2026-09-15
2027-12-01,SLC,TEN,10819.14,16278.19,21737.25,3.2,FP&A Baseline TS v3,2026-09-15
2026-09-01,SLC,VOL,7082.8,7913.39,8743.98,7.4,FP&A Baseline TS v3,2026-09-15
2026-10-01,SLC,VOL,7933.5,9018.62,10103.74,7.4,FP&A Baseline TS v3,2026-09-15
2026-11-01,SLC,VOL,7070.42,8180.33,9290.23,7.4,FP&A Baseline TS v3,2026-09-15
2026-12-01,SLC,VOL,7579.9,8928.45,10277.0,7.4,FP&A Baseline TS v3,2026-09-15
2027-01-01,SLC,VOL,3697.66,4435.78,5173.89,7.4,FP&A Baseline TS v3,2026-09-15
2027-02-01,SLC,VOL,4904.78,5994.31,7083.83,7.4,FP&A Baseline TS v3,2026-09-15
2027-03-01,SLC,VOL,4799.26,5977.56,7155.85,7.4,FP&A Baseline TS v3,2026-09-15
2027-04-01,SLC,VOL,5814.77,7383.64,8952.52,7.4,FP&A Baseline TS v3,2026-09-15
2027-05-01,SLC,VOL,6560.36,8496.12,10431.87,7.4,FP&A Baseline TS v3,2026-09-15
2027-06-01,SLC,VOL,7560.37,9989.92,12419.47,7.4,FP&A Baseline TS v3,2026-09-15
2027-07-01,SLC,VOL,8475.35,11430.93,14386.51,7.4,FP&A Baseline TS v3,2026-09-15
2027-08-01,SLC,VOL,8152.98,11228.76,14304.54,7.4,FP&A Baseline TS v3,2026-09-15
2027-09-01,SLC,VOL,6037.77,8495.29,10952.81,7.4,FP&A Baseline TS v3,2026-09-15
2027-10-01,SLC,VOL,6732.33,9681.79,12631.25,7.4,FP&A Baseline TS v3,2026-09-15
2027-11-01,SLC,VOL,5971.66,8781.85,11592.04,7.4,FP&A Baseline TS v3,2026-09-15
2027-12-01,SLC,VOL,6370.56,9584.98,12799.41,7.4,FP&A Baseline TS v3,2026-09-15
2026-09-01,TPA,BSB,174029.35,194437.51,214845.67,1.6,FP&A Baseline TS v3,2026-09-15
2026-10-01,TPA,BSB,215349.56,244804.43,274259.29,1.6,FP&A Baseline TS v3,2026-09-15
2026-11-01,TPA,BSB,308198.07,356578.66,404959.26,1.6,FP&A Baseline TS v3,2026-09-15
2026-12-01,TPA,BSB,519144.51,611506.44,703868.38,1.6,FP&A Baseline TS v3,2026-09-15
2027-01-01,TPA,BSB,323345.57,387890.56,452435.55,1.6,FP&A Baseline TS v3,2026-09-15
2027-02-01,TPA,BSB,401490.02,490675.14,579860.25,1.6,FP&A Baseline TS v3,2026-09-15
2027-03-01,TPA,BSB,442607.32,551274.56,659941.8,1.6,FP&A Baseline TS v3,2026-09-15
2027-04-01,TPA,BSB,382603.22,485833.02,589062.83,1.6,FP&A Baseline TS v3,2026-09-15
2027-05-01,TPA,BSB,317224.55,410827.48,504430.41,1.6,FP&A Baseline TS v3,2026-09-15
2027-06-01,TPA,BSB,249249.06,329346.02,409442.97,1.6,FP&A Baseline TS v3,2026-09-15
2027-07-01,TPA,BSB,178326.35,240513.53,302700.71,1.6,FP&A Baseline TS v3,2026-09-15
2027-08-01,TPA,BSB,162567.65,223897.71,285227.77,1.6,FP&A Baseline TS v3,2026-09-15
2027-09-01,TPA,BSB,140468.51,197642.54,254816.57,1.6,FP&A Baseline TS v3,2026-09-15
2027-10-01,TPA,BSB,173033.16,248839.68,324646.2,1.6,FP&A Baseline TS v3,2026-09-15
2027-11-01,TPA,BSB,246470.33,362456.36,478442.4,1.6,FP&A Baseline TS v3,2026-09-15
2027-12-01,TPA,BSB,413131.1,621586.27,830041.44,1.6,FP&A Baseline TS v3,2026-09-15
2026-09-01,TPA,BSK,253689.55,283439.35,313189.14,3.1,FP&A Baseline TS v3,2026-09-15
2026-10-01,TPA,BSK,282458.4,321092.21,359726.03,3.1,FP&A Baseline TS v3,2026-09-15
2026-11-01,TPA,BSK,303568.45,351222.29,398876.14,3.1,FP&A Baseline TS v3,2026-09-15
2026-12-01,TPA,BSK,390634.6,460133.11,529631.61,3.1,FP&A Baseline TS v3,2026-09-15
2027-01-01,TPA,BSK,190871.31,228972.3,267073.29,3.1,FP&A Baseline TS v3,2026-09-15
2027-02-01,TPA,BSK,214683.83,262372.69,310061.55,3.1,FP&A Baseline TS v3,2026-09-15
2027-03-01,TPA,BSK,180485.33,224797.39,269109.45,3.1,FP&A Baseline TS v3,2026-09-15
2027-04-01,TPA,BSK,172225.69,218693.74,265161.79,3.1,FP&A Baseline TS v3,2026-09-15
2027-05-01,TPA,BSK,158970.09,205877.14,252784.18,3.1,FP&A Baseline TS v3,2026-09-15
2027-06-01,TPA,BSK,185884.76,245619.4,305354.03,3.1,FP&A Baseline TS v3,2026-09-15
2027-07-01,TPA,BSK,192885.28,260149.54,327413.81,3.1,FP&A Baseline TS v3,2026-09-15
2027-08-01,TPA,BSK,198384.89,273227.31,348069.74,3.1,FP&A Baseline TS v3,2026-09-15
2027-09-01,TPA,BSK,207780.37,292351.94,376923.51,3.1,FP&A Baseline TS v3,2026-09-15
2027-10-01,TPA,BSK,230295.43,331188.78,432082.13,3.1,FP&A Baseline TS v3,2026-09-15
2027-11-01,TPA,BSK,246341.07,362266.28,478191.49,3.1,FP&A Baseline TS v3,2026-09-15
2027-12-01,TPA,BSK,315439.3,474601.73,633764.17,3.1,FP&A Baseline TS v3,2026-09-15
2026-09-01,TPA,CLM,62435.21,69756.9,77078.58,3.9,FP&A Baseline TS v3,2026-09-15
2026-10-01,TPA,CLM,68072.65,77383.42,86694.19,3.9,FP&A Baseline TS v3,2026-09-15
2026-11-01,TPA,CLM,77496.77,89662.13,101827.49,3.9,FP&A Baseline TS v3,2026-09-15
2026-12-01,TPA,CLM,105504.18,124274.62,143045.06,3.9,FP&A Baseline TS v3,2026-09-15
2027-01-01,TPA,CLM,60104.53,72102.36,84100.19,3.9,FP&A Baseline TS v3,2026-09-15
2027-02-01,TPA,CLM,67920.33,83007.83,98095.33,3.9,FP&A Baseline TS v3,2026-09-15
2027-03-01,TPA,CLM,65694.59,81823.67,97952.75,3.9,FP&A Baseline TS v3,2026-09-15
2027-04-01,TPA,CLM,60147.25,76375.52,92603.79,3.9,FP&A Baseline TS v3,2026-09-15
2027-05-01,TPA,CLM,55704.63,72141.3,88577.98,3.9,FP&A Baseline TS v3,2026-09-15
2027-06-01,TPA,CLM,50238.8,66383.19,82527.58,3.9,FP&A Baseline TS v3,2026-09-15
2027-07-01,TPA,CLM,53051.21,71551.59,90051.97,3.9,FP&A Baseline TS v3,2026-09-15
2027-08-01,TPA,CLM,46687.6,64300.9,81914.2,3.9,FP&A Baseline TS v3,2026-09-15
2027-09-01,TPA,CLM,51494.33,72453.75,93413.17,3.9,FP&A Baseline TS v3,2026-09-15
2027-10-01,TPA,CLM,55889.64,80375.12,104860.59,3.9,FP&A Baseline TS v3,2026-09-15
2027-11-01,TPA,CLM,63327.4,93128.53,122929.66,3.9,FP&A Baseline TS v3,2026-09-15
2027-12-01,TPA,CLM,85791.18,129079.16,172367.15,3.9,FP&A Baseline TS v3,2026-09-15
2026-09-01,TPA,CYC,225563.59,252015.1,278466.6,2.1,FP&A Baseline TS v3,2026-09-15
2026-10-01,TPA,CYC,180231.75,204883.31,229534.87,2.1,FP&A Baseline TS v3,2026-09-15
2026-11-01,TPA,CYC,229966.71,266066.63,302166.55,2.1,FP&A Baseline TS v3,2026-09-15
2026-12-01,TPA,CYC,322282.98,379620.92,436958.86,2.1,FP&A Baseline TS v3,2026-09-15
2027-01-01,TPA,CYC,203815.24,244500.04,285184.85,2.1,FP&A Baseline TS v3,2026-09-15
2027-02-01,TPA,CYC,310024.49,378891.88,447759.26,2.1,FP&A Baseline TS v3,2026-09-15
2027-03-01,TPA,CYC,339383.33,422707.42,506031.51,2.1,FP&A Baseline TS v3,2026-09-15
2027-04-01,TPA,CYC,394848.94,501382.74,607916.54,2.1,FP&A Baseline TS v3,2026-09-15
2027-05-01,TPA,CYC,353386.54,457659.73,561932.92,2.1,FP&A Baseline TS v3,2026-09-15
2027-06-01,TPA,CYC,340051.6,449328.23,558604.85,2.1,FP&A Baseline TS v3,2026-09-15
2027-07-01,TPA,CYC,268075.98,361561.26,455046.54,2.1,FP&A Baseline TS v3,2026-09-15
2027-08-01,TPA,CYC,224710.56,309484.57,394258.59,2.1,FP&A Baseline TS v3,2026-09-15
2027-09-01,TPA,CYC,182826.29,257240.95,331655.61,2.1,FP&A Baseline TS v3,2026-09-15
2027-10-01,TPA,CYC,145421.9,209131.82,272841.74,2.1,FP&A Baseline TS v3,2026-09-15
2027-11-01,TPA,CYC,184677.02,271583.86,358490.69,2.1,FP&A Baseline TS v3,2026-09-15
2027-12-01,TPA,CYC,257543.24,387492.84,517442.44,2.1,FP&A Baseline TS v3,2026-09-15
2026-09-01,TPA,FTB,200190.41,223666.44,247142.47,1.1,FP&A Baseline TS v3,2026-09-15
2026-10-01,TPA,FTB,146797.54,166876.06,186954.59,1.1,FP&A Baseline TS v3,2026-09-15
2026-11-01,TPA,FTB,128499.45,148671.15,168842.85,1.1,FP&A Baseline TS v3,2026-09-15
2026-12-01,TPA,FTB,113150.85,133281.72,153412.59,1.1,FP&A Baseline TS v3,2026-09-15
2027-01-01,TPA,FTB,51245.35,61474.75,71704.14,1.1,FP&A Baseline TS v3,2026-09-15
2027-02-01,TPA,FTB,56478.31,69024.13,81569.96,1.1,FP&A Baseline TS v3,2026-09-15
2027-03-01,TPA,FTB,66028.4,82239.44,98450.48,1.1,FP&A Baseline TS v3,2026-09-15
2027-04-01,TPA,FTB,98126.0,124601.27,151076.55,1.1,FP&A Baseline TS v3,2026-09-15
2027-05-01,TPA,FTB,138337.71,179156.8,219975.88,1.1,FP&A Baseline TS v3,2026-09-15
2027-06-01,TPA,FTB,164904.24,217896.73,270889.21,1.1,FP&A Baseline TS v3,2026-09-15
2027-07-01,TPA,FTB,171252.0,230972.16,290692.33,1.1,FP&A Baseline TS v3,2026-09-15
2027-08-01,TPA,FTB,160176.02,220603.82,281031.62,1.1,FP&A Baseline TS v3,2026-09-15
2027-09-01,TPA,FTB,160720.07,226136.97,291553.88,1.1,FP&A Baseline TS v3,2026-09-15
2027-10-01,TPA,FTB,117320.66,168719.31,220117.96,1.1,FP&A Baseline TS v3,2026-09-15
2027-11-01,TPA,FTB,102213.05,150313.31,198413.57,1.1,FP&A Baseline TS v3,2026-09-15
2027-12-01,TPA,FTB,89562.83,134753.89,179944.96,1.1,FP&A Baseline TS v3,2026-09-15
2026-09-01,TPA,GLF,286769.23,320398.22,354027.22,-2.4,FP&A Baseline TS v3,2026-09-15
2026-10-01,TPA,GLF,267857.99,304494.8,341131.62,-2.4,FP&A Baseline TS v3,2026-09-15
2026-11-01,TPA,GLF,302492.54,349977.49,397462.44,-2.4,FP&A Baseline TS v3,2026-09-15
2026-12-01,TPA,GLF,387213.78,456103.68,524993.58,-2.4,FP&A Baseline TS v3,2026-09-15
2027-01-01,TPA,GLF,291168.65,349290.6,407412.56,-2.4,FP&A Baseline TS v3,2026-09-15
2027-02-01,TPA,GLF,404430.23,494268.47,584106.7,-2.4,FP&A Baseline TS v3,2026-09-15
2027-03-01,TPA,GLF,439353.13,547221.42,655089.7,-2.4,FP&A Baseline TS v3,2026-09-15
2027-04-01,TPA,GLF,507407.07,644310.07,781213.08,-2.4,FP&A Baseline TS v3,2026-09-15
2027-05-01,TPA,GLF,442314.39,572827.38,703340.37,-2.4,FP&A Baseline TS v3,2026-09-15
2027-06-01,TPA,GLF,439307.51,580480.33,721653.14,-2.4,FP&A Baseline TS v3,2026-09-15
2027-07-01,TPA,GLF,367499.74,495656.75,623813.76,-2.4,FP&A Baseline TS v3,2026-09-15
2027-08-01,TPA,GLF,290376.95,399924.18,509471.41,-2.4,FP&A Baseline TS v3,2026-09-15
2027-09-01,TPA,GLF,222222.31,312672.09,403121.88,-2.4,FP&A Baseline TS v3,2026-09-15
2027-10-01,TPA,GLF,206627.73,297152.17,387676.61,-2.4,FP&A Baseline TS v3,2026-09-15
2027-11-01,TPA,GLF,232245.9,341538.08,450830.27,-2.4,FP&A Baseline TS v3,2026-09-15
2027-12-01,TPA,GLF,295834.67,445105.13,594375.59,-2.4,FP&A Baseline TS v3,2026-09-15
2026-09-01,TPA,HKY,55949.9,62511.07,69072.23,2.6,FP&A Baseline TS v3,2026-09-15
2026-10-01,TPA,HKY,57184.21,65005.69,72827.18,2.6,FP&A Baseline TS v3,2026-09-15
2026-11-01,TPA,HKY,57325.96,66324.92,75323.89,2.6,FP&A Baseline TS v3,2026-09-15
2026-12-01,TPA,HKY,61873.1,72881.06,83889.01,2.6,FP&A Baseline TS v3,2026-09-15
2027-01-01,TPA,HKY,28828.82,34583.52,40338.21,2.6,FP&A Baseline TS v3,2026-09-15
2027-02-01,TPA,HKY,25729.2,31444.57,37159.93,2.6,FP&A Baseline TS v3,2026-09-15
2027-03-01,TPA,HKY,20972.21,26121.23,31270.24,2.6,FP&A Baseline TS v3,2026-09-15
2027-04-01,TPA,HKY,20326.5,25810.77,31295.04,2.6,FP&A Baseline TS v3,2026-09-15
2027-05-01,TPA,HKY,24038.09,31130.98,38223.86,2.6,FP&A Baseline TS v3,2026-09-15
2027-06-01,TPA,HKY,29097.79,38448.46,47799.12,2.6,FP&A Baseline TS v3,2026-09-15
2027-07-01,TPA,HKY,39133.6,52780.54,66427.48,2.6,FP&A Baseline TS v3,2026-09-15
2027-08-01,TPA,HKY,45395.8,62521.76,79647.72,2.6,FP&A Baseline TS v3,2026-09-15
2027-09-01,TPA,HKY,45582.12,64135.14,82688.15,2.6,FP&A Baseline TS v3,2026-09-15
2027-10-01,TPA,HKY,46376.74,66694.57,87012.41,2.6,FP&A Baseline TS v3,2026-09-15
2027-11-01,TPA,HKY,46272.7,68048.08,89823.47,2.6,FP&A Baseline TS v3,2026-09-15
2027-12-01,TPA,HKY,49698.15,74774.55,99850.94,2.6,FP&A Baseline TS v3,2026-09-15
2026-09-01,TPA,LAX,55026.33,61479.18,67932.03,4.8,FP&A Baseline TS v3,2026-09-15
2026-10-01,TPA,LAX,73079.76,83075.39,93071.02,4.8,FP&A Baseline TS v3,2026-09-15
2026-11-01,TPA,LAX,98563.41,114035.79,129508.16,4.8,FP&A Baseline TS v3,2026-09-15
2026-12-01,TPA,LAX,158618.73,186838.87,215059.02,4.8,FP&A Baseline TS v3,2026-09-15
2027-01-01,TPA,LAX,96533.95,115803.68,135073.42,4.8,FP&A Baseline TS v3,2026-09-15
2027-02-01,TPA,LAX,115129.15,140703.4,166277.65,4.8,FP&A Baseline TS v3,2026-09-15
2027-03-01,TPA,LAX,106043.04,132078.32,158113.6,4.8,FP&A Baseline TS v3,2026-09-15
2027-04-01,TPA,LAX,88229.04,112034.03,135839.02,4.8,FP&A Baseline TS v3,2026-09-15
2027-05-01,TPA,LAX,70891.1,91808.82,112726.54,4.8,FP&A Baseline TS v3,2026-09-15
2027-06-01,TPA,LAX,48934.74,64660.07,80385.4,4.8,FP&A Baseline TS v3,2026-09-15
2027-07-01,TPA,LAX,40681.1,54867.7,69054.29,4.8,FP&A Baseline TS v3,2026-09-15
2027-08-01,TPA,LAX,43456.93,59851.44,76245.94,4.8,FP&A Baseline TS v3,2026-09-15
2027-09-01,TPA,LAX,45771.12,64401.06,83030.99,4.8,FP&A Baseline TS v3,2026-09-15
2027-10-01,TPA,LAX,60512.77,87023.65,113534.54,4.8,FP&A Baseline TS v3,2026-09-15
2027-11-01,TPA,LAX,81229.73,119455.48,157681.24,4.8,FP&A Baseline TS v3,2026-09-15
2027-12-01,TPA,LAX,130082.43,195718.63,261354.83,4.8,FP&A Baseline TS v3,2026-09-15
2026-09-01,TPA,PKB,222351.32,248426.13,274500.94,4.0,FP&A Baseline TS v3,2026-09-15
2026-10-01,TPA,PKB,229728.32,261149.88,292571.43,4.0,FP&A Baseline TS v3,2026-09-15
2026-11-01,TPA,PKB,259172.43,299857.04,340541.64,4.0,FP&A Baseline TS v3,2026-09-15
2026-12-01,TPA,PKB,335079.53,394694.14,454308.74,4.0,FP&A Baseline TS v3,2026-09-15
2027-01-01,TPA,PKB,210704.21,252764.17,294824.13,4.0,FP&A Baseline TS v3,2026-09-15
2027-02-01,TPA,PKB,241347.52,294959.32,348571.13,4.0,FP&A Baseline TS v3,2026-09-15
2027-03-01,TPA,PKB,265907.55,331192.14,396476.74,4.0,FP&A Baseline TS v3,2026-09-15
2027-04-01,TPA,PKB,270682.59,343715.19,416747.79,4.0,FP&A Baseline TS v3,2026-09-15
2027-05-01,TPA,PKB,242307.88,313805.27,385302.66,4.0,FP&A Baseline TS v3,2026-09-15
2027-06-01,TPA,PKB,249380.5,329519.69,409658.88,4.0,FP&A Baseline TS v3,2026-09-15
2027-07-01,TPA,PKB,203668.97,274693.8,345718.63,4.0,FP&A Baseline TS v3,2026-09-15
2027-08-01,TPA,PKB,191956.76,264374.12,336791.48,4.0,FP&A Baseline TS v3,2026-09-15
2027-09-01,TPA,PKB,183708.33,258482.01,333255.68,4.0,FP&A Baseline TS v3,2026-09-15
2027-10-01,TPA,PKB,188943.77,271720.79,354497.81,4.0,FP&A Baseline TS v3,2026-09-15
2027-11-01,TPA,PKB,212156.43,311994.75,411833.07,4.0,FP&A Baseline TS v3,2026-09-15
2027-12-01,TPA,PKB,272948.17,410670.7,548393.23,4.0,FP&A Baseline TS v3,2026-09-15
2026-09-01,TPA,RUN,520672.06,581730.49,642788.92,2.1,FP&A Baseline TS v3,2026-09-15
2026-10-01,TPA,RUN,512694.84,582819.71,652944.57,2.1,FP&A Baseline TS v3,2026-09-15
2026-11-01,TPA,RUN,633082.15,732462.69,831843.22,2.1,FP&A Baseline TS v3,2026-09-15
2026-12-01,TPA,RUN,808877.56,952786.42,1096695.28,2.1,FP&A Baseline TS v3,2026-09-15
2027-01-01,TPA,RUN,537647.33,644970.41,752293.48,2.1,FP&A Baseline TS v3,2026-09-15
2027-02-01,TPA,RUN,631253.62,771477.35,911701.07,2.1,FP&A Baseline TS v3,2026-09-15
2027-03-01,TPA,RUN,642975.36,800836.19,958697.03,2.1,FP&A Baseline TS v3,2026-09-15
2027-04-01,TPA,RUN,624302.23,792744.61,961186.98,2.1,FP&A Baseline TS v3,2026-09-15
2027-05-01,TPA,RUN,592848.45,767779.29,942710.12,2.1,FP&A Baseline TS v3,2026-09-15
2027-06-01,TPA,RUN,577458.79,763026.94,948595.09,2.1,FP&A Baseline TS v3,2026-09-15
2027-07-01,TPA,RUN,487084.92,656944.49,826804.06,2.1,FP&A Baseline TS v3,2026-09-15
2027-08-01,TPA,RUN,467249.04,643522.81,819796.58,2.1,FP&A Baseline TS v3,2026-09-15
2027-09-01,TPA,RUN,421983.77,593741.24,765498.7,2.1,FP&A Baseline TS v3,2026-09-15
2027-10-01,TPA,RUN,413636.94,594852.94,776068.94,2.1,FP&A Baseline TS v3,2026-09-15
2027-11-01,TPA,RUN,508358.17,747585.54,986812.91,2.1,FP&A Baseline TS v3,2026-09-15
2027-12-01,TPA,RUN,646334.62,972458.2,1298581.78,2.1,FP&A Baseline TS v3,2026-09-15
2026-09-01,TPA,SNW,88908.82,99335.02,109761.23,2.2,FP&A Baseline TS v3,2026-09-15
2026-10-01,TPA,SNW,111879.78,127182.36,142484.94,2.2,FP&A Baseline TS v3,2026-09-15
2026-11-01,TPA,SNW,147646.81,170824.25,194001.68,2.2,FP&A Baseline TS v3,2026-09-15
2026-12-01,TPA,SNW,188016.57,221466.94,254917.3,2.2,FP&A Baseline TS v3,2026-09-15
2027-01-01,TPA,SNW,95896.18,115038.61,134181.03,2.2,FP&A Baseline TS v3,2026-09-15
2027-02-01,TPA,SNW,85138.77,104051.09,122963.42,2.2,FP&A Baseline TS v3,2026-09-15
2027-03-01,TPA,SNW,56842.63,70798.42,84754.2,2.2,FP&A Baseline TS v3,2026-09-15
2027-04-01,TPA,SNW,25732.62,32675.52,39618.41,2.2,FP&A Baseline TS v3,2026-09-15
2027-05-01,TPA,SNW,12019.69,15566.32,19112.95,2.2,FP&A Baseline TS v3,2026-09-15
2027-06-01,TPA,SNW,11333.41,14975.44,18617.47,2.2,FP&A Baseline TS v3,2026-09-15
2027-07-01,TPA,SNW,22917.81,30909.86,38901.92,2.2,FP&A Baseline TS v3,2026-09-15
2027-08-01,TPA,SNW,47748.54,65762.1,83775.65,2.2,FP&A Baseline TS v3,2026-09-15
2027-09-01,TPA,SNW,72117.72,101471.35,130824.98,2.2,FP&A Baseline TS v3,2026-09-15
2027-10-01,TPA,SNW,90339.49,129917.58,169495.67,2.2,FP&A Baseline TS v3,2026-09-15
2027-11-01,TPA,SNW,118658.67,174498.04,230337.41,2.2,FP&A Baseline TS v3,2026-09-15
2027-12-01,TPA,SNW,150361.42,226229.86,302098.31,2.2,FP&A Baseline TS v3,2026-09-15
2026-09-01,TPA,SOC,378328.73,422694.78,467060.82,3.8,FP&A Baseline TS v3,2026-09-15
2026-10-01,TPA,SOC,324162.48,368500.45,412838.43,3.8,FP&A Baseline TS v3,2026-09-15
2026-11-01,TPA,SOC,320759.53,371112.01,421464.49,3.8,FP&A Baseline TS v3,2026-09-15
2026-12-01,TPA,SOC,368106.82,433597.36,499087.91,3.8,FP&A Baseline TS v3,2026-09-15
2027-01-01,TPA,SOC,193700.44,232366.17,271031.9,3.8,FP&A Baseline TS v3,2026-09-15
2027-02-01,TPA,SOC,225361.96,275422.81,325483.66,3.8,FP&A Baseline TS v3,2026-09-15
2027-03-01,TPA,SOC,249189.27,310369.25,371549.24,3.8,FP&A Baseline TS v3,2026-09-15
2027-04-01,TPA,SOC,269283.57,341938.7,414593.84,3.8,FP&A Baseline TS v3,2026-09-15
2027-05-01,TPA,SOC,312530.8,404748.76,496966.72,3.8,FP&A Baseline TS v3,2026-09-15
2027-06-01,TPA,SOC,348904.26,461025.71,573147.16,3.8,FP&A Baseline TS v3,2026-09-15
2027-07-01,TPA,SOC,363056.57,489664.13,616271.68,3.8,FP&A Baseline TS v3,2026-09-15
2027-08-01,TPA,SOC,347480.25,478570.2,609660.15,3.8,FP&A Baseline TS v3,2026-09-15
2027-09-01,TPA,SOC,311764.38,438659.93,565555.47,3.8,FP&A Baseline TS v3,2026-09-15
2027-10-01,TPA,SOC,265918.66,382418.69,498918.72,3.8,FP&A Baseline TS v3,2026-09-15
2027-11-01,TPA,SOC,261887.64,385128.88,508370.13,3.8,FP&A Baseline TS v3,2026-09-15
2027-12-01,TPA,SOC,299070.92,449974.31,600877.69,3.8,FP&A Baseline TS v3,2026-09-15
2026-09-01,TPA,TEN,107087.67,119645.68,132203.69,0.3,FP&A Baseline TS v3,2026-09-15
2026-10-01,TPA,TEN,97118.41,110401.98,123685.54,0.3,FP&A Baseline TS v3,2026-09-15
2026-11-01,TPA,TEN,113763.98,131622.53,149481.07,0.3,FP&A Baseline TS v3,2026-09-15
2026-12-01,TPA,TEN,155317.52,182950.34,210583.16,0.3,FP&A Baseline TS v3,2026-09-15
2027-01-01,TPA,TEN,92247.14,110661.16,129075.17,0.3,FP&A Baseline TS v3,2026-09-15
2027-02-01,TPA,TEN,126173.93,154201.62,182229.3,0.3,FP&A Baseline TS v3,2026-09-15
2027-03-01,TPA,TEN,133371.56,166116.43,198861.3,0.3,FP&A Baseline TS v3,2026-09-15
2027-04-01,TPA,TEN,146614.67,186172.63,225730.59,0.3,FP&A Baseline TS v3,2026-09-15
2027-05-01,TPA,TEN,146563.37,189809.59,233055.81,0.3,FP&A Baseline TS v3,2026-09-15
2027-06-01,TPA,TEN,138365.19,182829.27,227293.35,0.3,FP&A Baseline TS v3,2026-09-15
2027-07-01,TPA,TEN,120151.55,162051.62,203951.68,0.3,FP&A Baseline TS v3,2026-09-15
2027-08-01,TPA,TEN,102056.91,140558.76,179060.62,0.3,FP&A Baseline TS v3,2026-09-15
2027-09-01,TPA,TEN,85262.76,119966.74,154670.72,0.3,FP&A Baseline TS v3,2026-09-15
2027-10-01,TPA,TEN,76975.12,110698.23,144421.34,0.3,FP&A Baseline TS v3,2026-09-15
2027-11-01,TPA,TEN,89743.5,131975.73,174207.96,0.3,FP&A Baseline TS v3,2026-09-15
2027-12-01,TPA,TEN,121922.41,183441.27,244960.14,0.3,FP&A Baseline TS v3,2026-09-15
2026-09-01,TPA,VOL,108167.85,120852.53,133537.21,6.2,FP&A Baseline TS v3,2026-09-15
2026-10-01,TPA,VOL,102876.67,116947.83,131019.0,6.2,FP&A Baseline TS v3,2026-09-15
2026-11-01,TPA,VOL,97451.04,112748.8,128046.55,6.2,FP&A Baseline TS v3,2026-09-15
2026-12-01,TPA,VOL,103412.63,121810.96,140209.29,6.2,FP&A Baseline TS v3,2026-09-15
2027-01-01,TPA,VOL,53842.4,64590.21,75338.02,6.2,FP&A Baseline TS v3,2026-09-15
2027-02-01,TPA,VOL,65901.66,80540.74,95179.83,6.2,FP&A Baseline TS v3,2026-09-15
2027-03-01,TPA,VOL,69730.96,86851.03,103971.11,6.2,FP&A Baseline TS v3,2026-09-15
2027-04-01,TPA,VOL,82599.67,104885.8,127171.94,6.2,FP&A Baseline TS v3,2026-09-15
2027-05-01,TPA,VOL,91800.67,118888.15,145975.62,6.2,FP&A Baseline TS v3,2026-09-15
2027-06-01,TPA,VOL,102118.73,134934.89,167751.06,6.2,FP&A Baseline TS v3,2026-09-15
2027-07-01,TPA,VOL,107505.87,144996.04,182486.22,6.2,FP&A Baseline TS v3,2026-09-15
2027-08-01,TPA,VOL,113720.27,156622.23,199524.19,6.2,FP&A Baseline TS v3,2026-09-15
2027-09-01,TPA,VOL,91200.98,128321.96,165442.93,6.2,FP&A Baseline TS v3,2026-09-15
2027-10-01,TPA,VOL,86346.97,124175.93,162004.88,6.2,FP&A Baseline TS v3,2026-09-15
2027-11-01,TPA,VOL,81407.81,119717.36,158026.92,6.2,FP&A Baseline TS v3,2026-09-15
2027-12-01,TPA,VOL,85964.29,129339.62,172714.96,6.2,FP&A Baseline TS v3,2026-09-15
2026-09-01,WAS,BSB,235406.4,263012.15,290617.91,0.4,FP&A Baseline TS v3,2026-09-15
2026-10-01,WAS,BSB,289258.42,328822.32,368386.22,0.4,FP&A Baseline TS v3,2026-09-15
2026-11-01,WAS,BSB,414856.29,479979.97,545103.65,0.4,FP&A Baseline TS v3,2026-09-15
2026-12-01,WAS,BSB,632163.74,744633.13,857102.52,0.4,FP&A Baseline TS v3,2026-09-15
2027-01-01,WAS,BSB,434246.7,520929.35,607611.99,0.4,FP&A Baseline TS v3,2026-09-15
2027-02-01,WAS,BSB,594023.19,725976.72,857930.25,0.4,FP&A Baseline TS v3,2026-09-15
2027-03-01,WAS,BSB,520486.89,648274.82,776062.75,0.4,FP&A Baseline TS v3,2026-09-15
2027-04-01,WAS,BSB,481150.28,610968.97,740787.65,0.4,FP&A Baseline TS v3,2026-09-15
2027-05-01,WAS,BSB,443214.14,573992.62,704771.09,0.4,FP&A Baseline TS v3,2026-09-15
2027-06-01,WAS,BSB,301525.48,398421.61,495317.75,0.4,FP&A Baseline TS v3,2026-09-15
2027-07-01,WAS,BSB,233918.04,315491.53,397065.02,0.4,FP&A Baseline TS v3,2026-09-15
2027-08-01,WAS,BSB,204005.31,280968.09,357930.87,0.4,FP&A Baseline TS v3,2026-09-15
2027-09-01,WAS,BSB,187746.57,264163.9,340581.23,0.4,FP&A Baseline TS v3,2026-09-15
2027-10-01,WAS,BSB,229651.16,330262.26,430873.35,0.4,FP&A Baseline TS v3,2026-09-15
2027-11-01,WAS,BSB,327815.65,482081.83,636348.02,0.4,FP&A Baseline TS v3,2026-09-15
2027-12-01,WAS,BSB,497080.22,747893.92,998707.63,0.4,FP&A Baseline TS v3,2026-09-15
2026-09-01,WAS,BSK,422232.47,471747.04,521261.61,0.9,FP&A Baseline TS v3,2026-09-15
2026-10-01,WAS,BSK,443180.75,503797.69,564414.63,0.9,FP&A Baseline TS v3,2026-09-15
2026-11-01,WAS,BSK,509171.61,589100.81,669030.0,0.9,FP&A Baseline TS v3,2026-09-15
2026-12-01,WAS,BSK,620185.56,730523.88,840862.21,0.9,FP&A Baseline TS v3,2026-09-15
2027-01-01,WAS,BSK,302296.55,362639.82,422983.08,0.9,FP&A Baseline TS v3,2026-09-15
2027-02-01,WAS,BSK,327668.91,400455.75,473242.58,0.9,FP&A Baseline TS v3,2026-09-15
2027-03-01,WAS,BSK,308461.6,384193.9,459926.2,0.9,FP&A Baseline TS v3,2026-09-15
2027-04-01,WAS,BSK,285655.69,362728.17,439800.65,0.9,FP&A Baseline TS v3,2026-09-15
2027-05-01,WAS,BSK,268877.11,348214.24,427551.38,0.9,FP&A Baseline TS v3,2026-09-15
2027-06-01,WAS,BSK,298559.56,394502.58,490445.61,0.9,FP&A Baseline TS v3,2026-09-15
2027-07-01,WAS,BSK,320126.76,431763.55,543400.33,0.9,FP&A Baseline TS v3,2026-09-15
2027-08-01,WAS,BSK,351242.37,483751.61,616260.85,0.9,FP&A Baseline TS v3,2026-09-15
2027-09-01,WAS,BSK,338425.72,476173.07,613920.41,0.9,FP&A Baseline TS v3,2026-09-15
2027-10-01,WAS,BSK,353607.54,508524.42,663441.3,0.9,FP&A Baseline TS v3,2026-09-15
2027-11-01,WAS,BSK,404346.95,594627.87,784908.79,0.9,FP&A Baseline TS v3,2026-09-15
2027-12-01,WAS,BSK,490090.78,737377.81,984664.83,0.9,FP&A Baseline TS v3,2026-09-15
2026-09-01,WAS,CLM,100682.56,112489.46,124296.35,2.9,FP&A Baseline TS v3,2026-09-15
2026-10-01,WAS,CLM,109855.53,124881.24,139906.95,2.9,FP&A Baseline TS v3,2026-09-15
2026-11-01,WAS,CLM,142566.57,164946.51,187326.45,2.9,FP&A Baseline TS v3,2026-09-15
2026-12-01,WAS,CLM,172976.18,203750.69,234525.19,2.9,FP&A Baseline TS v3,2026-09-15
2027-01-01,WAS,CLM,90969.1,109128.0,127286.9,2.9,FP&A Baseline TS v3,2026-09-15
2027-02-01,WAS,CLM,115578.52,141252.59,166926.66,2.9,FP&A Baseline TS v3,2026-09-15
2027-03-01,WAS,CLM,101257.66,126118.04,150978.43,2.9,FP&A Baseline TS v3,2026-09-15
2027-04-01,WAS,CLM,91610.2,116327.46,141044.72,2.9,FP&A Baseline TS v3,2026-09-15
2027-05-01,WAS,CLM,89925.42,116459.57,142993.72,2.9,FP&A Baseline TS v3,2026-09-15
2027-06-01,WAS,CLM,78621.19,103886.35,129151.51,2.9,FP&A Baseline TS v3,2026-09-15
2027-07-01,WAS,CLM,86895.02,117197.64,147500.26,2.9,FP&A Baseline TS v3,2026-09-15
2027-08-01,WAS,CLM,83461.28,114947.77,146434.27,2.9,FP&A Baseline TS v3,2026-09-15
2027-09-01,WAS,CLM,82261.43,115743.8,149226.17,2.9,FP&A Baseline TS v3,2026-09-15
2027-10-01,WAS,CLM,89349.64,128494.08,167638.51,2.9,FP&A Baseline TS v3,2026-09-15
2027-11-01,WAS,CLM,115408.54,169718.45,224028.35,2.9,FP&A Baseline TS v3,2026-09-15
2027-12-01,WAS,CLM,139338.61,209645.24,279951.86,2.9,FP&A Baseline TS v3,2026-09-15
2026-09-01,WAS,CYC,362660.63,405189.3,447717.97,1.3,FP&A Baseline TS v3,2026-09-15
2026-10-01,WAS,CYC,351327.83,399381.4,447434.97,1.3,FP&A Baseline TS v3,2026-09-15
2026-11-01,WAS,CYC,348219.56,402882.69,457545.81,1.3,FP&A Baseline TS v3,2026-09-15
2026-12-01,WAS,CYC,538634.99,634464.51,730294.03,1.3,FP&A Baseline TS v3,2026-09-15
2027-01-01,WAS,CYC,365640.37,438628.09,511615.8,1.3,FP&A Baseline TS v3,2026-09-15
2027-02-01,WAS,CYC,497690.27,608244.86,718799.44,1.3,FP&A Baseline TS v3,2026-09-15
2027-03-01,WAS,CYC,576474.74,718008.59,859542.45,1.3,FP&A Baseline TS v3,2026-09-15
2027-04-01,WAS,CYC,607418.23,771305.14,935192.06,1.3,FP&A Baseline TS v3,2026-09-15
2027-05-01,WAS,CYC,584611.92,757112.41,929612.91,1.3,FP&A Baseline TS v3,2026-09-15
2027-06-01,WAS,CYC,557764.36,737003.64,916242.93,1.3,FP&A Baseline TS v3,2026-09-15
2027-07-01,WAS,CYC,497302.8,670725.61,844148.43,1.3,FP&A Baseline TS v3,2026-09-15
2027-08-01,WAS,CYC,373003.41,513722.19,654440.97,1.3,FP&A Baseline TS v3,2026-09-15
2027-09-01,WAS,CYC,291743.73,410490.39,529237.05,1.3,FP&A Baseline TS v3,2026-09-15
2027-10-01,WAS,CYC,281347.18,404606.51,527865.83,1.3,FP&A Baseline TS v3,2026-09-15
2027-11-01,WAS,CYC,277544.45,408153.6,538762.75,1.3,FP&A Baseline TS v3,2026-09-15
2027-12-01,WAS,CYC,427207.47,642765.21,858322.95,1.3,FP&A Baseline TS v3,2026-09-15
2026-09-01,WAS,FTB,220860.39,246760.35,272660.32,0.2,FP&A Baseline TS v3,2026-09-15
2026-10-01,WAS,FTB,184472.84,209704.48,234936.12,0.2,FP&A Baseline TS v3,2026-09-15
2026-11-01,WAS,FTB,155296.44,179674.71,204052.97,0.2,FP&A Baseline TS v3,2026-09-15
2026-12-01,WAS,FTB,135254.05,159317.34,183380.63,0.2,FP&A Baseline TS v3,2026-09-15
2027-01-01,WAS,FTB,62245.74,74670.99,87096.25,0.2,FP&A Baseline TS v3,2026-09-15
2027-02-01,WAS,FTB,66329.71,81063.88,95798.06,0.2,FP&A Baseline TS v3,2026-09-15
2027-03-01,WAS,FTB,82395.94,102625.48,122855.01,0.2,FP&A Baseline TS v3,2026-09-15
2027-04-01,WAS,FTB,106029.75,134637.54,163245.32,0.2,FP&A Baseline TS v3,2026-09-15
2027-05-01,WAS,FTB,149090.88,193082.89,237074.89,0.2,FP&A Baseline TS v3,2026-09-15
2027-06-01,WAS,FTB,172305.33,227676.18,283047.03,0.2,FP&A Baseline TS v3,2026-09-15
2027-07-01,WAS,FTB,194606.76,262471.35,330335.94,0.2,FP&A Baseline TS v3,2026-09-15
2027-08-01,WAS,FTB,191945.17,264358.16,336771.15,0.2,FP&A Baseline TS v3,2026-09-15
2027-09-01,WAS,FTB,175813.73,247374.11,318934.49,0.2,FP&A Baseline TS v3,2026-09-15
2027-10-01,WAS,FTB,146182.8,210226.07,274269.34,0.2,FP&A Baseline TS v3,2026-09-15
2027-11-01,WAS,FTB,122482.69,180121.6,237760.52,0.2,FP&A Baseline TS v3,2026-09-15
2027-12-01,WAS,FTB,106152.05,159713.6,213275.15,0.2,FP&A Baseline TS v3,2026-09-15
2026-09-01,WAS,GLF,396185.05,442645.07,489105.1,-2.6,FP&A Baseline TS v3,2026-09-15
2026-10-01,WAS,GLF,342106.22,388898.49,435690.76,-2.6,FP&A Baseline TS v3,2026-09-15
2026-11-01,WAS,GLF,403745.58,467125.12,530504.65,-2.6,FP&A Baseline TS v3,2026-09-15
2026-12-01,WAS,GLF,522432.1,615378.93,708325.76,-2.6,FP&A Baseline TS v3,2026-09-15
2027-01-01,WAS,GLF,373079.18,447551.8,522024.42,-2.6,FP&A Baseline TS v3,2026-09-15
2027-02-01,WAS,GLF,477876.58,584029.84,690183.11,-2.6,FP&A Baseline TS v3,2026-09-15
2027-03-01,WAS,GLF,564901.64,703594.11,842286.58,-2.6,FP&A Baseline TS v3,2026-09-15
2027-04-01,WAS,GLF,597109.42,758214.93,919320.44,-2.6,FP&A Baseline TS v3,2026-09-15
2027-05-01,WAS,GLF,560791.27,726263.04,891734.81,-2.6,FP&A Baseline TS v3,2026-09-15
2027-06-01,WAS,GLF,535017.59,706947.13,878876.68,-2.6,FP&A Baseline TS v3,2026-09-15
2027-07-01,WAS,GLF,490341.94,661337.31,832332.69,-2.6,FP&A Baseline TS v3,2026-09-15
2027-08-01,WAS,GLF,357919.09,492947.19,627975.28,-2.6,FP&A Baseline TS v3,2026-09-15
2027-09-01,WAS,GLF,306487.92,431235.81,555983.71,-2.6,FP&A Baseline TS v3,2026-09-15
2027-10-01,WAS,GLF,263454.21,378874.56,494294.91,-2.6,FP&A Baseline TS v3,2026-09-15
2027-11-01,WAS,GLF,309457.72,455084.88,600712.04,-2.6,FP&A Baseline TS v3,2026-09-15
2027-12-01,WAS,GLF,398463.26,599517.42,800571.59,-2.6,FP&A Baseline TS v3,2026-09-15
2026-09-01,WAS,HKY,388160.98,433680.03,479199.09,-0.2,FP&A Baseline TS v3,2026-09-15
2026-10-01,WAS,HKY,414693.02,471413.49,528133.96,-0.2,FP&A Baseline TS v3,2026-09-15
2026-11-01,WAS,HKY,402756.8,465981.12,529205.44,-0.2,FP&A Baseline TS v3,2026-09-15
2026-12-01,WAS,HKY,434586.59,511904.67,589222.75,-0.2,FP&A Baseline TS v3,2026-09-15
2027-01-01,WAS,HKY,191146.8,229302.78,267458.77,-0.2,FP&A Baseline TS v3,2026-09-15
2027-02-01,WAS,HKY,164933.62,201571.2,238208.78,-0.2,FP&A Baseline TS v3,2026-09-15
2027-03-01,WAS,HKY,152462.94,189895.05,227327.16,-0.2,FP&A Baseline TS v3,2026-09-15
2027-04-01,WAS,HKY,155929.72,198000.96,240072.2,-0.2,FP&A Baseline TS v3,2026-09-15
2027-05-01,WAS,HKY,183089.09,237112.89,291136.7,-0.2,FP&A Baseline TS v3,2026-09-15
2027-06-01,WAS,HKY,216937.82,286651.45,356365.09,-0.2,FP&A Baseline TS v3,2026-09-15
2027-07-01,WAS,HKY,266524.61,359468.89,452413.17,-0.2,FP&A Baseline TS v3,2026-09-15
2027-08-01,WAS,HKY,344308.34,474201.65,604094.97,-0.2,FP&A Baseline TS v3,2026-09-15
2027-09-01,WAS,HKY,307558.67,432742.39,557926.1,-0.2,FP&A Baseline TS v3,2026-09-15
2027-10-01,WAS,HKY,327093.35,470394.26,613695.16,-0.2,FP&A Baseline TS v3,2026-09-15
2027-11-01,WAS,HKY,316182.07,464973.64,613765.2,-0.2,FP&A Baseline TS v3,2026-09-15
2027-12-01,WAS,HKY,339496.71,510797.9,682099.08,-0.2,FP&A Baseline TS v3,2026-09-15
2026-09-01,WAS,LAX,229181.45,256057.22,282932.99,3.8,FP&A Baseline TS v3,2026-09-15
2026-10-01,WAS,LAX,303724.85,345267.43,386810.01,3.8,FP&A Baseline TS v3,2026-09-15
2026-11-01,WAS,LAX,481249.87,556795.94,632342.02,3.8,FP&A Baseline TS v3,2026-09-15
2026-12-01,WAS,LAX,700140.83,824704.14,949267.46,3.8,FP&A Baseline TS v3,2026-09-15
2027-01-01,WAS,LAX,427596.57,512951.73,598306.9,3.8,FP&A Baseline TS v3,2026-09-15
2027-02-01,WAS,LAX,495023.5,604985.7,714947.91,3.8,FP&A Baseline TS v3,2026-09-15
2027-03-01,WAS,LAX,457610.8,569961.64,682312.48,3.8,FP&A Baseline TS v3,2026-09-15
2027-04-01,WAS,LAX,380683.18,483394.94,586106.7,3.8,FP&A Baseline TS v3,2026-09-15
2027-05-01,WAS,LAX,286593.87,371158.66,455723.45,3.8,FP&A Baseline TS v3,2026-09-15
2027-06-01,WAS,LAX,231676.54,306126.5,380576.47,3.8,FP&A Baseline TS v3,2026-09-15
2027-07-01,WAS,LAX,186444.3,251462.43,316480.55,3.8,FP&A Baseline TS v3,2026-09-15
2027-08-01,WAS,LAX,178826.34,246290.13,313753.93,3.8,FP&A Baseline TS v3,2026-09-15
2027-09-01,WAS,LAX,188926.92,265824.68,342722.45,3.8,FP&A Baseline TS v3,2026-09-15
2027-10-01,WAS,LAX,249243.36,358437.87,467632.38,3.8,FP&A Baseline TS v3,2026-09-15
2027-11-01,WAS,LAX,393063.99,578035.27,763006.56,3.8,FP&A Baseline TS v3,2026-09-15
2027-12-01,WAS,LAX,569040.18,856163.0,1143285.82,3.8,FP&A Baseline TS v3,2026-09-15
2026-09-01,WAS,PKB,257233.07,287398.4,317563.74,9.0,FP&A Baseline TS v3,2026-09-15
2026-10-01,WAS,PKB,260827.17,296502.33,332177.48,9.0,FP&A Baseline TS v3,2026-09-15
2026-11-01,WAS,PKB,313114.94,362267.38,411419.82,9.0,FP&A Baseline TS v3,2026-09-15
2026-12-01,WAS,PKB,416459.07,490552.06,564645.04,9.0,FP&A Baseline TS v3,2026-09-15
2027-01-01,WAS,PKB,278217.66,333754.39,389291.12,9.0,FP&A Baseline TS v3,2026-09-15
2027-02-01,WAS,PKB,332619.53,406506.08,480392.62,9.0,FP&A Baseline TS v3,2026-09-15
2027-03-01,WAS,PKB,364889.91,454476.27,544062.63,9.0,FP&A Baseline TS v3,2026-09-15
2027-04-01,WAS,PKB,338232.54,429490.74,520748.93,9.0,FP&A Baseline TS v3,2026-09-15
2027-05-01,WAS,PKB,330041.68,427426.54,524811.41,9.0,FP&A Baseline TS v3,2026-09-15
2027-06-01,WAS,PKB,313723.55,414539.58,515355.61,9.0,FP&A Baseline TS v3,2026-09-15
2027-07-01,WAS,PKB,282713.3,381303.0,479892.7,9.0,FP&A Baseline TS v3,2026-09-15
2027-08-01,WAS,PKB,265140.16,365166.59,465193.03,9.0,FP&A Baseline TS v3,2026-09-15
2027-09-01,WAS,PKB,222630.52,313246.46,403862.39,9.0,FP&A Baseline TS v3,2026-09-15
2027-10-01,WAS,PKB,224718.91,323169.17,421619.42,9.0,FP&A Baseline TS v3,2026-09-15
2027-11-01,WAS,PKB,268497.32,394849.01,521200.69,9.0,FP&A Baseline TS v3,2026-09-15
2027-12-01,WAS,PKB,355363.97,534671.35,713978.74,9.0,FP&A Baseline TS v3,2026-09-15
2026-09-01,WAS,RUN,819378.58,915465.88,1011553.18,1.4,FP&A Baseline TS v3,2026-09-15
2026-10-01,WAS,RUN,820496.94,932722.06,1044947.18,1.4,FP&A Baseline TS v3,2026-09-15
2026-11-01,WAS,RUN,1020251.74,1180409.73,1340567.72,1.4,FP&A Baseline TS v3,2026-09-15
2026-12-01,WAS,RUN,1405275.59,1655290.7,1905305.8,1.4,FP&A Baseline TS v3,2026-09-15
2027-01-01,WAS,RUN,912893.58,1095121.85,1277350.13,1.4,FP&A Baseline TS v3,2026-09-15
2027-02-01,WAS,RUN,1077890.25,1317327.74,1556765.23,1.4,FP&A Baseline TS v3,2026-09-15
2027-03-01,WAS,RUN,1119176.9,1393952.9,1668728.89,1.4,FP&A Baseline TS v3,2026-09-15
2027-04-01,WAS,RUN,1131370.73,1436624.76,1741878.79,1.4,FP&A Baseline TS v3,2026-09-15
2027-05-01,WAS,RUN,1034164.27,1339313.45,1644462.62,1.4,FP&A Baseline TS v3,2026-09-15
2027-06-01,WAS,RUN,956970.04,1264495.3,1572020.55,1.4,FP&A Baseline TS v3,2026-09-15
2027-07-01,WAS,RUN,824215.27,1111641.23,1399067.19,1.4,FP&A Baseline TS v3,2026-09-15
2027-08-01,WAS,RUN,858290.1,1182087.51,1505884.92,1.4,FP&A Baseline TS v3,2026-09-15
2027-09-01,WAS,RUN,659501.28,927934.03,1196366.79,1.4,FP&A Baseline TS v3,2026-09-15
2027-10-01,WAS,RUN,657410.89,945425.24,1233439.58,1.4,FP&A Baseline TS v3,2026-09-15
2027-11-01,WAS,RUN,813610.67,1196486.28,1579361.89,1.4,FP&A Baseline TS v3,2026-09-15
2027-12-01,WAS,RUN,1115156.17,1677834.87,2240513.57,1.4,FP&A Baseline TS v3,2026-09-15
2026-09-01,WAS,SNW,822787.22,919274.25,1015761.27,0.9,FP&A Baseline TS v3,2026-09-15
2026-10-01,WAS,SNW,1010560.4,1148781.83,1287003.26,0.9,FP&A Baseline TS v3,2026-09-15
2026-11-01,WAS,SNW,1295484.2,1498847.88,1702211.57,0.9,FP&A Baseline TS v3,2026-09-15
2026-12-01,WAS,SNW,1671594.86,1968991.31,2266387.76,0.9,FP&A Baseline TS v3,2026-09-15
2027-01-01,WAS,SNW,833960.77,1000432.79,1166904.8,0.9,FP&A Baseline TS v3,2026-09-15
2027-02-01,WAS,SNW,706798.83,863803.81,1020808.79,0.9,FP&A Baseline TS v3,2026-09-15
2027-03-01,WAS,SNW,471220.91,586913.26,702605.6,0.9,FP&A Baseline TS v3,2026-09-15
2027-04-01,WAS,SNW,240159.31,304956.46,369753.61,0.9,FP&A Baseline TS v3,2026-09-15
2027-05-01,WAS,SNW,110341.41,142899.67,175457.93,0.9,FP&A Baseline TS v3,2026-09-15
2027-06-01,WAS,SNW,105778.9,139771.27,173763.64,0.9,FP&A Baseline TS v3,2026-09-15
2027-07-01,WAS,SNW,220750.1,297731.57,374713.05,0.9,FP&A Baseline TS v3,2026-09-15
2027-08-01,WAS,SNW,412929.71,568711.03,724492.36,0.9,FP&A Baseline TS v3,2026-09-15
2027-09-01,WAS,SNW,659532.54,927978.02,1196423.5,0.9,FP&A Baseline TS v3,2026-09-15
2027-10-01,WAS,SNW,806380.21,1159658.6,1512937.0,0.9,FP&A Baseline TS v3,2026-09-15
2027-11-01,WAS,SNW,1028866.6,1513039.12,1997211.64,0.9,FP&A Baseline TS v3,2026-09-15
2027-12-01,WAS,SNW,1321061.0,1987633.91,2654206.81,0.9,FP&A Baseline TS v3,2026-09-15
2026-09-01,WAS,SOC,666421.94,744572.24,822722.54,2.5,FP&A Baseline TS v3,2026-09-15
2026-10-01,WAS,SOC,569419.34,647302.81,725186.29,2.5,FP&A Baseline TS v3,2026-09-15
2026-11-01,WAS,SOC,557039.94,644483.45,731926.96,2.5,FP&A Baseline TS v3,2026-09-15
2026-12-01,WAS,SOC,582656.32,686317.76,789979.19,2.5,FP&A Baseline TS v3,2026-09-15
2027-01-01,WAS,SOC,315331.55,378276.81,441222.08,2.5,FP&A Baseline TS v3,2026-09-15
2027-02-01,WAS,SOC,358973.21,438713.84,518454.47,2.5,FP&A Baseline TS v3,2026-09-15
2027-03-01,WAS,SOC,401615.76,500218.91,598822.06,2.5,FP&A Baseline TS v3,2026-09-15
2027-04-01,WAS,SOC,453291.75,575593.96,697896.16,2.5,FP&A Baseline TS v3,2026-09-15
2027-05-01,WAS,SOC,534144.4,691753.52,849362.64,2.5,FP&A Baseline TS v3,2026-09-15
2027-06-01,WAS,SOC,588785.2,777993.12,967201.05,2.5,FP&A Baseline TS v3,2026-09-15
2027-07-01,WAS,SOC,639297.8,862238.08,1085178.36,2.5,FP&A Baseline TS v3,2026-09-15
2027-08-01,WAS,SOC,529888.98,729794.21,929699.43,2.5,FP&A Baseline TS v3,2026-09-15
2027-09-01,WAS,SOC,542339.4,763084.47,983829.55,2.5,FP&A Baseline TS v3,2026-09-15
2027-10-01,WAS,SOC,461299.49,663396.64,865493.8,2.5,FP&A Baseline TS v3,2026-09-15
2027-11-01,WAS,SOC,449144.88,660507.18,871869.48,2.5,FP&A Baseline TS v3,2026-09-15
2027-12-01,WAS,SOC,467495.55,703381.61,939267.67,2.5,FP&A Baseline TS v3,2026-09-15
2026-09-01,WAS,TEN,192789.35,215397.47,238005.58,-1.0,FP&A Baseline TS v3,2026-09-15
2026-10-01,WAS,TEN,180946.23,205695.52,230444.8,-1.0,FP&A Baseline TS v3,2026-09-15
2026-11-01,WAS,TEN,207466.58,240034.46,272602.33,-1.0,FP&A Baseline TS v3,2026-09-15
2026-12-01,WAS,TEN,279644.31,329396.33,379148.36,-1.0,FP&A Baseline TS v3,2026-09-15
2027-01-01,WAS,TEN,182501.39,218931.61,255361.83,-1.0,FP&A Baseline TS v3,2026-09-15
2027-02-01,WAS,TEN,225639.27,275761.73,325884.18,-1.0,FP&A Baseline TS v3,2026-09-15
2027-03-01,WAS,TEN,273737.8,340944.85,408151.89,-1.0,FP&A Baseline TS v3,2026-09-15
2027-04-01,WAS,TEN,267823.86,340085.15,412346.44,-1.0,FP&A Baseline TS v3,2026-09-15
2027-05-01,WAS,TEN,255435.74,330806.75,406177.75,-1.0,FP&A Baseline TS v3,2026-09-15
2027-06-01,WAS,TEN,247197.65,326635.37,406073.09,-1.0,FP&A Baseline TS v3,2026-09-15
2027-07-01,WAS,TEN,223543.77,301499.47,379455.17,-1.0,FP&A Baseline TS v3,2026-09-15
2027-08-01,WAS,TEN,191318.74,263495.4,335672.06,-1.0,FP&A Baseline TS v3,2026-09-15
2027-09-01,WAS,TEN,151585.38,213284.25,274983.11,-1.0,FP&A Baseline TS v3,2026-09-15
2027-10-01,WAS,TEN,141629.17,203677.48,265725.78,-1.0,FP&A Baseline TS v3,2026-09-15
2027-11-01,WAS,TEN,161622.08,237679.53,313736.97,-1.0,FP&A Baseline TS v3,2026-09-15
2027-12-01,WAS,TEN,216782.1,326164.69,435547.28,-1.0,FP&A Baseline TS v3,2026-09-15
2026-09-01,WAS,VOL,183901.53,205467.39,227033.24,7.0,FP&A Baseline TS v3,2026-09-15
2026-10-01,WAS,VOL,172231.17,195788.44,219345.7,7.0,FP&A Baseline TS v3,2026-09-15
2026-11-01,WAS,VOL,166662.32,192824.79,218987.26,7.0,FP&A Baseline TS v3,2026-09-15
2026-12-01,WAS,VOL,191718.42,225827.39,259936.35,7.0,FP&A Baseline TS v3,2026-09-15
2027-01-01,WAS,VOL,85372.22,102413.89,119455.57,7.0,FP&A Baseline TS v3,2026-09-15
2027-02-01,WAS,VOL,104615.73,127854.58,151093.43,7.0,FP&A Baseline TS v3,2026-09-15
2027-03-01,WAS,VOL,118367.03,147428.05,176489.06,7.0,FP&A Baseline TS v3,2026-09-15
2027-04-01,WAS,VOL,144236.75,183153.13,222069.5,7.0,FP&A Baseline TS v3,2026-09-15
2027-05-01,WAS,VOL,168560.29,218297.1,268033.91,7.0,FP&A Baseline TS v3,2026-09-15
2027-06-01,WAS,VOL,172244.59,227595.92,282947.25,7.0,FP&A Baseline TS v3,2026-09-15
2027-07-01,WAS,VOL,192648.42,259830.08,327011.75,7.0,FP&A Baseline TS v3,2026-09-15
2027-08-01,WAS,VOL,196357.34,270434.86,344512.38,7.0,FP&A Baseline TS v3,2026-09-15
2027-09-01,WAS,VOL,156213.69,219796.39,283379.09,7.0,FP&A Baseline TS v3,2026-09-15
2027-10-01,WAS,VOL,145637.9,209442.45,273246.99,7.0,FP&A Baseline TS v3,2026-09-15
2027-11-01,WAS,VOL,140265.04,206272.12,272279.2,7.0,FP&A Baseline TS v3,2026-09-15
2027-12-01,WAS,VOL,160561.25,241576.27,322591.28,7.0,FP&A Baseline TS v3,2026-09-15
