season,season_start_date,metro_id,sport_id,league_name,age_band,registrations,new_registrants,is_preliminary
2022 Spring,2022-03-01,NYC,SOC,National Youth & Adult Soccer Alliance,Youth (U18),42490,12747,false
2022 Spring,2022-03-01,NYC,SOC,National Youth & Adult Soccer Alliance,Adult (18+),14163,4249,false
2022 Spring,2022-03-01,LAX,SOC,National Youth & Adult Soccer Alliance,Youth (U18),26402,7921,false
2022 Spring,2022-03-01,LAX,SOC,National Youth & Adult Soccer Alliance,Adult (18+),8801,2640,false
2022 Spring,2022-03-01,CHI,SOC,National Youth & Adult Soccer Alliance,Youth (U18),19796,5939,false
2022 Spring,2022-03-01,CHI,SOC,National Youth & Adult Soccer Alliance,Adult (18+),6599,1980,false
2022 Spring,2022-03-01,DFW,SOC,National Youth & Adult Soccer Alliance,Youth (U18),17202,5161,false
2022 Spring,2022-03-01,DFW,SOC,National Youth & Adult Soccer Alliance,Adult (18+),5734,1720,false
2022 Spring,2022-03-01,HOU,SOC,National Youth & Adult Soccer Alliance,Youth (U18),15189,4557,false
2022 Spring,2022-03-01,HOU,SOC,National Youth & Adult Soccer Alliance,Adult (18+),5063,1519,false
2022 Spring,2022-03-01,WAS,SOC,National Youth & Adult Soccer Alliance,Youth (U18),12587,3776,false
2022 Spring,2022-03-01,WAS,SOC,National Youth & Adult Soccer Alliance,Adult (18+),4196,1259,false
2022 Spring,2022-03-01,PHL,SOC,National Youth & Adult Soccer Alliance,Youth (U18),12311,3693,false
2022 Spring,2022-03-01,PHL,SOC,National Youth & Adult Soccer Alliance,Adult (18+),4104,1231,false
2022 Spring,2022-03-01,ATL,SOC,National Youth & Adult Soccer Alliance,Youth (U18),12402,3721,false
2022 Spring,2022-03-01,ATL,SOC,National Youth & Adult Soccer Alliance,Adult (18+),4134,1240,false
2022 Spring,2022-03-01,MIA,SOC,National Youth & Adult Soccer Alliance,Youth (U18),12949,3885,false
2022 Spring,2022-03-01,MIA,SOC,National Youth & Adult Soccer Alliance,Adult (18+),4316,1295,false
2022 Spring,2022-03-01,PHX,SOC,National Youth & Adult Soccer Alliance,Youth (U18),11285,3386,false
2022 Spring,2022-03-01,PHX,SOC,National Youth & Adult Soccer Alliance,Adult (18+),3762,1129,false
2022 Spring,2022-03-01,BOS,SOC,National Youth & Adult Soccer Alliance,Youth (U18),10921,3276,false
2022 Spring,2022-03-01,BOS,SOC,National Youth & Adult Soccer Alliance,Adult (18+),3640,1092,false
2022 Spring,2022-03-01,SFO,SOC,National Youth & Adult Soccer Alliance,Youth (U18),8979,2694,false
2022 Spring,2022-03-01,SFO,SOC,National Youth & Adult Soccer Alliance,Adult (18+),2993,898,false
2022 Spring,2022-03-01,SEA,SOC,National Youth & Adult Soccer Alliance,Youth (U18),8612,2584,false
2022 Spring,2022-03-01,SEA,SOC,National Youth & Adult Soccer Alliance,Adult (18+),2871,861,false
2022 Spring,2022-03-01,MSP,SOC,National Youth & Adult Soccer Alliance,Youth (U18),7601,2280,false
2022 Spring,2022-03-01,MSP,SOC,National Youth & Adult Soccer Alliance,Adult (18+),2534,760,false
2022 Spring,2022-03-01,SAN,SOC,National Youth & Adult Soccer Alliance,Youth (U18),6850,2055,false
2022 Spring,2022-03-01,SAN,SOC,National Youth & Adult Soccer Alliance,Adult (18+),2283,685,false
2022 Spring,2022-03-01,TPA,SOC,National Youth & Adult Soccer Alliance,Youth (U18),7564,2269,false
2022 Spring,2022-03-01,TPA,SOC,National Youth & Adult Soccer Alliance,Adult (18+),2521,756,false
2022 Spring,2022-03-01,DEN,SOC,National Youth & Adult Soccer Alliance,Youth (U18),6168,1850,false
2022 Spring,2022-03-01,DEN,SOC,National Youth & Adult Soccer Alliance,Adult (18+),2056,617,false
2022 Spring,2022-03-01,ORL,SOC,National Youth & Adult Soccer Alliance,Youth (U18),5734,1720,false
2022 Spring,2022-03-01,ORL,SOC,National Youth & Adult Soccer Alliance,Adult (18+),1911,573,false
2022 Spring,2022-03-01,POR,SOC,National Youth & Adult Soccer Alliance,Youth (U18),4721,1416,false
2022 Spring,2022-03-01,POR,SOC,National Youth & Adult Soccer Alliance,Adult (18+),1574,472,false
2022 Spring,2022-03-01,DET,SOC,National Youth & Adult Soccer Alliance,Youth (U18),9552,2866,false
2022 Spring,2022-03-01,DET,SOC,National Youth & Adult Soccer Alliance,Adult (18+),3184,955,false
2022 Spring,2022-03-01,NSH,SOC,National Youth & Adult Soccer Alliance,Youth (U18),4415,1324,false
2022 Spring,2022-03-01,NSH,SOC,National Youth & Adult Soccer Alliance,Adult (18+),1472,442,false
2022 Spring,2022-03-01,AUS,SOC,National Youth & Adult Soccer Alliance,Youth (U18),5266,1580,false
2022 Spring,2022-03-01,AUS,SOC,National Youth & Adult Soccer Alliance,Adult (18+),1755,526,false
2022 Spring,2022-03-01,RDU,SOC,National Youth & Adult Soccer Alliance,Youth (U18),3001,900,false
2022 Spring,2022-03-01,RDU,SOC,National Youth & Adult Soccer Alliance,Adult (18+),1000,300,false
2022 Spring,2022-03-01,CLT,SOC,National Youth & Adult Soccer Alliance,Youth (U18),5705,1712,false
2022 Spring,2022-03-01,CLT,SOC,National Youth & Adult Soccer Alliance,Adult (18+),1902,571,false
2022 Spring,2022-03-01,SAT,SOC,National Youth & Adult Soccer Alliance,Youth (U18),5318,1595,false
2022 Spring,2022-03-01,SAT,SOC,National Youth & Adult Soccer Alliance,Adult (18+),1773,532,false
2022 Spring,2022-03-01,LAS,SOC,National Youth & Adult Soccer Alliance,Youth (U18),4549,1365,false
2022 Spring,2022-03-01,LAS,SOC,National Youth & Adult Soccer Alliance,Adult (18+),1516,455,false
2022 Spring,2022-03-01,CMH,SOC,National Youth & Adult Soccer Alliance,Youth (U18),4714,1414,false
2022 Spring,2022-03-01,CMH,SOC,National Youth & Adult Soccer Alliance,Adult (18+),1571,471,false
2022 Spring,2022-03-01,MCI,SOC,National Youth & Adult Soccer Alliance,Youth (U18),4597,1379,false
2022 Spring,2022-03-01,MCI,SOC,National Youth & Adult Soccer Alliance,Adult (18+),1532,460,false
2022 Spring,2022-03-01,SLC,SOC,National Youth & Adult Soccer Alliance,Youth (U18),2847,854,false
2022 Spring,2022-03-01,SLC,SOC,National Youth & Adult Soccer Alliance,Adult (18+),949,285,false
2022 Spring,2022-03-01,JAX,SOC,National Youth & Adult Soccer Alliance,Youth (U18),3637,1091,false
2022 Spring,2022-03-01,JAX,SOC,National Youth & Adult Soccer Alliance,Adult (18+),1212,364,false
2022 Spring,2022-03-01,BOI,SOC,National Youth & Adult Soccer Alliance,Youth (U18),1550,465,false
2022 Spring,2022-03-01,BOI,SOC,National Youth & Adult Soccer Alliance,Adult (18+),517,155,false
2022 Spring,2022-03-01,NYC,BSK,Hoops America Rec Network,Youth (U18),24185,7256,false
2022 Spring,2022-03-01,NYC,BSK,Hoops America Rec Network,Adult (18+),16124,4837,false
2022 Spring,2022-03-01,LAX,BSK,Hoops America Rec Network,Youth (U18),16840,5052,false
2022 Spring,2022-03-01,LAX,BSK,Hoops America Rec Network,Adult (18+),11227,3368,false
2022 Spring,2022-03-01,CHI,BSK,Hoops America Rec Network,Youth (U18),12260,3678,false
2022 Spring,2022-03-01,CHI,BSK,Hoops America Rec Network,Adult (18+),8174,2452,false
2022 Spring,2022-03-01,DFW,BSK,Hoops America Rec Network,Youth (U18),10435,3131,false
2022 Spring,2022-03-01,DFW,BSK,Hoops America Rec Network,Adult (18+),6957,2087,false
2022 Spring,2022-03-01,HOU,BSK,Hoops America Rec Network,Youth (U18),9309,2793,false
2022 Spring,2022-03-01,HOU,BSK,Hoops America Rec Network,Adult (18+),6206,1862,false
2022 Spring,2022-03-01,WAS,BSK,Hoops America Rec Network,Youth (U18),8377,2513,false
2022 Spring,2022-03-01,WAS,BSK,Hoops America Rec Network,Adult (18+),5585,1676,false
2022 Spring,2022-03-01,PHL,BSK,Hoops America Rec Network,Youth (U18),7983,2395,false
2022 Spring,2022-03-01,PHL,BSK,Hoops America Rec Network,Adult (18+),5322,1597,false
2022 Spring,2022-03-01,ATL,BSK,Hoops America Rec Network,Youth (U18),8080,2424,false
2022 Spring,2022-03-01,ATL,BSK,Hoops America Rec Network,Adult (18+),5387,1616,false
2022 Spring,2022-03-01,MIA,BSK,Hoops America Rec Network,Youth (U18),8145,2444,false
2022 Spring,2022-03-01,MIA,BSK,Hoops America Rec Network,Adult (18+),5430,1629,false
2022 Spring,2022-03-01,PHX,BSK,Hoops America Rec Network,Youth (U18),6189,1857,false
2022 Spring,2022-03-01,PHX,BSK,Hoops America Rec Network,Adult (18+),4126,1238,false
2022 Spring,2022-03-01,BOS,BSK,Hoops America Rec Network,Youth (U18),6426,1928,false
2022 Spring,2022-03-01,BOS,BSK,Hoops America Rec Network,Adult (18+),4284,1285,false
2022 Spring,2022-03-01,SFO,BSK,Hoops America Rec Network,Youth (U18),6012,1804,false
2022 Spring,2022-03-01,SFO,BSK,Hoops America Rec Network,Adult (18+),4008,1202,false
2022 Spring,2022-03-01,SEA,BSK,Hoops America Rec Network,Youth (U18),5313,1594,false
2022 Spring,2022-03-01,SEA,BSK,Hoops America Rec Network,Adult (18+),3542,1063,false
2022 Spring,2022-03-01,MSP,BSK,Hoops America Rec Network,Youth (U18),4401,1320,false
2022 Spring,2022-03-01,MSP,BSK,Hoops America Rec Network,Adult (18+),2934,880,false
2022 Spring,2022-03-01,SAN,BSK,Hoops America Rec Network,Youth (U18),4359,1308,false
2022 Spring,2022-03-01,SAN,BSK,Hoops America Rec Network,Adult (18+),2906,872,false
2022 Spring,2022-03-01,TPA,BSK,Hoops America Rec Network,Youth (U18),4163,1249,false
2022 Spring,2022-03-01,TPA,BSK,Hoops America Rec Network,Adult (18+),2776,833,false
2022 Spring,2022-03-01,DEN,BSK,Hoops America Rec Network,Youth (U18),3922,1177,false
2022 Spring,2022-03-01,DEN,BSK,Hoops America Rec Network,Adult (18+),2615,785,false
2022 Spring,2022-03-01,ORL,BSK,Hoops America Rec Network,Youth (U18),3736,1121,false
2022 Spring,2022-03-01,ORL,BSK,Hoops America Rec Network,Adult (18+),2490,747,false
2022 Spring,2022-03-01,POR,BSK,Hoops America Rec Network,Youth (U18),3148,944,false
2022 Spring,2022-03-01,POR,BSK,Hoops America Rec Network,Adult (18+),2099,630,false
2022 Spring,2022-03-01,DET,BSK,Hoops America Rec Network,Youth (U18),5358,1607,false
2022 Spring,2022-03-01,DET,BSK,Hoops America Rec Network,Adult (18+),3572,1072,false
2022 Spring,2022-03-01,NSH,BSK,Hoops America Rec Network,Youth (U18),2672,802,false
2022 Spring,2022-03-01,NSH,BSK,Hoops America Rec Network,Adult (18+),1781,534,false
2022 Spring,2022-03-01,AUS,BSK,Hoops America Rec Network,Youth (U18),3205,962,false
2022 Spring,2022-03-01,AUS,BSK,Hoops America Rec Network,Adult (18+),2136,641,false
2022 Spring,2022-03-01,RDU,BSK,Hoops America Rec Network,Youth (U18),1949,585,false
2022 Spring,2022-03-01,RDU,BSK,Hoops America Rec Network,Adult (18+),1299,390,false
2022 Spring,2022-03-01,CLT,BSK,Hoops America Rec Network,Youth (U18),3704,1111,false
2022 Spring,2022-03-01,CLT,BSK,Hoops America Rec Network,Adult (18+),2470,741,false
2022 Spring,2022-03-01,SAT,BSK,Hoops America Rec Network,Youth (U18),3443,1033,false
2022 Spring,2022-03-01,SAT,BSK,Hoops America Rec Network,Adult (18+),2296,689,false
2022 Spring,2022-03-01,LAS,BSK,Hoops America Rec Network,Youth (U18),2827,848,false
2022 Spring,2022-03-01,LAS,BSK,Hoops America Rec Network,Adult (18+),1884,565,false
2022 Spring,2022-03-01,CMH,BSK,Hoops America Rec Network,Youth (U18),2493,748,false
2022 Spring,2022-03-01,CMH,BSK,Hoops America Rec Network,Adult (18+),1662,499,false
2022 Spring,2022-03-01,MCI,BSK,Hoops America Rec Network,Youth (U18),2911,873,false
2022 Spring,2022-03-01,MCI,BSK,Hoops America Rec Network,Adult (18+),1940,582,false
2022 Spring,2022-03-01,SLC,BSK,Hoops America Rec Network,Youth (U18),1648,494,false
2022 Spring,2022-03-01,SLC,BSK,Hoops America Rec Network,Adult (18+),1099,330,false
2022 Spring,2022-03-01,JAX,BSK,Hoops America Rec Network,Youth (U18),2204,661,false
2022 Spring,2022-03-01,JAX,BSK,Hoops America Rec Network,Adult (18+),1469,441,false
2022 Spring,2022-03-01,BOI,BSK,Hoops America Rec Network,Youth (U18),1038,311,false
2022 Spring,2022-03-01,BOI,BSK,Hoops America Rec Network,Adult (18+),692,208,false
2022 Spring,2022-03-01,NYC,BSB,Diamond Youth Baseball Federation,Youth (U18),59355,17806,false
2022 Spring,2022-03-01,NYC,BSB,Diamond Youth Baseball Federation,Adult (18+),25438,7631,false
2022 Spring,2022-03-01,LAX,BSB,Diamond Youth Baseball Federation,Youth (U18),37361,11208,false
2022 Spring,2022-03-01,LAX,BSB,Diamond Youth Baseball Federation,Adult (18+),16012,4804,false
2022 Spring,2022-03-01,CHI,BSB,Diamond Youth Baseball Federation,Youth (U18),28344,8503,false
2022 Spring,2022-03-01,CHI,BSB,Diamond Youth Baseball Federation,Adult (18+),12147,3644,false
2022 Spring,2022-03-01,DFW,BSB,Diamond Youth Baseball Federation,Youth (U18),30990,9297,false
2022 Spring,2022-03-01,DFW,BSB,Diamond Youth Baseball Federation,Adult (18+),13282,3985,false
2022 Spring,2022-03-01,HOU,BSB,Diamond Youth Baseball Federation,Youth (U18),28436,8531,false
2022 Spring,2022-03-01,HOU,BSB,Diamond Youth Baseball Federation,Adult (18+),12187,3656,false
2022 Spring,2022-03-01,WAS,BSB,Diamond Youth Baseball Federation,Youth (U18),17481,5244,false
2022 Spring,2022-03-01,WAS,BSB,Diamond Youth Baseball Federation,Adult (18+),7492,2248,false
2022 Spring,2022-03-01,PHL,BSB,Diamond Youth Baseball Federation,Youth (U18),18518,5555,false
2022 Spring,2022-03-01,PHL,BSB,Diamond Youth Baseball Federation,Adult (18+),7936,2381,false
2022 Spring,2022-03-01,ATL,BSB,Diamond Youth Baseball Federation,Youth (U18),24381,7314,false
2022 Spring,2022-03-01,ATL,BSB,Diamond Youth Baseball Federation,Adult (18+),10449,3135,false
2022 Spring,2022-03-01,MIA,BSB,Diamond Youth Baseball Federation,Youth (U18),20501,6150,false
2022 Spring,2022-03-01,MIA,BSB,Diamond Youth Baseball Federation,Adult (18+),8786,2636,false
2022 Spring,2022-03-01,PHX,BSB,Diamond Youth Baseball Federation,Youth (U18),17452,5236,false
2022 Spring,2022-03-01,PHX,BSB,Diamond Youth Baseball Federation,Adult (18+),7480,2244,false
2022 Spring,2022-03-01,BOS,BSB,Diamond Youth Baseball Federation,Youth (U18),14549,4365,false
2022 Spring,2022-03-01,BOS,BSB,Diamond Youth Baseball Federation,Adult (18+),6235,1870,false
2022 Spring,2022-03-01,SFO,BSB,Diamond Youth Baseball Federation,Youth (U18),13216,3965,false
2022 Spring,2022-03-01,SFO,BSB,Diamond Youth Baseball Federation,Adult (18+),5664,1699,false
2022 Spring,2022-03-01,SEA,BSB,Diamond Youth Baseball Federation,Youth (U18),11241,3372,false
2022 Spring,2022-03-01,SEA,BSB,Diamond Youth Baseball Federation,Adult (18+),4817,1445,false
2022 Spring,2022-03-01,MSP,BSB,Diamond Youth Baseball Federation,Youth (U18),10598,3179,false
2022 Spring,2022-03-01,MSP,BSB,Diamond Youth Baseball Federation,Adult (18+),4542,1363,false
2022 Spring,2022-03-01,SAN,BSB,Diamond Youth Baseball Federation,Youth (U18),9173,2752,false
2022 Spring,2022-03-01,SAN,BSB,Diamond Youth Baseball Federation,Adult (18+),3931,1179,false
2022 Spring,2022-03-01,TPA,BSB,Diamond Youth Baseball Federation,Youth (U18),12145,3644,false
2022 Spring,2022-03-01,TPA,BSB,Diamond Youth Baseball Federation,Adult (18+),5205,1562,false
2022 Spring,2022-03-01,DEN,BSB,Diamond Youth Baseball Federation,Youth (U18),8866,2660,false
2022 Spring,2022-03-01,DEN,BSB,Diamond Youth Baseball Federation,Adult (18+),3800,1140,false
2022 Spring,2022-03-01,ORL,BSB,Diamond Youth Baseball Federation,Youth (U18),10152,3046,false
2022 Spring,2022-03-01,ORL,BSB,Diamond Youth Baseball Federation,Adult (18+),4351,1305,false
2022 Spring,2022-03-01,POR,BSB,Diamond Youth Baseball Federation,Youth (U18),7913,2374,false
2022 Spring,2022-03-01,POR,BSB,Diamond Youth Baseball Federation,Adult (18+),3391,1017,false
2022 Spring,2022-03-01,DET,BSB,Diamond Youth Baseball Federation,Youth (U18),11770,3531,false
2022 Spring,2022-03-01,DET,BSB,Diamond Youth Baseball Federation,Adult (18+),5044,1513,false
2022 Spring,2022-03-01,NSH,BSB,Diamond Youth Baseball Federation,Youth (U18),7745,2324,false
2022 Spring,2022-03-01,NSH,BSB,Diamond Youth Baseball Federation,Adult (18+),3319,996,false
2022 Spring,2022-03-01,AUS,BSB,Diamond Youth Baseball Federation,Youth (U18),9416,2825,false
2022 Spring,2022-03-01,AUS,BSB,Diamond Youth Baseball Federation,Adult (18+),4035,1210,false
2022 Spring,2022-03-01,RDU,BSB,Diamond Youth Baseball Federation,Youth (U18),5408,1622,false
2022 Spring,2022-03-01,RDU,BSB,Diamond Youth Baseball Federation,Adult (18+),2318,695,false
2022 Spring,2022-03-01,CLT,BSB,Diamond Youth Baseball Federation,Youth (U18),9846,2954,false
2022 Spring,2022-03-01,CLT,BSB,Diamond Youth Baseball Federation,Adult (18+),4220,1266,false
2022 Spring,2022-03-01,SAT,BSB,Diamond Youth Baseball Federation,Youth (U18),10430,3129,false
2022 Spring,2022-03-01,SAT,BSB,Diamond Youth Baseball Federation,Adult (18+),4470,1341,false
2022 Spring,2022-03-01,LAS,BSB,Diamond Youth Baseball Federation,Youth (U18),7241,2172,false
2022 Spring,2022-03-01,LAS,BSB,Diamond Youth Baseball Federation,Adult (18+),3103,931,false
2022 Spring,2022-03-01,CMH,BSB,Diamond Youth Baseball Federation,Youth (U18),6519,1956,false
2022 Spring,2022-03-01,CMH,BSB,Diamond Youth Baseball Federation,Adult (18+),2794,838,false
2022 Spring,2022-03-01,MCI,BSB,Diamond Youth Baseball Federation,Youth (U18),6448,1934,false
2022 Spring,2022-03-01,MCI,BSB,Diamond Youth Baseball Federation,Adult (18+),2763,829,false
2022 Spring,2022-03-01,SLC,BSB,Diamond Youth Baseball Federation,Youth (U18),3466,1040,false
2022 Spring,2022-03-01,SLC,BSB,Diamond Youth Baseball Federation,Adult (18+),1485,446,false
2022 Spring,2022-03-01,JAX,BSB,Diamond Youth Baseball Federation,Youth (U18),6158,1847,false
2022 Spring,2022-03-01,JAX,BSB,Diamond Youth Baseball Federation,Adult (18+),2639,792,false
2022 Spring,2022-03-01,BOI,BSB,Diamond Youth Baseball Federation,Youth (U18),2373,712,false
2022 Spring,2022-03-01,BOI,BSB,Diamond Youth Baseball Federation,Adult (18+),1017,305,false
2022 Spring,2022-03-01,NYC,FTB,Gridiron Youth League Association,Youth (U18),3352,1006,false
2022 Spring,2022-03-01,NYC,FTB,Gridiron Youth League Association,Adult (18+),838,251,false
2022 Spring,2022-03-01,LAX,FTB,Gridiron Youth League Association,Youth (U18),2496,749,false
2022 Spring,2022-03-01,LAX,FTB,Gridiron Youth League Association,Adult (18+),624,187,false
2022 Spring,2022-03-01,CHI,FTB,Gridiron Youth League Association,Youth (U18),1960,588,false
2022 Spring,2022-03-01,CHI,FTB,Gridiron Youth League Association,Adult (18+),490,147,false
2022 Spring,2022-03-01,DFW,FTB,Gridiron Youth League Association,Youth (U18),2234,670,false
2022 Spring,2022-03-01,DFW,FTB,Gridiron Youth League Association,Adult (18+),558,167,false
2022 Spring,2022-03-01,HOU,FTB,Gridiron Youth League Association,Youth (U18),2151,645,false
2022 Spring,2022-03-01,HOU,FTB,Gridiron Youth League Association,Adult (18+),538,161,false
2022 Spring,2022-03-01,WAS,FTB,Gridiron Youth League Association,Youth (U18),1262,379,false
2022 Spring,2022-03-01,WAS,FTB,Gridiron Youth League Association,Adult (18+),315,94,false
2022 Spring,2022-03-01,PHL,FTB,Gridiron Youth League Association,Youth (U18),1195,358,false
2022 Spring,2022-03-01,PHL,FTB,Gridiron Youth League Association,Adult (18+),299,90,false
2022 Spring,2022-03-01,ATL,FTB,Gridiron Youth League Association,Youth (U18),1677,503,false
2022 Spring,2022-03-01,ATL,FTB,Gridiron Youth League Association,Adult (18+),419,126,false
2022 Spring,2022-03-01,MIA,FTB,Gridiron Youth League Association,Youth (U18),1621,486,false
2022 Spring,2022-03-01,MIA,FTB,Gridiron Youth League Association,Adult (18+),405,122,false
2022 Spring,2022-03-01,PHX,FTB,Gridiron Youth League Association,Youth (U18),992,298,false
2022 Spring,2022-03-01,PHX,FTB,Gridiron Youth League Association,Adult (18+),248,74,false
2022 Spring,2022-03-01,BOS,FTB,Gridiron Youth League Association,Youth (U18),882,265,false
2022 Spring,2022-03-01,BOS,FTB,Gridiron Youth League Association,Adult (18+),221,66,false
2022 Spring,2022-03-01,SFO,FTB,Gridiron Youth League Association,Youth (U18),816,245,false
2022 Spring,2022-03-01,SFO,FTB,Gridiron Youth League Association,Adult (18+),204,61,false
2022 Spring,2022-03-01,SEA,FTB,Gridiron Youth League Association,Youth (U18),747,224,false
2022 Spring,2022-03-01,SEA,FTB,Gridiron Youth League Association,Adult (18+),187,56,false
2022 Spring,2022-03-01,MSP,FTB,Gridiron Youth League Association,Youth (U18),754,226,false
2022 Spring,2022-03-01,MSP,FTB,Gridiron Youth League Association,Adult (18+),188,56,false
2022 Spring,2022-03-01,SAN,FTB,Gridiron Youth League Association,Youth (U18),598,179,false
2022 Spring,2022-03-01,SAN,FTB,Gridiron Youth League Association,Adult (18+),149,45,false
2022 Spring,2022-03-01,TPA,FTB,Gridiron Youth League Association,Youth (U18),965,290,false
2022 Spring,2022-03-01,TPA,FTB,Gridiron Youth League Association,Adult (18+),241,72,false
2022 Spring,2022-03-01,DEN,FTB,Gridiron Youth League Association,Youth (U18),614,184,false
2022 Spring,2022-03-01,DEN,FTB,Gridiron Youth League Association,Adult (18+),153,46,false
2022 Spring,2022-03-01,ORL,FTB,Gridiron Youth League Association,Youth (U18),727,218,false
2022 Spring,2022-03-01,ORL,FTB,Gridiron Youth League Association,Adult (18+),182,55,false
2022 Spring,2022-03-01,POR,FTB,Gridiron Youth League Association,Youth (U18),510,153,false
2022 Spring,2022-03-01,POR,FTB,Gridiron Youth League Association,Adult (18+),127,38,false
2022 Spring,2022-03-01,DET,FTB,Gridiron Youth League Association,Youth (U18),875,262,false
2022 Spring,2022-03-01,DET,FTB,Gridiron Youth League Association,Adult (18+),219,66,false
2022 Spring,2022-03-01,NSH,FTB,Gridiron Youth League Association,Youth (U18),602,181,false
2022 Spring,2022-03-01,NSH,FTB,Gridiron Youth League Association,Adult (18+),151,45,false
2022 Spring,2022-03-01,AUS,FTB,Gridiron Youth League Association,Youth (U18),721,216,false
2022 Spring,2022-03-01,AUS,FTB,Gridiron Youth League Association,Adult (18+),180,54,false
2022 Spring,2022-03-01,RDU,FTB,Gridiron Youth League Association,Youth (U18),395,118,false
2022 Spring,2022-03-01,RDU,FTB,Gridiron Youth League Association,Adult (18+),99,30,false
2022 Spring,2022-03-01,CLT,FTB,Gridiron Youth League Association,Youth (U18),735,220,false
2022 Spring,2022-03-01,CLT,FTB,Gridiron Youth League Association,Adult (18+),184,55,false
2022 Spring,2022-03-01,SAT,FTB,Gridiron Youth League Association,Youth (U18),751,225,false
2022 Spring,2022-03-01,SAT,FTB,Gridiron Youth League Association,Adult (18+),188,56,false
2022 Spring,2022-03-01,LAS,FTB,Gridiron Youth League Association,Youth (U18),427,128,false
2022 Spring,2022-03-01,LAS,FTB,Gridiron Youth League Association,Adult (18+),107,32,false
2022 Spring,2022-03-01,CMH,FTB,Gridiron Youth League Association,Youth (U18),401,120,false
2022 Spring,2022-03-01,CMH,FTB,Gridiron Youth League Association,Adult (18+),100,30,false
2022 Spring,2022-03-01,MCI,FTB,Gridiron Youth League Association,Youth (U18),429,129,false
2022 Spring,2022-03-01,MCI,FTB,Gridiron Youth League Association,Adult (18+),107,32,false
2022 Spring,2022-03-01,SLC,FTB,Gridiron Youth League Association,Youth (U18),263,79,false
2022 Spring,2022-03-01,SLC,FTB,Gridiron Youth League Association,Adult (18+),66,20,false
2022 Spring,2022-03-01,JAX,FTB,Gridiron Youth League Association,Youth (U18),479,144,false
2022 Spring,2022-03-01,JAX,FTB,Gridiron Youth League Association,Adult (18+),120,36,false
2022 Spring,2022-03-01,BOI,FTB,Gridiron Youth League Association,Youth (U18),155,46,false
2022 Spring,2022-03-01,BOI,FTB,Gridiron Youth League Association,Adult (18+),39,12,false
2022 Spring,2022-03-01,NYC,TEN,Community Tennis League of America,Youth (U18),16734,5020,false
2022 Spring,2022-03-01,NYC,TEN,Community Tennis League of America,Adult (18+),39045,11714,false
2022 Spring,2022-03-01,LAX,TEN,Community Tennis League of America,Youth (U18),9568,2870,false
2022 Spring,2022-03-01,LAX,TEN,Community Tennis League of America,Adult (18+),22324,6697,false
2022 Spring,2022-03-01,CHI,TEN,Community Tennis League of America,Youth (U18),7642,2293,false
2022 Spring,2022-03-01,CHI,TEN,Community Tennis League of America,Adult (18+),17832,5350,false
2022 Spring,2022-03-01,DFW,TEN,Community Tennis League of America,Youth (U18),6613,1984,false
2022 Spring,2022-03-01,DFW,TEN,Community Tennis League of America,Adult (18+),15431,4629,false
2022 Spring,2022-03-01,HOU,TEN,Community Tennis League of America,Youth (U18),5964,1789,false
2022 Spring,2022-03-01,HOU,TEN,Community Tennis League of America,Adult (18+),13916,4175,false
2022 Spring,2022-03-01,WAS,TEN,Community Tennis League of America,Youth (U18),4691,1407,false
2022 Spring,2022-03-01,WAS,TEN,Community Tennis League of America,Adult (18+),10945,3284,false
2022 Spring,2022-03-01,PHL,TEN,Community Tennis League of America,Youth (U18),4688,1406,false
2022 Spring,2022-03-01,PHL,TEN,Community Tennis League of America,Adult (18+),10940,3282,false
2022 Spring,2022-03-01,ATL,TEN,Community Tennis League of America,Youth (U18),4982,1495,false
2022 Spring,2022-03-01,ATL,TEN,Community Tennis League of America,Adult (18+),11625,3488,false
2022 Spring,2022-03-01,MIA,TEN,Community Tennis League of America,Youth (U18),4773,1432,false
2022 Spring,2022-03-01,MIA,TEN,Community Tennis League of America,Adult (18+),11138,3341,false
2022 Spring,2022-03-01,PHX,TEN,Community Tennis League of America,Youth (U18),4348,1304,false
2022 Spring,2022-03-01,PHX,TEN,Community Tennis League of America,Adult (18+),10145,3044,false
2022 Spring,2022-03-01,BOS,TEN,Community Tennis League of America,Youth (U18),3948,1184,false
2022 Spring,2022-03-01,BOS,TEN,Community Tennis League of America,Adult (18+),9211,2763,false
2022 Spring,2022-03-01,SFO,TEN,Community Tennis League of America,Youth (U18),3743,1123,false
2022 Spring,2022-03-01,SFO,TEN,Community Tennis League of America,Adult (18+),8734,2620,false
2022 Spring,2022-03-01,SEA,TEN,Community Tennis League of America,Youth (U18),3136,941,false
2022 Spring,2022-03-01,SEA,TEN,Community Tennis League of America,Adult (18+),7317,2195,false
2022 Spring,2022-03-01,MSP,TEN,Community Tennis League of America,Youth (U18),3132,940,false
2022 Spring,2022-03-01,MSP,TEN,Community Tennis League of America,Adult (18+),7308,2192,false
2022 Spring,2022-03-01,SAN,TEN,Community Tennis League of America,Youth (U18),2497,749,false
2022 Spring,2022-03-01,SAN,TEN,Community Tennis League of America,Adult (18+),5826,1748,false
2022 Spring,2022-03-01,TPA,TEN,Community Tennis League of America,Youth (U18),2631,789,false
2022 Spring,2022-03-01,TPA,TEN,Community Tennis League of America,Adult (18+),6140,1842,false
2022 Spring,2022-03-01,DEN,TEN,Community Tennis League of America,Youth (U18),2163,649,false
2022 Spring,2022-03-01,DEN,TEN,Community Tennis League of America,Adult (18+),5047,1514,false
2022 Spring,2022-03-01,ORL,TEN,Community Tennis League of America,Youth (U18),2332,700,false
2022 Spring,2022-03-01,ORL,TEN,Community Tennis League of America,Adult (18+),5441,1632,false
2022 Spring,2022-03-01,POR,TEN,Community Tennis League of America,Youth (U18),2057,617,false
2022 Spring,2022-03-01,POR,TEN,Community Tennis League of America,Adult (18+),4799,1440,false
2022 Spring,2022-03-01,DET,TEN,Community Tennis League of America,Youth (U18),3728,1118,false
2022 Spring,2022-03-01,DET,TEN,Community Tennis League of America,Adult (18+),8698,2609,false
2022 Spring,2022-03-01,NSH,TEN,Community Tennis League of America,Youth (U18),1705,512,false
2022 Spring,2022-03-01,NSH,TEN,Community Tennis League of America,Adult (18+),3979,1194,false
2022 Spring,2022-03-01,AUS,TEN,Community Tennis League of America,Youth (U18),1910,573,false
2022 Spring,2022-03-01,AUS,TEN,Community Tennis League of America,Adult (18+),4458,1337,false
2022 Spring,2022-03-01,RDU,TEN,Community Tennis League of America,Youth (U18),1262,379,false
2022 Spring,2022-03-01,RDU,TEN,Community Tennis League of America,Adult (18+),2945,884,false
2022 Spring,2022-03-01,CLT,TEN,Community Tennis League of America,Youth (U18),2242,673,false
2022 Spring,2022-03-01,CLT,TEN,Community Tennis League of America,Adult (18+),5232,1570,false
2022 Spring,2022-03-01,SAT,TEN,Community Tennis League of America,Youth (U18),2176,653,false
2022 Spring,2022-03-01,SAT,TEN,Community Tennis League of America,Adult (18+),5077,1523,false
2022 Spring,2022-03-01,LAS,TEN,Community Tennis League of America,Youth (U18),1770,531,false
2022 Spring,2022-03-01,LAS,TEN,Community Tennis League of America,Adult (18+),4129,1239,false
2022 Spring,2022-03-01,CMH,TEN,Community Tennis League of America,Youth (U18),1823,547,false
2022 Spring,2022-03-01,CMH,TEN,Community Tennis League of America,Adult (18+),4253,1276,false
2022 Spring,2022-03-01,MCI,TEN,Community Tennis League of America,Youth (U18),1732,520,false
2022 Spring,2022-03-01,MCI,TEN,Community Tennis League of America,Adult (18+),4042,1213,false
2022 Spring,2022-03-01,SLC,TEN,Community Tennis League of America,Youth (U18),1073,322,false
2022 Spring,2022-03-01,SLC,TEN,Community Tennis League of America,Adult (18+),2503,751,false
2022 Spring,2022-03-01,JAX,TEN,Community Tennis League of America,Youth (U18),1373,412,false
2022 Spring,2022-03-01,JAX,TEN,Community Tennis League of America,Adult (18+),3203,961,false
2022 Spring,2022-03-01,BOI,TEN,Community Tennis League of America,Youth (U18),662,199,false
2022 Spring,2022-03-01,BOI,TEN,Community Tennis League of America,Adult (18+),1544,463,false
2022 Spring,2022-03-01,NYC,PKB,American Pickleball League Network,Youth (U18),1347,404,false
2022 Spring,2022-03-01,NYC,PKB,American Pickleball League Network,Adult (18+),25591,7677,false
2022 Spring,2022-03-01,LAX,PKB,American Pickleball League Network,Youth (U18),920,276,false
2022 Spring,2022-03-01,LAX,PKB,American Pickleball League Network,Adult (18+),17482,5245,false
2022 Spring,2022-03-01,CHI,PKB,American Pickleball League Network,Youth (U18),587,176,false
2022 Spring,2022-03-01,CHI,PKB,American Pickleball League Network,Adult (18+),11153,3346,false
2022 Spring,2022-03-01,DFW,PKB,American Pickleball League Network,Youth (U18),763,229,false
2022 Spring,2022-03-01,DFW,PKB,American Pickleball League Network,Adult (18+),14499,4350,false
2022 Spring,2022-03-01,HOU,PKB,American Pickleball League Network,Youth (U18),833,250,false
2022 Spring,2022-03-01,HOU,PKB,American Pickleball League Network,Adult (18+),15827,4748,false
2022 Spring,2022-03-01,WAS,PKB,American Pickleball League Network,Youth (U18),423,127,false
2022 Spring,2022-03-01,WAS,PKB,American Pickleball League Network,Adult (18+),8043,2413,false
2022 Spring,2022-03-01,PHL,PKB,American Pickleball League Network,Youth (U18),440,132,false
2022 Spring,2022-03-01,PHL,PKB,American Pickleball League Network,Adult (18+),8358,2507,false
2022 Spring,2022-03-01,ATL,PKB,American Pickleball League Network,Youth (U18),636,191,false
2022 Spring,2022-03-01,ATL,PKB,American Pickleball League Network,Adult (18+),12090,3627,false
2022 Spring,2022-03-01,MIA,PKB,American Pickleball League Network,Youth (U18),614,184,false
2022 Spring,2022-03-01,MIA,PKB,American Pickleball League Network,Adult (18+),11675,3503,false
2022 Spring,2022-03-01,PHX,PKB,American Pickleball League Network,Youth (U18),715,215,false
2022 Spring,2022-03-01,PHX,PKB,American Pickleball League Network,Adult (18+),13587,4076,false
2022 Spring,2022-03-01,BOS,PKB,American Pickleball League Network,Youth (U18),342,103,false
2022 Spring,2022-03-01,BOS,PKB,American Pickleball League Network,Adult (18+),6495,1948,false
2022 Spring,2022-03-01,SFO,PKB,American Pickleball League Network,Youth (U18),318,95,false
2022 Spring,2022-03-01,SFO,PKB,American Pickleball League Network,Adult (18+),6040,1812,false
2022 Spring,2022-03-01,SEA,PKB,American Pickleball League Network,Youth (U18),271,81,false
2022 Spring,2022-03-01,SEA,PKB,American Pickleball League Network,Adult (18+),5158,1547,false
2022 Spring,2022-03-01,MSP,PKB,American Pickleball League Network,Youth (U18),237,71,false
2022 Spring,2022-03-01,MSP,PKB,American Pickleball League Network,Adult (18+),4510,1353,false
2022 Spring,2022-03-01,SAN,PKB,American Pickleball League Network,Youth (U18),234,70,false
2022 Spring,2022-03-01,SAN,PKB,American Pickleball League Network,Adult (18+),4451,1335,false
2022 Spring,2022-03-01,TPA,PKB,American Pickleball League Network,Youth (U18),387,116,false
2022 Spring,2022-03-01,TPA,PKB,American Pickleball League Network,Adult (18+),7354,2206,false
2022 Spring,2022-03-01,DEN,PKB,American Pickleball League Network,Youth (U18),219,66,false
2022 Spring,2022-03-01,DEN,PKB,American Pickleball League Network,Adult (18+),4167,1250,false
2022 Spring,2022-03-01,ORL,PKB,American Pickleball League Network,Youth (U18),297,89,false
2022 Spring,2022-03-01,ORL,PKB,American Pickleball League Network,Adult (18+),5647,1694,false
2022 Spring,2022-03-01,POR,PKB,American Pickleball League Network,Youth (U18),152,46,false
2022 Spring,2022-03-01,POR,PKB,American Pickleball League Network,Adult (18+),2889,867,false
2022 Spring,2022-03-01,DET,PKB,American Pickleball League Network,Youth (U18),314,94,false
2022 Spring,2022-03-01,DET,PKB,American Pickleball League Network,Adult (18+),5963,1789,false
2022 Spring,2022-03-01,NSH,PKB,American Pickleball League Network,Youth (U18),222,67,false
2022 Spring,2022-03-01,NSH,PKB,American Pickleball League Network,Adult (18+),4212,1264,false
2022 Spring,2022-03-01,AUS,PKB,American Pickleball League Network,Youth (U18),246,74,false
2022 Spring,2022-03-01,AUS,PKB,American Pickleball League Network,Adult (18+),4667,1400,false
2022 Spring,2022-03-01,RDU,PKB,American Pickleball League Network,Youth (U18),160,48,false
2022 Spring,2022-03-01,RDU,PKB,American Pickleball League Network,Adult (18+),3040,912,false
2022 Spring,2022-03-01,CLT,PKB,American Pickleball League Network,Youth (U18),281,84,false
2022 Spring,2022-03-01,CLT,PKB,American Pickleball League Network,Adult (18+),5334,1600,false
2022 Spring,2022-03-01,SAT,PKB,American Pickleball League Network,Youth (U18),268,80,false
2022 Spring,2022-03-01,SAT,PKB,American Pickleball League Network,Adult (18+),5100,1530,false
2022 Spring,2022-03-01,LAS,PKB,American Pickleball League Network,Youth (U18),303,91,false
2022 Spring,2022-03-01,LAS,PKB,American Pickleball League Network,Adult (18+),5750,1725,false
2022 Spring,2022-03-01,CMH,PKB,American Pickleball League Network,Youth (U18),161,48,false
2022 Spring,2022-03-01,CMH,PKB,American Pickleball League Network,Adult (18+),3056,917,false
2022 Spring,2022-03-01,MCI,PKB,American Pickleball League Network,Youth (U18),159,48,false
2022 Spring,2022-03-01,MCI,PKB,American Pickleball League Network,Adult (18+),3023,907,false
2022 Spring,2022-03-01,SLC,PKB,American Pickleball League Network,Youth (U18),103,31,false
2022 Spring,2022-03-01,SLC,PKB,American Pickleball League Network,Adult (18+),1960,588,false
2022 Spring,2022-03-01,JAX,PKB,American Pickleball League Network,Youth (U18),182,55,false
2022 Spring,2022-03-01,JAX,PKB,American Pickleball League Network,Adult (18+),3460,1038,false
2022 Spring,2022-03-01,BOI,PKB,American Pickleball League Network,Youth (U18),59,18,false
2022 Spring,2022-03-01,BOI,PKB,American Pickleball League Network,Adult (18+),1118,335,false
2022 Spring,2022-03-01,NYC,LAX,US Lacrosse Club Network,Youth (U18),19534,5860,false
2022 Spring,2022-03-01,NYC,LAX,US Lacrosse Club Network,Adult (18+),8372,2512,false
2022 Spring,2022-03-01,LAX,LAX,US Lacrosse Club Network,Youth (U18),4142,1243,false
2022 Spring,2022-03-01,LAX,LAX,US Lacrosse Club Network,Adult (18+),1775,532,false
2022 Spring,2022-03-01,CHI,LAX,US Lacrosse Club Network,Youth (U18),3954,1186,false
2022 Spring,2022-03-01,CHI,LAX,US Lacrosse Club Network,Adult (18+),1695,508,false
2022 Spring,2022-03-01,DFW,LAX,US Lacrosse Club Network,Youth (U18),2668,800,false
2022 Spring,2022-03-01,DFW,LAX,US Lacrosse Club Network,Adult (18+),1144,343,false
2022 Spring,2022-03-01,HOU,LAX,US Lacrosse Club Network,Youth (U18),2545,764,false
2022 Spring,2022-03-01,HOU,LAX,US Lacrosse Club Network,Adult (18+),1091,327,false
2022 Spring,2022-03-01,WAS,LAX,US Lacrosse Club Network,Youth (U18),9352,2806,false
2022 Spring,2022-03-01,WAS,LAX,US Lacrosse Club Network,Adult (18+),4008,1202,false
2022 Spring,2022-03-01,PHL,LAX,US Lacrosse Club Network,Youth (U18),6912,2074,false
2022 Spring,2022-03-01,PHL,LAX,US Lacrosse Club Network,Adult (18+),2962,889,false
2022 Spring,2022-03-01,ATL,LAX,US Lacrosse Club Network,Youth (U18),4253,1276,false
2022 Spring,2022-03-01,ATL,LAX,US Lacrosse Club Network,Adult (18+),1823,547,false
2022 Spring,2022-03-01,MIA,LAX,US Lacrosse Club Network,Youth (U18),3379,1014,false
2022 Spring,2022-03-01,MIA,LAX,US Lacrosse Club Network,Adult (18+),1448,434,false
2022 Spring,2022-03-01,PHX,LAX,US Lacrosse Club Network,Youth (U18),1372,412,false
2022 Spring,2022-03-01,PHX,LAX,US Lacrosse Club Network,Adult (18+),588,176,false
2022 Spring,2022-03-01,BOS,LAX,US Lacrosse Club Network,Youth (U18),5394,1618,false
2022 Spring,2022-03-01,BOS,LAX,US Lacrosse Club Network,Adult (18+),2312,694,false
2022 Spring,2022-03-01,SFO,LAX,US Lacrosse Club Network,Youth (U18),1518,455,false
2022 Spring,2022-03-01,SFO,LAX,US Lacrosse Club Network,Adult (18+),650,195,false
2022 Spring,2022-03-01,SEA,LAX,US Lacrosse Club Network,Youth (U18),1332,400,false
2022 Spring,2022-03-01,SEA,LAX,US Lacrosse Club Network,Adult (18+),571,171,false
2022 Spring,2022-03-01,MSP,LAX,US Lacrosse Club Network,Youth (U18),1649,495,false
2022 Spring,2022-03-01,MSP,LAX,US Lacrosse Club Network,Adult (18+),707,212,false
2022 Spring,2022-03-01,SAN,LAX,US Lacrosse Club Network,Youth (U18),1001,300,false
2022 Spring,2022-03-01,SAN,LAX,US Lacrosse Club Network,Adult (18+),429,129,false
2022 Spring,2022-03-01,TPA,LAX,US Lacrosse Club Network,Youth (U18),1784,535,false
2022 Spring,2022-03-01,TPA,LAX,US Lacrosse Club Network,Adult (18+),764,229,false
2022 Spring,2022-03-01,DEN,LAX,US Lacrosse Club Network,Youth (U18),2469,741,false
2022 Spring,2022-03-01,DEN,LAX,US Lacrosse Club Network,Adult (18+),1058,317,false
2022 Spring,2022-03-01,ORL,LAX,US Lacrosse Club Network,Youth (U18),1519,456,false
2022 Spring,2022-03-01,ORL,LAX,US Lacrosse Club Network,Adult (18+),651,195,false
2022 Spring,2022-03-01,POR,LAX,US Lacrosse Club Network,Youth (U18),837,251,false
2022 Spring,2022-03-01,POR,LAX,US Lacrosse Club Network,Adult (18+),359,108,false
2022 Spring,2022-03-01,DET,LAX,US Lacrosse Club Network,Youth (U18),1891,567,false
2022 Spring,2022-03-01,DET,LAX,US Lacrosse Club Network,Adult (18+),810,243,false
2022 Spring,2022-03-01,NSH,LAX,US Lacrosse Club Network,Youth (U18),1784,535,false
2022 Spring,2022-03-01,NSH,LAX,US Lacrosse Club Network,Adult (18+),764,229,false
2022 Spring,2022-03-01,AUS,LAX,US Lacrosse Club Network,Youth (U18),801,240,false
2022 Spring,2022-03-01,AUS,LAX,US Lacrosse Club Network,Adult (18+),343,103,false
2022 Spring,2022-03-01,RDU,LAX,US Lacrosse Club Network,Youth (U18),1530,459,false
2022 Spring,2022-03-01,RDU,LAX,US Lacrosse Club Network,Adult (18+),656,197,false
2022 Spring,2022-03-01,CLT,LAX,US Lacrosse Club Network,Youth (U18),2166,650,false
2022 Spring,2022-03-01,CLT,LAX,US Lacrosse Club Network,Adult (18+),928,278,false
2022 Spring,2022-03-01,SAT,LAX,US Lacrosse Club Network,Youth (U18),861,258,false
2022 Spring,2022-03-01,SAT,LAX,US Lacrosse Club Network,Adult (18+),369,111,false
2022 Spring,2022-03-01,LAS,LAX,US Lacrosse Club Network,Youth (U18),671,201,false
2022 Spring,2022-03-01,LAS,LAX,US Lacrosse Club Network,Adult (18+),287,86,false
2022 Spring,2022-03-01,CMH,LAX,US Lacrosse Club Network,Youth (U18),1023,307,false
2022 Spring,2022-03-01,CMH,LAX,US Lacrosse Club Network,Adult (18+),438,131,false
2022 Spring,2022-03-01,MCI,LAX,US Lacrosse Club Network,Youth (U18),952,286,false
2022 Spring,2022-03-01,MCI,LAX,US Lacrosse Club Network,Adult (18+),408,122,false
2022 Spring,2022-03-01,SLC,LAX,US Lacrosse Club Network,Youth (U18),984,295,false
2022 Spring,2022-03-01,SLC,LAX,US Lacrosse Club Network,Adult (18+),422,127,false
2022 Spring,2022-03-01,JAX,LAX,US Lacrosse Club Network,Youth (U18),952,286,false
2022 Spring,2022-03-01,JAX,LAX,US Lacrosse Club Network,Adult (18+),408,122,false
2022 Spring,2022-03-01,BOI,LAX,US Lacrosse Club Network,Youth (U18),575,172,false
2022 Spring,2022-03-01,BOI,LAX,US Lacrosse Club Network,Adult (18+),247,74,false
2022 Spring,2022-03-01,NYC,HKY,Amateur Hockey Federation,Youth (U18),3081,924,false
2022 Spring,2022-03-01,NYC,HKY,Amateur Hockey Federation,Adult (18+),2054,616,false
2022 Spring,2022-03-01,LAX,HKY,Amateur Hockey Federation,Youth (U18),904,271,false
2022 Spring,2022-03-01,LAX,HKY,Amateur Hockey Federation,Adult (18+),603,181,false
2022 Spring,2022-03-01,CHI,HKY,Amateur Hockey Federation,Youth (U18),1577,473,false
2022 Spring,2022-03-01,CHI,HKY,Amateur Hockey Federation,Adult (18+),1052,316,false
2022 Spring,2022-03-01,DFW,HKY,Amateur Hockey Federation,Youth (U18),346,104,false
2022 Spring,2022-03-01,DFW,HKY,Amateur Hockey Federation,Adult (18+),231,69,false
2022 Spring,2022-03-01,HOU,HKY,Amateur Hockey Federation,Youth (U18),312,94,false
2022 Spring,2022-03-01,HOU,HKY,Amateur Hockey Federation,Adult (18+),208,62,false
2022 Spring,2022-03-01,WAS,HKY,Amateur Hockey Federation,Youth (U18),958,287,false
2022 Spring,2022-03-01,WAS,HKY,Amateur Hockey Federation,Adult (18+),638,191,false
2022 Spring,2022-03-01,PHL,HKY,Amateur Hockey Federation,Youth (U18),977,293,false
2022 Spring,2022-03-01,PHL,HKY,Amateur Hockey Federation,Adult (18+),652,196,false
2022 Spring,2022-03-01,ATL,HKY,Amateur Hockey Federation,Youth (U18),219,66,false
2022 Spring,2022-03-01,ATL,HKY,Amateur Hockey Federation,Adult (18+),146,44,false
2022 Spring,2022-03-01,MIA,HKY,Amateur Hockey Federation,Youth (U18),206,62,false
2022 Spring,2022-03-01,MIA,HKY,Amateur Hockey Federation,Adult (18+),137,41,false
2022 Spring,2022-03-01,PHX,HKY,Amateur Hockey Federation,Youth (U18),211,63,false
2022 Spring,2022-03-01,PHX,HKY,Amateur Hockey Federation,Adult (18+),141,42,false
2022 Spring,2022-03-01,BOS,HKY,Amateur Hockey Federation,Youth (U18),995,298,false
2022 Spring,2022-03-01,BOS,HKY,Amateur Hockey Federation,Adult (18+),663,199,false
2022 Spring,2022-03-01,SFO,HKY,Amateur Hockey Federation,Youth (U18),311,93,false
2022 Spring,2022-03-01,SFO,HKY,Amateur Hockey Federation,Adult (18+),208,62,false
2022 Spring,2022-03-01,SEA,HKY,Amateur Hockey Federation,Youth (U18),272,82,false
2022 Spring,2022-03-01,SEA,HKY,Amateur Hockey Federation,Adult (18+),181,54,false
2022 Spring,2022-03-01,MSP,HKY,Amateur Hockey Federation,Youth (U18),905,272,false
2022 Spring,2022-03-01,MSP,HKY,Amateur Hockey Federation,Adult (18+),603,181,false
2022 Spring,2022-03-01,SAN,HKY,Amateur Hockey Federation,Youth (U18),219,66,false
2022 Spring,2022-03-01,SAN,HKY,Amateur Hockey Federation,Adult (18+),146,44,false
2022 Spring,2022-03-01,TPA,HKY,Amateur Hockey Federation,Youth (U18),109,33,false
2022 Spring,2022-03-01,TPA,HKY,Amateur Hockey Federation,Adult (18+),73,22,false
2022 Spring,2022-03-01,DEN,HKY,Amateur Hockey Federation,Youth (U18),296,89,false
2022 Spring,2022-03-01,DEN,HKY,Amateur Hockey Federation,Adult (18+),197,59,false
2022 Spring,2022-03-01,ORL,HKY,Amateur Hockey Federation,Youth (U18),101,30,false
2022 Spring,2022-03-01,ORL,HKY,Amateur Hockey Federation,Adult (18+),67,20,false
2022 Spring,2022-03-01,POR,HKY,Amateur Hockey Federation,Youth (U18),163,49,false
2022 Spring,2022-03-01,POR,HKY,Amateur Hockey Federation,Adult (18+),109,33,false
2022 Spring,2022-03-01,DET,HKY,Amateur Hockey Federation,Youth (U18),1049,315,false
2022 Spring,2022-03-01,DET,HKY,Amateur Hockey Federation,Adult (18+),699,210,false
2022 Spring,2022-03-01,NSH,HKY,Amateur Hockey Federation,Youth (U18),75,22,false
2022 Spring,2022-03-01,NSH,HKY,Amateur Hockey Federation,Adult (18+),50,15,false
2022 Spring,2022-03-01,AUS,HKY,Amateur Hockey Federation,Youth (U18),105,32,false
2022 Spring,2022-03-01,AUS,HKY,Amateur Hockey Federation,Adult (18+),70,21,false
2022 Spring,2022-03-01,RDU,HKY,Amateur Hockey Federation,Youth (U18),50,15,false
2022 Spring,2022-03-01,RDU,HKY,Amateur Hockey Federation,Adult (18+),33,10,false
2022 Spring,2022-03-01,CLT,HKY,Amateur Hockey Federation,Youth (U18),93,28,false
2022 Spring,2022-03-01,CLT,HKY,Amateur Hockey Federation,Adult (18+),62,19,false
2022 Spring,2022-03-01,SAT,HKY,Amateur Hockey Federation,Youth (U18),121,36,false
2022 Spring,2022-03-01,SAT,HKY,Amateur Hockey Federation,Adult (18+),80,24,false
2022 Spring,2022-03-01,LAS,HKY,Amateur Hockey Federation,Youth (U18),103,31,false
2022 Spring,2022-03-01,LAS,HKY,Amateur Hockey Federation,Adult (18+),69,21,false
2022 Spring,2022-03-01,CMH,HKY,Amateur Hockey Federation,Youth (U18),359,108,false
2022 Spring,2022-03-01,CMH,HKY,Amateur Hockey Federation,Adult (18+),240,72,false
2022 Spring,2022-03-01,MCI,HKY,Amateur Hockey Federation,Youth (U18),336,101,false
2022 Spring,2022-03-01,MCI,HKY,Amateur Hockey Federation,Adult (18+),224,67,false
2022 Spring,2022-03-01,SLC,HKY,Amateur Hockey Federation,Youth (U18),128,38,false
2022 Spring,2022-03-01,SLC,HKY,Amateur Hockey Federation,Adult (18+),85,26,false
2022 Spring,2022-03-01,JAX,HKY,Amateur Hockey Federation,Youth (U18),61,18,false
2022 Spring,2022-03-01,JAX,HKY,Amateur Hockey Federation,Adult (18+),41,12,false
2022 Spring,2022-03-01,BOI,HKY,Amateur Hockey Federation,Youth (U18),84,25,false
2022 Spring,2022-03-01,BOI,HKY,Amateur Hockey Federation,Adult (18+),56,17,false
2022 Spring,2022-03-01,NYC,VOL,National Volleyball Clubs Association,Youth (U18),11840,3552,false
2022 Spring,2022-03-01,NYC,VOL,National Volleyball Clubs Association,Adult (18+),9687,2906,false
2022 Spring,2022-03-01,LAX,VOL,National Volleyball Clubs Association,Youth (U18),8785,2636,false
2022 Spring,2022-03-01,LAX,VOL,National Volleyball Clubs Association,Adult (18+),7188,2156,false
2022 Spring,2022-03-01,CHI,VOL,National Volleyball Clubs Association,Youth (U18),6819,2046,false
2022 Spring,2022-03-01,CHI,VOL,National Volleyball Clubs Association,Adult (18+),5579,1674,false
2022 Spring,2022-03-01,DFW,VOL,National Volleyball Clubs Association,Youth (U18),5571,1671,false
2022 Spring,2022-03-01,DFW,VOL,National Volleyball Clubs Association,Adult (18+),4558,1367,false
2022 Spring,2022-03-01,HOU,VOL,National Volleyball Clubs Association,Youth (U18),5212,1564,false
2022 Spring,2022-03-01,HOU,VOL,National Volleyball Clubs Association,Adult (18+),4264,1279,false
2022 Spring,2022-03-01,WAS,VOL,National Volleyball Clubs Association,Youth (U18),3465,1040,false
2022 Spring,2022-03-01,WAS,VOL,National Volleyball Clubs Association,Adult (18+),2835,851,false
2022 Spring,2022-03-01,PHL,VOL,National Volleyball Clubs Association,Youth (U18),3917,1175,false
2022 Spring,2022-03-01,PHL,VOL,National Volleyball Clubs Association,Adult (18+),3205,962,false
2022 Spring,2022-03-01,ATL,VOL,National Volleyball Clubs Association,Youth (U18),3735,1120,false
2022 Spring,2022-03-01,ATL,VOL,National Volleyball Clubs Association,Adult (18+),3056,917,false
2022 Spring,2022-03-01,MIA,VOL,National Volleyball Clubs Association,Youth (U18),3775,1132,false
2022 Spring,2022-03-01,MIA,VOL,National Volleyball Clubs Association,Adult (18+),3089,927,false
2022 Spring,2022-03-01,PHX,VOL,National Volleyball Clubs Association,Youth (U18),2972,892,false
2022 Spring,2022-03-01,PHX,VOL,National Volleyball Clubs Association,Adult (18+),2432,730,false
2022 Spring,2022-03-01,BOS,VOL,National Volleyball Clubs Association,Youth (U18),2833,850,false
2022 Spring,2022-03-01,BOS,VOL,National Volleyball Clubs Association,Adult (18+),2318,695,false
2022 Spring,2022-03-01,SFO,VOL,National Volleyball Clubs Association,Youth (U18),3179,954,false
2022 Spring,2022-03-01,SFO,VOL,National Volleyball Clubs Association,Adult (18+),2601,780,false
2022 Spring,2022-03-01,SEA,VOL,National Volleyball Clubs Association,Youth (U18),2628,788,false
2022 Spring,2022-03-01,SEA,VOL,National Volleyball Clubs Association,Adult (18+),2150,645,false
2022 Spring,2022-03-01,MSP,VOL,National Volleyball Clubs Association,Youth (U18),2655,797,false
2022 Spring,2022-03-01,MSP,VOL,National Volleyball Clubs Association,Adult (18+),2172,652,false
2022 Spring,2022-03-01,SAN,VOL,National Volleyball Clubs Association,Youth (U18),2297,689,false
2022 Spring,2022-03-01,SAN,VOL,National Volleyball Clubs Association,Adult (18+),1879,564,false
2022 Spring,2022-03-01,TPA,VOL,National Volleyball Clubs Association,Youth (U18),2026,608,false
2022 Spring,2022-03-01,TPA,VOL,National Volleyball Clubs Association,Adult (18+),1657,497,false
2022 Spring,2022-03-01,DEN,VOL,National Volleyball Clubs Association,Youth (U18),1940,582,false
2022 Spring,2022-03-01,DEN,VOL,National Volleyball Clubs Association,Adult (18+),1587,476,false
2022 Spring,2022-03-01,ORL,VOL,National Volleyball Clubs Association,Youth (U18),1581,474,false
2022 Spring,2022-03-01,ORL,VOL,National Volleyball Clubs Association,Adult (18+),1294,388,false
2022 Spring,2022-03-01,POR,VOL,National Volleyball Clubs Association,Youth (U18),1718,515,false
2022 Spring,2022-03-01,POR,VOL,National Volleyball Clubs Association,Adult (18+),1406,422,false
2022 Spring,2022-03-01,DET,VOL,National Volleyball Clubs Association,Youth (U18),3239,972,false
2022 Spring,2022-03-01,DET,VOL,National Volleyball Clubs Association,Adult (18+),2650,795,false
2022 Spring,2022-03-01,NSH,VOL,National Volleyball Clubs Association,Youth (U18),1270,381,false
2022 Spring,2022-03-01,NSH,VOL,National Volleyball Clubs Association,Adult (18+),1039,312,false
2022 Spring,2022-03-01,AUS,VOL,National Volleyball Clubs Association,Youth (U18),1782,535,false
2022 Spring,2022-03-01,AUS,VOL,National Volleyball Clubs Association,Adult (18+),1458,437,false
2022 Spring,2022-03-01,RDU,VOL,National Volleyball Clubs Association,Youth (U18),924,277,false
2022 Spring,2022-03-01,RDU,VOL,National Volleyball Clubs Association,Adult (18+),756,227,false
2022 Spring,2022-03-01,CLT,VOL,National Volleyball Clubs Association,Youth (U18),1571,471,false
2022 Spring,2022-03-01,CLT,VOL,National Volleyball Clubs Association,Adult (18+),1286,386,false
2022 Spring,2022-03-01,SAT,VOL,National Volleyball Clubs Association,Youth (U18),2010,603,false
2022 Spring,2022-03-01,SAT,VOL,National Volleyball Clubs Association,Adult (18+),1644,493,false
2022 Spring,2022-03-01,LAS,VOL,National Volleyball Clubs Association,Youth (U18),1425,428,false
2022 Spring,2022-03-01,LAS,VOL,National Volleyball Clubs Association,Adult (18+),1166,350,false
2022 Spring,2022-03-01,CMH,VOL,National Volleyball Clubs Association,Youth (U18),1664,499,false
2022 Spring,2022-03-01,CMH,VOL,National Volleyball Clubs Association,Adult (18+),1362,409,false
2022 Spring,2022-03-01,MCI,VOL,National Volleyball Clubs Association,Youth (U18),1508,452,false
2022 Spring,2022-03-01,MCI,VOL,National Volleyball Clubs Association,Adult (18+),1233,370,false
2022 Spring,2022-03-01,SLC,VOL,National Volleyball Clubs Association,Youth (U18),759,228,false
2022 Spring,2022-03-01,SLC,VOL,National Volleyball Clubs Association,Adult (18+),621,186,false
2022 Spring,2022-03-01,JAX,VOL,National Volleyball Clubs Association,Youth (U18),1000,300,false
2022 Spring,2022-03-01,JAX,VOL,National Volleyball Clubs Association,Adult (18+),818,245,false
2022 Spring,2022-03-01,BOI,VOL,National Volleyball Clubs Association,Youth (U18),477,143,false
2022 Spring,2022-03-01,BOI,VOL,National Volleyball Clubs Association,Adult (18+),390,117,false
2022 Fall,2022-09-01,NYC,SOC,National Youth & Adult Soccer Alliance,Youth (U18),51804,15541,false
2022 Fall,2022-09-01,NYC,SOC,National Youth & Adult Soccer Alliance,Adult (18+),17268,5180,false
2022 Fall,2022-09-01,LAX,SOC,National Youth & Adult Soccer Alliance,Youth (U18),29784,8935,false
2022 Fall,2022-09-01,LAX,SOC,National Youth & Adult Soccer Alliance,Adult (18+),9928,2978,false
2022 Fall,2022-09-01,CHI,SOC,National Youth & Adult Soccer Alliance,Youth (U18),22489,6747,false
2022 Fall,2022-09-01,CHI,SOC,National Youth & Adult Soccer Alliance,Adult (18+),7496,2249,false
2022 Fall,2022-09-01,DFW,SOC,National Youth & Adult Soccer Alliance,Youth (U18),20510,6153,false
2022 Fall,2022-09-01,DFW,SOC,National Youth & Adult Soccer Alliance,Adult (18+),6837,2051,false
2022 Fall,2022-09-01,HOU,SOC,National Youth & Adult Soccer Alliance,Youth (U18),19624,5887,false
2022 Fall,2022-09-01,HOU,SOC,National Youth & Adult Soccer Alliance,Adult (18+),6541,1962,false
2022 Fall,2022-09-01,WAS,SOC,National Youth & Adult Soccer Alliance,Youth (U18),17669,5301,false
2022 Fall,2022-09-01,WAS,SOC,National Youth & Adult Soccer Alliance,Adult (18+),5890,1767,false
2022 Fall,2022-09-01,PHL,SOC,National Youth & Adult Soccer Alliance,Youth (U18),13667,4100,false
2022 Fall,2022-09-01,PHL,SOC,National Youth & Adult Soccer Alliance,Adult (18+),4556,1367,false
2022 Fall,2022-09-01,ATL,SOC,National Youth & Adult Soccer Alliance,Youth (U18),16312,4894,false
2022 Fall,2022-09-01,ATL,SOC,National Youth & Adult Soccer Alliance,Adult (18+),5437,1631,false
2022 Fall,2022-09-01,MIA,SOC,National Youth & Adult Soccer Alliance,Youth (U18),15189,4557,false
2022 Fall,2022-09-01,MIA,SOC,National Youth & Adult Soccer Alliance,Adult (18+),5063,1519,false
2022 Fall,2022-09-01,PHX,SOC,National Youth & Adult Soccer Alliance,Youth (U18),12874,3862,false
2022 Fall,2022-09-01,PHX,SOC,National Youth & Adult Soccer Alliance,Adult (18+),4291,1287,false
2022 Fall,2022-09-01,BOS,SOC,National Youth & Adult Soccer Alliance,Youth (U18),12260,3678,false
2022 Fall,2022-09-01,BOS,SOC,National Youth & Adult Soccer Alliance,Adult (18+),4087,1226,false
2022 Fall,2022-09-01,SFO,SOC,National Youth & Adult Soccer Alliance,Youth (U18),12965,3890,false
2022 Fall,2022-09-01,SFO,SOC,National Youth & Adult Soccer Alliance,Adult (18+),4322,1297,false
2022 Fall,2022-09-01,SEA,SOC,National Youth & Adult Soccer Alliance,Youth (U18),10480,3144,false
2022 Fall,2022-09-01,SEA,SOC,National Youth & Adult Soccer Alliance,Adult (18+),3493,1048,false
2022 Fall,2022-09-01,MSP,SOC,National Youth & Adult Soccer Alliance,Youth (U18),10420,3126,false
2022 Fall,2022-09-01,MSP,SOC,National Youth & Adult Soccer Alliance,Adult (18+),3473,1042,false
2022 Fall,2022-09-01,SAN,SOC,National Youth & Adult Soccer Alliance,Youth (U18),8307,2492,false
2022 Fall,2022-09-01,SAN,SOC,National Youth & Adult Soccer Alliance,Adult (18+),2769,831,false
2022 Fall,2022-09-01,TPA,SOC,National Youth & Adult Soccer Alliance,Youth (U18),7686,2306,false
2022 Fall,2022-09-01,TPA,SOC,National Youth & Adult Soccer Alliance,Adult (18+),2562,769,false
2022 Fall,2022-09-01,DEN,SOC,National Youth & Adult Soccer Alliance,Youth (U18),8113,2434,false
2022 Fall,2022-09-01,DEN,SOC,National Youth & Adult Soccer Alliance,Adult (18+),2704,811,false
2022 Fall,2022-09-01,ORL,SOC,National Youth & Adult Soccer Alliance,Youth (U18),7092,2128,false
2022 Fall,2022-09-01,ORL,SOC,National Youth & Adult Soccer Alliance,Adult (18+),2364,709,false
2022 Fall,2022-09-01,POR,SOC,National Youth & Adult Soccer Alliance,Youth (U18),6305,1892,false
2022 Fall,2022-09-01,POR,SOC,National Youth & Adult Soccer Alliance,Adult (18+),2102,631,false
2022 Fall,2022-09-01,DET,SOC,National Youth & Adult Soccer Alliance,Youth (U18),11546,3464,false
2022 Fall,2022-09-01,DET,SOC,National Youth & Adult Soccer Alliance,Adult (18+),3849,1155,false
2022 Fall,2022-09-01,NSH,SOC,National Youth & Adult Soccer Alliance,Youth (U18),5501,1650,false
2022 Fall,2022-09-01,NSH,SOC,National Youth & Adult Soccer Alliance,Adult (18+),1834,550,false
2022 Fall,2022-09-01,AUS,SOC,National Youth & Adult Soccer Alliance,Youth (U18),7126,2138,false
2022 Fall,2022-09-01,AUS,SOC,National Youth & Adult Soccer Alliance,Adult (18+),2375,712,false
2022 Fall,2022-09-01,RDU,SOC,National Youth & Adult Soccer Alliance,Youth (U18),3871,1161,false
2022 Fall,2022-09-01,RDU,SOC,National Youth & Adult Soccer Alliance,Adult (18+),1290,387,false
2022 Fall,2022-09-01,CLT,SOC,National Youth & Adult Soccer Alliance,Youth (U18),7472,2242,false
2022 Fall,2022-09-01,CLT,SOC,National Youth & Adult Soccer Alliance,Adult (18+),2491,747,false
2022 Fall,2022-09-01,SAT,SOC,National Youth & Adult Soccer Alliance,Youth (U18),6809,2043,false
2022 Fall,2022-09-01,SAT,SOC,National Youth & Adult Soccer Alliance,Adult (18+),2270,681,false
2022 Fall,2022-09-01,LAS,SOC,National Youth & Adult Soccer Alliance,Youth (U18),6838,2051,false
2022 Fall,2022-09-01,LAS,SOC,National Youth & Adult Soccer Alliance,Adult (18+),2279,684,false
2022 Fall,2022-09-01,CMH,SOC,National Youth & Adult Soccer Alliance,Youth (U18),5528,1658,false
2022 Fall,2022-09-01,CMH,SOC,National Youth & Adult Soccer Alliance,Adult (18+),1843,553,false
2022 Fall,2022-09-01,MCI,SOC,National Youth & Adult Soccer Alliance,Youth (U18),5726,1718,false
2022 Fall,2022-09-01,MCI,SOC,National Youth & Adult Soccer Alliance,Adult (18+),1909,573,false
2022 Fall,2022-09-01,SLC,SOC,National Youth & Adult Soccer Alliance,Youth (U18),3434,1030,false
2022 Fall,2022-09-01,SLC,SOC,National Youth & Adult Soccer Alliance,Adult (18+),1145,344,false
2022 Fall,2022-09-01,JAX,SOC,National Youth & Adult Soccer Alliance,Youth (U18),4436,1331,false
2022 Fall,2022-09-01,JAX,SOC,National Youth & Adult Soccer Alliance,Adult (18+),1479,444,false
2022 Fall,2022-09-01,BOI,SOC,National Youth & Adult Soccer Alliance,Youth (U18),2435,730,false
2022 Fall,2022-09-01,BOI,SOC,National Youth & Adult Soccer Alliance,Adult (18+),812,244,false
2022 Fall,2022-09-01,NYC,BSK,Hoops America Rec Network,Youth (U18),74833,22450,false
2022 Fall,2022-09-01,NYC,BSK,Hoops America Rec Network,Adult (18+),49889,14967,false
2022 Fall,2022-09-01,LAX,BSK,Hoops America Rec Network,Youth (U18),47893,14368,false
2022 Fall,2022-09-01,LAX,BSK,Hoops America Rec Network,Adult (18+),31928,9578,false
2022 Fall,2022-09-01,CHI,BSK,Hoops America Rec Network,Youth (U18),32951,9885,false
2022 Fall,2022-09-01,CHI,BSK,Hoops America Rec Network,Adult (18+),21967,6590,false
2022 Fall,2022-09-01,DFW,BSK,Hoops America Rec Network,Youth (U18),30774,9232,false
2022 Fall,2022-09-01,DFW,BSK,Hoops America Rec Network,Adult (18+),20516,6155,false
2022 Fall,2022-09-01,HOU,BSK,Hoops America Rec Network,Youth (U18),29615,8884,false
2022 Fall,2022-09-01,HOU,BSK,Hoops America Rec Network,Adult (18+),19744,5923,false
2022 Fall,2022-09-01,WAS,BSK,Hoops America Rec Network,Youth (U18),24601,7380,false
2022 Fall,2022-09-01,WAS,BSK,Hoops America Rec Network,Adult (18+),16401,4920,false
2022 Fall,2022-09-01,PHL,BSK,Hoops America Rec Network,Youth (U18),23746,7124,false
2022 Fall,2022-09-01,PHL,BSK,Hoops America Rec Network,Adult (18+),15831,4749,false
2022 Fall,2022-09-01,ATL,BSK,Hoops America Rec Network,Youth (U18),24820,7446,false
2022 Fall,2022-09-01,ATL,BSK,Hoops America Rec Network,Adult (18+),16547,4964,false
2022 Fall,2022-09-01,MIA,BSK,Hoops America Rec Network,Youth (U18),21717,6515,false
2022 Fall,2022-09-01,MIA,BSK,Hoops America Rec Network,Adult (18+),14478,4343,false
2022 Fall,2022-09-01,PHX,BSK,Hoops America Rec Network,Youth (U18),20137,6041,false
2022 Fall,2022-09-01,PHX,BSK,Hoops America Rec Network,Adult (18+),13425,4028,false
2022 Fall,2022-09-01,BOS,BSK,Hoops America Rec Network,Youth (U18),19564,5869,false
2022 Fall,2022-09-01,BOS,BSK,Hoops America Rec Network,Adult (18+),13042,3913,false
2022 Fall,2022-09-01,SFO,BSK,Hoops America Rec Network,Youth (U18),17981,5394,false
2022 Fall,2022-09-01,SFO,BSK,Hoops America Rec Network,Adult (18+),11987,3596,false
2022 Fall,2022-09-01,SEA,BSK,Hoops America Rec Network,Youth (U18),16031,4809,false
2022 Fall,2022-09-01,SEA,BSK,Hoops America Rec Network,Adult (18+),10687,3206,false
2022 Fall,2022-09-01,MSP,BSK,Hoops America Rec Network,Youth (U18),14612,4384,false
2022 Fall,2022-09-01,MSP,BSK,Hoops America Rec Network,Adult (18+),9741,2922,false
2022 Fall,2022-09-01,SAN,BSK,Hoops America Rec Network,Youth (U18),12746,3824,false
2022 Fall,2022-09-01,SAN,BSK,Hoops America Rec Network,Adult (18+),8497,2549,false
2022 Fall,2022-09-01,TPA,BSK,Hoops America Rec Network,Youth (U18),11963,3589,false
2022 Fall,2022-09-01,TPA,BSK,Hoops America Rec Network,Adult (18+),7975,2392,false
2022 Fall,2022-09-01,DEN,BSK,Hoops America Rec Network,Youth (U18),11113,3334,false
2022 Fall,2022-09-01,DEN,BSK,Hoops America Rec Network,Adult (18+),7409,2223,false
2022 Fall,2022-09-01,ORL,BSK,Hoops America Rec Network,Youth (U18),10862,3259,false
2022 Fall,2022-09-01,ORL,BSK,Hoops America Rec Network,Adult (18+),7242,2173,false
2022 Fall,2022-09-01,POR,BSK,Hoops America Rec Network,Youth (U18),9027,2708,false
2022 Fall,2022-09-01,POR,BSK,Hoops America Rec Network,Adult (18+),6018,1805,false
2022 Fall,2022-09-01,DET,BSK,Hoops America Rec Network,Youth (U18),16145,4844,false
2022 Fall,2022-09-01,DET,BSK,Hoops America Rec Network,Adult (18+),10763,3229,false
2022 Fall,2022-09-01,NSH,BSK,Hoops America Rec Network,Youth (U18),8924,2677,false
2022 Fall,2022-09-01,NSH,BSK,Hoops America Rec Network,Adult (18+),5949,1785,false
2022 Fall,2022-09-01,AUS,BSK,Hoops America Rec Network,Youth (U18),10765,3230,false
2022 Fall,2022-09-01,AUS,BSK,Hoops America Rec Network,Adult (18+),7177,2153,false
2022 Fall,2022-09-01,RDU,BSK,Hoops America Rec Network,Youth (U18),6087,1826,false
2022 Fall,2022-09-01,RDU,BSK,Hoops America Rec Network,Adult (18+),4058,1217,false
2022 Fall,2022-09-01,CLT,BSK,Hoops America Rec Network,Youth (U18),9983,2995,false
2022 Fall,2022-09-01,CLT,BSK,Hoops America Rec Network,Adult (18+),6655,1996,false
2022 Fall,2022-09-01,SAT,BSK,Hoops America Rec Network,Youth (U18),10399,3120,false
2022 Fall,2022-09-01,SAT,BSK,Hoops America Rec Network,Adult (18+),6933,2080,false
2022 Fall,2022-09-01,LAS,BSK,Hoops America Rec Network,Youth (U18),9027,2708,false
2022 Fall,2022-09-01,LAS,BSK,Hoops America Rec Network,Adult (18+),6018,1805,false
2022 Fall,2022-09-01,CMH,BSK,Hoops America Rec Network,Youth (U18),8583,2575,false
2022 Fall,2022-09-01,CMH,BSK,Hoops America Rec Network,Adult (18+),5722,1717,false
2022 Fall,2022-09-01,MCI,BSK,Hoops America Rec Network,Youth (U18),8650,2595,false
2022 Fall,2022-09-01,MCI,BSK,Hoops America Rec Network,Adult (18+),5766,1730,false
2022 Fall,2022-09-01,SLC,BSK,Hoops America Rec Network,Youth (U18),4701,1410,false
2022 Fall,2022-09-01,SLC,BSK,Hoops America Rec Network,Adult (18+),3134,940,false
2022 Fall,2022-09-01,JAX,BSK,Hoops America Rec Network,Youth (U18),6636,1991,false
2022 Fall,2022-09-01,JAX,BSK,Hoops America Rec Network,Adult (18+),4424,1327,false
2022 Fall,2022-09-01,BOI,BSK,Hoops America Rec Network,Youth (U18),3248,974,false
2022 Fall,2022-09-01,BOI,BSK,Hoops America Rec Network,Adult (18+),2165,650,false
2022 Fall,2022-09-01,NYC,BSB,Diamond Youth Baseball Federation,Youth (U18),10622,3187,false
2022 Fall,2022-09-01,NYC,BSB,Diamond Youth Baseball Federation,Adult (18+),4552,1366,false
2022 Fall,2022-09-01,LAX,BSB,Diamond Youth Baseball Federation,Youth (U18),6347,1904,false
2022 Fall,2022-09-01,LAX,BSB,Diamond Youth Baseball Federation,Adult (18+),2720,816,false
2022 Fall,2022-09-01,CHI,BSB,Diamond Youth Baseball Federation,Youth (U18),4630,1389,false
2022 Fall,2022-09-01,CHI,BSB,Diamond Youth Baseball Federation,Adult (18+),1984,595,false
2022 Fall,2022-09-01,DFW,BSB,Diamond Youth Baseball Federation,Youth (U18),5263,1579,false
2022 Fall,2022-09-01,DFW,BSB,Diamond Youth Baseball Federation,Adult (18+),2256,677,false
2022 Fall,2022-09-01,HOU,BSB,Diamond Youth Baseball Federation,Youth (U18),4688,1406,false
2022 Fall,2022-09-01,HOU,BSB,Diamond Youth Baseball Federation,Adult (18+),2009,603,false
2022 Fall,2022-09-01,WAS,BSB,Diamond Youth Baseball Federation,Youth (U18),3293,988,false
2022 Fall,2022-09-01,WAS,BSB,Diamond Youth Baseball Federation,Adult (18+),1411,423,false
2022 Fall,2022-09-01,PHL,BSB,Diamond Youth Baseball Federation,Youth (U18),3383,1015,false
2022 Fall,2022-09-01,PHL,BSB,Diamond Youth Baseball Federation,Adult (18+),1450,435,false
2022 Fall,2022-09-01,ATL,BSB,Diamond Youth Baseball Federation,Youth (U18),4118,1235,false
2022 Fall,2022-09-01,ATL,BSB,Diamond Youth Baseball Federation,Adult (18+),1765,530,false
2022 Fall,2022-09-01,MIA,BSB,Diamond Youth Baseball Federation,Youth (U18),4022,1207,false
2022 Fall,2022-09-01,MIA,BSB,Diamond Youth Baseball Federation,Adult (18+),1724,517,false
2022 Fall,2022-09-01,PHX,BSB,Diamond Youth Baseball Federation,Youth (U18),3027,908,false
2022 Fall,2022-09-01,PHX,BSB,Diamond Youth Baseball Federation,Adult (18+),1297,389,false
2022 Fall,2022-09-01,BOS,BSB,Diamond Youth Baseball Federation,Youth (U18),2396,719,false
2022 Fall,2022-09-01,BOS,BSB,Diamond Youth Baseball Federation,Adult (18+),1027,308,false
2022 Fall,2022-09-01,SFO,BSB,Diamond Youth Baseball Federation,Youth (U18),2154,646,false
2022 Fall,2022-09-01,SFO,BSB,Diamond Youth Baseball Federation,Adult (18+),923,277,false
2022 Fall,2022-09-01,SEA,BSB,Diamond Youth Baseball Federation,Youth (U18),2105,632,false
2022 Fall,2022-09-01,SEA,BSB,Diamond Youth Baseball Federation,Adult (18+),902,271,false
2022 Fall,2022-09-01,MSP,BSB,Diamond Youth Baseball Federation,Youth (U18),1692,508,false
2022 Fall,2022-09-01,MSP,BSB,Diamond Youth Baseball Federation,Adult (18+),725,218,false
2022 Fall,2022-09-01,SAN,BSB,Diamond Youth Baseball Federation,Youth (U18),1747,524,false
2022 Fall,2022-09-01,SAN,BSB,Diamond Youth Baseball Federation,Adult (18+),749,225,false
2022 Fall,2022-09-01,TPA,BSB,Diamond Youth Baseball Federation,Youth (U18),2193,658,false
2022 Fall,2022-09-01,TPA,BSB,Diamond Youth Baseball Federation,Adult (18+),940,282,false
2022 Fall,2022-09-01,DEN,BSB,Diamond Youth Baseball Federation,Youth (U18),1495,448,false
2022 Fall,2022-09-01,DEN,BSB,Diamond Youth Baseball Federation,Adult (18+),641,192,false
2022 Fall,2022-09-01,ORL,BSB,Diamond Youth Baseball Federation,Youth (U18),1872,562,false
2022 Fall,2022-09-01,ORL,BSB,Diamond Youth Baseball Federation,Adult (18+),802,241,false
2022 Fall,2022-09-01,POR,BSB,Diamond Youth Baseball Federation,Youth (U18),1217,365,false
2022 Fall,2022-09-01,POR,BSB,Diamond Youth Baseball Federation,Adult (18+),522,157,false
2022 Fall,2022-09-01,DET,BSB,Diamond Youth Baseball Federation,Youth (U18),1900,570,false
2022 Fall,2022-09-01,DET,BSB,Diamond Youth Baseball Federation,Adult (18+),814,244,false
2022 Fall,2022-09-01,NSH,BSB,Diamond Youth Baseball Federation,Youth (U18),1540,462,false
2022 Fall,2022-09-01,NSH,BSB,Diamond Youth Baseball Federation,Adult (18+),660,198,false
2022 Fall,2022-09-01,AUS,BSB,Diamond Youth Baseball Federation,Youth (U18),1578,473,false
2022 Fall,2022-09-01,AUS,BSB,Diamond Youth Baseball Federation,Adult (18+),676,203,false
2022 Fall,2022-09-01,RDU,BSB,Diamond Youth Baseball Federation,Youth (U18),1103,331,false
2022 Fall,2022-09-01,RDU,BSB,Diamond Youth Baseball Federation,Adult (18+),473,142,false
2022 Fall,2022-09-01,CLT,BSB,Diamond Youth Baseball Federation,Youth (U18),1723,517,false
2022 Fall,2022-09-01,CLT,BSB,Diamond Youth Baseball Federation,Adult (18+),739,222,false
2022 Fall,2022-09-01,SAT,BSB,Diamond Youth Baseball Federation,Youth (U18),1887,566,false
2022 Fall,2022-09-01,SAT,BSB,Diamond Youth Baseball Federation,Adult (18+),809,243,false
2022 Fall,2022-09-01,LAS,BSB,Diamond Youth Baseball Federation,Youth (U18),1259,378,false
2022 Fall,2022-09-01,LAS,BSB,Diamond Youth Baseball Federation,Adult (18+),540,162,false
2022 Fall,2022-09-01,CMH,BSB,Diamond Youth Baseball Federation,Youth (U18),1038,311,false
2022 Fall,2022-09-01,CMH,BSB,Diamond Youth Baseball Federation,Adult (18+),445,134,false
2022 Fall,2022-09-01,MCI,BSB,Diamond Youth Baseball Federation,Youth (U18),1082,325,false
2022 Fall,2022-09-01,MCI,BSB,Diamond Youth Baseball Federation,Adult (18+),464,139,false
2022 Fall,2022-09-01,SLC,BSB,Diamond Youth Baseball Federation,Youth (U18),677,203,false
2022 Fall,2022-09-01,SLC,BSB,Diamond Youth Baseball Federation,Adult (18+),290,87,false
2022 Fall,2022-09-01,JAX,BSB,Diamond Youth Baseball Federation,Youth (U18),1063,319,false
2022 Fall,2022-09-01,JAX,BSB,Diamond Youth Baseball Federation,Adult (18+),456,137,false
2022 Fall,2022-09-01,BOI,BSB,Diamond Youth Baseball Federation,Youth (U18),404,121,false
2022 Fall,2022-09-01,BOI,BSB,Diamond Youth Baseball Federation,Adult (18+),173,52,false
2022 Fall,2022-09-01,NYC,FTB,Gridiron Youth League Association,Youth (U18),33698,10109,false
2022 Fall,2022-09-01,NYC,FTB,Gridiron Youth League Association,Adult (18+),8425,2528,false
2022 Fall,2022-09-01,LAX,FTB,Gridiron Youth League Association,Youth (U18),20601,6180,false
2022 Fall,2022-09-01,LAX,FTB,Gridiron Youth League Association,Adult (18+),5150,1545,false
2022 Fall,2022-09-01,CHI,FTB,Gridiron Youth League Association,Youth (U18),17243,5173,false
2022 Fall,2022-09-01,CHI,FTB,Gridiron Youth League Association,Adult (18+),4311,1293,false
2022 Fall,2022-09-01,DFW,FTB,Gridiron Youth League Association,Youth (U18),21690,6507,false
2022 Fall,2022-09-01,DFW,FTB,Gridiron Youth League Association,Adult (18+),5423,1627,false
2022 Fall,2022-09-01,HOU,FTB,Gridiron Youth League Association,Youth (U18),19947,5984,false
2022 Fall,2022-09-01,HOU,FTB,Gridiron Youth League Association,Adult (18+),4987,1496,false
2022 Fall,2022-09-01,WAS,FTB,Gridiron Youth League Association,Youth (U18),10842,3253,false
2022 Fall,2022-09-01,WAS,FTB,Gridiron Youth League Association,Adult (18+),2710,813,false
2022 Fall,2022-09-01,PHL,FTB,Gridiron Youth League Association,Youth (U18),9815,2944,false
2022 Fall,2022-09-01,PHL,FTB,Gridiron Youth League Association,Adult (18+),2454,736,false
2022 Fall,2022-09-01,ATL,FTB,Gridiron Youth League Association,Youth (U18),14112,4234,false
2022 Fall,2022-09-01,ATL,FTB,Gridiron Youth League Association,Adult (18+),3528,1058,false
2022 Fall,2022-09-01,MIA,FTB,Gridiron Youth League Association,Youth (U18),15635,4690,false
2022 Fall,2022-09-01,MIA,FTB,Gridiron Youth League Association,Adult (18+),3909,1173,false
2022 Fall,2022-09-01,PHX,FTB,Gridiron Youth League Association,Youth (U18),9113,2734,false
2022 Fall,2022-09-01,PHX,FTB,Gridiron Youth League Association,Adult (18+),2278,683,false
2022 Fall,2022-09-01,BOS,FTB,Gridiron Youth League Association,Youth (U18),7756,2327,false
2022 Fall,2022-09-01,BOS,FTB,Gridiron Youth League Association,Adult (18+),1939,582,false
2022 Fall,2022-09-01,SFO,FTB,Gridiron Youth League Association,Youth (U18),8227,2468,false
2022 Fall,2022-09-01,SFO,FTB,Gridiron Youth League Association,Adult (18+),2057,617,false
2022 Fall,2022-09-01,SEA,FTB,Gridiron Youth League Association,Youth (U18),6945,2084,false
2022 Fall,2022-09-01,SEA,FTB,Gridiron Youth League Association,Adult (18+),1736,521,false
2022 Fall,2022-09-01,MSP,FTB,Gridiron Youth League Association,Youth (U18),6247,1874,false
2022 Fall,2022-09-01,MSP,FTB,Gridiron Youth League Association,Adult (18+),1562,469,false
2022 Fall,2022-09-01,SAN,FTB,Gridiron Youth League Association,Youth (U18),5490,1647,false
2022 Fall,2022-09-01,SAN,FTB,Gridiron Youth League Association,Adult (18+),1372,412,false
2022 Fall,2022-09-01,TPA,FTB,Gridiron Youth League Association,Youth (U18),7807,2342,false
2022 Fall,2022-09-01,TPA,FTB,Gridiron Youth League Association,Adult (18+),1952,586,false
2022 Fall,2022-09-01,DEN,FTB,Gridiron Youth League Association,Youth (U18),4946,1484,false
2022 Fall,2022-09-01,DEN,FTB,Gridiron Youth League Association,Adult (18+),1236,371,false
2022 Fall,2022-09-01,ORL,FTB,Gridiron Youth League Association,Youth (U18),7658,2297,false
2022 Fall,2022-09-01,ORL,FTB,Gridiron Youth League Association,Adult (18+),1914,574,false
2022 Fall,2022-09-01,POR,FTB,Gridiron Youth League Association,Youth (U18),4504,1351,false
2022 Fall,2022-09-01,POR,FTB,Gridiron Youth League Association,Adult (18+),1126,338,false
2022 Fall,2022-09-01,DET,FTB,Gridiron Youth League Association,Youth (U18),7609,2283,false
2022 Fall,2022-09-01,DET,FTB,Gridiron Youth League Association,Adult (18+),1902,571,false
2022 Fall,2022-09-01,NSH,FTB,Gridiron Youth League Association,Youth (U18),5246,1574,false
2022 Fall,2022-09-01,NSH,FTB,Gridiron Youth League Association,Adult (18+),1312,394,false
2022 Fall,2022-09-01,AUS,FTB,Gridiron Youth League Association,Youth (U18),6521,1956,false
2022 Fall,2022-09-01,AUS,FTB,Gridiron Youth League Association,Adult (18+),1630,489,false
2022 Fall,2022-09-01,RDU,FTB,Gridiron Youth League Association,Youth (U18),3786,1136,false
2022 Fall,2022-09-01,RDU,FTB,Gridiron Youth League Association,Adult (18+),946,284,false
2022 Fall,2022-09-01,CLT,FTB,Gridiron Youth League Association,Youth (U18),6723,2017,false
2022 Fall,2022-09-01,CLT,FTB,Gridiron Youth League Association,Adult (18+),1681,504,false
2022 Fall,2022-09-01,SAT,FTB,Gridiron Youth League Association,Youth (U18),7770,2331,false
2022 Fall,2022-09-01,SAT,FTB,Gridiron Youth League Association,Adult (18+),1943,583,false
2022 Fall,2022-09-01,LAS,FTB,Gridiron Youth League Association,Youth (U18),4038,1211,false
2022 Fall,2022-09-01,LAS,FTB,Gridiron Youth League Association,Adult (18+),1009,303,false
2022 Fall,2022-09-01,CMH,FTB,Gridiron Youth League Association,Youth (U18),3931,1179,false
2022 Fall,2022-09-01,CMH,FTB,Gridiron Youth League Association,Adult (18+),983,295,false
2022 Fall,2022-09-01,MCI,FTB,Gridiron Youth League Association,Youth (U18),3794,1138,false
2022 Fall,2022-09-01,MCI,FTB,Gridiron Youth League Association,Adult (18+),949,285,false
2022 Fall,2022-09-01,SLC,FTB,Gridiron Youth League Association,Youth (U18),2196,659,false
2022 Fall,2022-09-01,SLC,FTB,Gridiron Youth League Association,Adult (18+),549,165,false
2022 Fall,2022-09-01,JAX,FTB,Gridiron Youth League Association,Youth (U18),4177,1253,false
2022 Fall,2022-09-01,JAX,FTB,Gridiron Youth League Association,Adult (18+),1044,313,false
2022 Fall,2022-09-01,BOI,FTB,Gridiron Youth League Association,Youth (U18),1339,402,false
2022 Fall,2022-09-01,BOI,FTB,Gridiron Youth League Association,Adult (18+),335,101,false
2022 Fall,2022-09-01,NYC,TEN,Community Tennis League of America,Youth (U18),11408,3422,false
2022 Fall,2022-09-01,NYC,TEN,Community Tennis League of America,Adult (18+),26619,7986,false
2022 Fall,2022-09-01,LAX,TEN,Community Tennis League of America,Youth (U18),8158,2447,false
2022 Fall,2022-09-01,LAX,TEN,Community Tennis League of America,Adult (18+),19035,5710,false
2022 Fall,2022-09-01,CHI,TEN,Community Tennis League of America,Youth (U18),5919,1776,false
2022 Fall,2022-09-01,CHI,TEN,Community Tennis League of America,Adult (18+),13810,4143,false
2022 Fall,2022-09-01,DFW,TEN,Community Tennis League of America,Youth (U18),5163,1549,false
2022 Fall,2022-09-01,DFW,TEN,Community Tennis League of America,Adult (18+),12048,3614,false
2022 Fall,2022-09-01,HOU,TEN,Community Tennis League of America,Youth (U18),4591,1377,false
2022 Fall,2022-09-01,HOU,TEN,Community Tennis League of America,Adult (18+),10713,3214,false
2022 Fall,2022-09-01,WAS,TEN,Community Tennis League of America,Youth (U18),4419,1326,false
2022 Fall,2022-09-01,WAS,TEN,Community Tennis League of America,Adult (18+),10310,3093,false
2022 Fall,2022-09-01,PHL,TEN,Community Tennis League of America,Youth (U18),4038,1211,false
2022 Fall,2022-09-01,PHL,TEN,Community Tennis League of America,Adult (18+),9421,2826,false
2022 Fall,2022-09-01,ATL,TEN,Community Tennis League of America,Youth (U18),3927,1178,false
2022 Fall,2022-09-01,ATL,TEN,Community Tennis League of America,Adult (18+),9163,2749,false
2022 Fall,2022-09-01,MIA,TEN,Community Tennis League of America,Youth (U18),3817,1145,false
2022 Fall,2022-09-01,MIA,TEN,Community Tennis League of America,Adult (18+),8905,2672,false
2022 Fall,2022-09-01,PHX,TEN,Community Tennis League of America,Youth (U18),3467,1040,false
2022 Fall,2022-09-01,PHX,TEN,Community Tennis League of America,Adult (18+),8089,2427,false
2022 Fall,2022-09-01,BOS,TEN,Community Tennis League of America,Youth (U18),3094,928,false
2022 Fall,2022-09-01,BOS,TEN,Community Tennis League of America,Adult (18+),7220,2166,false
2022 Fall,2022-09-01,SFO,TEN,Community Tennis League of America,Youth (U18),3133,940,false
2022 Fall,2022-09-01,SFO,TEN,Community Tennis League of America,Adult (18+),7310,2193,false
2022 Fall,2022-09-01,SEA,TEN,Community Tennis League of America,Youth (U18),2631,789,false
2022 Fall,2022-09-01,SEA,TEN,Community Tennis League of America,Adult (18+),6140,1842,false
2022 Fall,2022-09-01,MSP,TEN,Community Tennis League of America,Youth (U18),2399,720,false
2022 Fall,2022-09-01,MSP,TEN,Community Tennis League of America,Adult (18+),5598,1679,false
2022 Fall,2022-09-01,SAN,TEN,Community Tennis League of America,Youth (U18),2293,688,false
2022 Fall,2022-09-01,SAN,TEN,Community Tennis League of America,Adult (18+),5350,1605,false
2022 Fall,2022-09-01,TPA,TEN,Community Tennis League of America,Youth (U18),2235,670,false
2022 Fall,2022-09-01,TPA,TEN,Community Tennis League of America,Adult (18+),5214,1564,false
2022 Fall,2022-09-01,DEN,TEN,Community Tennis League of America,Youth (U18),2037,611,false
2022 Fall,2022-09-01,DEN,TEN,Community Tennis League of America,Adult (18+),4753,1426,false
2022 Fall,2022-09-01,ORL,TEN,Community Tennis League of America,Youth (U18),1702,511,false
2022 Fall,2022-09-01,ORL,TEN,Community Tennis League of America,Adult (18+),3971,1191,false
2022 Fall,2022-09-01,POR,TEN,Community Tennis League of America,Youth (U18),1653,496,false
2022 Fall,2022-09-01,POR,TEN,Community Tennis League of America,Adult (18+),3858,1157,false
2022 Fall,2022-09-01,DET,TEN,Community Tennis League of America,Youth (U18),2424,727,false
2022 Fall,2022-09-01,DET,TEN,Community Tennis League of America,Adult (18+),5657,1697,false
2022 Fall,2022-09-01,NSH,TEN,Community Tennis League of America,Youth (U18),1389,417,false
2022 Fall,2022-09-01,NSH,TEN,Community Tennis League of America,Adult (18+),3241,972,false
2022 Fall,2022-09-01,AUS,TEN,Community Tennis League of America,Youth (U18),1654,496,false
2022 Fall,2022-09-01,AUS,TEN,Community Tennis League of America,Adult (18+),3860,1158,false
2022 Fall,2022-09-01,RDU,TEN,Community Tennis League of America,Youth (U18),1048,314,false
2022 Fall,2022-09-01,RDU,TEN,Community Tennis League of America,Adult (18+),2445,734,false
2022 Fall,2022-09-01,CLT,TEN,Community Tennis League of America,Youth (U18),1759,528,false
2022 Fall,2022-09-01,CLT,TEN,Community Tennis League of America,Adult (18+),4104,1231,false
2022 Fall,2022-09-01,SAT,TEN,Community Tennis League of America,Youth (U18),1762,529,false
2022 Fall,2022-09-01,SAT,TEN,Community Tennis League of America,Adult (18+),4112,1234,false
2022 Fall,2022-09-01,LAS,TEN,Community Tennis League of America,Youth (U18),1505,452,false
2022 Fall,2022-09-01,LAS,TEN,Community Tennis League of America,Adult (18+),3512,1054,false
2022 Fall,2022-09-01,CMH,TEN,Community Tennis League of America,Youth (U18),1396,419,false
2022 Fall,2022-09-01,CMH,TEN,Community Tennis League of America,Adult (18+),3258,977,false
2022 Fall,2022-09-01,MCI,TEN,Community Tennis League of America,Youth (U18),1308,392,false
2022 Fall,2022-09-01,MCI,TEN,Community Tennis League of America,Adult (18+),3051,915,false
2022 Fall,2022-09-01,SLC,TEN,Community Tennis League of America,Youth (U18),819,246,false
2022 Fall,2022-09-01,SLC,TEN,Community Tennis League of America,Adult (18+),1911,573,false
2022 Fall,2022-09-01,JAX,TEN,Community Tennis League of America,Youth (U18),1070,321,false
2022 Fall,2022-09-01,JAX,TEN,Community Tennis League of America,Adult (18+),2497,749,false
2022 Fall,2022-09-01,BOI,TEN,Community Tennis League of America,Youth (U18),512,154,false
2022 Fall,2022-09-01,BOI,TEN,Community Tennis League of America,Adult (18+),1196,359,false
2022 Fall,2022-09-01,NYC,PKB,American Pickleball League Network,Youth (U18),1480,444,false
2022 Fall,2022-09-01,NYC,PKB,American Pickleball League Network,Adult (18+),28127,8438,false
2022 Fall,2022-09-01,LAX,PKB,American Pickleball League Network,Youth (U18),856,257,false
2022 Fall,2022-09-01,LAX,PKB,American Pickleball League Network,Adult (18+),16266,4880,false
2022 Fall,2022-09-01,CHI,PKB,American Pickleball League Network,Youth (U18),596,179,false
2022 Fall,2022-09-01,CHI,PKB,American Pickleball League Network,Adult (18+),11315,3395,false
2022 Fall,2022-09-01,DFW,PKB,American Pickleball League Network,Youth (U18),717,215,false
2022 Fall,2022-09-01,DFW,PKB,American Pickleball League Network,Adult (18+),13629,4089,false
2022 Fall,2022-09-01,HOU,PKB,American Pickleball League Network,Youth (U18),667,200,false
2022 Fall,2022-09-01,HOU,PKB,American Pickleball League Network,Adult (18+),12674,3802,false
2022 Fall,2022-09-01,WAS,PKB,American Pickleball League Network,Youth (U18),447,134,false
2022 Fall,2022-09-01,WAS,PKB,American Pickleball League Network,Adult (18+),8488,2546,false
2022 Fall,2022-09-01,PHL,PKB,American Pickleball League Network,Youth (U18),395,118,false
2022 Fall,2022-09-01,PHL,PKB,American Pickleball League Network,Adult (18+),7506,2252,false
2022 Fall,2022-09-01,ATL,PKB,American Pickleball League Network,Youth (U18),648,194,false
2022 Fall,2022-09-01,ATL,PKB,American Pickleball League Network,Adult (18+),12316,3695,false
2022 Fall,2022-09-01,MIA,PKB,American Pickleball League Network,Youth (U18),667,200,false
2022 Fall,2022-09-01,MIA,PKB,American Pickleball League Network,Adult (18+),12665,3800,false
2022 Fall,2022-09-01,PHX,PKB,American Pickleball League Network,Youth (U18),625,188,false
2022 Fall,2022-09-01,PHX,PKB,American Pickleball League Network,Adult (18+),11880,3564,false
2022 Fall,2022-09-01,BOS,PKB,American Pickleball League Network,Youth (U18),305,92,false
2022 Fall,2022-09-01,BOS,PKB,American Pickleball League Network,Adult (18+),5802,1741,false
2022 Fall,2022-09-01,SFO,PKB,American Pickleball League Network,Youth (U18),280,84,false
2022 Fall,2022-09-01,SFO,PKB,American Pickleball League Network,Adult (18+),5324,1597,false
2022 Fall,2022-09-01,SEA,PKB,American Pickleball League Network,Youth (U18),270,81,false
2022 Fall,2022-09-01,SEA,PKB,American Pickleball League Network,Adult (18+),5139,1542,false
2022 Fall,2022-09-01,MSP,PKB,American Pickleball League Network,Youth (U18),230,69,false
2022 Fall,2022-09-01,MSP,PKB,American Pickleball League Network,Adult (18+),4379,1314,false
2022 Fall,2022-09-01,SAN,PKB,American Pickleball League Network,Youth (U18),211,63,false
2022 Fall,2022-09-01,SAN,PKB,American Pickleball League Network,Adult (18+),4007,1202,false
2022 Fall,2022-09-01,TPA,PKB,American Pickleball League Network,Youth (U18),423,127,false
2022 Fall,2022-09-01,TPA,PKB,American Pickleball League Network,Adult (18+),8043,2413,false
2022 Fall,2022-09-01,DEN,PKB,American Pickleball League Network,Youth (U18),230,69,false
2022 Fall,2022-09-01,DEN,PKB,American Pickleball League Network,Adult (18+),4370,1311,false
2022 Fall,2022-09-01,ORL,PKB,American Pickleball League Network,Youth (U18),312,94,false
2022 Fall,2022-09-01,ORL,PKB,American Pickleball League Network,Adult (18+),5928,1778,false
2022 Fall,2022-09-01,POR,PKB,American Pickleball League Network,Youth (U18),163,49,false
2022 Fall,2022-09-01,POR,PKB,American Pickleball League Network,Adult (18+),3089,927,false
2022 Fall,2022-09-01,DET,PKB,American Pickleball League Network,Youth (U18),256,77,false
2022 Fall,2022-09-01,DET,PKB,American Pickleball League Network,Adult (18+),4864,1459,false
2022 Fall,2022-09-01,NSH,PKB,American Pickleball League Network,Youth (U18),225,68,false
2022 Fall,2022-09-01,NSH,PKB,American Pickleball League Network,Adult (18+),4273,1282,false
2022 Fall,2022-09-01,AUS,PKB,American Pickleball League Network,Youth (U18),283,85,false
2022 Fall,2022-09-01,AUS,PKB,American Pickleball League Network,Adult (18+),5371,1611,false
2022 Fall,2022-09-01,RDU,PKB,American Pickleball League Network,Youth (U18),179,54,false
2022 Fall,2022-09-01,RDU,PKB,American Pickleball League Network,Adult (18+),3410,1023,false
2022 Fall,2022-09-01,CLT,PKB,American Pickleball League Network,Youth (U18),293,88,false
2022 Fall,2022-09-01,CLT,PKB,American Pickleball League Network,Adult (18+),5560,1668,false
2022 Fall,2022-09-01,SAT,PKB,American Pickleball League Network,Youth (U18),267,80,false
2022 Fall,2022-09-01,SAT,PKB,American Pickleball League Network,Adult (18+),5065,1520,false
2022 Fall,2022-09-01,LAS,PKB,American Pickleball League Network,Youth (U18),291,87,false
2022 Fall,2022-09-01,LAS,PKB,American Pickleball League Network,Adult (18+),5535,1661,false
2022 Fall,2022-09-01,CMH,PKB,American Pickleball League Network,Youth (U18),146,44,false
2022 Fall,2022-09-01,CMH,PKB,American Pickleball League Network,Adult (18+),2768,830,false
2022 Fall,2022-09-01,MCI,PKB,American Pickleball League Network,Youth (U18),151,45,false
2022 Fall,2022-09-01,MCI,PKB,American Pickleball League Network,Adult (18+),2875,863,false
2022 Fall,2022-09-01,SLC,PKB,American Pickleball League Network,Youth (U18),96,29,false
2022 Fall,2022-09-01,SLC,PKB,American Pickleball League Network,Adult (18+),1818,545,false
2022 Fall,2022-09-01,JAX,PKB,American Pickleball League Network,Youth (U18),189,57,false
2022 Fall,2022-09-01,JAX,PKB,American Pickleball League Network,Adult (18+),3599,1080,false
2022 Fall,2022-09-01,BOI,PKB,American Pickleball League Network,Youth (U18),56,17,false
2022 Fall,2022-09-01,BOI,PKB,American Pickleball League Network,Adult (18+),1067,320,false
2022 Fall,2022-09-01,NYC,LAX,US Lacrosse Club Network,Youth (U18),4819,1446,false
2022 Fall,2022-09-01,NYC,LAX,US Lacrosse Club Network,Adult (18+),2065,620,false
2022 Fall,2022-09-01,LAX,LAX,US Lacrosse Club Network,Youth (U18),1044,313,false
2022 Fall,2022-09-01,LAX,LAX,US Lacrosse Club Network,Adult (18+),447,134,false
2022 Fall,2022-09-01,CHI,LAX,US Lacrosse Club Network,Youth (U18),969,291,false
2022 Fall,2022-09-01,CHI,LAX,US Lacrosse Club Network,Adult (18+),415,124,false
2022 Fall,2022-09-01,DFW,LAX,US Lacrosse Club Network,Youth (U18),664,199,false
2022 Fall,2022-09-01,DFW,LAX,US Lacrosse Club Network,Adult (18+),285,86,false
2022 Fall,2022-09-01,HOU,LAX,US Lacrosse Club Network,Youth (U18),608,182,false
2022 Fall,2022-09-01,HOU,LAX,US Lacrosse Club Network,Adult (18+),261,78,false
2022 Fall,2022-09-01,WAS,LAX,US Lacrosse Club Network,Youth (U18),2206,662,false
2022 Fall,2022-09-01,WAS,LAX,US Lacrosse Club Network,Adult (18+),945,284,false
2022 Fall,2022-09-01,PHL,LAX,US Lacrosse Club Network,Youth (U18),1503,451,false
2022 Fall,2022-09-01,PHL,LAX,US Lacrosse Club Network,Adult (18+),644,193,false
2022 Fall,2022-09-01,ATL,LAX,US Lacrosse Club Network,Youth (U18),1055,316,false
2022 Fall,2022-09-01,ATL,LAX,US Lacrosse Club Network,Adult (18+),452,136,false
2022 Fall,2022-09-01,MIA,LAX,US Lacrosse Club Network,Youth (U18),917,275,false
2022 Fall,2022-09-01,MIA,LAX,US Lacrosse Club Network,Adult (18+),393,118,false
2022 Fall,2022-09-01,PHX,LAX,US Lacrosse Club Network,Youth (U18),398,119,false
2022 Fall,2022-09-01,PHX,LAX,US Lacrosse Club Network,Adult (18+),171,51,false
2022 Fall,2022-09-01,BOS,LAX,US Lacrosse Club Network,Youth (U18),1446,434,false
2022 Fall,2022-09-01,BOS,LAX,US Lacrosse Club Network,Adult (18+),620,186,false
2022 Fall,2022-09-01,SFO,LAX,US Lacrosse Club Network,Youth (U18),356,107,false
2022 Fall,2022-09-01,SFO,LAX,US Lacrosse Club Network,Adult (18+),153,46,false
2022 Fall,2022-09-01,SEA,LAX,US Lacrosse Club Network,Youth (U18),376,113,false
2022 Fall,2022-09-01,SEA,LAX,US Lacrosse Club Network,Adult (18+),161,48,false
2022 Fall,2022-09-01,MSP,LAX,US Lacrosse Club Network,Youth (U18),402,121,false
2022 Fall,2022-09-01,MSP,LAX,US Lacrosse Club Network,Adult (18+),172,52,false
2022 Fall,2022-09-01,SAN,LAX,US Lacrosse Club Network,Youth (U18),281,84,false
2022 Fall,2022-09-01,SAN,LAX,US Lacrosse Club Network,Adult (18+),120,36,false
2022 Fall,2022-09-01,TPA,LAX,US Lacrosse Club Network,Youth (U18),458,137,false
2022 Fall,2022-09-01,TPA,LAX,US Lacrosse Club Network,Adult (18+),196,59,false
2022 Fall,2022-09-01,DEN,LAX,US Lacrosse Club Network,Youth (U18),667,200,false
2022 Fall,2022-09-01,DEN,LAX,US Lacrosse Club Network,Adult (18+),286,86,false
2022 Fall,2022-09-01,ORL,LAX,US Lacrosse Club Network,Youth (U18),389,117,false
2022 Fall,2022-09-01,ORL,LAX,US Lacrosse Club Network,Adult (18+),167,50,false
2022 Fall,2022-09-01,POR,LAX,US Lacrosse Club Network,Youth (U18),193,58,false
2022 Fall,2022-09-01,POR,LAX,US Lacrosse Club Network,Adult (18+),83,25,false
2022 Fall,2022-09-01,DET,LAX,US Lacrosse Club Network,Youth (U18),445,134,false
2022 Fall,2022-09-01,DET,LAX,US Lacrosse Club Network,Adult (18+),191,57,false
2022 Fall,2022-09-01,NSH,LAX,US Lacrosse Club Network,Youth (U18),530,159,false
2022 Fall,2022-09-01,NSH,LAX,US Lacrosse Club Network,Adult (18+),227,68,false
2022 Fall,2022-09-01,AUS,LAX,US Lacrosse Club Network,Youth (U18),225,68,false
2022 Fall,2022-09-01,AUS,LAX,US Lacrosse Club Network,Adult (18+),96,29,false
2022 Fall,2022-09-01,RDU,LAX,US Lacrosse Club Network,Youth (U18),456,137,false
2022 Fall,2022-09-01,RDU,LAX,US Lacrosse Club Network,Adult (18+),196,59,false
2022 Fall,2022-09-01,CLT,LAX,US Lacrosse Club Network,Youth (U18),514,154,false
2022 Fall,2022-09-01,CLT,LAX,US Lacrosse Club Network,Adult (18+),220,66,false
2022 Fall,2022-09-01,SAT,LAX,US Lacrosse Club Network,Youth (U18),222,67,false
2022 Fall,2022-09-01,SAT,LAX,US Lacrosse Club Network,Adult (18+),95,28,false
2022 Fall,2022-09-01,LAS,LAX,US Lacrosse Club Network,Youth (U18),161,48,false
2022 Fall,2022-09-01,LAS,LAX,US Lacrosse Club Network,Adult (18+),69,21,false
2022 Fall,2022-09-01,CMH,LAX,US Lacrosse Club Network,Youth (U18),263,79,false
2022 Fall,2022-09-01,CMH,LAX,US Lacrosse Club Network,Adult (18+),113,34,false
2022 Fall,2022-09-01,MCI,LAX,US Lacrosse Club Network,Youth (U18),249,75,false
2022 Fall,2022-09-01,MCI,LAX,US Lacrosse Club Network,Adult (18+),107,32,false
2022 Fall,2022-09-01,SLC,LAX,US Lacrosse Club Network,Youth (U18),221,66,false
2022 Fall,2022-09-01,SLC,LAX,US Lacrosse Club Network,Adult (18+),95,28,false
2022 Fall,2022-09-01,JAX,LAX,US Lacrosse Club Network,Youth (U18),232,70,false
2022 Fall,2022-09-01,JAX,LAX,US Lacrosse Club Network,Adult (18+),99,30,false
2022 Fall,2022-09-01,BOI,LAX,US Lacrosse Club Network,Youth (U18),150,45,false
2022 Fall,2022-09-01,BOI,LAX,US Lacrosse Club Network,Adult (18+),64,19,false
2022 Fall,2022-09-01,NYC,HKY,Amateur Hockey Federation,Youth (U18),16143,4843,false
2022 Fall,2022-09-01,NYC,HKY,Amateur Hockey Federation,Adult (18+),10762,3229,false
2022 Fall,2022-09-01,LAX,HKY,Amateur Hockey Federation,Youth (U18),5153,1546,false
2022 Fall,2022-09-01,LAX,HKY,Amateur Hockey Federation,Adult (18+),3435,1030,false
2022 Fall,2022-09-01,CHI,HKY,Amateur Hockey Federation,Youth (U18),8782,2635,false
2022 Fall,2022-09-01,CHI,HKY,Amateur Hockey Federation,Adult (18+),5855,1756,false
2022 Fall,2022-09-01,DFW,HKY,Amateur Hockey Federation,Youth (U18),1939,582,false
2022 Fall,2022-09-01,DFW,HKY,Amateur Hockey Federation,Adult (18+),1293,388,false
2022 Fall,2022-09-01,HOU,HKY,Amateur Hockey Federation,Youth (U18),1979,594,false
2022 Fall,2022-09-01,HOU,HKY,Amateur Hockey Federation,Adult (18+),1319,396,false
2022 Fall,2022-09-01,WAS,HKY,Amateur Hockey Federation,Youth (U18),5563,1669,false
2022 Fall,2022-09-01,WAS,HKY,Amateur Hockey Federation,Adult (18+),3709,1113,false
2022 Fall,2022-09-01,PHL,HKY,Amateur Hockey Federation,Youth (U18),5726,1718,false
2022 Fall,2022-09-01,PHL,HKY,Amateur Hockey Federation,Adult (18+),3817,1145,false
2022 Fall,2022-09-01,ATL,HKY,Amateur Hockey Federation,Youth (U18),1280,384,false
2022 Fall,2022-09-01,ATL,HKY,Amateur Hockey Federation,Adult (18+),854,256,false
2022 Fall,2022-09-01,MIA,HKY,Amateur Hockey Federation,Youth (U18),1284,385,false
2022 Fall,2022-09-01,MIA,HKY,Amateur Hockey Federation,Adult (18+),856,257,false
2022 Fall,2022-09-01,PHX,HKY,Amateur Hockey Federation,Youth (U18),1279,384,false
2022 Fall,2022-09-01,PHX,HKY,Amateur Hockey Federation,Adult (18+),853,256,false
2022 Fall,2022-09-01,BOS,HKY,Amateur Hockey Federation,Youth (U18),5449,1635,false
2022 Fall,2022-09-01,BOS,HKY,Amateur Hockey Federation,Adult (18+),3633,1090,false
2022 Fall,2022-09-01,SFO,HKY,Amateur Hockey Federation,Youth (U18),1803,541,false
2022 Fall,2022-09-01,SFO,HKY,Amateur Hockey Federation,Adult (18+),1202,361,false
2022 Fall,2022-09-01,SEA,HKY,Amateur Hockey Federation,Youth (U18),1708,512,false
2022 Fall,2022-09-01,SEA,HKY,Amateur Hockey Federation,Adult (18+),1139,342,false
2022 Fall,2022-09-01,MSP,HKY,Amateur Hockey Federation,Youth (U18),5625,1688,false
2022 Fall,2022-09-01,MSP,HKY,Amateur Hockey Federation,Adult (18+),3750,1125,false
2022 Fall,2022-09-01,SAN,HKY,Amateur Hockey Federation,Youth (U18),1188,356,false
2022 Fall,2022-09-01,SAN,HKY,Amateur Hockey Federation,Adult (18+),792,238,false
2022 Fall,2022-09-01,TPA,HKY,Amateur Hockey Federation,Youth (U18),688,206,false
2022 Fall,2022-09-01,TPA,HKY,Amateur Hockey Federation,Adult (18+),459,138,false
2022 Fall,2022-09-01,DEN,HKY,Amateur Hockey Federation,Youth (U18),1679,504,false
2022 Fall,2022-09-01,DEN,HKY,Amateur Hockey Federation,Adult (18+),1120,336,false
2022 Fall,2022-09-01,ORL,HKY,Amateur Hockey Federation,Youth (U18),558,167,false
2022 Fall,2022-09-01,ORL,HKY,Amateur Hockey Federation,Adult (18+),372,112,false
2022 Fall,2022-09-01,POR,HKY,Amateur Hockey Federation,Youth (U18),985,296,false
2022 Fall,2022-09-01,POR,HKY,Amateur Hockey Federation,Adult (18+),657,197,false
2022 Fall,2022-09-01,DET,HKY,Amateur Hockey Federation,Youth (U18),5144,1543,false
2022 Fall,2022-09-01,DET,HKY,Amateur Hockey Federation,Adult (18+),3430,1029,false
2022 Fall,2022-09-01,NSH,HKY,Amateur Hockey Federation,Youth (U18),452,136,false
2022 Fall,2022-09-01,NSH,HKY,Amateur Hockey Federation,Adult (18+),301,90,false
2022 Fall,2022-09-01,AUS,HKY,Amateur Hockey Federation,Youth (U18),666,200,false
2022 Fall,2022-09-01,AUS,HKY,Amateur Hockey Federation,Adult (18+),444,133,false
2022 Fall,2022-09-01,RDU,HKY,Amateur Hockey Federation,Youth (U18),324,97,false
2022 Fall,2022-09-01,RDU,HKY,Amateur Hockey Federation,Adult (18+),216,65,false
2022 Fall,2022-09-01,CLT,HKY,Amateur Hockey Federation,Youth (U18),594,178,false
2022 Fall,2022-09-01,CLT,HKY,Amateur Hockey Federation,Adult (18+),396,119,false
2022 Fall,2022-09-01,SAT,HKY,Amateur Hockey Federation,Youth (U18),644,193,false
2022 Fall,2022-09-01,SAT,HKY,Amateur Hockey Federation,Adult (18+),429,129,false
2022 Fall,2022-09-01,LAS,HKY,Amateur Hockey Federation,Youth (U18),578,173,false
2022 Fall,2022-09-01,LAS,HKY,Amateur Hockey Federation,Adult (18+),385,116,false
2022 Fall,2022-09-01,CMH,HKY,Amateur Hockey Federation,Youth (U18),2125,638,false
2022 Fall,2022-09-01,CMH,HKY,Amateur Hockey Federation,Adult (18+),1417,425,false
2022 Fall,2022-09-01,MCI,HKY,Amateur Hockey Federation,Youth (U18),2063,619,false
2022 Fall,2022-09-01,MCI,HKY,Amateur Hockey Federation,Adult (18+),1375,413,false
2022 Fall,2022-09-01,SLC,HKY,Amateur Hockey Federation,Youth (U18),669,201,false
2022 Fall,2022-09-01,SLC,HKY,Amateur Hockey Federation,Adult (18+),446,134,false
2022 Fall,2022-09-01,JAX,HKY,Amateur Hockey Federation,Youth (U18),326,98,false
2022 Fall,2022-09-01,JAX,HKY,Amateur Hockey Federation,Adult (18+),218,65,false
2022 Fall,2022-09-01,BOI,HKY,Amateur Hockey Federation,Youth (U18),464,139,false
2022 Fall,2022-09-01,BOI,HKY,Amateur Hockey Federation,Adult (18+),309,93,false
2022 Fall,2022-09-01,NYC,VOL,National Volleyball Clubs Association,Youth (U18),30807,9242,false
2022 Fall,2022-09-01,NYC,VOL,National Volleyball Clubs Association,Adult (18+),25206,7562,false
2022 Fall,2022-09-01,LAX,VOL,National Volleyball Clubs Association,Youth (U18),19142,5743,false
2022 Fall,2022-09-01,LAX,VOL,National Volleyball Clubs Association,Adult (18+),15662,4699,false
2022 Fall,2022-09-01,CHI,VOL,National Volleyball Clubs Association,Youth (U18),18631,5589,false
2022 Fall,2022-09-01,CHI,VOL,National Volleyball Clubs Association,Adult (18+),15244,4573,false
2022 Fall,2022-09-01,DFW,VOL,National Volleyball Clubs Association,Youth (U18),14306,4292,false
2022 Fall,2022-09-01,DFW,VOL,National Volleyball Clubs Association,Adult (18+),11705,3512,false
2022 Fall,2022-09-01,HOU,VOL,National Volleyball Clubs Association,Youth (U18),13043,3913,false
2022 Fall,2022-09-01,HOU,VOL,National Volleyball Clubs Association,Adult (18+),10671,3201,false
2022 Fall,2022-09-01,WAS,VOL,National Volleyball Clubs Association,Youth (U18),9417,2825,false
2022 Fall,2022-09-01,WAS,VOL,National Volleyball Clubs Association,Adult (18+),7705,2312,false
2022 Fall,2022-09-01,PHL,VOL,National Volleyball Clubs Association,Youth (U18),9813,2944,false
2022 Fall,2022-09-01,PHL,VOL,National Volleyball Clubs Association,Adult (18+),8029,2409,false
2022 Fall,2022-09-01,ATL,VOL,National Volleyball Clubs Association,Youth (U18),9465,2840,false
2022 Fall,2022-09-01,ATL,VOL,National Volleyball Clubs Association,Adult (18+),7744,2323,false
2022 Fall,2022-09-01,MIA,VOL,National Volleyball Clubs Association,Youth (U18),8861,2658,false
2022 Fall,2022-09-01,MIA,VOL,National Volleyball Clubs Association,Adult (18+),7250,2175,false
2022 Fall,2022-09-01,PHX,VOL,National Volleyball Clubs Association,Youth (U18),7759,2328,false
2022 Fall,2022-09-01,PHX,VOL,National Volleyball Clubs Association,Adult (18+),6348,1904,false
2022 Fall,2022-09-01,BOS,VOL,National Volleyball Clubs Association,Youth (U18),7215,2164,false
2022 Fall,2022-09-01,BOS,VOL,National Volleyball Clubs Association,Adult (18+),5903,1771,false
2022 Fall,2022-09-01,SFO,VOL,National Volleyball Clubs Association,Youth (U18),6659,1998,false
2022 Fall,2022-09-01,SFO,VOL,National Volleyball Clubs Association,Adult (18+),5449,1635,false
2022 Fall,2022-09-01,SEA,VOL,National Volleyball Clubs Association,Youth (U18),6175,1852,false
2022 Fall,2022-09-01,SEA,VOL,National Volleyball Clubs Association,Adult (18+),5053,1516,false
2022 Fall,2022-09-01,MSP,VOL,National Volleyball Clubs Association,Youth (U18),6471,1941,false
2022 Fall,2022-09-01,MSP,VOL,National Volleyball Clubs Association,Adult (18+),5295,1589,false
2022 Fall,2022-09-01,SAN,VOL,National Volleyball Clubs Association,Youth (U18),5366,1610,false
2022 Fall,2022-09-01,SAN,VOL,National Volleyball Clubs Association,Adult (18+),4391,1317,false
2022 Fall,2022-09-01,TPA,VOL,National Volleyball Clubs Association,Youth (U18),4762,1429,false
2022 Fall,2022-09-01,TPA,VOL,National Volleyball Clubs Association,Adult (18+),3896,1169,false
2022 Fall,2022-09-01,DEN,VOL,National Volleyball Clubs Association,Youth (U18),4648,1394,false
2022 Fall,2022-09-01,DEN,VOL,National Volleyball Clubs Association,Adult (18+),3803,1141,false
2022 Fall,2022-09-01,ORL,VOL,National Volleyball Clubs Association,Youth (U18),3783,1135,false
2022 Fall,2022-09-01,ORL,VOL,National Volleyball Clubs Association,Adult (18+),3095,928,false
2022 Fall,2022-09-01,POR,VOL,National Volleyball Clubs Association,Youth (U18),3962,1189,false
2022 Fall,2022-09-01,POR,VOL,National Volleyball Clubs Association,Adult (18+),3241,972,false
2022 Fall,2022-09-01,DET,VOL,National Volleyball Clubs Association,Youth (U18),7291,2187,false
2022 Fall,2022-09-01,DET,VOL,National Volleyball Clubs Association,Adult (18+),5966,1790,false
2022 Fall,2022-09-01,NSH,VOL,National Volleyball Clubs Association,Youth (U18),3453,1036,false
2022 Fall,2022-09-01,NSH,VOL,National Volleyball Clubs Association,Adult (18+),2825,848,false
2022 Fall,2022-09-01,AUS,VOL,National Volleyball Clubs Association,Youth (U18),4621,1386,false
2022 Fall,2022-09-01,AUS,VOL,National Volleyball Clubs Association,Adult (18+),3780,1134,false
2022 Fall,2022-09-01,RDU,VOL,National Volleyball Clubs Association,Youth (U18),2166,650,false
2022 Fall,2022-09-01,RDU,VOL,National Volleyball Clubs Association,Adult (18+),1772,532,false
2022 Fall,2022-09-01,CLT,VOL,National Volleyball Clubs Association,Youth (U18),4067,1220,false
2022 Fall,2022-09-01,CLT,VOL,National Volleyball Clubs Association,Adult (18+),3327,998,false
2022 Fall,2022-09-01,SAT,VOL,National Volleyball Clubs Association,Youth (U18),4881,1464,false
2022 Fall,2022-09-01,SAT,VOL,National Volleyball Clubs Association,Adult (18+),3994,1198,false
2022 Fall,2022-09-01,LAS,VOL,National Volleyball Clubs Association,Youth (U18),3129,939,false
2022 Fall,2022-09-01,LAS,VOL,National Volleyball Clubs Association,Adult (18+),2560,768,false
2022 Fall,2022-09-01,CMH,VOL,National Volleyball Clubs Association,Youth (U18),3700,1110,false
2022 Fall,2022-09-01,CMH,VOL,National Volleyball Clubs Association,Adult (18+),3027,908,false
2022 Fall,2022-09-01,MCI,VOL,National Volleyball Clubs Association,Youth (U18),3762,1129,false
2022 Fall,2022-09-01,MCI,VOL,National Volleyball Clubs Association,Adult (18+),3078,923,false
2022 Fall,2022-09-01,SLC,VOL,National Volleyball Clubs Association,Youth (U18),1913,574,false
2022 Fall,2022-09-01,SLC,VOL,National Volleyball Clubs Association,Adult (18+),1565,470,false
2022 Fall,2022-09-01,JAX,VOL,National Volleyball Clubs Association,Youth (U18),2432,730,false
2022 Fall,2022-09-01,JAX,VOL,National Volleyball Clubs Association,Adult (18+),1990,597,false
2022 Fall,2022-09-01,BOI,VOL,National Volleyball Clubs Association,Youth (U18),1236,371,false
2022 Fall,2022-09-01,BOI,VOL,National Volleyball Clubs Association,Adult (18+),1011,303,false
2023 Spring,2023-03-01,NYC,SOC,National Youth & Adult Soccer Alliance,Youth (U18),37770,7177,false
2023 Spring,2023-03-01,NYC,SOC,National Youth & Adult Soccer Alliance,Adult (18+),12590,2393,false
2023 Spring,2023-03-01,LAX,SOC,National Youth & Adult Soccer Alliance,Youth (U18),27237,8228,false
2023 Spring,2023-03-01,LAX,SOC,National Youth & Adult Soccer Alliance,Adult (18+),9079,2742,false
2023 Spring,2023-03-01,CHI,SOC,National Youth & Adult Soccer Alliance,Youth (U18),17809,3556,false
2023 Spring,2023-03-01,CHI,SOC,National Youth & Adult Soccer Alliance,Adult (18+),5936,1185,false
2023 Spring,2023-03-01,DFW,SOC,National Youth & Adult Soccer Alliance,Youth (U18),17642,5257,false
2023 Spring,2023-03-01,DFW,SOC,National Youth & Adult Soccer Alliance,Adult (18+),5881,1753,false
2023 Spring,2023-03-01,HOU,SOC,National Youth & Adult Soccer Alliance,Youth (U18),16909,5973,false
2023 Spring,2023-03-01,HOU,SOC,National Youth & Adult Soccer Alliance,Adult (18+),5636,1991,false
2023 Spring,2023-03-01,WAS,SOC,National Youth & Adult Soccer Alliance,Youth (U18),13680,4617,false
2023 Spring,2023-03-01,WAS,SOC,National Youth & Adult Soccer Alliance,Adult (18+),4560,1539,false
2023 Spring,2023-03-01,PHL,SOC,National Youth & Adult Soccer Alliance,Youth (U18),13415,4551,false
2023 Spring,2023-03-01,PHL,SOC,National Youth & Adult Soccer Alliance,Adult (18+),4472,1517,false
2023 Spring,2023-03-01,ATL,SOC,National Youth & Adult Soccer Alliance,Youth (U18),12931,4002,false
2023 Spring,2023-03-01,ATL,SOC,National Youth & Adult Soccer Alliance,Adult (18+),4310,1334,false
2023 Spring,2023-03-01,MIA,SOC,National Youth & Adult Soccer Alliance,Youth (U18),13344,4021,false
2023 Spring,2023-03-01,MIA,SOC,National Youth & Adult Soccer Alliance,Adult (18+),4448,1340,false
2023 Spring,2023-03-01,PHX,SOC,National Youth & Adult Soccer Alliance,Youth (U18),10552,2427,false
2023 Spring,2023-03-01,PHX,SOC,National Youth & Adult Soccer Alliance,Adult (18+),3517,808,false
2023 Spring,2023-03-01,BOS,SOC,National Youth & Adult Soccer Alliance,Youth (U18),9273,1410,false
2023 Spring,2023-03-01,BOS,SOC,National Youth & Adult Soccer Alliance,Adult (18+),3091,470,false
2023 Spring,2023-03-01,SFO,SOC,National Youth & Adult Soccer Alliance,Youth (U18),9859,3394,false
2023 Spring,2023-03-01,SFO,SOC,National Youth & Adult Soccer Alliance,Adult (18+),3286,1131,false
2023 Spring,2023-03-01,SEA,SOC,National Youth & Adult Soccer Alliance,Youth (U18),8712,2511,false
2023 Spring,2023-03-01,SEA,SOC,National Youth & Adult Soccer Alliance,Adult (18+),2904,837,false
2023 Spring,2023-03-01,MSP,SOC,National Youth & Adult Soccer Alliance,Youth (U18),7310,1837,false
2023 Spring,2023-03-01,MSP,SOC,National Youth & Adult Soccer Alliance,Adult (18+),2437,613,false
2023 Spring,2023-03-01,SAN,SOC,National Youth & Adult Soccer Alliance,Youth (U18),6751,1819,false
2023 Spring,2023-03-01,SAN,SOC,National Youth & Adult Soccer Alliance,Adult (18+),2250,606,false
2023 Spring,2023-03-01,TPA,SOC,National Youth & Adult Soccer Alliance,Youth (U18),7577,2131,false
2023 Spring,2023-03-01,TPA,SOC,National Youth & Adult Soccer Alliance,Adult (18+),2526,711,false
2023 Spring,2023-03-01,DEN,SOC,National Youth & Adult Soccer Alliance,Youth (U18),6418,1977,false
2023 Spring,2023-03-01,DEN,SOC,National Youth & Adult Soccer Alliance,Adult (18+),2139,659,false
2023 Spring,2023-03-01,ORL,SOC,National Youth & Adult Soccer Alliance,Youth (U18),6264,2136,false
2023 Spring,2023-03-01,ORL,SOC,National Youth & Adult Soccer Alliance,Adult (18+),2088,712,false
2023 Spring,2023-03-01,POR,SOC,National Youth & Adult Soccer Alliance,Youth (U18),5414,2015,false
2023 Spring,2023-03-01,POR,SOC,National Youth & Adult Soccer Alliance,Adult (18+),1805,672,false
2023 Spring,2023-03-01,DET,SOC,National Youth & Adult Soccer Alliance,Youth (U18),8237,1360,false
2023 Spring,2023-03-01,DET,SOC,National Youth & Adult Soccer Alliance,Adult (18+),2746,454,false
2023 Spring,2023-03-01,NSH,SOC,National Youth & Adult Soccer Alliance,Youth (U18),5064,1885,false
2023 Spring,2023-03-01,NSH,SOC,National Youth & Adult Soccer Alliance,Adult (18+),1688,628,false
2023 Spring,2023-03-01,AUS,SOC,National Youth & Adult Soccer Alliance,Youth (U18),5743,1951,false
2023 Spring,2023-03-01,AUS,SOC,National Youth & Adult Soccer Alliance,Adult (18+),1914,650,false
2023 Spring,2023-03-01,RDU,SOC,National Youth & Adult Soccer Alliance,Youth (U18),3906,1745,false
2023 Spring,2023-03-01,RDU,SOC,National Youth & Adult Soccer Alliance,Adult (18+),1302,582,false
2023 Spring,2023-03-01,CLT,SOC,National Youth & Adult Soccer Alliance,Youth (U18),5567,1459,false
2023 Spring,2023-03-01,CLT,SOC,National Youth & Adult Soccer Alliance,Adult (18+),1856,487,false
2023 Spring,2023-03-01,SAT,SOC,National Youth & Adult Soccer Alliance,Youth (U18),5476,1647,false
2023 Spring,2023-03-01,SAT,SOC,National Youth & Adult Soccer Alliance,Adult (18+),1825,548,false
2023 Spring,2023-03-01,LAS,SOC,National Youth & Adult Soccer Alliance,Youth (U18),4807,1532,false
2023 Spring,2023-03-01,LAS,SOC,National Youth & Adult Soccer Alliance,Adult (18+),1602,510,false
2023 Spring,2023-03-01,CMH,SOC,National Youth & Adult Soccer Alliance,Youth (U18),5477,2083,false
2023 Spring,2023-03-01,CMH,SOC,National Youth & Adult Soccer Alliance,Adult (18+),1826,695,false
2023 Spring,2023-03-01,MCI,SOC,National Youth & Adult Soccer Alliance,Youth (U18),4949,1639,false
2023 Spring,2023-03-01,MCI,SOC,National Youth & Adult Soccer Alliance,Adult (18+),1650,547,false
2023 Spring,2023-03-01,SLC,SOC,National Youth & Adult Soccer Alliance,Youth (U18),2773,723,false
2023 Spring,2023-03-01,SLC,SOC,National Youth & Adult Soccer Alliance,Adult (18+),924,241,false
2023 Spring,2023-03-01,JAX,SOC,National Youth & Adult Soccer Alliance,Youth (U18),3946,1327,false
2023 Spring,2023-03-01,JAX,SOC,National Youth & Adult Soccer Alliance,Adult (18+),1315,442,false
2023 Spring,2023-03-01,BOI,SOC,National Youth & Adult Soccer Alliance,Youth (U18),1599,483,false
2023 Spring,2023-03-01,BOI,SOC,National Youth & Adult Soccer Alliance,Adult (18+),533,161,false
2023 Spring,2023-03-01,NYC,BSK,Hoops America Rec Network,Youth (U18),23589,6176,false
2023 Spring,2023-03-01,NYC,BSK,Hoops America Rec Network,Adult (18+),15726,4117,false
2023 Spring,2023-03-01,LAX,BSK,Hoops America Rec Network,Youth (U18),17893,5768,false
2023 Spring,2023-03-01,LAX,BSK,Hoops America Rec Network,Adult (18+),11929,3846,false
2023 Spring,2023-03-01,CHI,BSK,Hoops America Rec Network,Youth (U18),13192,4365,false
2023 Spring,2023-03-01,CHI,BSK,Hoops America Rec Network,Adult (18+),8795,2910,false
2023 Spring,2023-03-01,DFW,BSK,Hoops America Rec Network,Youth (U18),10176,2663,false
2023 Spring,2023-03-01,DFW,BSK,Hoops America Rec Network,Adult (18+),6784,1775,false
2023 Spring,2023-03-01,HOU,BSK,Hoops America Rec Network,Youth (U18),10272,3570,false
2023 Spring,2023-03-01,HOU,BSK,Hoops America Rec Network,Adult (18+),6848,2380,false
2023 Spring,2023-03-01,WAS,BSK,Hoops America Rec Network,Youth (U18),8462,2431,false
2023 Spring,2023-03-01,WAS,BSK,Hoops America Rec Network,Adult (18+),5641,1620,false
2023 Spring,2023-03-01,PHL,BSK,Hoops America Rec Network,Youth (U18),8664,2916,false
2023 Spring,2023-03-01,PHL,BSK,Hoops America Rec Network,Adult (18+),5776,1944,false
2023 Spring,2023-03-01,ATL,BSK,Hoops America Rec Network,Youth (U18),8326,2508,false
2023 Spring,2023-03-01,ATL,BSK,Hoops America Rec Network,Adult (18+),5551,1672,false
2023 Spring,2023-03-01,MIA,BSK,Hoops America Rec Network,Youth (U18),8185,2321,false
2023 Spring,2023-03-01,MIA,BSK,Hoops America Rec Network,Adult (18+),5457,1547,false
2023 Spring,2023-03-01,PHX,BSK,Hoops America Rec Network,Youth (U18),6880,2424,false
2023 Spring,2023-03-01,PHX,BSK,Hoops America Rec Network,Adult (18+),4587,1616,false
2023 Spring,2023-03-01,BOS,BSK,Hoops America Rec Network,Youth (U18),5935,1308,false
2023 Spring,2023-03-01,BOS,BSK,Hoops America Rec Network,Adult (18+),3957,873,false
2023 Spring,2023-03-01,SFO,BSK,Hoops America Rec Network,Youth (U18),5425,1096,false
2023 Spring,2023-03-01,SFO,BSK,Hoops America Rec Network,Adult (18+),3616,730,false
2023 Spring,2023-03-01,SEA,BSK,Hoops America Rec Network,Youth (U18),5566,1741,false
2023 Spring,2023-03-01,SEA,BSK,Hoops America Rec Network,Adult (18+),3711,1161,false
2023 Spring,2023-03-01,MSP,BSK,Hoops America Rec Network,Youth (U18),4342,1173,false
2023 Spring,2023-03-01,MSP,BSK,Hoops America Rec Network,Adult (18+),2895,783,false
2023 Spring,2023-03-01,SAN,BSK,Hoops America Rec Network,Youth (U18),4048,910,false
2023 Spring,2023-03-01,SAN,BSK,Hoops America Rec Network,Adult (18+),2699,607,false
2023 Spring,2023-03-01,TPA,BSK,Hoops America Rec Network,Youth (U18),4329,1332,false
2023 Spring,2023-03-01,TPA,BSK,Hoops America Rec Network,Adult (18+),2886,887,false
2023 Spring,2023-03-01,DEN,BSK,Hoops America Rec Network,Youth (U18),3813,989,false
2023 Spring,2023-03-01,DEN,BSK,Hoops America Rec Network,Adult (18+),2542,659,false
2023 Spring,2023-03-01,ORL,BSK,Hoops America Rec Network,Youth (U18),3683,993,false
2023 Spring,2023-03-01,ORL,BSK,Hoops America Rec Network,Adult (18+),2455,662,false
2023 Spring,2023-03-01,POR,BSK,Hoops America Rec Network,Youth (U18),3229,962,false
2023 Spring,2023-03-01,POR,BSK,Hoops America Rec Network,Adult (18+),2153,642,false
2023 Spring,2023-03-01,DET,BSK,Hoops America Rec Network,Youth (U18),5932,2074,false
2023 Spring,2023-03-01,DET,BSK,Hoops America Rec Network,Adult (18+),3954,1382,false
2023 Spring,2023-03-01,NSH,BSK,Hoops America Rec Network,Youth (U18),3193,1269,false
2023 Spring,2023-03-01,NSH,BSK,Hoops America Rec Network,Adult (18+),2129,847,false
2023 Spring,2023-03-01,AUS,BSK,Hoops America Rec Network,Youth (U18),3787,1479,false
2023 Spring,2023-03-01,AUS,BSK,Hoops America Rec Network,Adult (18+),2525,987,false
2023 Spring,2023-03-01,RDU,BSK,Hoops America Rec Network,Youth (U18),2154,751,false
2023 Spring,2023-03-01,RDU,BSK,Hoops America Rec Network,Adult (18+),1436,501,false
2023 Spring,2023-03-01,CLT,BSK,Hoops America Rec Network,Youth (U18),3727,1060,false
2023 Spring,2023-03-01,CLT,BSK,Hoops America Rec Network,Adult (18+),2485,707,false
2023 Spring,2023-03-01,SAT,BSK,Hoops America Rec Network,Youth (U18),3576,1097,false
2023 Spring,2023-03-01,SAT,BSK,Hoops America Rec Network,Adult (18+),2384,731,false
2023 Spring,2023-03-01,LAS,BSK,Hoops America Rec Network,Youth (U18),2807,772,false
2023 Spring,2023-03-01,LAS,BSK,Hoops America Rec Network,Adult (18+),1871,515,false
2023 Spring,2023-03-01,CMH,BSK,Hoops America Rec Network,Youth (U18),2977,1182,false
2023 Spring,2023-03-01,CMH,BSK,Hoops America Rec Network,Adult (18+),1985,788,false
2023 Spring,2023-03-01,MCI,BSK,Hoops America Rec Network,Youth (U18),2810,714,false
2023 Spring,2023-03-01,MCI,BSK,Hoops America Rec Network,Adult (18+),1874,477,false
2023 Spring,2023-03-01,SLC,BSK,Hoops America Rec Network,Youth (U18),1818,631,false
2023 Spring,2023-03-01,SLC,BSK,Hoops America Rec Network,Adult (18+),1212,421,false
2023 Spring,2023-03-01,JAX,BSK,Hoops America Rec Network,Youth (U18),2303,716,false
2023 Spring,2023-03-01,JAX,BSK,Hoops America Rec Network,Adult (18+),1535,477,false
2023 Spring,2023-03-01,BOI,BSK,Hoops America Rec Network,Youth (U18),1062,315,false
2023 Spring,2023-03-01,BOI,BSK,Hoops America Rec Network,Adult (18+),708,210,false
2023 Spring,2023-03-01,NYC,BSB,Diamond Youth Baseball Federation,Youth (U18),53957,11221,false
2023 Spring,2023-03-01,NYC,BSB,Diamond Youth Baseball Federation,Adult (18+),23124,4809,false
2023 Spring,2023-03-01,LAX,BSB,Diamond Youth Baseball Federation,Youth (U18),36160,9260,false
2023 Spring,2023-03-01,LAX,BSB,Diamond Youth Baseball Federation,Adult (18+),15497,3968,false
2023 Spring,2023-03-01,CHI,BSB,Diamond Youth Baseball Federation,Youth (U18),26200,5792,false
2023 Spring,2023-03-01,CHI,BSB,Diamond Youth Baseball Federation,Adult (18+),11228,2482,false
2023 Spring,2023-03-01,DFW,BSB,Diamond Youth Baseball Federation,Youth (U18),31525,9212,false
2023 Spring,2023-03-01,DFW,BSB,Diamond Youth Baseball Federation,Adult (18+),13511,3948,false
2023 Spring,2023-03-01,HOU,BSB,Diamond Youth Baseball Federation,Youth (U18),25128,4654,false
2023 Spring,2023-03-01,HOU,BSB,Diamond Youth Baseball Federation,Adult (18+),10769,1994,false
2023 Spring,2023-03-01,WAS,BSB,Diamond Youth Baseball Federation,Youth (U18),17855,5269,false
2023 Spring,2023-03-01,WAS,BSB,Diamond Youth Baseball Federation,Adult (18+),7652,2258,false
2023 Spring,2023-03-01,PHL,BSB,Diamond Youth Baseball Federation,Youth (U18),18024,4691,false
2023 Spring,2023-03-01,PHL,BSB,Diamond Youth Baseball Federation,Adult (18+),7724,2010,false
2023 Spring,2023-03-01,ATL,BSB,Diamond Youth Baseball Federation,Youth (U18),23341,5787,false
2023 Spring,2023-03-01,ATL,BSB,Diamond Youth Baseball Federation,Adult (18+),10003,2480,false
2023 Spring,2023-03-01,MIA,BSB,Diamond Youth Baseball Federation,Youth (U18),22520,7759,false
2023 Spring,2023-03-01,MIA,BSB,Diamond Youth Baseball Federation,Adult (18+),9652,3326,false
2023 Spring,2023-03-01,PHX,BSB,Diamond Youth Baseball Federation,Youth (U18),18954,6389,false
2023 Spring,2023-03-01,PHX,BSB,Diamond Youth Baseball Federation,Adult (18+),8123,2737,false
2023 Spring,2023-03-01,BOS,BSB,Diamond Youth Baseball Federation,Youth (U18),14221,3746,false
2023 Spring,2023-03-01,BOS,BSB,Diamond Youth Baseball Federation,Adult (18+),6095,1606,false
2023 Spring,2023-03-01,SFO,BSB,Diamond Youth Baseball Federation,Youth (U18),12596,3080,false
2023 Spring,2023-03-01,SFO,BSB,Diamond Youth Baseball Federation,Adult (18+),5398,1320,false
2023 Spring,2023-03-01,SEA,BSB,Diamond Youth Baseball Federation,Youth (U18),12236,4142,false
2023 Spring,2023-03-01,SEA,BSB,Diamond Youth Baseball Federation,Adult (18+),5244,1776,false
2023 Spring,2023-03-01,MSP,BSB,Diamond Youth Baseball Federation,Youth (U18),10352,2721,false
2023 Spring,2023-03-01,MSP,BSB,Diamond Youth Baseball Federation,Adult (18+),4437,1167,false
2023 Spring,2023-03-01,SAN,BSB,Diamond Youth Baseball Federation,Youth (U18),9359,2754,false
2023 Spring,2023-03-01,SAN,BSB,Diamond Youth Baseball Federation,Adult (18+),4011,1181,false
2023 Spring,2023-03-01,TPA,BSB,Diamond Youth Baseball Federation,Youth (U18),13022,4278,false
2023 Spring,2023-03-01,TPA,BSB,Diamond Youth Baseball Federation,Adult (18+),5581,1833,false
2023 Spring,2023-03-01,DEN,BSB,Diamond Youth Baseball Federation,Youth (U18),8256,1872,false
2023 Spring,2023-03-01,DEN,BSB,Diamond Youth Baseball Federation,Adult (18+),3538,802,false
2023 Spring,2023-03-01,ORL,BSB,Diamond Youth Baseball Federation,Youth (U18),10716,3407,false
2023 Spring,2023-03-01,ORL,BSB,Diamond Youth Baseball Federation,Adult (18+),4593,1460,false
2023 Spring,2023-03-01,POR,BSB,Diamond Youth Baseball Federation,Youth (U18),6680,983,false
2023 Spring,2023-03-01,POR,BSB,Diamond Youth Baseball Federation,Adult (18+),2863,421,false
2023 Spring,2023-03-01,DET,BSB,Diamond Youth Baseball Federation,Youth (U18),12099,3625,false
2023 Spring,2023-03-01,DET,BSB,Diamond Youth Baseball Federation,Adult (18+),5185,1553,false
2023 Spring,2023-03-01,NSH,BSB,Diamond Youth Baseball Federation,Youth (U18),9512,3936,false
2023 Spring,2023-03-01,NSH,BSB,Diamond Youth Baseball Federation,Adult (18+),4076,1686,false
2023 Spring,2023-03-01,AUS,BSB,Diamond Youth Baseball Federation,Youth (U18),9848,3068,false
2023 Spring,2023-03-01,AUS,BSB,Diamond Youth Baseball Federation,Adult (18+),4220,1315,false
2023 Spring,2023-03-01,RDU,BSB,Diamond Youth Baseball Federation,Youth (U18),6219,2325,false
2023 Spring,2023-03-01,RDU,BSB,Diamond Youth Baseball Federation,Adult (18+),2665,996,false
2023 Spring,2023-03-01,CLT,BSB,Diamond Youth Baseball Federation,Youth (U18),10890,3801,false
2023 Spring,2023-03-01,CLT,BSB,Diamond Youth Baseball Federation,Adult (18+),4667,1629,false
2023 Spring,2023-03-01,SAT,BSB,Diamond Youth Baseball Federation,Youth (U18),10191,2681,false
2023 Spring,2023-03-01,SAT,BSB,Diamond Youth Baseball Federation,Adult (18+),4368,1150,false
2023 Spring,2023-03-01,LAS,BSB,Diamond Youth Baseball Federation,Youth (U18),7628,2414,false
2023 Spring,2023-03-01,LAS,BSB,Diamond Youth Baseball Federation,Adult (18+),3269,1035,false
2023 Spring,2023-03-01,CMH,BSB,Diamond Youth Baseball Federation,Youth (U18),6417,1723,false
2023 Spring,2023-03-01,CMH,BSB,Diamond Youth Baseball Federation,Adult (18+),2750,738,false
2023 Spring,2023-03-01,MCI,BSB,Diamond Youth Baseball Federation,Youth (U18),6176,1533,false
2023 Spring,2023-03-01,MCI,BSB,Diamond Youth Baseball Federation,Adult (18+),2647,658,false
2023 Spring,2023-03-01,SLC,BSB,Diamond Youth Baseball Federation,Youth (U18),4047,1551,false
2023 Spring,2023-03-01,SLC,BSB,Diamond Youth Baseball Federation,Adult (18+),1734,665,false
2023 Spring,2023-03-01,JAX,BSB,Diamond Youth Baseball Federation,Youth (U18),6896,2462,false
2023 Spring,2023-03-01,JAX,BSB,Diamond Youth Baseball Federation,Adult (18+),2955,1055,false
2023 Spring,2023-03-01,BOI,BSB,Diamond Youth Baseball Federation,Youth (U18),2359,650,false
2023 Spring,2023-03-01,BOI,BSB,Diamond Youth Baseball Federation,Adult (18+),1011,279,false
2023 Spring,2023-03-01,NYC,FTB,Gridiron Youth League Association,Youth (U18),3656,1243,false
2023 Spring,2023-03-01,NYC,FTB,Gridiron Youth League Association,Adult (18+),914,311,false
2023 Spring,2023-03-01,LAX,FTB,Gridiron Youth League Association,Youth (U18),2437,640,false
2023 Spring,2023-03-01,LAX,FTB,Gridiron Youth League Association,Adult (18+),609,160,false
2023 Spring,2023-03-01,CHI,FTB,Gridiron Youth League Association,Youth (U18),1817,406,false
2023 Spring,2023-03-01,CHI,FTB,Gridiron Youth League Association,Adult (18+),454,101,false
2023 Spring,2023-03-01,DFW,FTB,Gridiron Youth League Association,Youth (U18),2484,876,false
2023 Spring,2023-03-01,DFW,FTB,Gridiron Youth League Association,Adult (18+),621,219,false
2023 Spring,2023-03-01,HOU,FTB,Gridiron Youth League Association,Youth (U18),2139,590,false
2023 Spring,2023-03-01,HOU,FTB,Gridiron Youth League Association,Adult (18+),535,148,false
2023 Spring,2023-03-01,WAS,FTB,Gridiron Youth League Association,Youth (U18),1124,215,false
2023 Spring,2023-03-01,WAS,FTB,Gridiron Youth League Association,Adult (18+),281,54,false
2023 Spring,2023-03-01,PHL,FTB,Gridiron Youth League Association,Youth (U18),1170,310,false
2023 Spring,2023-03-01,PHL,FTB,Gridiron Youth League Association,Adult (18+),292,77,false
2023 Spring,2023-03-01,ATL,FTB,Gridiron Youth League Association,Youth (U18),1630,423,false
2023 Spring,2023-03-01,ATL,FTB,Gridiron Youth League Association,Adult (18+),407,105,false
2023 Spring,2023-03-01,MIA,FTB,Gridiron Youth League Association,Youth (U18),1703,536,false
2023 Spring,2023-03-01,MIA,FTB,Gridiron Youth League Association,Adult (18+),426,134,false
2023 Spring,2023-03-01,PHX,FTB,Gridiron Youth League Association,Youth (U18),968,254,false
2023 Spring,2023-03-01,PHX,FTB,Gridiron Youth League Association,Adult (18+),242,63,false
2023 Spring,2023-03-01,BOS,FTB,Gridiron Youth League Association,Youth (U18),948,313,false
2023 Spring,2023-03-01,BOS,FTB,Gridiron Youth League Association,Adult (18+),237,78,false
2023 Spring,2023-03-01,SFO,FTB,Gridiron Youth League Association,Youth (U18),865,277,false
2023 Spring,2023-03-01,SFO,FTB,Gridiron Youth League Association,Adult (18+),216,69,false
2023 Spring,2023-03-01,SEA,FTB,Gridiron Youth League Association,Youth (U18),711,173,false
2023 Spring,2023-03-01,SEA,FTB,Gridiron Youth League Association,Adult (18+),178,43,false
2023 Spring,2023-03-01,MSP,FTB,Gridiron Youth League Association,Youth (U18),679,136,false
2023 Spring,2023-03-01,MSP,FTB,Gridiron Youth League Association,Adult (18+),170,35,false
2023 Spring,2023-03-01,SAN,FTB,Gridiron Youth League Association,Youth (U18),592,161,false
2023 Spring,2023-03-01,SAN,FTB,Gridiron Youth League Association,Adult (18+),148,41,false
2023 Spring,2023-03-01,TPA,FTB,Gridiron Youth League Association,Youth (U18),878,183,false
2023 Spring,2023-03-01,TPA,FTB,Gridiron Youth League Association,Adult (18+),219,45,false
2023 Spring,2023-03-01,DEN,FTB,Gridiron Youth League Association,Youth (U18),556,114,false
2023 Spring,2023-03-01,DEN,FTB,Gridiron Youth League Association,Adult (18+),139,29,false
2023 Spring,2023-03-01,ORL,FTB,Gridiron Youth League Association,Youth (U18),762,239,false
2023 Spring,2023-03-01,ORL,FTB,Gridiron Youth League Association,Adult (18+),191,60,false
2023 Spring,2023-03-01,POR,FTB,Gridiron Youth League Association,Youth (U18),480,113,false
2023 Spring,2023-03-01,POR,FTB,Gridiron Youth League Association,Adult (18+),120,29,false
2023 Spring,2023-03-01,DET,FTB,Gridiron Youth League Association,Youth (U18),768,138,false
2023 Spring,2023-03-01,DET,FTB,Gridiron Youth League Association,Adult (18+),192,34,false
2023 Spring,2023-03-01,NSH,FTB,Gridiron Youth League Association,Youth (U18),632,199,false
2023 Spring,2023-03-01,NSH,FTB,Gridiron Youth League Association,Adult (18+),158,49,false
2023 Spring,2023-03-01,AUS,FTB,Gridiron Youth League Association,Youth (U18),768,249,false
2023 Spring,2023-03-01,AUS,FTB,Gridiron Youth League Association,Adult (18+),192,62,false
2023 Spring,2023-03-01,RDU,FTB,Gridiron Youth League Association,Youth (U18),425,141,false
2023 Spring,2023-03-01,RDU,FTB,Gridiron Youth League Association,Adult (18+),106,35,false
2023 Spring,2023-03-01,CLT,FTB,Gridiron Youth League Association,Youth (U18),752,223,false
2023 Spring,2023-03-01,CLT,FTB,Gridiron Youth League Association,Adult (18+),188,56,false
2023 Spring,2023-03-01,SAT,FTB,Gridiron Youth League Association,Youth (U18),703,162,false
2023 Spring,2023-03-01,SAT,FTB,Gridiron Youth League Association,Adult (18+),176,41,false
2023 Spring,2023-03-01,LAS,FTB,Gridiron Youth League Association,Youth (U18),414,107,false
2023 Spring,2023-03-01,LAS,FTB,Gridiron Youth League Association,Adult (18+),104,27,false
2023 Spring,2023-03-01,CMH,FTB,Gridiron Youth League Association,Youth (U18),423,134,false
2023 Spring,2023-03-01,CMH,FTB,Gridiron Youth League Association,Adult (18+),106,34,false
2023 Spring,2023-03-01,MCI,FTB,Gridiron Youth League Association,Youth (U18),371,62,false
2023 Spring,2023-03-01,MCI,FTB,Gridiron Youth League Association,Adult (18+),93,16,false
2023 Spring,2023-03-01,SLC,FTB,Gridiron Youth League Association,Youth (U18),249,60,false
2023 Spring,2023-03-01,SLC,FTB,Gridiron Youth League Association,Adult (18+),62,14,false
2023 Spring,2023-03-01,JAX,FTB,Gridiron Youth League Association,Youth (U18),446,101,false
2023 Spring,2023-03-01,JAX,FTB,Gridiron Youth League Association,Adult (18+),112,26,false
2023 Spring,2023-03-01,BOI,FTB,Gridiron Youth League Association,Youth (U18),166,54,false
2023 Spring,2023-03-01,BOI,FTB,Gridiron Youth League Association,Adult (18+),42,14,false
2023 Spring,2023-03-01,NYC,TEN,Community Tennis League of America,Youth (U18),14989,2941,false
2023 Spring,2023-03-01,NYC,TEN,Community Tennis League of America,Adult (18+),34975,6863,false
2023 Spring,2023-03-01,LAX,TEN,Community Tennis League of America,Youth (U18),9796,2907,false
2023 Spring,2023-03-01,LAX,TEN,Community Tennis League of America,Adult (18+),22858,6785,false
2023 Spring,2023-03-01,CHI,TEN,Community Tennis League of America,Youth (U18),7792,2290,false
2023 Spring,2023-03-01,CHI,TEN,Community Tennis League of America,Adult (18+),18181,5342,false
2023 Spring,2023-03-01,DFW,TEN,Community Tennis League of America,Youth (U18),6242,1481,false
2023 Spring,2023-03-01,DFW,TEN,Community Tennis League of America,Adult (18+),14565,3455,false
2023 Spring,2023-03-01,HOU,TEN,Community Tennis League of America,Youth (U18),5679,1385,false
2023 Spring,2023-03-01,HOU,TEN,Community Tennis League of America,Adult (18+),13250,3230,false
2023 Spring,2023-03-01,WAS,TEN,Community Tennis League of America,Youth (U18),4863,1485,false
2023 Spring,2023-03-01,WAS,TEN,Community Tennis League of America,Adult (18+),11346,3466,false
2023 Spring,2023-03-01,PHL,TEN,Community Tennis League of America,Youth (U18),4950,1575,false
2023 Spring,2023-03-01,PHL,TEN,Community Tennis League of America,Adult (18+),11549,3672,false
2023 Spring,2023-03-01,ATL,TEN,Community Tennis League of America,Youth (U18),5251,1664,false
2023 Spring,2023-03-01,ATL,TEN,Community Tennis League of America,Adult (18+),12252,3882,false
2023 Spring,2023-03-01,MIA,TEN,Community Tennis League of America,Youth (U18),4353,916,false
2023 Spring,2023-03-01,MIA,TEN,Community Tennis League of America,Adult (18+),10157,2138,false
2023 Spring,2023-03-01,PHX,TEN,Community Tennis League of America,Youth (U18),3795,664,false
2023 Spring,2023-03-01,PHX,TEN,Community Tennis League of America,Adult (18+),8856,1552,false
2023 Spring,2023-03-01,BOS,TEN,Community Tennis League of America,Youth (U18),3587,744,false
2023 Spring,2023-03-01,BOS,TEN,Community Tennis League of America,Adult (18+),8370,1738,false
2023 Spring,2023-03-01,SFO,TEN,Community Tennis League of America,Youth (U18),3715,1020,false
2023 Spring,2023-03-01,SFO,TEN,Community Tennis League of America,Adult (18+),8668,2380,false
2023 Spring,2023-03-01,SEA,TEN,Community Tennis League of America,Youth (U18),3130,872,false
2023 Spring,2023-03-01,SEA,TEN,Community Tennis League of America,Adult (18+),7304,2036,false
2023 Spring,2023-03-01,MSP,TEN,Community Tennis League of America,Youth (U18),2641,386,false
2023 Spring,2023-03-01,MSP,TEN,Community Tennis League of America,Adult (18+),6163,901,false
2023 Spring,2023-03-01,SAN,TEN,Community Tennis League of America,Youth (U18),2357,559,false
2023 Spring,2023-03-01,SAN,TEN,Community Tennis League of America,Adult (18+),5499,1304,false
2023 Spring,2023-03-01,TPA,TEN,Community Tennis League of America,Youth (U18),2692,798,false
2023 Spring,2023-03-01,TPA,TEN,Community Tennis League of America,Adult (18+),6282,1861,false
2023 Spring,2023-03-01,DEN,TEN,Community Tennis League of America,Youth (U18),2468,911,false
2023 Spring,2023-03-01,DEN,TEN,Community Tennis League of America,Adult (18+),5758,2124,false
2023 Spring,2023-03-01,ORL,TEN,Community Tennis League of America,Youth (U18),2185,506,false
2023 Spring,2023-03-01,ORL,TEN,Community Tennis League of America,Adult (18+),5099,1181,false
2023 Spring,2023-03-01,POR,TEN,Community Tennis League of America,Youth (U18),1949,468,false
2023 Spring,2023-03-01,POR,TEN,Community Tennis League of America,Adult (18+),4547,1092,false
2023 Spring,2023-03-01,DET,TEN,Community Tennis League of America,Youth (U18),2945,294,false
2023 Spring,2023-03-01,DET,TEN,Community Tennis League of America,Adult (18+),6873,687,false
2023 Spring,2023-03-01,NSH,TEN,Community Tennis League of America,Youth (U18),1770,542,false
2023 Spring,2023-03-01,NSH,TEN,Community Tennis League of America,Adult (18+),4130,1265,false
2023 Spring,2023-03-01,AUS,TEN,Community Tennis League of America,Youth (U18),1838,463,false
2023 Spring,2023-03-01,AUS,TEN,Community Tennis League of America,Adult (18+),4289,1079,false
2023 Spring,2023-03-01,RDU,TEN,Community Tennis League of America,Youth (U18),1149,240,false
2023 Spring,2023-03-01,RDU,TEN,Community Tennis League of America,Adult (18+),2681,561,false
2023 Spring,2023-03-01,CLT,TEN,Community Tennis League of America,Youth (U18),2033,419,false
2023 Spring,2023-03-01,CLT,TEN,Community Tennis League of America,Adult (18+),4743,976,false
2023 Spring,2023-03-01,SAT,TEN,Community Tennis League of America,Youth (U18),2011,444,false
2023 Spring,2023-03-01,SAT,TEN,Community Tennis League of America,Adult (18+),4693,1038,false
2023 Spring,2023-03-01,LAS,TEN,Community Tennis League of America,Youth (U18),1677,403,false
2023 Spring,2023-03-01,LAS,TEN,Community Tennis League of America,Adult (18+),3914,941,false
2023 Spring,2023-03-01,CMH,TEN,Community Tennis League of America,Youth (U18),1705,392,false
2023 Spring,2023-03-01,CMH,TEN,Community Tennis League of America,Adult (18+),3978,916,false
2023 Spring,2023-03-01,MCI,TEN,Community Tennis League of America,Youth (U18),1858,611,false
2023 Spring,2023-03-01,MCI,TEN,Community Tennis League of America,Adult (18+),4335,1425,false
2023 Spring,2023-03-01,SLC,TEN,Community Tennis League of America,Youth (U18),1068,295,false
2023 Spring,2023-03-01,SLC,TEN,Community Tennis League of America,Adult (18+),2492,690,false
2023 Spring,2023-03-01,JAX,TEN,Community Tennis League of America,Youth (U18),1281,292,false
2023 Spring,2023-03-01,JAX,TEN,Community Tennis League of America,Adult (18+),2990,684,false
2023 Spring,2023-03-01,BOI,TEN,Community Tennis League of America,Youth (U18),625,148,false
2023 Spring,2023-03-01,BOI,TEN,Community Tennis League of America,Adult (18+),1457,345,false
2023 Spring,2023-03-01,NYC,PKB,American Pickleball League Network,Youth (U18),1678,708,false
2023 Spring,2023-03-01,NYC,PKB,American Pickleball League Network,Adult (18+),31879,13453,false
2023 Spring,2023-03-01,LAX,PKB,American Pickleball League Network,Youth (U18),1139,477,false
2023 Spring,2023-03-01,LAX,PKB,American Pickleball League Network,Adult (18+),21645,9058,false
2023 Spring,2023-03-01,CHI,PKB,American Pickleball League Network,Youth (U18),786,363,false
2023 Spring,2023-03-01,CHI,PKB,American Pickleball League Network,Adult (18+),14937,6907,false
2023 Spring,2023-03-01,DFW,PKB,American Pickleball League Network,Youth (U18),1359,810,false
2023 Spring,2023-03-01,DFW,PKB,American Pickleball League Network,Adult (18+),25817,15378,false
2023 Spring,2023-03-01,HOU,PKB,American Pickleball League Network,Youth (U18),1143,543,false
2023 Spring,2023-03-01,HOU,PKB,American Pickleball League Network,Adult (18+),21712,10317,false
2023 Spring,2023-03-01,WAS,PKB,American Pickleball League Network,Youth (U18),552,247,false
2023 Spring,2023-03-01,WAS,PKB,American Pickleball League Network,Adult (18+),10488,4697,false
2023 Spring,2023-03-01,PHL,PKB,American Pickleball League Network,Youth (U18),565,248,false
2023 Spring,2023-03-01,PHL,PKB,American Pickleball League Network,Adult (18+),10740,4722,false
2023 Spring,2023-03-01,ATL,PKB,American Pickleball League Network,Youth (U18),959,501,false
2023 Spring,2023-03-01,ATL,PKB,American Pickleball League Network,Adult (18+),18220,9515,false
2023 Spring,2023-03-01,MIA,PKB,American Pickleball League Network,Youth (U18),954,512,false
2023 Spring,2023-03-01,MIA,PKB,American Pickleball League Network,Adult (18+),18119,9713,false
2023 Spring,2023-03-01,PHX,PKB,American Pickleball League Network,Youth (U18),1000,485,false
2023 Spring,2023-03-01,PHX,PKB,American Pickleball League Network,Adult (18+),19009,9226,false
2023 Spring,2023-03-01,BOS,PKB,American Pickleball League Network,Youth (U18),410,164,false
2023 Spring,2023-03-01,BOS,PKB,American Pickleball League Network,Adult (18+),7788,3112,false
2023 Spring,2023-03-01,SFO,PKB,American Pickleball League Network,Youth (U18),379,150,false
2023 Spring,2023-03-01,SFO,PKB,American Pickleball League Network,Adult (18+),7204,2855,false
2023 Spring,2023-03-01,SEA,PKB,American Pickleball League Network,Youth (U18),356,161,false
2023 Spring,2023-03-01,SEA,PKB,American Pickleball League Network,Adult (18+),6761,3047,false
2023 Spring,2023-03-01,MSP,PKB,American Pickleball League Network,Youth (U18),333,162,false
2023 Spring,2023-03-01,MSP,PKB,American Pickleball League Network,Adult (18+),6320,3073,false
2023 Spring,2023-03-01,SAN,PKB,American Pickleball League Network,Youth (U18),308,140,false
2023 Spring,2023-03-01,SAN,PKB,American Pickleball League Network,Adult (18+),5860,2655,false
2023 Spring,2023-03-01,TPA,PKB,American Pickleball League Network,Youth (U18),610,331,false
2023 Spring,2023-03-01,TPA,PKB,American Pickleball League Network,Adult (18+),11594,6299,false
2023 Spring,2023-03-01,DEN,PKB,American Pickleball League Network,Youth (U18),339,181,false
2023 Spring,2023-03-01,DEN,PKB,American Pickleball League Network,Adult (18+),6443,3443,false
2023 Spring,2023-03-01,ORL,PKB,American Pickleball League Network,Youth (U18),515,301,false
2023 Spring,2023-03-01,ORL,PKB,American Pickleball League Network,Adult (18+),9794,5728,false
2023 Spring,2023-03-01,POR,PKB,American Pickleball League Network,Youth (U18),244,135,false
2023 Spring,2023-03-01,POR,PKB,American Pickleball League Network,Adult (18+),4639,2559,false
2023 Spring,2023-03-01,DET,PKB,American Pickleball League Network,Youth (U18),359,133,false
2023 Spring,2023-03-01,DET,PKB,American Pickleball League Network,Adult (18+),6824,2531,false
2023 Spring,2023-03-01,NSH,PKB,American Pickleball League Network,Youth (U18),348,188,false
2023 Spring,2023-03-01,NSH,PKB,American Pickleball League Network,Adult (18+),6611,3578,false
2023 Spring,2023-03-01,AUS,PKB,American Pickleball League Network,Youth (U18),426,249,false
2023 Spring,2023-03-01,AUS,PKB,American Pickleball League Network,Adult (18+),8091,4731,false
2023 Spring,2023-03-01,RDU,PKB,American Pickleball League Network,Youth (U18),270,155,false
2023 Spring,2023-03-01,RDU,PKB,American Pickleball League Network,Adult (18+),5138,2949,false
2023 Spring,2023-03-01,CLT,PKB,American Pickleball League Network,Youth (U18),418,216,false
2023 Spring,2023-03-01,CLT,PKB,American Pickleball League Network,Adult (18+),7947,4107,false
2023 Spring,2023-03-01,SAT,PKB,American Pickleball League Network,Youth (U18),404,211,false
2023 Spring,2023-03-01,SAT,PKB,American Pickleball League Network,Adult (18+),7681,4009,false
2023 Spring,2023-03-01,LAS,PKB,American Pickleball League Network,Youth (U18),450,232,false
2023 Spring,2023-03-01,LAS,PKB,American Pickleball League Network,Adult (18+),8546,4406,false
2023 Spring,2023-03-01,CMH,PKB,American Pickleball League Network,Youth (U18),199,83,false
2023 Spring,2023-03-01,CMH,PKB,American Pickleball League Network,Adult (18+),3783,1583,false
2023 Spring,2023-03-01,MCI,PKB,American Pickleball League Network,Youth (U18),205,91,false
2023 Spring,2023-03-01,MCI,PKB,American Pickleball League Network,Adult (18+),3890,1713,false
2023 Spring,2023-03-01,SLC,PKB,American Pickleball League Network,Youth (U18),134,60,false
2023 Spring,2023-03-01,SLC,PKB,American Pickleball League Network,Adult (18+),2555,1144,false
2023 Spring,2023-03-01,JAX,PKB,American Pickleball League Network,Youth (U18),272,141,false
2023 Spring,2023-03-01,JAX,PKB,American Pickleball League Network,Adult (18+),5177,2686,false
2023 Spring,2023-03-01,BOI,PKB,American Pickleball League Network,Youth (U18),78,36,false
2023 Spring,2023-03-01,BOI,PKB,American Pickleball League Network,Adult (18+),1488,683,false
2023 Spring,2023-03-01,NYC,LAX,US Lacrosse Club Network,Youth (U18),18803,4739,false
2023 Spring,2023-03-01,NYC,LAX,US Lacrosse Club Network,Adult (18+),8059,2031,false
2023 Spring,2023-03-01,LAX,LAX,US Lacrosse Club Network,Youth (U18),4434,1452,false
2023 Spring,2023-03-01,LAX,LAX,US Lacrosse Club Network,Adult (18+),1900,622,false
2023 Spring,2023-03-01,CHI,LAX,US Lacrosse Club Network,Youth (U18),4370,1523,false
2023 Spring,2023-03-01,CHI,LAX,US Lacrosse Club Network,Adult (18+),1873,653,false
2023 Spring,2023-03-01,DFW,LAX,US Lacrosse Club Network,Youth (U18),2849,928,false
2023 Spring,2023-03-01,DFW,LAX,US Lacrosse Club Network,Adult (18+),1221,397,false
2023 Spring,2023-03-01,HOU,LAX,US Lacrosse Club Network,Youth (U18),2476,644,false
2023 Spring,2023-03-01,HOU,LAX,US Lacrosse Club Network,Adult (18+),1061,275,false
2023 Spring,2023-03-01,WAS,LAX,US Lacrosse Club Network,Youth (U18),9147,2414,false
2023 Spring,2023-03-01,WAS,LAX,US Lacrosse Club Network,Adult (18+),3920,1034,false
2023 Spring,2023-03-01,PHL,LAX,US Lacrosse Club Network,Youth (U18),6611,1634,false
2023 Spring,2023-03-01,PHL,LAX,US Lacrosse Club Network,Adult (18+),2833,700,false
2023 Spring,2023-03-01,ATL,LAX,US Lacrosse Club Network,Youth (U18),4471,1409,false
2023 Spring,2023-03-01,ATL,LAX,US Lacrosse Club Network,Adult (18+),1916,603,false
2023 Spring,2023-03-01,MIA,LAX,US Lacrosse Club Network,Youth (U18),3589,1156,false
2023 Spring,2023-03-01,MIA,LAX,US Lacrosse Club Network,Adult (18+),1538,495,false
2023 Spring,2023-03-01,PHX,LAX,US Lacrosse Club Network,Youth (U18),1599,611,false
2023 Spring,2023-03-01,PHX,LAX,US Lacrosse Club Network,Adult (18+),685,262,false
2023 Spring,2023-03-01,BOS,LAX,US Lacrosse Club Network,Youth (U18),6115,2231,false
2023 Spring,2023-03-01,BOS,LAX,US Lacrosse Club Network,Adult (18+),2621,956,false
2023 Spring,2023-03-01,SFO,LAX,US Lacrosse Club Network,Youth (U18),1398,305,false
2023 Spring,2023-03-01,SFO,LAX,US Lacrosse Club Network,Adult (18+),599,131,false
2023 Spring,2023-03-01,SEA,LAX,US Lacrosse Club Network,Youth (U18),1418,459,false
2023 Spring,2023-03-01,SEA,LAX,US Lacrosse Club Network,Adult (18+),608,197,false
2023 Spring,2023-03-01,MSP,LAX,US Lacrosse Club Network,Youth (U18),1653,466,false
2023 Spring,2023-03-01,MSP,LAX,US Lacrosse Club Network,Adult (18+),708,199,false
2023 Spring,2023-03-01,SAN,LAX,US Lacrosse Club Network,Youth (U18),1161,440,false
2023 Spring,2023-03-01,SAN,LAX,US Lacrosse Club Network,Adult (18+),498,189,false
2023 Spring,2023-03-01,TPA,LAX,US Lacrosse Club Network,Youth (U18),1933,649,false
2023 Spring,2023-03-01,TPA,LAX,US Lacrosse Club Network,Adult (18+),828,278,false
2023 Spring,2023-03-01,DEN,LAX,US Lacrosse Club Network,Youth (U18),2779,1001,false
2023 Spring,2023-03-01,DEN,LAX,US Lacrosse Club Network,Adult (18+),1191,429,false
2023 Spring,2023-03-01,ORL,LAX,US Lacrosse Club Network,Youth (U18),1600,506,false
2023 Spring,2023-03-01,ORL,LAX,US Lacrosse Club Network,Adult (18+),686,217,false
2023 Spring,2023-03-01,POR,LAX,US Lacrosse Club Network,Youth (U18),815,212,false
2023 Spring,2023-03-01,POR,LAX,US Lacrosse Club Network,Adult (18+),349,91,false
2023 Spring,2023-03-01,DET,LAX,US Lacrosse Club Network,Youth (U18),2015,653,false
2023 Spring,2023-03-01,DET,LAX,US Lacrosse Club Network,Adult (18+),863,280,false
2023 Spring,2023-03-01,NSH,LAX,US Lacrosse Club Network,Youth (U18),2312,1028,false
2023 Spring,2023-03-01,NSH,LAX,US Lacrosse Club Network,Adult (18+),991,441,false
2023 Spring,2023-03-01,AUS,LAX,US Lacrosse Club Network,Youth (U18),966,389,false
2023 Spring,2023-03-01,AUS,LAX,US Lacrosse Club Network,Adult (18+),414,167,false
2023 Spring,2023-03-01,RDU,LAX,US Lacrosse Club Network,Youth (U18),1796,694,false
2023 Spring,2023-03-01,RDU,LAX,US Lacrosse Club Network,Adult (18+),770,298,false
2023 Spring,2023-03-01,CLT,LAX,US Lacrosse Club Network,Youth (U18),2229,669,false
2023 Spring,2023-03-01,CLT,LAX,US Lacrosse Club Network,Adult (18+),955,287,false
2023 Spring,2023-03-01,SAT,LAX,US Lacrosse Club Network,Youth (U18),833,213,false
2023 Spring,2023-03-01,SAT,LAX,US Lacrosse Club Network,Adult (18+),357,91,false
2023 Spring,2023-03-01,LAS,LAX,US Lacrosse Club Network,Youth (U18),656,173,false
2023 Spring,2023-03-01,LAS,LAX,US Lacrosse Club Network,Adult (18+),281,74,false
2023 Spring,2023-03-01,CMH,LAX,US Lacrosse Club Network,Youth (U18),1081,344,false
2023 Spring,2023-03-01,CMH,LAX,US Lacrosse Club Network,Adult (18+),463,148,false
2023 Spring,2023-03-01,MCI,LAX,US Lacrosse Club Network,Youth (U18),1026,341,false
2023 Spring,2023-03-01,MCI,LAX,US Lacrosse Club Network,Adult (18+),440,146,false
2023 Spring,2023-03-01,SLC,LAX,US Lacrosse Club Network,Youth (U18),911,203,false
2023 Spring,2023-03-01,SLC,LAX,US Lacrosse Club Network,Adult (18+),390,86,false
2023 Spring,2023-03-01,JAX,LAX,US Lacrosse Club Network,Youth (U18),992,307,false
2023 Spring,2023-03-01,JAX,LAX,US Lacrosse Club Network,Adult (18+),425,131,false
2023 Spring,2023-03-01,BOI,LAX,US Lacrosse Club Network,Youth (U18),667,253,false
2023 Spring,2023-03-01,BOI,LAX,US Lacrosse Club Network,Adult (18+),286,108,false
2023 Spring,2023-03-01,NYC,HKY,Amateur Hockey Federation,Youth (U18),3050,832,false
2023 Spring,2023-03-01,NYC,HKY,Amateur Hockey Federation,Adult (18+),2033,554,false
2023 Spring,2023-03-01,LAX,HKY,Amateur Hockey Federation,Youth (U18),986,335,false
2023 Spring,2023-03-01,LAX,HKY,Amateur Hockey Federation,Adult (18+),657,223,false
2023 Spring,2023-03-01,CHI,HKY,Amateur Hockey Federation,Youth (U18),1465,330,false
2023 Spring,2023-03-01,CHI,HKY,Amateur Hockey Federation,Adult (18+),977,220,false
2023 Spring,2023-03-01,DFW,HKY,Amateur Hockey Federation,Youth (U18),347,98,false
2023 Spring,2023-03-01,DFW,HKY,Amateur Hockey Federation,Adult (18+),231,65,false
2023 Spring,2023-03-01,HOU,HKY,Amateur Hockey Federation,Youth (U18),344,119,false
2023 Spring,2023-03-01,HOU,HKY,Amateur Hockey Federation,Adult (18+),230,80,false
2023 Spring,2023-03-01,WAS,HKY,Amateur Hockey Federation,Youth (U18),980,290,false
2023 Spring,2023-03-01,WAS,HKY,Amateur Hockey Federation,Adult (18+),654,195,false
2023 Spring,2023-03-01,PHL,HKY,Amateur Hockey Federation,Youth (U18),1000,297,false
2023 Spring,2023-03-01,PHL,HKY,Amateur Hockey Federation,Adult (18+),667,198,false
2023 Spring,2023-03-01,ATL,HKY,Amateur Hockey Federation,Youth (U18),244,86,false
2023 Spring,2023-03-01,ATL,HKY,Amateur Hockey Federation,Adult (18+),162,57,false
2023 Spring,2023-03-01,MIA,HKY,Amateur Hockey Federation,Youth (U18),215,67,false
2023 Spring,2023-03-01,MIA,HKY,Amateur Hockey Federation,Adult (18+),143,44,false
2023 Spring,2023-03-01,PHX,HKY,Amateur Hockey Federation,Youth (U18),218,66,false
2023 Spring,2023-03-01,PHX,HKY,Amateur Hockey Federation,Adult (18+),145,43,false
2023 Spring,2023-03-01,BOS,HKY,Amateur Hockey Federation,Youth (U18),911,195,false
2023 Spring,2023-03-01,BOS,HKY,Amateur Hockey Federation,Adult (18+),608,131,false
2023 Spring,2023-03-01,SFO,HKY,Amateur Hockey Federation,Youth (U18),319,95,false
2023 Spring,2023-03-01,SFO,HKY,Amateur Hockey Federation,Adult (18+),213,63,false
2023 Spring,2023-03-01,SEA,HKY,Amateur Hockey Federation,Youth (U18),287,91,false
2023 Spring,2023-03-01,SEA,HKY,Amateur Hockey Federation,Adult (18+),191,61,false
2023 Spring,2023-03-01,MSP,HKY,Amateur Hockey Federation,Youth (U18),964,312,false
2023 Spring,2023-03-01,MSP,HKY,Amateur Hockey Federation,Adult (18+),643,209,false
2023 Spring,2023-03-01,SAN,HKY,Amateur Hockey Federation,Youth (U18),228,70,false
2023 Spring,2023-03-01,SAN,HKY,Amateur Hockey Federation,Adult (18+),152,47,false
2023 Spring,2023-03-01,TPA,HKY,Amateur Hockey Federation,Youth (U18),112,34,false
2023 Spring,2023-03-01,TPA,HKY,Amateur Hockey Federation,Adult (18+),75,22,false
2023 Spring,2023-03-01,DEN,HKY,Amateur Hockey Federation,Youth (U18),316,103,false
2023 Spring,2023-03-01,DEN,HKY,Amateur Hockey Federation,Adult (18+),211,69,false
2023 Spring,2023-03-01,ORL,HKY,Amateur Hockey Federation,Youth (U18),104,31,false
2023 Spring,2023-03-01,ORL,HKY,Amateur Hockey Federation,Adult (18+),69,21,false
2023 Spring,2023-03-01,POR,HKY,Amateur Hockey Federation,Youth (U18),165,48,false
2023 Spring,2023-03-01,POR,HKY,Amateur Hockey Federation,Adult (18+),110,32,false
2023 Spring,2023-03-01,DET,HKY,Amateur Hockey Federation,Youth (U18),871,116,false
2023 Spring,2023-03-01,DET,HKY,Amateur Hockey Federation,Adult (18+),580,77,false
2023 Spring,2023-03-01,NSH,HKY,Amateur Hockey Federation,Youth (U18),78,24,false
2023 Spring,2023-03-01,NSH,HKY,Amateur Hockey Federation,Adult (18+),52,16,false
2023 Spring,2023-03-01,AUS,HKY,Amateur Hockey Federation,Youth (U18),118,42,false
2023 Spring,2023-03-01,AUS,HKY,Amateur Hockey Federation,Adult (18+),79,29,false
2023 Spring,2023-03-01,RDU,HKY,Amateur Hockey Federation,Youth (U18),63,27,false
2023 Spring,2023-03-01,RDU,HKY,Amateur Hockey Federation,Adult (18+),42,18,false
2023 Spring,2023-03-01,CLT,HKY,Amateur Hockey Federation,Youth (U18),95,28,false
2023 Spring,2023-03-01,CLT,HKY,Amateur Hockey Federation,Adult (18+),63,18,false
2023 Spring,2023-03-01,SAT,HKY,Amateur Hockey Federation,Youth (U18),123,36,false
2023 Spring,2023-03-01,SAT,HKY,Amateur Hockey Federation,Adult (18+),82,24,false
2023 Spring,2023-03-01,LAS,HKY,Amateur Hockey Federation,Youth (U18),103,29,false
2023 Spring,2023-03-01,LAS,HKY,Amateur Hockey Federation,Adult (18+),69,19,false
2023 Spring,2023-03-01,CMH,HKY,Amateur Hockey Federation,Youth (U18),380,122,false
2023 Spring,2023-03-01,CMH,HKY,Amateur Hockey Federation,Adult (18+),253,80,false
2023 Spring,2023-03-01,MCI,HKY,Amateur Hockey Federation,Youth (U18),357,115,false
2023 Spring,2023-03-01,MCI,HKY,Amateur Hockey Federation,Adult (18+),238,77,false
2023 Spring,2023-03-01,SLC,HKY,Amateur Hockey Federation,Youth (U18),156,64,false
2023 Spring,2023-03-01,SLC,HKY,Amateur Hockey Federation,Adult (18+),104,43,false
2023 Spring,2023-03-01,JAX,HKY,Amateur Hockey Federation,Youth (U18),58,14,false
2023 Spring,2023-03-01,JAX,HKY,Amateur Hockey Federation,Adult (18+),38,8,false
2023 Spring,2023-03-01,BOI,HKY,Amateur Hockey Federation,Youth (U18),83,23,false
2023 Spring,2023-03-01,BOI,HKY,Amateur Hockey Federation,Adult (18+),55,15,false
2023 Spring,2023-03-01,NYC,VOL,National Volleyball Clubs Association,Youth (U18),12988,4463,false
2023 Spring,2023-03-01,NYC,VOL,National Volleyball Clubs Association,Adult (18+),10626,3651,false
2023 Spring,2023-03-01,LAX,VOL,National Volleyball Clubs Association,Youth (U18),9118,2793,false
2023 Spring,2023-03-01,LAX,VOL,National Volleyball Clubs Association,Adult (18+),7461,2286,false
2023 Spring,2023-03-01,CHI,VOL,National Volleyball Clubs Association,Youth (U18),6996,2086,false
2023 Spring,2023-03-01,CHI,VOL,National Volleyball Clubs Association,Adult (18+),5724,1707,false
2023 Spring,2023-03-01,DFW,VOL,National Volleyball Clubs Association,Youth (U18),6144,2133,false
2023 Spring,2023-03-01,DFW,VOL,National Volleyball Clubs Association,Adult (18+),5027,1745,false
2023 Spring,2023-03-01,HOU,VOL,National Volleyball Clubs Association,Youth (U18),6079,2326,false
2023 Spring,2023-03-01,HOU,VOL,National Volleyball Clubs Association,Adult (18+),4973,1903,false
2023 Spring,2023-03-01,WAS,VOL,National Volleyball Clubs Association,Youth (U18),3953,1458,false
2023 Spring,2023-03-01,WAS,VOL,National Volleyball Clubs Association,Adult (18+),3235,1194,false
2023 Spring,2023-03-01,PHL,VOL,National Volleyball Clubs Association,Youth (U18),4332,1512,false
2023 Spring,2023-03-01,PHL,VOL,National Volleyball Clubs Association,Adult (18+),3545,1237,false
2023 Spring,2023-03-01,ATL,VOL,National Volleyball Clubs Association,Youth (U18),4506,1817,false
2023 Spring,2023-03-01,ATL,VOL,National Volleyball Clubs Association,Adult (18+),3687,1487,false
2023 Spring,2023-03-01,MIA,VOL,National Volleyball Clubs Association,Youth (U18),4549,1831,false
2023 Spring,2023-03-01,MIA,VOL,National Volleyball Clubs Association,Adult (18+),3722,1498,false
2023 Spring,2023-03-01,PHX,VOL,National Volleyball Clubs Association,Youth (U18),3069,929,false
2023 Spring,2023-03-01,PHX,VOL,National Volleyball Clubs Association,Adult (18+),2511,760,false
2023 Spring,2023-03-01,BOS,VOL,National Volleyball Clubs Association,Youth (U18),3253,1213,false
2023 Spring,2023-03-01,BOS,VOL,National Volleyball Clubs Association,Adult (18+),2662,993,false
2023 Spring,2023-03-01,SFO,VOL,National Volleyball Clubs Association,Youth (U18),3479,1190,false
2023 Spring,2023-03-01,SFO,VOL,National Volleyball Clubs Association,Adult (18+),2847,974,false
2023 Spring,2023-03-01,SEA,VOL,National Volleyball Clubs Association,Youth (U18),2776,884,false
2023 Spring,2023-03-01,SEA,VOL,National Volleyball Clubs Association,Adult (18+),2271,723,false
2023 Spring,2023-03-01,MSP,VOL,National Volleyball Clubs Association,Youth (U18),2670,758,false
2023 Spring,2023-03-01,MSP,VOL,National Volleyball Clubs Association,Adult (18+),2185,621,false
2023 Spring,2023-03-01,SAN,VOL,National Volleyball Clubs Association,Youth (U18),2287,633,false
2023 Spring,2023-03-01,SAN,VOL,National Volleyball Clubs Association,Adult (18+),1871,518,false
2023 Spring,2023-03-01,TPA,VOL,National Volleyball Clubs Association,Youth (U18),2455,996,false
2023 Spring,2023-03-01,TPA,VOL,National Volleyball Clubs Association,Adult (18+),2009,816,false
2023 Spring,2023-03-01,DEN,VOL,National Volleyball Clubs Association,Youth (U18),2126,729,false
2023 Spring,2023-03-01,DEN,VOL,National Volleyball Clubs Association,Adult (18+),1740,597,false
2023 Spring,2023-03-01,ORL,VOL,National Volleyball Clubs Association,Youth (U18),1901,763,false
2023 Spring,2023-03-01,ORL,VOL,National Volleyball Clubs Association,Adult (18+),1555,623,false
2023 Spring,2023-03-01,POR,VOL,National Volleyball Clubs Association,Youth (U18),1873,636,false
2023 Spring,2023-03-01,POR,VOL,National Volleyball Clubs Association,Adult (18+),1532,520,false
2023 Spring,2023-03-01,DET,VOL,National Volleyball Clubs Association,Youth (U18),3298,966,false
2023 Spring,2023-03-01,DET,VOL,National Volleyball Clubs Association,Adult (18+),2698,790,false
2023 Spring,2023-03-01,NSH,VOL,National Volleyball Clubs Association,Youth (U18),1442,528,false
2023 Spring,2023-03-01,NSH,VOL,National Volleyball Clubs Association,Adult (18+),1180,432,false
2023 Spring,2023-03-01,AUS,VOL,National Volleyball Clubs Association,Youth (U18),2281,998,false
2023 Spring,2023-03-01,AUS,VOL,National Volleyball Clubs Association,Adult (18+),1866,816,false
2023 Spring,2023-03-01,RDU,VOL,National Volleyball Clubs Association,Youth (U18),1025,360,false
2023 Spring,2023-03-01,RDU,VOL,National Volleyball Clubs Association,Adult (18+),838,294,false
2023 Spring,2023-03-01,CLT,VOL,National Volleyball Clubs Association,Youth (U18),1981,850,false
2023 Spring,2023-03-01,CLT,VOL,National Volleyball Clubs Association,Adult (18+),1621,695,false
2023 Spring,2023-03-01,SAT,VOL,National Volleyball Clubs Association,Youth (U18),2126,679,false
2023 Spring,2023-03-01,SAT,VOL,National Volleyball Clubs Association,Adult (18+),1739,555,false
2023 Spring,2023-03-01,LAS,VOL,National Volleyball Clubs Association,Youth (U18),1494,468,false
2023 Spring,2023-03-01,LAS,VOL,National Volleyball Clubs Association,Adult (18+),1223,383,false
2023 Spring,2023-03-01,CMH,VOL,National Volleyball Clubs Association,Youth (U18),1807,609,false
2023 Spring,2023-03-01,CMH,VOL,National Volleyball Clubs Association,Adult (18+),1479,498,false
2023 Spring,2023-03-01,MCI,VOL,National Volleyball Clubs Association,Youth (U18),1860,774,false
2023 Spring,2023-03-01,MCI,VOL,National Volleyball Clubs Association,Adult (18+),1521,633,false
2023 Spring,2023-03-01,SLC,VOL,National Volleyball Clubs Association,Youth (U18),832,286,false
2023 Spring,2023-03-01,SLC,VOL,National Volleyball Clubs Association,Adult (18+),681,234,false
2023 Spring,2023-03-01,JAX,VOL,National Volleyball Clubs Association,Youth (U18),1108,388,false
2023 Spring,2023-03-01,JAX,VOL,National Volleyball Clubs Association,Adult (18+),907,318,false
2023 Spring,2023-03-01,BOI,VOL,National Volleyball Clubs Association,Youth (U18),587,244,false
2023 Spring,2023-03-01,BOI,VOL,National Volleyball Clubs Association,Adult (18+),481,200,false
2023 Fall,2023-09-01,NYC,SOC,National Youth & Adult Soccer Alliance,Youth (U18),55446,18147,false
2023 Fall,2023-09-01,NYC,SOC,National Youth & Adult Soccer Alliance,Adult (18+),18482,6049,false
2023 Fall,2023-09-01,LAX,SOC,National Youth & Adult Soccer Alliance,Youth (U18),34414,12970,false
2023 Fall,2023-09-01,LAX,SOC,National Youth & Adult Soccer Alliance,Adult (18+),11471,4323,false
2023 Fall,2023-09-01,CHI,SOC,National Youth & Adult Soccer Alliance,Youth (U18),22543,6351,false
2023 Fall,2023-09-01,CHI,SOC,National Youth & Adult Soccer Alliance,Adult (18+),7514,2117,false
2023 Fall,2023-09-01,DFW,SOC,National Youth & Adult Soccer Alliance,Youth (U18),22805,8038,false
2023 Fall,2023-09-01,DFW,SOC,National Youth & Adult Soccer Alliance,Adult (18+),7602,2679,false
2023 Fall,2023-09-01,HOU,SOC,National Youth & Adult Soccer Alliance,Youth (U18),20345,6216,false
2023 Fall,2023-09-01,HOU,SOC,National Youth & Adult Soccer Alliance,Adult (18+),6782,2072,false
2023 Fall,2023-09-01,WAS,SOC,National Youth & Adult Soccer Alliance,Youth (U18),16022,3300,false
2023 Fall,2023-09-01,WAS,SOC,National Youth & Adult Soccer Alliance,Adult (18+),5341,1100,false
2023 Fall,2023-09-01,PHL,SOC,National Youth & Adult Soccer Alliance,Youth (U18),16440,6600,false
2023 Fall,2023-09-01,PHL,SOC,National Youth & Adult Soccer Alliance,Adult (18+),5480,2200,false
2023 Fall,2023-09-01,ATL,SOC,National Youth & Adult Soccer Alliance,Youth (U18),18322,6577,false
2023 Fall,2023-09-01,ATL,SOC,National Youth & Adult Soccer Alliance,Adult (18+),6107,2192,false
2023 Fall,2023-09-01,MIA,SOC,National Youth & Adult Soccer Alliance,Youth (U18),15929,4993,false
2023 Fall,2023-09-01,MIA,SOC,National Youth & Adult Soccer Alliance,Adult (18+),5310,1665,false
2023 Fall,2023-09-01,PHX,SOC,National Youth & Adult Soccer Alliance,Youth (U18),14793,5524,false
2023 Fall,2023-09-01,PHX,SOC,National Youth & Adult Soccer Alliance,Adult (18+),4931,1841,false
2023 Fall,2023-09-01,BOS,SOC,National Youth & Adult Soccer Alliance,Youth (U18),12152,3325,false
2023 Fall,2023-09-01,BOS,SOC,National Youth & Adult Soccer Alliance,Adult (18+),4051,1108,false
2023 Fall,2023-09-01,SFO,SOC,National Youth & Adult Soccer Alliance,Youth (U18),12120,2785,false
2023 Fall,2023-09-01,SFO,SOC,National Youth & Adult Soccer Alliance,Adult (18+),4040,928,false
2023 Fall,2023-09-01,SEA,SOC,National Youth & Adult Soccer Alliance,Youth (U18),10102,2556,false
2023 Fall,2023-09-01,SEA,SOC,National Youth & Adult Soccer Alliance,Adult (18+),3367,852,false
2023 Fall,2023-09-01,MSP,SOC,National Youth & Adult Soccer Alliance,Youth (U18),10114,2612,false
2023 Fall,2023-09-01,MSP,SOC,National Youth & Adult Soccer Alliance,Adult (18+),3371,870,false
2023 Fall,2023-09-01,SAN,SOC,National Youth & Adult Soccer Alliance,Youth (U18),9153,3172,false
2023 Fall,2023-09-01,SAN,SOC,National Youth & Adult Soccer Alliance,Adult (18+),3051,1057,false
2023 Fall,2023-09-01,TPA,SOC,National Youth & Adult Soccer Alliance,Youth (U18),8578,3044,false
2023 Fall,2023-09-01,TPA,SOC,National Youth & Adult Soccer Alliance,Adult (18+),2859,1014,false
2023 Fall,2023-09-01,DEN,SOC,National Youth & Adult Soccer Alliance,Youth (U18),7380,1539,false
2023 Fall,2023-09-01,DEN,SOC,National Youth & Adult Soccer Alliance,Adult (18+),2460,513,false
2023 Fall,2023-09-01,ORL,SOC,National Youth & Adult Soccer Alliance,Youth (U18),7477,2371,false
2023 Fall,2023-09-01,ORL,SOC,National Youth & Adult Soccer Alliance,Adult (18+),2492,790,false
2023 Fall,2023-09-01,POR,SOC,National Youth & Adult Soccer Alliance,Youth (U18),7144,2604,false
2023 Fall,2023-09-01,POR,SOC,National Youth & Adult Soccer Alliance,Adult (18+),2381,868,false
2023 Fall,2023-09-01,DET,SOC,National Youth & Adult Soccer Alliance,Youth (U18),11139,2826,false
2023 Fall,2023-09-01,DET,SOC,National Youth & Adult Soccer Alliance,Adult (18+),3713,942,false
2023 Fall,2023-09-01,NSH,SOC,National Youth & Adult Soccer Alliance,Youth (U18),7016,3055,false
2023 Fall,2023-09-01,NSH,SOC,National Youth & Adult Soccer Alliance,Adult (18+),2339,1019,false
2023 Fall,2023-09-01,AUS,SOC,National Youth & Adult Soccer Alliance,Youth (U18),7013,1882,false
2023 Fall,2023-09-01,AUS,SOC,National Youth & Adult Soccer Alliance,Adult (18+),2338,628,false
2023 Fall,2023-09-01,RDU,SOC,National Youth & Adult Soccer Alliance,Youth (U18),4759,1972,false
2023 Fall,2023-09-01,RDU,SOC,National Youth & Adult Soccer Alliance,Adult (18+),1586,657,false
2023 Fall,2023-09-01,CLT,SOC,National Youth & Adult Soccer Alliance,Youth (U18),7681,2301,false
2023 Fall,2023-09-01,CLT,SOC,National Youth & Adult Soccer Alliance,Adult (18+),2560,766,false
2023 Fall,2023-09-01,SAT,SOC,National Youth & Adult Soccer Alliance,Youth (U18),7865,2963,false
2023 Fall,2023-09-01,SAT,SOC,National Youth & Adult Soccer Alliance,Adult (18+),2622,988,false
2023 Fall,2023-09-01,LAS,SOC,National Youth & Adult Soccer Alliance,Youth (U18),6096,1173,false
2023 Fall,2023-09-01,LAS,SOC,National Youth & Adult Soccer Alliance,Adult (18+),2032,391,false
2023 Fall,2023-09-01,CMH,SOC,National Youth & Adult Soccer Alliance,Youth (U18),5865,1885,false
2023 Fall,2023-09-01,CMH,SOC,National Youth & Adult Soccer Alliance,Adult (18+),1955,628,false
2023 Fall,2023-09-01,MCI,SOC,National Youth & Adult Soccer Alliance,Youth (U18),5711,1588,false
2023 Fall,2023-09-01,MCI,SOC,National Youth & Adult Soccer Alliance,Adult (18+),1904,530,false
2023 Fall,2023-09-01,SLC,SOC,National Youth & Adult Soccer Alliance,Youth (U18),3642,1170,false
2023 Fall,2023-09-01,SLC,SOC,National Youth & Adult Soccer Alliance,Adult (18+),1214,390,false
2023 Fall,2023-09-01,JAX,SOC,National Youth & Adult Soccer Alliance,Youth (U18),5039,1845,false
2023 Fall,2023-09-01,JAX,SOC,National Youth & Adult Soccer Alliance,Adult (18+),1680,615,false
2023 Fall,2023-09-01,BOI,SOC,National Youth & Adult Soccer Alliance,Youth (U18),2136,383,false
2023 Fall,2023-09-01,BOI,SOC,National Youth & Adult Soccer Alliance,Adult (18+),712,127,false
2023 Fall,2023-09-01,NYC,BSK,Hoops America Rec Network,Youth (U18),76589,22709,false
2023 Fall,2023-09-01,NYC,BSK,Hoops America Rec Network,Adult (18+),51059,15139,false
2023 Fall,2023-09-01,LAX,BSK,Hoops America Rec Network,Youth (U18),50606,16123,false
2023 Fall,2023-09-01,LAX,BSK,Hoops America Rec Network,Adult (18+),33737,10749,false
2023 Fall,2023-09-01,CHI,BSK,Hoops America Rec Network,Youth (U18),33524,9799,false
2023 Fall,2023-09-01,CHI,BSK,Hoops America Rec Network,Adult (18+),22350,6534,false
2023 Fall,2023-09-01,DFW,BSK,Hoops America Rec Network,Youth (U18),31420,9263,false
2023 Fall,2023-09-01,DFW,BSK,Hoops America Rec Network,Adult (18+),20946,6174,false
2023 Fall,2023-09-01,HOU,BSK,Hoops America Rec Network,Youth (U18),29835,8512,false
2023 Fall,2023-09-01,HOU,BSK,Hoops America Rec Network,Adult (18+),19890,5674,false
2023 Fall,2023-09-01,WAS,BSK,Hoops America Rec Network,Youth (U18),24652,6939,false
2023 Fall,2023-09-01,WAS,BSK,Hoops America Rec Network,Adult (18+),16434,4625,false
2023 Fall,2023-09-01,PHL,BSK,Hoops America Rec Network,Youth (U18),22414,5317,false
2023 Fall,2023-09-01,PHL,BSK,Hoops America Rec Network,Adult (18+),14943,3545,false
2023 Fall,2023-09-01,ATL,BSK,Hoops America Rec Network,Youth (U18),24750,6880,false
2023 Fall,2023-09-01,ATL,BSK,Hoops America Rec Network,Adult (18+),16500,4586,false
2023 Fall,2023-09-01,MIA,BSK,Hoops America Rec Network,Youth (U18),23848,8212,false
2023 Fall,2023-09-01,MIA,BSK,Hoops America Rec Network,Adult (18+),15899,5475,false
2023 Fall,2023-09-01,PHX,BSK,Hoops America Rec Network,Youth (U18),18654,4155,false
2023 Fall,2023-09-01,PHX,BSK,Hoops America Rec Network,Adult (18+),12436,2770,false
2023 Fall,2023-09-01,BOS,BSK,Hoops America Rec Network,Youth (U18),17514,3428,false
2023 Fall,2023-09-01,BOS,BSK,Hoops America Rec Network,Adult (18+),11676,2286,false
2023 Fall,2023-09-01,SFO,BSK,Hoops America Rec Network,Youth (U18),17767,4821,false
2023 Fall,2023-09-01,SFO,BSK,Hoops America Rec Network,Adult (18+),11845,3214,false
2023 Fall,2023-09-01,SEA,BSK,Hoops America Rec Network,Youth (U18),15501,3959,false
2023 Fall,2023-09-01,SEA,BSK,Hoops America Rec Network,Adult (18+),10334,2639,false
2023 Fall,2023-09-01,MSP,BSK,Hoops America Rec Network,Youth (U18),12486,1965,false
2023 Fall,2023-09-01,MSP,BSK,Hoops America Rec Network,Adult (18+),8324,1310,false
2023 Fall,2023-09-01,SAN,BSK,Hoops America Rec Network,Youth (U18),12790,3613,false
2023 Fall,2023-09-01,SAN,BSK,Hoops America Rec Network,Adult (18+),8527,2409,false
2023 Fall,2023-09-01,TPA,BSK,Hoops America Rec Network,Youth (U18),14361,5748,false
2023 Fall,2023-09-01,TPA,BSK,Hoops America Rec Network,Adult (18+),9574,3832,false
2023 Fall,2023-09-01,DEN,BSK,Hoops America Rec Network,Youth (U18),12061,4060,false
2023 Fall,2023-09-01,DEN,BSK,Hoops America Rec Network,Adult (18+),8041,2707,false
2023 Fall,2023-09-01,ORL,BSK,Hoops America Rec Network,Youth (U18),11801,3980,false
2023 Fall,2023-09-01,ORL,BSK,Hoops America Rec Network,Adult (18+),7867,2653,false
2023 Fall,2023-09-01,POR,BSK,Hoops America Rec Network,Youth (U18),9538,3039,false
2023 Fall,2023-09-01,POR,BSK,Hoops America Rec Network,Adult (18+),6359,2026,false
2023 Fall,2023-09-01,DET,BSK,Hoops America Rec Network,Youth (U18),16098,4474,false
2023 Fall,2023-09-01,DET,BSK,Hoops America Rec Network,Adult (18+),10732,2983,false
2023 Fall,2023-09-01,NSH,BSK,Hoops America Rec Network,Youth (U18),9643,3218,false
2023 Fall,2023-09-01,NSH,BSK,Hoops America Rec Network,Adult (18+),6429,2146,false
2023 Fall,2023-09-01,AUS,BSK,Hoops America Rec Network,Youth (U18),10088,2337,false
2023 Fall,2023-09-01,AUS,BSK,Hoops America Rec Network,Adult (18+),6725,1558,false
2023 Fall,2023-09-01,RDU,BSK,Hoops America Rec Network,Youth (U18),6512,2129,false
2023 Fall,2023-09-01,RDU,BSK,Hoops America Rec Network,Adult (18+),4341,1419,false
2023 Fall,2023-09-01,CLT,BSK,Hoops America Rec Network,Youth (U18),10395,3207,false
2023 Fall,2023-09-01,CLT,BSK,Hoops America Rec Network,Adult (18+),6930,2138,false
2023 Fall,2023-09-01,SAT,BSK,Hoops America Rec Network,Youth (U18),10424,2937,false
2023 Fall,2023-09-01,SAT,BSK,Hoops America Rec Network,Adult (18+),6949,1957,false
2023 Fall,2023-09-01,LAS,BSK,Hoops America Rec Network,Youth (U18),9317,2818,false
2023 Fall,2023-09-01,LAS,BSK,Hoops America Rec Network,Adult (18+),6211,1878,false
2023 Fall,2023-09-01,CMH,BSK,Hoops America Rec Network,Youth (U18),8892,2712,false
2023 Fall,2023-09-01,CMH,BSK,Hoops America Rec Network,Adult (18+),5928,1808,false
2023 Fall,2023-09-01,MCI,BSK,Hoops America Rec Network,Youth (U18),8502,2274,false
2023 Fall,2023-09-01,MCI,BSK,Hoops America Rec Network,Adult (18+),5668,1516,false
2023 Fall,2023-09-01,SLC,BSK,Hoops America Rec Network,Youth (U18),5752,2367,false
2023 Fall,2023-09-01,SLC,BSK,Hoops America Rec Network,Adult (18+),3834,1578,false
2023 Fall,2023-09-01,JAX,BSK,Hoops America Rec Network,Youth (U18),6910,2132,false
2023 Fall,2023-09-01,JAX,BSK,Hoops America Rec Network,Adult (18+),4607,1422,false
2023 Fall,2023-09-01,BOI,BSK,Hoops America Rec Network,Youth (U18),3465,1126,false
2023 Fall,2023-09-01,BOI,BSK,Hoops America Rec Network,Adult (18+),2310,751,false
2023 Fall,2023-09-01,NYC,BSB,Diamond Youth Baseball Federation,Youth (U18),10451,2803,false
2023 Fall,2023-09-01,NYC,BSB,Diamond Youth Baseball Federation,Adult (18+),4479,1202,false
2023 Fall,2023-09-01,LAX,BSB,Diamond Youth Baseball Federation,Youth (U18),6551,1981,false
2023 Fall,2023-09-01,LAX,BSB,Diamond Youth Baseball Federation,Adult (18+),2808,850,false
2023 Fall,2023-09-01,CHI,BSB,Diamond Youth Baseball Federation,Youth (U18),4999,1665,false
2023 Fall,2023-09-01,CHI,BSB,Diamond Youth Baseball Federation,Adult (18+),2142,714,false
2023 Fall,2023-09-01,DFW,BSB,Diamond Youth Baseball Federation,Youth (U18),5120,1331,false
2023 Fall,2023-09-01,DFW,BSB,Diamond Youth Baseball Federation,Adult (18+),2194,570,false
2023 Fall,2023-09-01,HOU,BSB,Diamond Youth Baseball Federation,Youth (U18),5127,1752,false
2023 Fall,2023-09-01,HOU,BSB,Diamond Youth Baseball Federation,Adult (18+),2197,751,false
2023 Fall,2023-09-01,WAS,BSB,Diamond Youth Baseball Federation,Youth (U18),3086,715,false
2023 Fall,2023-09-01,WAS,BSB,Diamond Youth Baseball Federation,Adult (18+),1323,307,false
2023 Fall,2023-09-01,PHL,BSB,Diamond Youth Baseball Federation,Youth (U18),3122,686,false
2023 Fall,2023-09-01,PHL,BSB,Diamond Youth Baseball Federation,Adult (18+),1338,294,false
2023 Fall,2023-09-01,ATL,BSB,Diamond Youth Baseball Federation,Youth (U18),3942,977,false
2023 Fall,2023-09-01,ATL,BSB,Diamond Youth Baseball Federation,Adult (18+),1689,418,false
2023 Fall,2023-09-01,MIA,BSB,Diamond Youth Baseball Federation,Youth (U18),4003,1107,false
2023 Fall,2023-09-01,MIA,BSB,Diamond Youth Baseball Federation,Adult (18+),1715,474,false
2023 Fall,2023-09-01,PHX,BSB,Diamond Youth Baseball Federation,Youth (U18),3022,843,false
2023 Fall,2023-09-01,PHX,BSB,Diamond Youth Baseball Federation,Adult (18+),1295,361,false
2023 Fall,2023-09-01,BOS,BSB,Diamond Youth Baseball Federation,Youth (U18),2424,699,false
2023 Fall,2023-09-01,BOS,BSB,Diamond Youth Baseball Federation,Adult (18+),1039,300,false
2023 Fall,2023-09-01,SFO,BSB,Diamond Youth Baseball Federation,Youth (U18),2171,620,false
2023 Fall,2023-09-01,SFO,BSB,Diamond Youth Baseball Federation,Adult (18+),931,266,false
2023 Fall,2023-09-01,SEA,BSB,Diamond Youth Baseball Federation,Youth (U18),2066,550,false
2023 Fall,2023-09-01,SEA,BSB,Diamond Youth Baseball Federation,Adult (18+),886,237,false
2023 Fall,2023-09-01,MSP,BSB,Diamond Youth Baseball Federation,Youth (U18),1906,688,false
2023 Fall,2023-09-01,MSP,BSB,Diamond Youth Baseball Federation,Adult (18+),817,295,false
2023 Fall,2023-09-01,SAN,BSB,Diamond Youth Baseball Federation,Youth (U18),1626,368,false
2023 Fall,2023-09-01,SAN,BSB,Diamond Youth Baseball Federation,Adult (18+),697,158,false
2023 Fall,2023-09-01,TPA,BSB,Diamond Youth Baseball Federation,Youth (U18),2389,810,false
2023 Fall,2023-09-01,TPA,BSB,Diamond Youth Baseball Federation,Adult (18+),1024,347,false
2023 Fall,2023-09-01,DEN,BSB,Diamond Youth Baseball Federation,Youth (U18),1705,629,false
2023 Fall,2023-09-01,DEN,BSB,Diamond Youth Baseball Federation,Adult (18+),731,269,false
2023 Fall,2023-09-01,ORL,BSB,Diamond Youth Baseball Federation,Youth (U18),1971,623,false
2023 Fall,2023-09-01,ORL,BSB,Diamond Youth Baseball Federation,Adult (18+),845,268,false
2023 Fall,2023-09-01,POR,BSB,Diamond Youth Baseball Federation,Youth (U18),1344,468,false
2023 Fall,2023-09-01,POR,BSB,Diamond Youth Baseball Federation,Adult (18+),576,200,false
2023 Fall,2023-09-01,DET,BSB,Diamond Youth Baseball Federation,Youth (U18),2032,664,false
2023 Fall,2023-09-01,DET,BSB,Diamond Youth Baseball Federation,Adult (18+),871,285,false
2023 Fall,2023-09-01,NSH,BSB,Diamond Youth Baseball Federation,Youth (U18),1517,408,false
2023 Fall,2023-09-01,NSH,BSB,Diamond Youth Baseball Federation,Adult (18+),650,175,false
2023 Fall,2023-09-01,AUS,BSB,Diamond Youth Baseball Federation,Youth (U18),1862,726,false
2023 Fall,2023-09-01,AUS,BSB,Diamond Youth Baseball Federation,Adult (18+),798,311,false
2023 Fall,2023-09-01,RDU,BSB,Diamond Youth Baseball Federation,Youth (U18),1155,361,false
2023 Fall,2023-09-01,RDU,BSB,Diamond Youth Baseball Federation,Adult (18+),495,154,false
2023 Fall,2023-09-01,CLT,BSB,Diamond Youth Baseball Federation,Youth (U18),1852,611,false
2023 Fall,2023-09-01,CLT,BSB,Diamond Youth Baseball Federation,Adult (18+),794,262,false
2023 Fall,2023-09-01,SAT,BSB,Diamond Youth Baseball Federation,Youth (U18),1649,290,false
2023 Fall,2023-09-01,SAT,BSB,Diamond Youth Baseball Federation,Adult (18+),707,125,false
2023 Fall,2023-09-01,LAS,BSB,Diamond Youth Baseball Federation,Youth (U18),1448,542,false
2023 Fall,2023-09-01,LAS,BSB,Diamond Youth Baseball Federation,Adult (18+),620,231,false
2023 Fall,2023-09-01,CMH,BSB,Diamond Youth Baseball Federation,Youth (U18),1084,337,false
2023 Fall,2023-09-01,CMH,BSB,Diamond Youth Baseball Federation,Adult (18+),465,145,false
2023 Fall,2023-09-01,MCI,BSB,Diamond Youth Baseball Federation,Youth (U18),1080,301,false
2023 Fall,2023-09-01,MCI,BSB,Diamond Youth Baseball Federation,Adult (18+),463,129,false
2023 Fall,2023-09-01,SLC,BSB,Diamond Youth Baseball Federation,Youth (U18),675,188,false
2023 Fall,2023-09-01,SLC,BSB,Diamond Youth Baseball Federation,Adult (18+),289,80,false
2023 Fall,2023-09-01,JAX,BSB,Diamond Youth Baseball Federation,Youth (U18),1141,376,false
2023 Fall,2023-09-01,JAX,BSB,Diamond Youth Baseball Federation,Adult (18+),489,161,false
2023 Fall,2023-09-01,BOI,BSB,Diamond Youth Baseball Federation,Youth (U18),400,109,false
2023 Fall,2023-09-01,BOI,BSB,Diamond Youth Baseball Federation,Adult (18+),172,47,false
2023 Fall,2023-09-01,NYC,FTB,Gridiron Youth League Association,Youth (U18),32642,8379,false
2023 Fall,2023-09-01,NYC,FTB,Gridiron Youth League Association,Adult (18+),8161,2095,false
2023 Fall,2023-09-01,LAX,FTB,Gridiron Youth League Association,Youth (U18),20682,5849,false
2023 Fall,2023-09-01,LAX,FTB,Gridiron Youth League Association,Adult (18+),5171,1463,false
2023 Fall,2023-09-01,CHI,FTB,Gridiron Youth League Association,Youth (U18),15850,3435,false
2023 Fall,2023-09-01,CHI,FTB,Gridiron Youth League Association,Adult (18+),3963,859,false
2023 Fall,2023-09-01,DFW,FTB,Gridiron Youth League Association,Youth (U18),19183,3566,false
2023 Fall,2023-09-01,DFW,FTB,Gridiron Youth League Association,Adult (18+),4796,891,false
2023 Fall,2023-09-01,HOU,FTB,Gridiron Youth League Association,Youth (U18),18037,3675,false
2023 Fall,2023-09-01,HOU,FTB,Gridiron Youth League Association,Adult (18+),4509,918,false
2023 Fall,2023-09-01,WAS,FTB,Gridiron Youth League Association,Youth (U18),10446,2640,false
2023 Fall,2023-09-01,WAS,FTB,Gridiron Youth League Association,Adult (18+),2611,660,false
2023 Fall,2023-09-01,PHL,FTB,Gridiron Youth League Association,Youth (U18),9952,2885,false
2023 Fall,2023-09-01,PHL,FTB,Gridiron Youth League Association,Adult (18+),2488,721,false
2023 Fall,2023-09-01,ATL,FTB,Gridiron Youth League Association,Youth (U18),14869,4708,false
2023 Fall,2023-09-01,ATL,FTB,Gridiron Youth League Association,Adult (18+),3717,1177,false
2023 Fall,2023-09-01,MIA,FTB,Gridiron Youth League Association,Youth (U18),15047,3790,false
2023 Fall,2023-09-01,MIA,FTB,Gridiron Youth League Association,Adult (18+),3762,948,false
2023 Fall,2023-09-01,PHX,FTB,Gridiron Youth League Association,Youth (U18),9540,2979,false
2023 Fall,2023-09-01,PHX,FTB,Gridiron Youth League Association,Adult (18+),2385,745,false
2023 Fall,2023-09-01,BOS,FTB,Gridiron Youth League Association,Youth (U18),8017,2433,false
2023 Fall,2023-09-01,BOS,FTB,Gridiron Youth League Association,Adult (18+),2004,608,false
2023 Fall,2023-09-01,SFO,FTB,Gridiron Youth League Association,Youth (U18),7962,2039,false
2023 Fall,2023-09-01,SFO,FTB,Gridiron Youth League Association,Adult (18+),1990,509,false
2023 Fall,2023-09-01,SEA,FTB,Gridiron Youth League Association,Youth (U18),6695,1695,false
2023 Fall,2023-09-01,SEA,FTB,Gridiron Youth League Association,Adult (18+),1674,424,false
2023 Fall,2023-09-01,MSP,FTB,Gridiron Youth League Association,Youth (U18),6180,1682,false
2023 Fall,2023-09-01,MSP,FTB,Gridiron Youth League Association,Adult (18+),1545,420,false
2023 Fall,2023-09-01,SAN,FTB,Gridiron Youth League Association,Youth (U18),5407,1454,false
2023 Fall,2023-09-01,SAN,FTB,Gridiron Youth League Association,Adult (18+),1352,364,false
2023 Fall,2023-09-01,TPA,FTB,Gridiron Youth League Association,Youth (U18),7942,2321,false
2023 Fall,2023-09-01,TPA,FTB,Gridiron Youth League Association,Adult (18+),1986,581,false
2023 Fall,2023-09-01,DEN,FTB,Gridiron Youth League Association,Youth (U18),4991,1430,false
2023 Fall,2023-09-01,DEN,FTB,Gridiron Youth League Association,Adult (18+),1248,358,false
2023 Fall,2023-09-01,ORL,FTB,Gridiron Youth League Association,Youth (U18),6108,611,false
2023 Fall,2023-09-01,ORL,FTB,Gridiron Youth League Association,Adult (18+),1527,153,false
2023 Fall,2023-09-01,POR,FTB,Gridiron Youth League Association,Youth (U18),4379,1136,false
2023 Fall,2023-09-01,POR,FTB,Gridiron Youth League Association,Adult (18+),1095,284,false
2023 Fall,2023-09-01,DET,FTB,Gridiron Youth League Association,Youth (U18),7884,2406,false
2023 Fall,2023-09-01,DET,FTB,Gridiron Youth League Association,Adult (18+),1971,602,false
2023 Fall,2023-09-01,NSH,FTB,Gridiron Youth League Association,Youth (U18),5692,1915,false
2023 Fall,2023-09-01,NSH,FTB,Gridiron Youth League Association,Adult (18+),1423,478,false
2023 Fall,2023-09-01,AUS,FTB,Gridiron Youth League Association,Youth (U18),7368,2673,false
2023 Fall,2023-09-01,AUS,FTB,Gridiron Youth League Association,Adult (18+),1842,668,false
2023 Fall,2023-09-01,RDU,FTB,Gridiron Youth League Association,Youth (U18),4212,1486,false
2023 Fall,2023-09-01,RDU,FTB,Gridiron Youth League Association,Adult (18+),1053,372,false
2023 Fall,2023-09-01,CLT,FTB,Gridiron Youth League Association,Youth (U18),6418,1577,false
2023 Fall,2023-09-01,CLT,FTB,Gridiron Youth League Association,Adult (18+),1605,395,false
2023 Fall,2023-09-01,SAT,FTB,Gridiron Youth League Association,Youth (U18),7093,1499,false
2023 Fall,2023-09-01,SAT,FTB,Gridiron Youth League Association,Adult (18+),1773,374,false
2023 Fall,2023-09-01,LAS,FTB,Gridiron Youth League Association,Youth (U18),4407,1500,false
2023 Fall,2023-09-01,LAS,FTB,Gridiron Youth League Association,Adult (18+),1102,376,false
2023 Fall,2023-09-01,CMH,FTB,Gridiron Youth League Association,Youth (U18),3662,832,false
2023 Fall,2023-09-01,CMH,FTB,Gridiron Youth League Association,Adult (18+),916,208,false
2023 Fall,2023-09-01,MCI,FTB,Gridiron Youth League Association,Youth (U18),3710,978,false
2023 Fall,2023-09-01,MCI,FTB,Gridiron Youth League Association,Adult (18+),927,244,false
2023 Fall,2023-09-01,SLC,FTB,Gridiron Youth League Association,Youth (U18),2354,773,false
2023 Fall,2023-09-01,SLC,FTB,Gridiron Youth League Association,Adult (18+),588,193,false
2023 Fall,2023-09-01,JAX,FTB,Gridiron Youth League Association,Youth (U18),4479,1472,false
2023 Fall,2023-09-01,JAX,FTB,Gridiron Youth League Association,Adult (18+),1120,368,false
2023 Fall,2023-09-01,BOI,FTB,Gridiron Youth League Association,Youth (U18),1447,483,false
2023 Fall,2023-09-01,BOI,FTB,Gridiron Youth League Association,Adult (18+),362,121,false
2023 Fall,2023-09-01,NYC,TEN,Community Tennis League of America,Youth (U18),12233,4019,false
2023 Fall,2023-09-01,NYC,TEN,Community Tennis League of America,Adult (18+),28544,9378,false
2023 Fall,2023-09-01,LAX,TEN,Community Tennis League of America,Youth (U18),8454,2580,false
2023 Fall,2023-09-01,LAX,TEN,Community Tennis League of America,Adult (18+),19725,6020,false
2023 Fall,2023-09-01,CHI,TEN,Community Tennis League of America,Youth (U18),6021,1759,false
2023 Fall,2023-09-01,CHI,TEN,Community Tennis League of America,Adult (18+),14048,4105,false
2023 Fall,2023-09-01,DFW,TEN,Community Tennis League of America,Youth (U18),5288,1571,false
2023 Fall,2023-09-01,DFW,TEN,Community Tennis League of America,Adult (18+),12339,3664,false
2023 Fall,2023-09-01,HOU,TEN,Community Tennis League of America,Youth (U18),4891,1585,false
2023 Fall,2023-09-01,HOU,TEN,Community Tennis League of America,Adult (18+),11413,3700,false
2023 Fall,2023-09-01,WAS,TEN,Community Tennis League of America,Youth (U18),4250,1068,false
2023 Fall,2023-09-01,WAS,TEN,Community Tennis League of America,Adult (18+),9917,2494,false
2023 Fall,2023-09-01,PHL,TEN,Community Tennis League of America,Youth (U18),4004,1097,false
2023 Fall,2023-09-01,PHL,TEN,Community Tennis League of America,Adult (18+),9342,2559,false
2023 Fall,2023-09-01,ATL,TEN,Community Tennis League of America,Youth (U18),4020,1193,false
2023 Fall,2023-09-01,ATL,TEN,Community Tennis League of America,Adult (18+),9380,2783,false
2023 Fall,2023-09-01,MIA,TEN,Community Tennis League of America,Youth (U18),3849,1101,false
2023 Fall,2023-09-01,MIA,TEN,Community Tennis League of America,Adult (18+),8981,2569,false
2023 Fall,2023-09-01,PHX,TEN,Community Tennis League of America,Youth (U18),3190,694,false
2023 Fall,2023-09-01,PHX,TEN,Community Tennis League of America,Adult (18+),7442,1618,false
2023 Fall,2023-09-01,BOS,TEN,Community Tennis League of America,Youth (U18),3087,859,false
2023 Fall,2023-09-01,BOS,TEN,Community Tennis League of America,Adult (18+),7204,2006,false
2023 Fall,2023-09-01,SFO,TEN,Community Tennis League of America,Youth (U18),3096,840,false
2023 Fall,2023-09-01,SFO,TEN,Community Tennis League of America,Adult (18+),7223,1960,false
2023 Fall,2023-09-01,SEA,TEN,Community Tennis League of America,Youth (U18),2521,627,false
2023 Fall,2023-09-01,SEA,TEN,Community Tennis League of America,Adult (18+),5883,1462,false
2023 Fall,2023-09-01,MSP,TEN,Community Tennis League of America,Youth (U18),2419,692,false
2023 Fall,2023-09-01,MSP,TEN,Community Tennis League of America,Adult (18+),5644,1613,false
2023 Fall,2023-09-01,SAN,TEN,Community Tennis League of America,Youth (U18),2067,416,false
2023 Fall,2023-09-01,SAN,TEN,Community Tennis League of America,Adult (18+),4822,970,false
2023 Fall,2023-09-01,TPA,TEN,Community Tennis League of America,Youth (U18),2071,462,false
2023 Fall,2023-09-01,TPA,TEN,Community Tennis League of America,Adult (18+),4833,1079,false
2023 Fall,2023-09-01,DEN,TEN,Community Tennis League of America,Youth (U18),1968,501,false
2023 Fall,2023-09-01,DEN,TEN,Community Tennis League of America,Adult (18+),4593,1171,false
2023 Fall,2023-09-01,ORL,TEN,Community Tennis League of America,Youth (U18),1657,432,false
2023 Fall,2023-09-01,ORL,TEN,Community Tennis League of America,Adult (18+),3866,1007,false
2023 Fall,2023-09-01,POR,TEN,Community Tennis League of America,Youth (U18),1637,447,false
2023 Fall,2023-09-01,POR,TEN,Community Tennis League of America,Adult (18+),3821,1043,false
2023 Fall,2023-09-01,DET,TEN,Community Tennis League of America,Youth (U18),2577,832,false
2023 Fall,2023-09-01,DET,TEN,Community Tennis League of America,Adult (18+),6013,1940,false
2023 Fall,2023-09-01,NSH,TEN,Community Tennis League of America,Youth (U18),1460,460,false
2023 Fall,2023-09-01,NSH,TEN,Community Tennis League of America,Adult (18+),3407,1073,false
2023 Fall,2023-09-01,AUS,TEN,Community Tennis League of America,Youth (U18),1686,495,false
2023 Fall,2023-09-01,AUS,TEN,Community Tennis League of America,Adult (18+),3934,1155,false
2023 Fall,2023-09-01,RDU,TEN,Community Tennis League of America,Youth (U18),1050,295,false
2023 Fall,2023-09-01,RDU,TEN,Community Tennis League of America,Adult (18+),2450,690,false
2023 Fall,2023-09-01,CLT,TEN,Community Tennis League of America,Youth (U18),1700,434,false
2023 Fall,2023-09-01,CLT,TEN,Community Tennis League of America,Adult (18+),3967,1012,false
2023 Fall,2023-09-01,SAT,TEN,Community Tennis League of America,Youth (U18),1660,391,false
2023 Fall,2023-09-01,SAT,TEN,Community Tennis League of America,Adult (18+),3873,912,false
2023 Fall,2023-09-01,LAS,TEN,Community Tennis League of America,Youth (U18),1422,338,false
2023 Fall,2023-09-01,LAS,TEN,Community Tennis League of America,Adult (18+),3318,789,false
2023 Fall,2023-09-01,CMH,TEN,Community Tennis League of America,Youth (U18),1403,398,false
2023 Fall,2023-09-01,CMH,TEN,Community Tennis League of America,Adult (18+),3275,929,false
2023 Fall,2023-09-01,MCI,TEN,Community Tennis League of America,Youth (U18),1391,449,false
2023 Fall,2023-09-01,MCI,TEN,Community Tennis League of America,Adult (18+),3245,1048,false
2023 Fall,2023-09-01,SLC,TEN,Community Tennis League of America,Youth (U18),942,352,false
2023 Fall,2023-09-01,SLC,TEN,Community Tennis League of America,Adult (18+),2197,821,false
2023 Fall,2023-09-01,JAX,TEN,Community Tennis League of America,Youth (U18),1051,281,false
2023 Fall,2023-09-01,JAX,TEN,Community Tennis League of America,Adult (18+),2452,654,false
2023 Fall,2023-09-01,BOI,TEN,Community Tennis League of America,Youth (U18),515,146,false
2023 Fall,2023-09-01,BOI,TEN,Community Tennis League of America,Adult (18+),1203,342,false
2023 Fall,2023-09-01,NYC,PKB,American Pickleball League Network,Youth (U18),1538,472,false
2023 Fall,2023-09-01,NYC,PKB,American Pickleball League Network,Adult (18+),29220,8969,false
2023 Fall,2023-09-01,LAX,PKB,American Pickleball League Network,Youth (U18),1020,404,false
2023 Fall,2023-09-01,LAX,PKB,American Pickleball League Network,Adult (18+),19371,7659,false
2023 Fall,2023-09-01,CHI,PKB,American Pickleball League Network,Youth (U18),683,254,false
2023 Fall,2023-09-01,CHI,PKB,American Pickleball League Network,Adult (18+),12973,4826,false
2023 Fall,2023-09-01,DFW,PKB,American Pickleball League Network,Youth (U18),1173,657,false
2023 Fall,2023-09-01,DFW,PKB,American Pickleball League Network,Adult (18+),22292,12479,false
2023 Fall,2023-09-01,HOU,PKB,American Pickleball League Network,Youth (U18),1013,533,false
2023 Fall,2023-09-01,HOU,PKB,American Pickleball League Network,Adult (18+),19256,10131,false
2023 Fall,2023-09-01,WAS,PKB,American Pickleball League Network,Youth (U18),502,180,false
2023 Fall,2023-09-01,WAS,PKB,American Pickleball League Network,Adult (18+),9535,3424,false
2023 Fall,2023-09-01,PHL,PKB,American Pickleball League Network,Youth (U18),485,201,false
2023 Fall,2023-09-01,PHL,PKB,American Pickleball League Network,Adult (18+),9218,3814,false
2023 Fall,2023-09-01,ATL,PKB,American Pickleball League Network,Youth (U18),885,418,false
2023 Fall,2023-09-01,ATL,PKB,American Pickleball League Network,Adult (18+),16816,7948,false
2023 Fall,2023-09-01,MIA,PKB,American Pickleball League Network,Youth (U18),922,442,false
2023 Fall,2023-09-01,MIA,PKB,American Pickleball League Network,Adult (18+),17511,8392,false
2023 Fall,2023-09-01,PHX,PKB,American Pickleball League Network,Youth (U18),958,508,false
2023 Fall,2023-09-01,PHX,PKB,American Pickleball League Network,Adult (18+),18200,9646,false
2023 Fall,2023-09-01,BOS,PKB,American Pickleball League Network,Youth (U18),420,200,false
2023 Fall,2023-09-01,BOS,PKB,American Pickleball League Network,Adult (18+),7977,3800,false
2023 Fall,2023-09-01,SFO,PKB,American Pickleball League Network,Youth (U18),396,194,false
2023 Fall,2023-09-01,SFO,PKB,American Pickleball League Network,Adult (18+),7528,3695,false
2023 Fall,2023-09-01,SEA,PKB,American Pickleball League Network,Youth (U18),300,106,false
2023 Fall,2023-09-01,SEA,PKB,American Pickleball League Network,Adult (18+),5703,2003,false
2023 Fall,2023-09-01,MSP,PKB,American Pickleball League Network,Youth (U18),299,133,false
2023 Fall,2023-09-01,MSP,PKB,American Pickleball League Network,Adult (18+),5681,2528,false
2023 Fall,2023-09-01,SAN,PKB,American Pickleball League Network,Youth (U18),277,125,false
2023 Fall,2023-09-01,SAN,PKB,American Pickleball League Network,Adult (18+),5270,2385,false
2023 Fall,2023-09-01,TPA,PKB,American Pickleball League Network,Youth (U18),546,241,false
2023 Fall,2023-09-01,TPA,PKB,American Pickleball League Network,Adult (18+),10377,4586,false
2023 Fall,2023-09-01,DEN,PKB,American Pickleball League Network,Youth (U18),269,103,false
2023 Fall,2023-09-01,DEN,PKB,American Pickleball League Network,Adult (18+),5102,1956,false
2023 Fall,2023-09-01,ORL,PKB,American Pickleball League Network,Youth (U18),499,274,false
2023 Fall,2023-09-01,ORL,PKB,American Pickleball League Network,Adult (18+),9481,5213,false
2023 Fall,2023-09-01,POR,PKB,American Pickleball League Network,Youth (U18),210,93,false
2023 Fall,2023-09-01,POR,PKB,American Pickleball League Network,Adult (18+),3985,1761,false
2023 Fall,2023-09-01,DET,PKB,American Pickleball League Network,Youth (U18),382,198,false
2023 Fall,2023-09-01,DET,PKB,American Pickleball League Network,Adult (18+),7261,3759,false
2023 Fall,2023-09-01,NSH,PKB,American Pickleball League Network,Youth (U18),343,181,false
2023 Fall,2023-09-01,NSH,PKB,American Pickleball League Network,Adult (18+),6512,3435,false
2023 Fall,2023-09-01,AUS,PKB,American Pickleball League Network,Youth (U18),399,195,false
2023 Fall,2023-09-01,AUS,PKB,American Pickleball League Network,Adult (18+),7578,3711,false
2023 Fall,2023-09-01,RDU,PKB,American Pickleball League Network,Youth (U18),274,145,false
2023 Fall,2023-09-01,RDU,PKB,American Pickleball League Network,Adult (18+),5215,2760,false
2023 Fall,2023-09-01,CLT,PKB,American Pickleball League Network,Youth (U18),434,223,false
2023 Fall,2023-09-01,CLT,PKB,American Pickleball League Network,Adult (18+),8249,4246,false
2023 Fall,2023-09-01,SAT,PKB,American Pickleball League Network,Youth (U18),395,203,false
2023 Fall,2023-09-01,SAT,PKB,American Pickleball League Network,Adult (18+),7502,3855,false
2023 Fall,2023-09-01,LAS,PKB,American Pickleball League Network,Youth (U18),399,189,false
2023 Fall,2023-09-01,LAS,PKB,American Pickleball League Network,Adult (18+),7589,3604,false
2023 Fall,2023-09-01,CMH,PKB,American Pickleball League Network,Youth (U18),177,72,false
2023 Fall,2023-09-01,CMH,PKB,American Pickleball League Network,Adult (18+),3363,1370,false
2023 Fall,2023-09-01,MCI,PKB,American Pickleball League Network,Youth (U18),194,85,false
2023 Fall,2023-09-01,MCI,PKB,American Pickleball League Network,Adult (18+),3692,1622,false
2023 Fall,2023-09-01,SLC,PKB,American Pickleball League Network,Youth (U18),127,58,false
2023 Fall,2023-09-01,SLC,PKB,American Pickleball League Network,Adult (18+),2411,1102,false
2023 Fall,2023-09-01,JAX,PKB,American Pickleball League Network,Youth (U18),266,130,false
2023 Fall,2023-09-01,JAX,PKB,American Pickleball League Network,Adult (18+),5050,2459,false
2023 Fall,2023-09-01,BOI,PKB,American Pickleball League Network,Youth (U18),82,42,false
2023 Fall,2023-09-01,BOI,PKB,American Pickleball League Network,Adult (18+),1554,786,false
2023 Fall,2023-09-01,NYC,PDL,US Padel Circuit,Youth (U18),70,21,false
2023 Fall,2023-09-01,NYC,PDL,US Padel Circuit,Adult (18+),1322,397,false
2023 Fall,2023-09-01,LAX,PDL,US Padel Circuit,Youth (U18),41,12,false
2023 Fall,2023-09-01,LAX,PDL,US Padel Circuit,Adult (18+),781,234,false
2023 Fall,2023-09-01,CHI,PDL,US Padel Circuit,Youth (U18),4,1,false
2023 Fall,2023-09-01,CHI,PDL,US Padel Circuit,Adult (18+),78,23,false
2023 Fall,2023-09-01,DFW,PDL,US Padel Circuit,Youth (U18),21,6,false
2023 Fall,2023-09-01,DFW,PDL,US Padel Circuit,Adult (18+),401,120,false
2023 Fall,2023-09-01,HOU,PDL,US Padel Circuit,Youth (U18),18,5,false
2023 Fall,2023-09-01,HOU,PDL,US Padel Circuit,Adult (18+),335,101,false
2023 Fall,2023-09-01,WAS,PDL,US Padel Circuit,Youth (U18),3,1,false
2023 Fall,2023-09-01,WAS,PDL,US Padel Circuit,Adult (18+),61,18,false
2023 Fall,2023-09-01,PHL,PDL,US Padel Circuit,Youth (U18),3,1,false
2023 Fall,2023-09-01,PHL,PDL,US Padel Circuit,Adult (18+),60,18,false
2023 Fall,2023-09-01,ATL,PDL,US Padel Circuit,Youth (U18),3,1,false
2023 Fall,2023-09-01,ATL,PDL,US Padel Circuit,Adult (18+),63,19,false
2023 Fall,2023-09-01,MIA,PDL,US Padel Circuit,Youth (U18),45,14,false
2023 Fall,2023-09-01,MIA,PDL,US Padel Circuit,Adult (18+),852,256,false
2023 Fall,2023-09-01,PHX,PDL,US Padel Circuit,Youth (U18),3,1,false
2023 Fall,2023-09-01,PHX,PDL,US Padel Circuit,Adult (18+),49,15,false
2023 Fall,2023-09-01,BOS,PDL,US Padel Circuit,Youth (U18),2,1,false
2023 Fall,2023-09-01,BOS,PDL,US Padel Circuit,Adult (18+),43,13,false
2023 Fall,2023-09-01,SFO,PDL,US Padel Circuit,Youth (U18),2,1,false
2023 Fall,2023-09-01,SFO,PDL,US Padel Circuit,Adult (18+),40,12,false
2023 Fall,2023-09-01,SEA,PDL,US Padel Circuit,Youth (U18),2,1,false
2023 Fall,2023-09-01,SEA,PDL,US Padel Circuit,Adult (18+),39,12,false
2023 Fall,2023-09-01,MSP,PDL,US Padel Circuit,Youth (U18),2,1,false
2023 Fall,2023-09-01,MSP,PDL,US Padel Circuit,Adult (18+),34,10,false
2023 Fall,2023-09-01,SAN,PDL,US Padel Circuit,Youth (U18),6,2,false
2023 Fall,2023-09-01,SAN,PDL,US Padel Circuit,Adult (18+),118,35,false
2023 Fall,2023-09-01,TPA,PDL,US Padel Circuit,Youth (U18),2,1,false
2023 Fall,2023-09-01,TPA,PDL,US Padel Circuit,Adult (18+),33,10,false
2023 Fall,2023-09-01,DEN,PDL,US Padel Circuit,Youth (U18),2,1,false
2023 Fall,2023-09-01,DEN,PDL,US Padel Circuit,Adult (18+),29,9,false
2023 Fall,2023-09-01,ORL,PDL,US Padel Circuit,Youth (U18),1,0,false
2023 Fall,2023-09-01,ORL,PDL,US Padel Circuit,Adult (18+),28,8,false
2023 Fall,2023-09-01,POR,PDL,US Padel Circuit,Youth (U18),1,0,false
2023 Fall,2023-09-01,POR,PDL,US Padel Circuit,Adult (18+),20,6,false
2023 Fall,2023-09-01,DET,PDL,US Padel Circuit,Youth (U18),2,1,false
2023 Fall,2023-09-01,DET,PDL,US Padel Circuit,Adult (18+),39,12,false
2023 Fall,2023-09-01,NSH,PDL,US Padel Circuit,Youth (U18),5,2,false
2023 Fall,2023-09-01,NSH,PDL,US Padel Circuit,Adult (18+),96,29,false
2023 Fall,2023-09-01,AUS,PDL,US Padel Circuit,Youth (U18),16,5,false
2023 Fall,2023-09-01,AUS,PDL,US Padel Circuit,Adult (18+),301,90,false
2023 Fall,2023-09-01,RDU,PDL,US Padel Circuit,Youth (U18),1,0,false
2023 Fall,2023-09-01,RDU,PDL,US Padel Circuit,Adult (18+),17,5,false
2023 Fall,2023-09-01,CLT,PDL,US Padel Circuit,Youth (U18),1,0,false
2023 Fall,2023-09-01,CLT,PDL,US Padel Circuit,Adult (18+),26,8,false
2023 Fall,2023-09-01,SAT,PDL,US Padel Circuit,Youth (U18),1,0,false
2023 Fall,2023-09-01,SAT,PDL,US Padel Circuit,Adult (18+),23,7,false
2023 Fall,2023-09-01,LAS,PDL,US Padel Circuit,Youth (U18),1,0,false
2023 Fall,2023-09-01,LAS,PDL,US Padel Circuit,Adult (18+),22,7,false
2023 Fall,2023-09-01,CMH,PDL,US Padel Circuit,Youth (U18),1,0,false
2023 Fall,2023-09-01,CMH,PDL,US Padel Circuit,Adult (18+),22,7,false
2023 Fall,2023-09-01,MCI,PDL,US Padel Circuit,Youth (U18),1,0,false
2023 Fall,2023-09-01,MCI,PDL,US Padel Circuit,Adult (18+),20,6,false
2023 Fall,2023-09-01,SLC,PDL,US Padel Circuit,Youth (U18),1,0,false
2023 Fall,2023-09-01,SLC,PDL,US Padel Circuit,Adult (18+),13,4,false
2023 Fall,2023-09-01,JAX,PDL,US Padel Circuit,Youth (U18),1,0,false
2023 Fall,2023-09-01,JAX,PDL,US Padel Circuit,Adult (18+),16,5,false
2023 Fall,2023-09-01,BOI,PDL,US Padel Circuit,Youth (U18),0,0,false
2023 Fall,2023-09-01,BOI,PDL,US Padel Circuit,Adult (18+),8,2,false
2023 Fall,2023-09-01,NYC,LAX,US Lacrosse Club Network,Youth (U18),5118,1648,false
2023 Fall,2023-09-01,NYC,LAX,US Lacrosse Club Network,Adult (18+),2193,706,false
2023 Fall,2023-09-01,LAX,LAX,US Lacrosse Club Network,Youth (U18),1078,326,false
2023 Fall,2023-09-01,LAX,LAX,US Lacrosse Club Network,Adult (18+),462,140,false
2023 Fall,2023-09-01,CHI,LAX,US Lacrosse Club Network,Youth (U18),1176,478,false
2023 Fall,2023-09-01,CHI,LAX,US Lacrosse Club Network,Adult (18+),504,205,false
2023 Fall,2023-09-01,DFW,LAX,US Lacrosse Club Network,Youth (U18),700,222,false
2023 Fall,2023-09-01,DFW,LAX,US Lacrosse Club Network,Adult (18+),300,95,false
2023 Fall,2023-09-01,HOU,LAX,US Lacrosse Club Network,Youth (U18),724,286,false
2023 Fall,2023-09-01,HOU,LAX,US Lacrosse Club Network,Adult (18+),310,122,false
2023 Fall,2023-09-01,WAS,LAX,US Lacrosse Club Network,Youth (U18),2192,604,false
2023 Fall,2023-09-01,WAS,LAX,US Lacrosse Club Network,Adult (18+),939,259,false
2023 Fall,2023-09-01,PHL,LAX,US Lacrosse Club Network,Youth (U18),1806,724,false
2023 Fall,2023-09-01,PHL,LAX,US Lacrosse Club Network,Adult (18+),774,310,false
2023 Fall,2023-09-01,ATL,LAX,US Lacrosse Club Network,Youth (U18),1217,457,false
2023 Fall,2023-09-01,ATL,LAX,US Lacrosse Club Network,Adult (18+),522,197,false
2023 Fall,2023-09-01,MIA,LAX,US Lacrosse Club Network,Youth (U18),964,304,false
2023 Fall,2023-09-01,MIA,LAX,US Lacrosse Club Network,Adult (18+),413,130,false
2023 Fall,2023-09-01,PHX,LAX,US Lacrosse Club Network,Youth (U18),402,115,false
2023 Fall,2023-09-01,PHX,LAX,US Lacrosse Club Network,Adult (18+),172,49,false
2023 Fall,2023-09-01,BOS,LAX,US Lacrosse Club Network,Youth (U18),1516,475,false
2023 Fall,2023-09-01,BOS,LAX,US Lacrosse Club Network,Adult (18+),650,204,false
2023 Fall,2023-09-01,SFO,LAX,US Lacrosse Club Network,Youth (U18),406,150,false
2023 Fall,2023-09-01,SFO,LAX,US Lacrosse Club Network,Adult (18+),174,64,false
2023 Fall,2023-09-01,SEA,LAX,US Lacrosse Club Network,Youth (U18),336,65,false
2023 Fall,2023-09-01,SEA,LAX,US Lacrosse Club Network,Adult (18+),144,28,false
2023 Fall,2023-09-01,MSP,LAX,US Lacrosse Club Network,Youth (U18),414,125,false
2023 Fall,2023-09-01,MSP,LAX,US Lacrosse Club Network,Adult (18+),178,54,false
2023 Fall,2023-09-01,SAN,LAX,US Lacrosse Club Network,Youth (U18),319,117,false
2023 Fall,2023-09-01,SAN,LAX,US Lacrosse Club Network,Adult (18+),137,51,false
2023 Fall,2023-09-01,TPA,LAX,US Lacrosse Club Network,Youth (U18),515,185,false
2023 Fall,2023-09-01,TPA,LAX,US Lacrosse Club Network,Adult (18+),221,80,false
2023 Fall,2023-09-01,DEN,LAX,US Lacrosse Club Network,Youth (U18),662,182,false
2023 Fall,2023-09-01,DEN,LAX,US Lacrosse Club Network,Adult (18+),284,78,false
2023 Fall,2023-09-01,ORL,LAX,US Lacrosse Club Network,Youth (U18),449,169,false
2023 Fall,2023-09-01,ORL,LAX,US Lacrosse Club Network,Adult (18+),192,72,false
2023 Fall,2023-09-01,POR,LAX,US Lacrosse Club Network,Youth (U18),217,78,false
2023 Fall,2023-09-01,POR,LAX,US Lacrosse Club Network,Adult (18+),93,33,false
2023 Fall,2023-09-01,DET,LAX,US Lacrosse Club Network,Youth (U18),475,155,false
2023 Fall,2023-09-01,DET,LAX,US Lacrosse Club Network,Adult (18+),204,66,false
2023 Fall,2023-09-01,NSH,LAX,US Lacrosse Club Network,Youth (U18),599,217,false
2023 Fall,2023-09-01,NSH,LAX,US Lacrosse Club Network,Adult (18+),257,94,false
2023 Fall,2023-09-01,AUS,LAX,US Lacrosse Club Network,Youth (U18),257,95,false
2023 Fall,2023-09-01,AUS,LAX,US Lacrosse Club Network,Adult (18+),110,41,false
2023 Fall,2023-09-01,RDU,LAX,US Lacrosse Club Network,Youth (U18),481,153,false
2023 Fall,2023-09-01,RDU,LAX,US Lacrosse Club Network,Adult (18+),206,65,false
2023 Fall,2023-09-01,CLT,LAX,US Lacrosse Club Network,Youth (U18),587,217,false
2023 Fall,2023-09-01,CLT,LAX,US Lacrosse Club Network,Adult (18+),252,94,false
2023 Fall,2023-09-01,SAT,LAX,US Lacrosse Club Network,Youth (U18),221,61,false
2023 Fall,2023-09-01,SAT,LAX,US Lacrosse Club Network,Adult (18+),95,27,false
2023 Fall,2023-09-01,LAS,LAX,US Lacrosse Club Network,Youth (U18),177,61,false
2023 Fall,2023-09-01,LAS,LAX,US Lacrosse Club Network,Adult (18+),76,26,false
2023 Fall,2023-09-01,CMH,LAX,US Lacrosse Club Network,Youth (U18),271,82,false
2023 Fall,2023-09-01,CMH,LAX,US Lacrosse Club Network,Adult (18+),116,35,false
2023 Fall,2023-09-01,MCI,LAX,US Lacrosse Club Network,Youth (U18),243,64,false
2023 Fall,2023-09-01,MCI,LAX,US Lacrosse Club Network,Adult (18+),104,27,false
2023 Fall,2023-09-01,SLC,LAX,US Lacrosse Club Network,Youth (U18),270,111,false
2023 Fall,2023-09-01,SLC,LAX,US Lacrosse Club Network,Adult (18+),116,48,false
2023 Fall,2023-09-01,JAX,LAX,US Lacrosse Club Network,Youth (U18),256,89,false
2023 Fall,2023-09-01,JAX,LAX,US Lacrosse Club Network,Adult (18+),110,39,false
2023 Fall,2023-09-01,BOI,LAX,US Lacrosse Club Network,Youth (U18),166,58,false
2023 Fall,2023-09-01,BOI,LAX,US Lacrosse Club Network,Adult (18+),71,25,false
2023 Fall,2023-09-01,NYC,HKY,Amateur Hockey Federation,Youth (U18),17356,5733,false
2023 Fall,2023-09-01,NYC,HKY,Amateur Hockey Federation,Adult (18+),11571,3822,false
2023 Fall,2023-09-01,LAX,HKY,Amateur Hockey Federation,Youth (U18),4993,1283,false
2023 Fall,2023-09-01,LAX,HKY,Amateur Hockey Federation,Adult (18+),3328,855,false
2023 Fall,2023-09-01,CHI,HKY,Amateur Hockey Federation,Youth (U18),7899,1576,false
2023 Fall,2023-09-01,CHI,HKY,Amateur Hockey Federation,Adult (18+),5266,1050,false
2023 Fall,2023-09-01,DFW,HKY,Amateur Hockey Federation,Youth (U18),1892,496,false
2023 Fall,2023-09-01,DFW,HKY,Amateur Hockey Federation,Adult (18+),1262,331,false
2023 Fall,2023-09-01,HOU,HKY,Amateur Hockey Federation,Youth (U18),1829,404,false
2023 Fall,2023-09-01,HOU,HKY,Amateur Hockey Federation,Adult (18+),1219,269,false
2023 Fall,2023-09-01,WAS,HKY,Amateur Hockey Federation,Youth (U18),5325,1320,false
2023 Fall,2023-09-01,WAS,HKY,Amateur Hockey Federation,Adult (18+),3550,880,false
2023 Fall,2023-09-01,PHL,HKY,Amateur Hockey Federation,Youth (U18),5682,1559,false
2023 Fall,2023-09-01,PHL,HKY,Amateur Hockey Federation,Adult (18+),3788,1040,false
2023 Fall,2023-09-01,ATL,HKY,Amateur Hockey Federation,Youth (U18),1324,402,false
2023 Fall,2023-09-01,ATL,HKY,Amateur Hockey Federation,Adult (18+),882,267,false
2023 Fall,2023-09-01,MIA,HKY,Amateur Hockey Federation,Youth (U18),1102,178,false
2023 Fall,2023-09-01,MIA,HKY,Amateur Hockey Federation,Adult (18+),735,119,false
2023 Fall,2023-09-01,PHX,HKY,Amateur Hockey Federation,Youth (U18),1258,337,false
2023 Fall,2023-09-01,PHX,HKY,Amateur Hockey Federation,Adult (18+),839,225,false
2023 Fall,2023-09-01,BOS,HKY,Amateur Hockey Federation,Youth (U18),5778,1855,false
2023 Fall,2023-09-01,BOS,HKY,Amateur Hockey Federation,Adult (18+),3852,1236,false
2023 Fall,2023-09-01,SFO,HKY,Amateur Hockey Federation,Youth (U18),1855,557,false
2023 Fall,2023-09-01,SFO,HKY,Amateur Hockey Federation,Adult (18+),1237,372,false
2023 Fall,2023-09-01,SEA,HKY,Amateur Hockey Federation,Youth (U18),1665,435,false
2023 Fall,2023-09-01,SEA,HKY,Amateur Hockey Federation,Adult (18+),1110,290,false
2023 Fall,2023-09-01,MSP,HKY,Amateur Hockey Federation,Youth (U18),6184,2134,false
2023 Fall,2023-09-01,MSP,HKY,Amateur Hockey Federation,Adult (18+),4122,1422,false
2023 Fall,2023-09-01,SAN,HKY,Amateur Hockey Federation,Youth (U18),1288,433,false
2023 Fall,2023-09-01,SAN,HKY,Amateur Hockey Federation,Adult (18+),859,289,false
2023 Fall,2023-09-01,TPA,HKY,Amateur Hockey Federation,Youth (U18),695,200,false
2023 Fall,2023-09-01,TPA,HKY,Amateur Hockey Federation,Adult (18+),463,133,false
2023 Fall,2023-09-01,DEN,HKY,Amateur Hockey Federation,Youth (U18),1684,475,false
2023 Fall,2023-09-01,DEN,HKY,Amateur Hockey Federation,Adult (18+),1122,316,false
2023 Fall,2023-09-01,ORL,HKY,Amateur Hockey Federation,Youth (U18),576,174,false
2023 Fall,2023-09-01,ORL,HKY,Amateur Hockey Federation,Adult (18+),384,116,false
2023 Fall,2023-09-01,POR,HKY,Amateur Hockey Federation,Youth (U18),986,277,false
2023 Fall,2023-09-01,POR,HKY,Amateur Hockey Federation,Adult (18+),657,184,false
2023 Fall,2023-09-01,DET,HKY,Amateur Hockey Federation,Youth (U18),5383,1679,false
2023 Fall,2023-09-01,DET,HKY,Amateur Hockey Federation,Adult (18+),3588,1118,false
2023 Fall,2023-09-01,NSH,HKY,Amateur Hockey Federation,Youth (U18),472,147,false
2023 Fall,2023-09-01,NSH,HKY,Amateur Hockey Federation,Adult (18+),315,98,false
2023 Fall,2023-09-01,AUS,HKY,Amateur Hockey Federation,Youth (U18),685,205,false
2023 Fall,2023-09-01,AUS,HKY,Amateur Hockey Federation,Adult (18+),457,137,false
2023 Fall,2023-09-01,RDU,HKY,Amateur Hockey Federation,Youth (U18),343,110,false
2023 Fall,2023-09-01,RDU,HKY,Amateur Hockey Federation,Adult (18+),229,73,false
2023 Fall,2023-09-01,CLT,HKY,Amateur Hockey Federation,Youth (U18),557,129,false
2023 Fall,2023-09-01,CLT,HKY,Amateur Hockey Federation,Adult (18+),372,87,false
2023 Fall,2023-09-01,SAT,HKY,Amateur Hockey Federation,Youth (U18),648,184,false
2023 Fall,2023-09-01,SAT,HKY,Amateur Hockey Federation,Adult (18+),432,123,false
2023 Fall,2023-09-01,LAS,HKY,Amateur Hockey Federation,Youth (U18),603,187,false
2023 Fall,2023-09-01,LAS,HKY,Amateur Hockey Federation,Adult (18+),402,125,false
2023 Fall,2023-09-01,CMH,HKY,Amateur Hockey Federation,Youth (U18),2130,600,false
2023 Fall,2023-09-01,CMH,HKY,Amateur Hockey Federation,Adult (18+),1420,400,false
2023 Fall,2023-09-01,MCI,HKY,Amateur Hockey Federation,Youth (U18),2027,542,false
2023 Fall,2023-09-01,MCI,HKY,Amateur Hockey Federation,Adult (18+),1352,362,false
2023 Fall,2023-09-01,SLC,HKY,Amateur Hockey Federation,Youth (U18),820,338,false
2023 Fall,2023-09-01,SLC,HKY,Amateur Hockey Federation,Adult (18+),546,225,false
2023 Fall,2023-09-01,JAX,HKY,Amateur Hockey Federation,Youth (U18),362,127,false
2023 Fall,2023-09-01,JAX,HKY,Amateur Hockey Federation,Adult (18+),242,85,false
2023 Fall,2023-09-01,BOI,HKY,Amateur Hockey Federation,Youth (U18),510,176,false
2023 Fall,2023-09-01,BOI,HKY,Amateur Hockey Federation,Adult (18+),340,118,false
2023 Fall,2023-09-01,NYC,VOL,National Volleyball Clubs Association,Youth (U18),30244,8063,false
2023 Fall,2023-09-01,NYC,VOL,National Volleyball Clubs Association,Adult (18+),24745,6597,false
2023 Fall,2023-09-01,LAX,VOL,National Volleyball Clubs Association,Youth (U18),23479,9697,false
2023 Fall,2023-09-01,LAX,VOL,National Volleyball Clubs Association,Adult (18+),19210,7933,false
2023 Fall,2023-09-01,CHI,VOL,National Volleyball Clubs Association,Youth (U18),17126,3712,false
2023 Fall,2023-09-01,CHI,VOL,National Volleyball Clubs Association,Adult (18+),14012,3036,false
2023 Fall,2023-09-01,DFW,VOL,National Volleyball Clubs Association,Youth (U18),17167,6867,false
2023 Fall,2023-09-01,DFW,VOL,National Volleyball Clubs Association,Adult (18+),14046,5618,false
2023 Fall,2023-09-01,HOU,VOL,National Volleyball Clubs Association,Youth (U18),15105,5714,false
2023 Fall,2023-09-01,HOU,VOL,National Volleyball Clubs Association,Adult (18+),12358,4675,false
2023 Fall,2023-09-01,WAS,VOL,National Volleyball Clubs Association,Youth (U18),9615,2835,false
2023 Fall,2023-09-01,WAS,VOL,National Volleyball Clubs Association,Adult (18+),7867,2319,false
2023 Fall,2023-09-01,PHL,VOL,National Volleyball Clubs Association,Youth (U18),9952,2887,false
2023 Fall,2023-09-01,PHL,VOL,National Volleyball Clubs Association,Adult (18+),8143,2362,false
2023 Fall,2023-09-01,ATL,VOL,National Volleyball Clubs Association,Youth (U18),9860,3045,false
2023 Fall,2023-09-01,ATL,VOL,National Volleyball Clubs Association,Adult (18+),8068,2492,false
2023 Fall,2023-09-01,MIA,VOL,National Volleyball Clubs Association,Youth (U18),10044,3664,false
2023 Fall,2023-09-01,MIA,VOL,National Volleyball Clubs Association,Adult (18+),8218,2998,false
2023 Fall,2023-09-01,PHX,VOL,National Volleyball Clubs Association,Youth (U18),7849,2263,false
2023 Fall,2023-09-01,PHX,VOL,National Volleyball Clubs Association,Adult (18+),6422,1851,false
2023 Fall,2023-09-01,BOS,VOL,National Volleyball Clubs Association,Youth (U18),8262,3067,false
2023 Fall,2023-09-01,BOS,VOL,National Volleyball Clubs Association,Adult (18+),6760,2510,false
2023 Fall,2023-09-01,SFO,VOL,National Volleyball Clubs Association,Youth (U18),7977,3183,false
2023 Fall,2023-09-01,SFO,VOL,National Volleyball Clubs Association,Adult (18+),6527,2604,false
2023 Fall,2023-09-01,SEA,VOL,National Volleyball Clubs Association,Youth (U18),7079,2633,false
2023 Fall,2023-09-01,SEA,VOL,National Volleyball Clubs Association,Adult (18+),5792,2154,false
2023 Fall,2023-09-01,MSP,VOL,National Volleyball Clubs Association,Youth (U18),7606,2947,false
2023 Fall,2023-09-01,MSP,VOL,National Volleyball Clubs Association,Adult (18+),6223,2411,false
2023 Fall,2023-09-01,SAN,VOL,National Volleyball Clubs Association,Youth (U18),5686,1822,false
2023 Fall,2023-09-01,SAN,VOL,National Volleyball Clubs Association,Adult (18+),4652,1490,false
2023 Fall,2023-09-01,TPA,VOL,National Volleyball Clubs Association,Youth (U18),5202,1773,false
2023 Fall,2023-09-01,TPA,VOL,National Volleyball Clubs Association,Adult (18+),4257,1452,false
2023 Fall,2023-09-01,DEN,VOL,National Volleyball Clubs Association,Youth (U18),4990,1643,false
2023 Fall,2023-09-01,DEN,VOL,National Volleyball Clubs Association,Adult (18+),4083,1345,false
2023 Fall,2023-09-01,ORL,VOL,National Volleyball Clubs Association,Youth (U18),4363,1639,false
2023 Fall,2023-09-01,ORL,VOL,National Volleyball Clubs Association,Adult (18+),3570,1342,false
2023 Fall,2023-09-01,POR,VOL,National Volleyball Clubs Association,Youth (U18),4250,1397,false
2023 Fall,2023-09-01,POR,VOL,National Volleyball Clubs Association,Adult (18+),3477,1143,false
2023 Fall,2023-09-01,DET,VOL,National Volleyball Clubs Association,Youth (U18),8603,3353,false
2023 Fall,2023-09-01,DET,VOL,National Volleyball Clubs Association,Adult (18+),7038,2742,false
2023 Fall,2023-09-01,NSH,VOL,National Volleyball Clubs Association,Youth (U18),3779,1293,false
2023 Fall,2023-09-01,NSH,VOL,National Volleyball Clubs Association,Adult (18+),3092,1058,false
2023 Fall,2023-09-01,AUS,VOL,National Volleyball Clubs Association,Youth (U18),5523,2196,false
2023 Fall,2023-09-01,AUS,VOL,National Volleyball Clubs Association,Adult (18+),4519,1797,false
2023 Fall,2023-09-01,RDU,VOL,National Volleyball Clubs Association,Youth (U18),2909,1349,false
2023 Fall,2023-09-01,RDU,VOL,National Volleyball Clubs Association,Adult (18+),2380,1104,false
2023 Fall,2023-09-01,CLT,VOL,National Volleyball Clubs Association,Youth (U18),4463,1535,false
2023 Fall,2023-09-01,CLT,VOL,National Volleyball Clubs Association,Adult (18+),3652,1257,false
2023 Fall,2023-09-01,SAT,VOL,National Volleyball Clubs Association,Youth (U18),5180,1666,false
2023 Fall,2023-09-01,SAT,VOL,National Volleyball Clubs Association,Adult (18+),4238,1362,false
2023 Fall,2023-09-01,LAS,VOL,National Volleyball Clubs Association,Youth (U18),3678,1425,false
2023 Fall,2023-09-01,LAS,VOL,National Volleyball Clubs Association,Adult (18+),3009,1166,false
2023 Fall,2023-09-01,CMH,VOL,National Volleyball Clubs Association,Youth (U18),3797,1133,false
2023 Fall,2023-09-01,CMH,VOL,National Volleyball Clubs Association,Adult (18+),3106,927,false
2023 Fall,2023-09-01,MCI,VOL,National Volleyball Clubs Association,Youth (U18),4188,1479,false
2023 Fall,2023-09-01,MCI,VOL,National Volleyball Clubs Association,Adult (18+),3427,1211,false
2023 Fall,2023-09-01,SLC,VOL,National Volleyball Clubs Association,Youth (U18),2199,822,false
2023 Fall,2023-09-01,SLC,VOL,National Volleyball Clubs Association,Adult (18+),1799,672,false
2023 Fall,2023-09-01,JAX,VOL,National Volleyball Clubs Association,Youth (U18),2780,1029,false
2023 Fall,2023-09-01,JAX,VOL,National Volleyball Clubs Association,Adult (18+),2275,842,false
2023 Fall,2023-09-01,BOI,VOL,National Volleyball Clubs Association,Youth (U18),1354,464,false
2023 Fall,2023-09-01,BOI,VOL,National Volleyball Clubs Association,Adult (18+),1108,380,false
2024 Spring,2024-03-01,NYC,SOC,National Youth & Adult Soccer Alliance,Youth (U18),42380,15186,false
2024 Spring,2024-03-01,NYC,SOC,National Youth & Adult Soccer Alliance,Adult (18+),14127,5062,false
2024 Spring,2024-03-01,LAX,SOC,National Youth & Adult Soccer Alliance,Youth (U18),27064,7453,false
2024 Spring,2024-03-01,LAX,SOC,National Youth & Adult Soccer Alliance,Adult (18+),9021,2484,false
2024 Spring,2024-03-01,CHI,SOC,National Youth & Adult Soccer Alliance,Youth (U18),19709,6887,false
2024 Spring,2024-03-01,CHI,SOC,National Youth & Adult Soccer Alliance,Adult (18+),6570,2296,false
2024 Spring,2024-03-01,DFW,SOC,National Youth & Adult Soccer Alliance,Youth (U18),16843,4141,false
2024 Spring,2024-03-01,DFW,SOC,National Youth & Adult Soccer Alliance,Adult (18+),5614,1380,false
2024 Spring,2024-03-01,HOU,SOC,National Youth & Adult Soccer Alliance,Youth (U18),15551,3377,false
2024 Spring,2024-03-01,HOU,SOC,National Youth & Adult Soccer Alliance,Adult (18+),5184,1126,false
2024 Spring,2024-03-01,WAS,SOC,National Youth & Adult Soccer Alliance,Youth (U18),14371,4521,false
2024 Spring,2024-03-01,WAS,SOC,National Youth & Adult Soccer Alliance,Adult (18+),4790,1507,false
2024 Spring,2024-03-01,PHL,SOC,National Youth & Adult Soccer Alliance,Youth (U18),13824,4165,false
2024 Spring,2024-03-01,PHL,SOC,National Youth & Adult Soccer Alliance,Adult (18+),4608,1388,false
2024 Spring,2024-03-01,ATL,SOC,National Youth & Adult Soccer Alliance,Youth (U18),14164,4854,false
2024 Spring,2024-03-01,ATL,SOC,National Youth & Adult Soccer Alliance,Adult (18+),4721,1618,false
2024 Spring,2024-03-01,MIA,SOC,National Youth & Adult Soccer Alliance,Youth (U18),13403,3795,false
2024 Spring,2024-03-01,MIA,SOC,National Youth & Adult Soccer Alliance,Adult (18+),4468,1265,false
2024 Spring,2024-03-01,PHX,SOC,National Youth & Adult Soccer Alliance,Youth (U18),11318,3721,false
2024 Spring,2024-03-01,PHX,SOC,National Youth & Adult Soccer Alliance,Adult (18+),3773,1241,false
2024 Spring,2024-03-01,BOS,SOC,National Youth & Adult Soccer Alliance,Youth (U18),9896,3219,false
2024 Spring,2024-03-01,BOS,SOC,National Youth & Adult Soccer Alliance,Adult (18+),3299,1073,false
2024 Spring,2024-03-01,SFO,SOC,National Youth & Adult Soccer Alliance,Youth (U18),10254,3156,false
2024 Spring,2024-03-01,SFO,SOC,National Youth & Adult Soccer Alliance,Adult (18+),3418,1052,false
2024 Spring,2024-03-01,SEA,SOC,National Youth & Adult Soccer Alliance,Youth (U18),9172,2899,false
2024 Spring,2024-03-01,SEA,SOC,National Youth & Adult Soccer Alliance,Adult (18+),3057,966,false
2024 Spring,2024-03-01,MSP,SOC,National Youth & Adult Soccer Alliance,Youth (U18),7688,2425,false
2024 Spring,2024-03-01,MSP,SOC,National Youth & Adult Soccer Alliance,Adult (18+),2563,808,false
2024 Spring,2024-03-01,SAN,SOC,National Youth & Adult Soccer Alliance,Youth (U18),7666,2805,false
2024 Spring,2024-03-01,SAN,SOC,National Youth & Adult Soccer Alliance,Adult (18+),2555,935,false
2024 Spring,2024-03-01,TPA,SOC,National Youth & Adult Soccer Alliance,Youth (U18),7171,1716,false
2024 Spring,2024-03-01,TPA,SOC,National Youth & Adult Soccer Alliance,Adult (18+),2390,571,false
2024 Spring,2024-03-01,DEN,SOC,National Youth & Adult Soccer Alliance,Youth (U18),6708,2087,false
2024 Spring,2024-03-01,DEN,SOC,National Youth & Adult Soccer Alliance,Adult (18+),2236,696,false
2024 Spring,2024-03-01,ORL,SOC,National Youth & Adult Soccer Alliance,Youth (U18),6135,1625,false
2024 Spring,2024-03-01,ORL,SOC,National Youth & Adult Soccer Alliance,Adult (18+),2045,542,false
2024 Spring,2024-03-01,POR,SOC,National Youth & Adult Soccer Alliance,Youth (U18),5363,1465,false
2024 Spring,2024-03-01,POR,SOC,National Youth & Adult Soccer Alliance,Adult (18+),1788,488,false
2024 Spring,2024-03-01,DET,SOC,National Youth & Adult Soccer Alliance,Youth (U18),9664,3733,false
2024 Spring,2024-03-01,DET,SOC,National Youth & Adult Soccer Alliance,Adult (18+),3221,1244,false
2024 Spring,2024-03-01,NSH,SOC,National Youth & Adult Soccer Alliance,Youth (U18),6059,2413,false
2024 Spring,2024-03-01,NSH,SOC,National Youth & Adult Soccer Alliance,Adult (18+),2020,805,false
2024 Spring,2024-03-01,AUS,SOC,National Youth & Adult Soccer Alliance,Youth (U18),6016,1881,false
2024 Spring,2024-03-01,AUS,SOC,National Youth & Adult Soccer Alliance,Adult (18+),2005,627,false
2024 Spring,2024-03-01,RDU,SOC,National Youth & Adult Soccer Alliance,Youth (U18),4073,1261,false
2024 Spring,2024-03-01,RDU,SOC,National Youth & Adult Soccer Alliance,Adult (18+),1358,421,false
2024 Spring,2024-03-01,CLT,SOC,National Youth & Adult Soccer Alliance,Youth (U18),6509,2501,false
2024 Spring,2024-03-01,CLT,SOC,National Youth & Adult Soccer Alliance,Adult (18+),2170,834,false
2024 Spring,2024-03-01,SAT,SOC,National Youth & Adult Soccer Alliance,Youth (U18),6237,2294,false
2024 Spring,2024-03-01,SAT,SOC,National Youth & Adult Soccer Alliance,Adult (18+),2079,765,false
2024 Spring,2024-03-01,LAS,SOC,National Youth & Adult Soccer Alliance,Youth (U18),4804,1343,false
2024 Spring,2024-03-01,LAS,SOC,National Youth & Adult Soccer Alliance,Adult (18+),1601,448,false
2024 Spring,2024-03-01,CMH,SOC,National Youth & Adult Soccer Alliance,Youth (U18),5279,1336,false
2024 Spring,2024-03-01,CMH,SOC,National Youth & Adult Soccer Alliance,Adult (18+),1760,445,false
2024 Spring,2024-03-01,MCI,SOC,National Youth & Adult Soccer Alliance,Youth (U18),5474,1911,false
2024 Spring,2024-03-01,MCI,SOC,National Youth & Adult Soccer Alliance,Adult (18+),1825,637,false
2024 Spring,2024-03-01,SLC,SOC,National Youth & Adult Soccer Alliance,Youth (U18),2864,867,false
2024 Spring,2024-03-01,SLC,SOC,National Youth & Adult Soccer Alliance,Adult (18+),955,290,false
2024 Spring,2024-03-01,JAX,SOC,National Youth & Adult Soccer Alliance,Youth (U18),4005,1164,false
2024 Spring,2024-03-01,JAX,SOC,National Youth & Adult Soccer Alliance,Adult (18+),1335,388,false
2024 Spring,2024-03-01,BOI,SOC,National Youth & Adult Soccer Alliance,Youth (U18),1761,610,false
2024 Spring,2024-03-01,BOI,SOC,National Youth & Adult Soccer Alliance,Adult (18+),587,203,false
2024 Spring,2024-03-01,NYC,BSK,Hoops America Rec Network,Youth (U18),25774,8790,false
2024 Spring,2024-03-01,NYC,BSK,Hoops America Rec Network,Adult (18+),17183,5860,false
2024 Spring,2024-03-01,LAX,BSK,Hoops America Rec Network,Youth (U18),17056,4173,false
2024 Spring,2024-03-01,LAX,BSK,Hoops America Rec Network,Adult (18+),11370,2781,false
2024 Spring,2024-03-01,CHI,BSK,Hoops America Rec Network,Youth (U18),11278,1780,false
2024 Spring,2024-03-01,CHI,BSK,Hoops America Rec Network,Adult (18+),7518,1186,false
2024 Spring,2024-03-01,DFW,BSK,Hoops America Rec Network,Youth (U18),10880,3553,false
2024 Spring,2024-03-01,DFW,BSK,Hoops America Rec Network,Adult (18+),7253,2369,false
2024 Spring,2024-03-01,HOU,BSK,Hoops America Rec Network,Youth (U18),9031,1635,false
2024 Spring,2024-03-01,HOU,BSK,Hoops America Rec Network,Adult (18+),6021,1090,false
2024 Spring,2024-03-01,WAS,BSK,Hoops America Rec Network,Youth (U18),7926,1833,false
2024 Spring,2024-03-01,WAS,BSK,Hoops America Rec Network,Adult (18+),5284,1222,false
2024 Spring,2024-03-01,PHL,BSK,Hoops America Rec Network,Youth (U18),7641,1403,false
2024 Spring,2024-03-01,PHL,BSK,Hoops America Rec Network,Adult (18+),5094,935,false
2024 Spring,2024-03-01,ATL,BSK,Hoops America Rec Network,Youth (U18),8269,2274,false
2024 Spring,2024-03-01,ATL,BSK,Hoops America Rec Network,Adult (18+),5512,1515,false
2024 Spring,2024-03-01,MIA,BSK,Hoops America Rec Network,Youth (U18),8313,2420,false
2024 Spring,2024-03-01,MIA,BSK,Hoops America Rec Network,Adult (18+),5542,1613,false
2024 Spring,2024-03-01,PHX,BSK,Hoops America Rec Network,Youth (U18),6458,1504,false
2024 Spring,2024-03-01,PHX,BSK,Hoops America Rec Network,Adult (18+),4305,1002,false
2024 Spring,2024-03-01,BOS,BSK,Hoops America Rec Network,Youth (U18),6310,2037,false
2024 Spring,2024-03-01,BOS,BSK,Hoops America Rec Network,Adult (18+),4206,1357,false
2024 Spring,2024-03-01,SFO,BSK,Hoops America Rec Network,Youth (U18),5931,2025,false
2024 Spring,2024-03-01,SFO,BSK,Hoops America Rec Network,Adult (18+),3954,1350,false
2024 Spring,2024-03-01,SEA,BSK,Hoops America Rec Network,Youth (U18),4932,924,false
2024 Spring,2024-03-01,SEA,BSK,Hoops America Rec Network,Adult (18+),3288,616,false
2024 Spring,2024-03-01,MSP,BSK,Hoops America Rec Network,Youth (U18),4450,1324,false
2024 Spring,2024-03-01,MSP,BSK,Hoops America Rec Network,Adult (18+),2967,883,false
2024 Spring,2024-03-01,SAN,BSK,Hoops America Rec Network,Youth (U18),4386,1471,false
2024 Spring,2024-03-01,SAN,BSK,Hoops America Rec Network,Adult (18+),2924,981,false
2024 Spring,2024-03-01,TPA,BSK,Hoops America Rec Network,Youth (U18),4239,1122,false
2024 Spring,2024-03-01,TPA,BSK,Hoops America Rec Network,Adult (18+),2826,748,false
2024 Spring,2024-03-01,DEN,BSK,Hoops America Rec Network,Youth (U18),3733,988,false
2024 Spring,2024-03-01,DEN,BSK,Hoops America Rec Network,Adult (18+),2489,659,false
2024 Spring,2024-03-01,ORL,BSK,Hoops America Rec Network,Youth (U18),3502,850,false
2024 Spring,2024-03-01,ORL,BSK,Hoops America Rec Network,Adult (18+),2334,566,false
2024 Spring,2024-03-01,POR,BSK,Hoops America Rec Network,Youth (U18),3289,964,false
2024 Spring,2024-03-01,POR,BSK,Hoops America Rec Network,Adult (18+),2192,642,false
2024 Spring,2024-03-01,DET,BSK,Hoops America Rec Network,Youth (U18),5669,1398,false
2024 Spring,2024-03-01,DET,BSK,Hoops America Rec Network,Adult (18+),3779,932,false
2024 Spring,2024-03-01,NSH,BSK,Hoops America Rec Network,Youth (U18),3291,992,false
2024 Spring,2024-03-01,NSH,BSK,Hoops America Rec Network,Adult (18+),2194,661,false
2024 Spring,2024-03-01,AUS,BSK,Hoops America Rec Network,Youth (U18),4026,1299,false
2024 Spring,2024-03-01,AUS,BSK,Hoops America Rec Network,Adult (18+),2684,866,false
2024 Spring,2024-03-01,RDU,BSK,Hoops America Rec Network,Youth (U18),2270,719,false
2024 Spring,2024-03-01,RDU,BSK,Hoops America Rec Network,Adult (18+),1513,479,false
2024 Spring,2024-03-01,CLT,BSK,Hoops America Rec Network,Youth (U18),3869,1186,false
2024 Spring,2024-03-01,CLT,BSK,Hoops America Rec Network,Adult (18+),2579,790,false
2024 Spring,2024-03-01,SAT,BSK,Hoops America Rec Network,Youth (U18),3486,911,false
2024 Spring,2024-03-01,SAT,BSK,Hoops America Rec Network,Adult (18+),2324,608,false
2024 Spring,2024-03-01,LAS,BSK,Hoops America Rec Network,Youth (U18),3033,1012,false
2024 Spring,2024-03-01,LAS,BSK,Hoops America Rec Network,Adult (18+),2022,675,false
2024 Spring,2024-03-01,CMH,BSK,Hoops America Rec Network,Youth (U18),2889,746,false
2024 Spring,2024-03-01,CMH,BSK,Hoops America Rec Network,Adult (18+),1926,497,false
2024 Spring,2024-03-01,MCI,BSK,Hoops America Rec Network,Youth (U18),3045,1022,false
2024 Spring,2024-03-01,MCI,BSK,Hoops America Rec Network,Adult (18+),2030,681,false
2024 Spring,2024-03-01,SLC,BSK,Hoops America Rec Network,Youth (U18),1770,461,false
2024 Spring,2024-03-01,SLC,BSK,Hoops America Rec Network,Adult (18+),1180,307,false
2024 Spring,2024-03-01,JAX,BSK,Hoops America Rec Network,Youth (U18),2439,781,false
2024 Spring,2024-03-01,JAX,BSK,Hoops America Rec Network,Adult (18+),1626,521,false
2024 Spring,2024-03-01,BOI,BSK,Hoops America Rec Network,Youth (U18),1121,356,false
2024 Spring,2024-03-01,BOI,BSK,Hoops America Rec Network,Adult (18+),748,238,false
2024 Spring,2024-03-01,NYC,BSB,Diamond Youth Baseball Federation,Youth (U18),57403,18554,false
2024 Spring,2024-03-01,NYC,BSB,Diamond Youth Baseball Federation,Adult (18+),24601,7952,false
2024 Spring,2024-03-01,LAX,BSB,Diamond Youth Baseball Federation,Youth (U18),37249,11214,false
2024 Spring,2024-03-01,LAX,BSB,Diamond Youth Baseball Federation,Adult (18+),15964,4806,false
2024 Spring,2024-03-01,CHI,BSB,Diamond Youth Baseball Federation,Youth (U18),24483,5619,false
2024 Spring,2024-03-01,CHI,BSB,Diamond Youth Baseball Federation,Adult (18+),10493,2409,false
2024 Spring,2024-03-01,DFW,BSB,Diamond Youth Baseball Federation,Youth (U18),33155,10457,false
2024 Spring,2024-03-01,DFW,BSB,Diamond Youth Baseball Federation,Adult (18+),14209,4481,false
2024 Spring,2024-03-01,HOU,BSB,Diamond Youth Baseball Federation,Youth (U18),29103,11011,false
2024 Spring,2024-03-01,HOU,BSB,Diamond Youth Baseball Federation,Adult (18+),12473,4719,false
2024 Spring,2024-03-01,WAS,BSB,Diamond Youth Baseball Federation,Youth (U18),17905,5049,false
2024 Spring,2024-03-01,WAS,BSB,Diamond Youth Baseball Federation,Adult (18+),7674,2165,false
2024 Spring,2024-03-01,PHL,BSB,Diamond Youth Baseball Federation,Youth (U18),17318,4341,false
2024 Spring,2024-03-01,PHL,BSB,Diamond Youth Baseball Federation,Adult (18+),7422,1861,false
2024 Spring,2024-03-01,ATL,BSB,Diamond Youth Baseball Federation,Youth (U18),24290,7484,false
2024 Spring,2024-03-01,ATL,BSB,Diamond Youth Baseball Federation,Adult (18+),10410,3208,false
2024 Spring,2024-03-01,MIA,BSB,Diamond Youth Baseball Federation,Youth (U18),22681,6467,false
2024 Spring,2024-03-01,MIA,BSB,Diamond Youth Baseball Federation,Adult (18+),9721,2772,false
2024 Spring,2024-03-01,PHX,BSB,Diamond Youth Baseball Federation,Youth (U18),17388,3741,false
2024 Spring,2024-03-01,PHX,BSB,Diamond Youth Baseball Federation,Adult (18+),7452,1603,false
2024 Spring,2024-03-01,BOS,BSB,Diamond Youth Baseball Federation,Youth (U18),15176,4937,false
2024 Spring,2024-03-01,BOS,BSB,Diamond Youth Baseball Federation,Adult (18+),6504,2116,false
2024 Spring,2024-03-01,SFO,BSB,Diamond Youth Baseball Federation,Youth (U18),13276,4207,false
2024 Spring,2024-03-01,SFO,BSB,Diamond Youth Baseball Federation,Adult (18+),5690,1803,false
2024 Spring,2024-03-01,SEA,BSB,Diamond Youth Baseball Federation,Youth (U18),11460,2650,false
2024 Spring,2024-03-01,SEA,BSB,Diamond Youth Baseball Federation,Adult (18+),4912,1136,false
2024 Spring,2024-03-01,MSP,BSB,Diamond Youth Baseball Federation,Youth (U18),10758,3305,false
2024 Spring,2024-03-01,MSP,BSB,Diamond Youth Baseball Federation,Adult (18+),4611,1416,false
2024 Spring,2024-03-01,SAN,BSB,Diamond Youth Baseball Federation,Youth (U18),9647,2909,false
2024 Spring,2024-03-01,SAN,BSB,Diamond Youth Baseball Federation,Adult (18+),4134,1246,false
2024 Spring,2024-03-01,TPA,BSB,Diamond Youth Baseball Federation,Youth (U18),10975,1599,false
2024 Spring,2024-03-01,TPA,BSB,Diamond Youth Baseball Federation,Adult (18+),4704,686,false
2024 Spring,2024-03-01,DEN,BSB,Diamond Youth Baseball Federation,Youth (U18),8937,2993,false
2024 Spring,2024-03-01,DEN,BSB,Diamond Youth Baseball Federation,Adult (18+),3830,1283,false
2024 Spring,2024-03-01,ORL,BSB,Diamond Youth Baseball Federation,Youth (U18),11548,3832,false
2024 Spring,2024-03-01,ORL,BSB,Diamond Youth Baseball Federation,Adult (18+),4949,1642,false
2024 Spring,2024-03-01,POR,BSB,Diamond Youth Baseball Federation,Youth (U18),7135,2325,false
2024 Spring,2024-03-01,POR,BSB,Diamond Youth Baseball Federation,Adult (18+),3058,997,false
2024 Spring,2024-03-01,DET,BSB,Diamond Youth Baseball Federation,Youth (U18),11598,2887,false
2024 Spring,2024-03-01,DET,BSB,Diamond Youth Baseball Federation,Adult (18+),4970,1237,false
2024 Spring,2024-03-01,NSH,BSB,Diamond Youth Baseball Federation,Youth (U18),9321,2472,false
2024 Spring,2024-03-01,NSH,BSB,Diamond Youth Baseball Federation,Adult (18+),3995,1060,false
2024 Spring,2024-03-01,AUS,BSB,Diamond Youth Baseball Federation,Youth (U18),11163,4072,false
2024 Spring,2024-03-01,AUS,BSB,Diamond Youth Baseball Federation,Adult (18+),4784,1746,false
2024 Spring,2024-03-01,RDU,BSB,Diamond Youth Baseball Federation,Youth (U18),6784,2306,false
2024 Spring,2024-03-01,RDU,BSB,Diamond Youth Baseball Federation,Adult (18+),2908,989,false
2024 Spring,2024-03-01,CLT,BSB,Diamond Youth Baseball Federation,Youth (U18),10795,2954,false
2024 Spring,2024-03-01,CLT,BSB,Diamond Youth Baseball Federation,Adult (18+),4626,1266,false
2024 Spring,2024-03-01,SAT,BSB,Diamond Youth Baseball Federation,Youth (U18),10141,2803,false
2024 Spring,2024-03-01,SAT,BSB,Diamond Youth Baseball Federation,Adult (18+),4346,1201,false
2024 Spring,2024-03-01,LAS,BSB,Diamond Youth Baseball Federation,Youth (U18),7500,2008,false
2024 Spring,2024-03-01,LAS,BSB,Diamond Youth Baseball Federation,Adult (18+),3214,860,false
2024 Spring,2024-03-01,CMH,BSB,Diamond Youth Baseball Federation,Youth (U18),6086,1466,false
2024 Spring,2024-03-01,CMH,BSB,Diamond Youth Baseball Federation,Adult (18+),2608,628,false
2024 Spring,2024-03-01,MCI,BSB,Diamond Youth Baseball Federation,Youth (U18),6462,2015,false
2024 Spring,2024-03-01,MCI,BSB,Diamond Youth Baseball Federation,Adult (18+),2769,863,false
2024 Spring,2024-03-01,SLC,BSB,Diamond Youth Baseball Federation,Youth (U18),3675,761,false
2024 Spring,2024-03-01,SLC,BSB,Diamond Youth Baseball Federation,Adult (18+),1575,327,false
2024 Spring,2024-03-01,JAX,BSB,Diamond Youth Baseball Federation,Youth (U18),7033,2068,false
2024 Spring,2024-03-01,JAX,BSB,Diamond Youth Baseball Federation,Adult (18+),3014,886,false
2024 Spring,2024-03-01,BOI,BSB,Diamond Youth Baseball Federation,Youth (U18),2465,767,false
2024 Spring,2024-03-01,BOI,BSB,Diamond Youth Baseball Federation,Adult (18+),1056,328,false
2024 Spring,2024-03-01,NYC,FTB,Gridiron Youth League Association,Youth (U18),3557,925,false
2024 Spring,2024-03-01,NYC,FTB,Gridiron Youth League Association,Adult (18+),889,231,false
2024 Spring,2024-03-01,LAX,FTB,Gridiron Youth League Association,Youth (U18),2356,601,false
2024 Spring,2024-03-01,LAX,FTB,Gridiron Youth League Association,Adult (18+),589,151,false
2024 Spring,2024-03-01,CHI,FTB,Gridiron Youth League Association,Youth (U18),1695,387,false
2024 Spring,2024-03-01,CHI,FTB,Gridiron Youth League Association,Adult (18+),424,97,false
2024 Spring,2024-03-01,DFW,FTB,Gridiron Youth League Association,Youth (U18),2312,524,false
2024 Spring,2024-03-01,DFW,FTB,Gridiron Youth League Association,Adult (18+),578,131,false
2024 Spring,2024-03-01,HOU,FTB,Gridiron Youth League Association,Youth (U18),2048,508,false
2024 Spring,2024-03-01,HOU,FTB,Gridiron Youth League Association,Adult (18+),512,127,false
2024 Spring,2024-03-01,WAS,FTB,Gridiron Youth League Association,Youth (U18),1130,321,false
2024 Spring,2024-03-01,WAS,FTB,Gridiron Youth League Association,Adult (18+),282,80,false
2024 Spring,2024-03-01,PHL,FTB,Gridiron Youth League Association,Youth (U18),1199,357,false
2024 Spring,2024-03-01,PHL,FTB,Gridiron Youth League Association,Adult (18+),300,90,false
2024 Spring,2024-03-01,ATL,FTB,Gridiron Youth League Association,Youth (U18),1844,670,false
2024 Spring,2024-03-01,ATL,FTB,Gridiron Youth League Association,Adult (18+),461,168,false
2024 Spring,2024-03-01,MIA,FTB,Gridiron Youth League Association,Youth (U18),1659,433,false
2024 Spring,2024-03-01,MIA,FTB,Gridiron Youth League Association,Adult (18+),415,108,false
2024 Spring,2024-03-01,PHX,FTB,Gridiron Youth League Association,Youth (U18),961,264,false
2024 Spring,2024-03-01,PHX,FTB,Gridiron Youth League Association,Adult (18+),240,66,false
2024 Spring,2024-03-01,BOS,FTB,Gridiron Youth League Association,Youth (U18),922,239,false
2024 Spring,2024-03-01,BOS,FTB,Gridiron Youth League Association,Adult (18+),230,59,false
2024 Spring,2024-03-01,SFO,FTB,Gridiron Youth League Association,Youth (U18),886,263,false
2024 Spring,2024-03-01,SFO,FTB,Gridiron Youth League Association,Adult (18+),221,65,false
2024 Spring,2024-03-01,SEA,FTB,Gridiron Youth League Association,Youth (U18),733,221,false
2024 Spring,2024-03-01,SEA,FTB,Gridiron Youth League Association,Adult (18+),183,55,false
2024 Spring,2024-03-01,MSP,FTB,Gridiron Youth League Association,Youth (U18),668,179,false
2024 Spring,2024-03-01,MSP,FTB,Gridiron Youth League Association,Adult (18+),167,45,false
2024 Spring,2024-03-01,SAN,FTB,Gridiron Youth League Association,Youth (U18),586,160,false
2024 Spring,2024-03-01,SAN,FTB,Gridiron Youth League Association,Adult (18+),146,39,false
2024 Spring,2024-03-01,TPA,FTB,Gridiron Youth League Association,Youth (U18),857,225,false
2024 Spring,2024-03-01,TPA,FTB,Gridiron Youth League Association,Adult (18+),214,56,false
2024 Spring,2024-03-01,DEN,FTB,Gridiron Youth League Association,Youth (U18),518,118,false
2024 Spring,2024-03-01,DEN,FTB,Gridiron Youth League Association,Adult (18+),130,30,false
2024 Spring,2024-03-01,ORL,FTB,Gridiron Youth League Association,Youth (U18),736,187,false
2024 Spring,2024-03-01,ORL,FTB,Gridiron Youth League Association,Adult (18+),184,46,false
2024 Spring,2024-03-01,POR,FTB,Gridiron Youth League Association,Youth (U18),423,77,false
2024 Spring,2024-03-01,POR,FTB,Gridiron Youth League Association,Adult (18+),106,20,false
2024 Spring,2024-03-01,DET,FTB,Gridiron Youth League Association,Youth (U18),765,212,false
2024 Spring,2024-03-01,DET,FTB,Gridiron Youth League Association,Adult (18+),191,53,false
2024 Spring,2024-03-01,NSH,FTB,Gridiron Youth League Association,Youth (U18),713,258,false
2024 Spring,2024-03-01,NSH,FTB,Gridiron Youth League Association,Adult (18+),178,64,false
2024 Spring,2024-03-01,AUS,FTB,Gridiron Youth League Association,Youth (U18),866,313,false
2024 Spring,2024-03-01,AUS,FTB,Gridiron Youth League Association,Adult (18+),217,79,false
2024 Spring,2024-03-01,RDU,FTB,Gridiron Youth League Association,Youth (U18),478,172,false
2024 Spring,2024-03-01,RDU,FTB,Gridiron Youth League Association,Adult (18+),119,43,false
2024 Spring,2024-03-01,CLT,FTB,Gridiron Youth League Association,Youth (U18),754,213,false
2024 Spring,2024-03-01,CLT,FTB,Gridiron Youth League Association,Adult (18+),189,54,false
2024 Spring,2024-03-01,SAT,FTB,Gridiron Youth League Association,Youth (U18),774,268,false
2024 Spring,2024-03-01,SAT,FTB,Gridiron Youth League Association,Adult (18+),194,67,false
2024 Spring,2024-03-01,LAS,FTB,Gridiron Youth League Association,Youth (U18),413,115,false
2024 Spring,2024-03-01,LAS,FTB,Gridiron Youth League Association,Adult (18+),103,28,false
2024 Spring,2024-03-01,CMH,FTB,Gridiron Youth League Association,Youth (U18),433,128,false
2024 Spring,2024-03-01,CMH,FTB,Gridiron Youth League Association,Adult (18+),108,32,false
2024 Spring,2024-03-01,MCI,FTB,Gridiron Youth League Association,Youth (U18),430,163,false
2024 Spring,2024-03-01,MCI,FTB,Gridiron Youth League Association,Adult (18+),108,41,false
2024 Spring,2024-03-01,SLC,FTB,Gridiron Youth League Association,Youth (U18),256,77,false
2024 Spring,2024-03-01,SLC,FTB,Gridiron Youth League Association,Adult (18+),64,19,false
2024 Spring,2024-03-01,JAX,FTB,Gridiron Youth League Association,Youth (U18),428,107,false
2024 Spring,2024-03-01,JAX,FTB,Gridiron Youth League Association,Adult (18+),107,26,false
2024 Spring,2024-03-01,BOI,FTB,Gridiron Youth League Association,Youth (U18),152,32,false
2024 Spring,2024-03-01,BOI,FTB,Gridiron Youth League Association,Adult (18+),38,8,false
2024 Spring,2024-03-01,NYC,TEN,Community Tennis League of America,Youth (U18),15213,4421,false
2024 Spring,2024-03-01,NYC,TEN,Community Tennis League of America,Adult (18+),35498,10316,false
2024 Spring,2024-03-01,LAX,TEN,Community Tennis League of America,Youth (U18),10721,3668,false
2024 Spring,2024-03-01,LAX,TEN,Community Tennis League of America,Adult (18+),25016,8558,false
2024 Spring,2024-03-01,CHI,TEN,Community Tennis League of America,Youth (U18),7219,1609,false
2024 Spring,2024-03-01,CHI,TEN,Community Tennis League of America,Adult (18+),16845,3755,false
2024 Spring,2024-03-01,DFW,TEN,Community Tennis League of America,Youth (U18),6401,1907,false
2024 Spring,2024-03-01,DFW,TEN,Community Tennis League of America,Adult (18+),14935,4448,false
2024 Spring,2024-03-01,HOU,TEN,Community Tennis League of America,Youth (U18),5499,1410,false
2024 Spring,2024-03-01,HOU,TEN,Community Tennis League of America,Adult (18+),12831,3291,false
2024 Spring,2024-03-01,WAS,TEN,Community Tennis League of America,Youth (U18),4521,1020,false
2024 Spring,2024-03-01,WAS,TEN,Community Tennis League of America,Adult (18+),10548,2379,false
2024 Spring,2024-03-01,PHL,TEN,Community Tennis League of America,Youth (U18),4473,909,false
2024 Spring,2024-03-01,PHL,TEN,Community Tennis League of America,Adult (18+),10436,2121,false
2024 Spring,2024-03-01,ATL,TEN,Community Tennis League of America,Youth (U18),4679,898,false
2024 Spring,2024-03-01,ATL,TEN,Community Tennis League of America,Adult (18+),10918,2097,false
2024 Spring,2024-03-01,MIA,TEN,Community Tennis League of America,Youth (U18),4508,1374,false
2024 Spring,2024-03-01,MIA,TEN,Community Tennis League of America,Adult (18+),10518,3205,false
2024 Spring,2024-03-01,PHX,TEN,Community Tennis League of America,Youth (U18),4036,1304,false
2024 Spring,2024-03-01,PHX,TEN,Community Tennis League of America,Adult (18+),9418,3042,false
2024 Spring,2024-03-01,BOS,TEN,Community Tennis League of America,Youth (U18),3455,872,false
2024 Spring,2024-03-01,BOS,TEN,Community Tennis League of America,Adult (18+),8062,2036,false
2024 Spring,2024-03-01,SFO,TEN,Community Tennis League of America,Youth (U18),3387,712,false
2024 Spring,2024-03-01,SFO,TEN,Community Tennis League of America,Adult (18+),7903,1662,false
2024 Spring,2024-03-01,SEA,TEN,Community Tennis League of America,Youth (U18),3038,784,false
2024 Spring,2024-03-01,SEA,TEN,Community Tennis League of America,Adult (18+),7089,1830,false
2024 Spring,2024-03-01,MSP,TEN,Community Tennis League of America,Youth (U18),2813,911,false
2024 Spring,2024-03-01,MSP,TEN,Community Tennis League of America,Adult (18+),6565,2128,false
2024 Spring,2024-03-01,SAN,TEN,Community Tennis League of America,Youth (U18),2503,806,false
2024 Spring,2024-03-01,SAN,TEN,Community Tennis League of America,Adult (18+),5840,1881,false
2024 Spring,2024-03-01,TPA,TEN,Community Tennis League of America,Youth (U18),2649,711,false
2024 Spring,2024-03-01,TPA,TEN,Community Tennis League of America,Adult (18+),6181,1658,false
2024 Spring,2024-03-01,DEN,TEN,Community Tennis League of America,Youth (U18),2397,620,false
2024 Spring,2024-03-01,DEN,TEN,Community Tennis League of America,Adult (18+),5594,1448,false
2024 Spring,2024-03-01,ORL,TEN,Community Tennis League of America,Youth (U18),2056,483,false
2024 Spring,2024-03-01,ORL,TEN,Community Tennis League of America,Adult (18+),4796,1125,false
2024 Spring,2024-03-01,POR,TEN,Community Tennis League of America,Youth (U18),1887,484,false
2024 Spring,2024-03-01,POR,TEN,Community Tennis League of America,Adult (18+),4402,1128,false
2024 Spring,2024-03-01,DET,TEN,Community Tennis League of America,Youth (U18),3207,1087,false
2024 Spring,2024-03-01,DET,TEN,Community Tennis League of America,Adult (18+),7482,2533,false
2024 Spring,2024-03-01,NSH,TEN,Community Tennis League of America,Youth (U18),1997,723,false
2024 Spring,2024-03-01,NSH,TEN,Community Tennis League of America,Adult (18+),4659,1685,false
2024 Spring,2024-03-01,AUS,TEN,Community Tennis League of America,Youth (U18),2063,740,false
2024 Spring,2024-03-01,AUS,TEN,Community Tennis League of America,Adult (18+),4813,1725,false
2024 Spring,2024-03-01,RDU,TEN,Community Tennis League of America,Youth (U18),1328,501,false
2024 Spring,2024-03-01,RDU,TEN,Community Tennis League of America,Adult (18+),3099,1169,false
2024 Spring,2024-03-01,CLT,TEN,Community Tennis League of America,Youth (U18),2109,645,false
2024 Spring,2024-03-01,CLT,TEN,Community Tennis League of America,Adult (18+),4922,1507,false
2024 Spring,2024-03-01,SAT,TEN,Community Tennis League of America,Youth (U18),1891,443,false
2024 Spring,2024-03-01,SAT,TEN,Community Tennis League of America,Adult (18+),4413,1034,false
2024 Spring,2024-03-01,LAS,TEN,Community Tennis League of America,Youth (U18),1676,469,false
2024 Spring,2024-03-01,LAS,TEN,Community Tennis League of America,Adult (18+),3911,1093,false
2024 Spring,2024-03-01,CMH,TEN,Community Tennis League of America,Youth (U18),1714,486,false
2024 Spring,2024-03-01,CMH,TEN,Community Tennis League of America,Adult (18+),3999,1135,false
2024 Spring,2024-03-01,MCI,TEN,Community Tennis League of America,Youth (U18),1768,430,false
2024 Spring,2024-03-01,MCI,TEN,Community Tennis League of America,Adult (18+),4125,1004,false
2024 Spring,2024-03-01,SLC,TEN,Community Tennis League of America,Youth (U18),1133,364,false
2024 Spring,2024-03-01,SLC,TEN,Community Tennis League of America,Adult (18+),2644,850,false
2024 Spring,2024-03-01,JAX,TEN,Community Tennis League of America,Youth (U18),1344,422,false
2024 Spring,2024-03-01,JAX,TEN,Community Tennis League of America,Adult (18+),3135,982,false
2024 Spring,2024-03-01,BOI,TEN,Community Tennis League of America,Youth (U18),641,191,false
2024 Spring,2024-03-01,BOI,TEN,Community Tennis League of America,Adult (18+),1497,448,false
2024 Spring,2024-03-01,NYC,PKB,American Pickleball League Network,Youth (U18),2051,843,false
2024 Spring,2024-03-01,NYC,PKB,American Pickleball League Network,Adult (18+),38964,16011,false
2024 Spring,2024-03-01,LAX,PKB,American Pickleball League Network,Youth (U18),1388,568,false
2024 Spring,2024-03-01,LAX,PKB,American Pickleball League Network,Adult (18+),26377,10793,false
2024 Spring,2024-03-01,CHI,PKB,American Pickleball League Network,Youth (U18),1053,487,false
2024 Spring,2024-03-01,CHI,PKB,American Pickleball League Network,Adult (18+),20006,9251,false
2024 Spring,2024-03-01,DFW,PKB,American Pickleball League Network,Youth (U18),1544,566,false
2024 Spring,2024-03-01,DFW,PKB,American Pickleball League Network,Adult (18+),29330,10742,false
2024 Spring,2024-03-01,HOU,PKB,American Pickleball League Network,Youth (U18),1479,656,false
2024 Spring,2024-03-01,HOU,PKB,American Pickleball League Network,Adult (18+),28102,12469,false
2024 Spring,2024-03-01,WAS,PKB,American Pickleball League Network,Youth (U18),697,300,false
2024 Spring,2024-03-01,WAS,PKB,American Pickleball League Network,Adult (18+),13237,5686,false
2024 Spring,2024-03-01,PHL,PKB,American Pickleball League Network,Youth (U18),681,274,false
2024 Spring,2024-03-01,PHL,PKB,American Pickleball League Network,Adult (18+),12937,5204,false
2024 Spring,2024-03-01,ATL,PKB,American Pickleball League Network,Youth (U18),1285,595,false
2024 Spring,2024-03-01,ATL,PKB,American Pickleball League Network,Adult (18+),24412,11294,false
2024 Spring,2024-03-01,MIA,PKB,American Pickleball League Network,Youth (U18),1265,578,false
2024 Spring,2024-03-01,MIA,PKB,American Pickleball League Network,Adult (18+),24026,10980,false
2024 Spring,2024-03-01,PHX,PKB,American Pickleball League Network,Youth (U18),1426,706,false
2024 Spring,2024-03-01,PHX,PKB,American Pickleball League Network,Adult (18+),27095,13409,false
2024 Spring,2024-03-01,BOS,PKB,American Pickleball League Network,Youth (U18),543,248,false
2024 Spring,2024-03-01,BOS,PKB,American Pickleball League Network,Adult (18+),10309,4702,false
2024 Spring,2024-03-01,SFO,PKB,American Pickleball League Network,Youth (U18),549,276,false
2024 Spring,2024-03-01,SFO,PKB,American Pickleball League Network,Adult (18+),10427,5240,false
2024 Spring,2024-03-01,SEA,PKB,American Pickleball League Network,Youth (U18),460,204,false
2024 Spring,2024-03-01,SEA,PKB,American Pickleball League Network,Adult (18+),8744,3876,false
2024 Spring,2024-03-01,MSP,PKB,American Pickleball League Network,Youth (U18),393,153,false
2024 Spring,2024-03-01,MSP,PKB,American Pickleball League Network,Adult (18+),7474,2924,false
2024 Spring,2024-03-01,SAN,PKB,American Pickleball League Network,Youth (U18),386,164,false
2024 Spring,2024-03-01,SAN,PKB,American Pickleball League Network,Adult (18+),7339,3120,false
2024 Spring,2024-03-01,TPA,PKB,American Pickleball League Network,Youth (U18),851,412,false
2024 Spring,2024-03-01,TPA,PKB,American Pickleball League Network,Adult (18+),16160,7812,false
2024 Spring,2024-03-01,DEN,PKB,American Pickleball League Network,Youth (U18),374,130,false
2024 Spring,2024-03-01,DEN,PKB,American Pickleball League Network,Adult (18+),7106,2467,false
2024 Spring,2024-03-01,ORL,PKB,American Pickleball League Network,Youth (U18),627,256,false
2024 Spring,2024-03-01,ORL,PKB,American Pickleball League Network,Adult (18+),11913,4861,false
2024 Spring,2024-03-01,POR,PKB,American Pickleball League Network,Youth (U18),286,110,false
2024 Spring,2024-03-01,POR,PKB,American Pickleball League Network,Adult (18+),5425,2085,false
2024 Spring,2024-03-01,DET,PKB,American Pickleball League Network,Youth (U18),462,204,false
2024 Spring,2024-03-01,DET,PKB,American Pickleball League Network,Adult (18+),8784,3871,false
2024 Spring,2024-03-01,NSH,PKB,American Pickleball League Network,Youth (U18),501,250,false
2024 Spring,2024-03-01,NSH,PKB,American Pickleball League Network,Adult (18+),9512,4752,false
2024 Spring,2024-03-01,AUS,PKB,American Pickleball League Network,Youth (U18),601,294,false
2024 Spring,2024-03-01,AUS,PKB,American Pickleball League Network,Adult (18+),11427,5601,false
2024 Spring,2024-03-01,RDU,PKB,American Pickleball League Network,Youth (U18),352,158,false
2024 Spring,2024-03-01,RDU,PKB,American Pickleball League Network,Adult (18+),6680,2981,false
2024 Spring,2024-03-01,CLT,PKB,American Pickleball League Network,Youth (U18),582,281,false
2024 Spring,2024-03-01,CLT,PKB,American Pickleball League Network,Adult (18+),11058,5336,false
2024 Spring,2024-03-01,SAT,PKB,American Pickleball League Network,Youth (U18),550,259,false
2024 Spring,2024-03-01,SAT,PKB,American Pickleball League Network,Adult (18+),10448,4918,false
2024 Spring,2024-03-01,LAS,PKB,American Pickleball League Network,Youth (U18),565,241,false
2024 Spring,2024-03-01,LAS,PKB,American Pickleball League Network,Adult (18+),10733,4580,false
2024 Spring,2024-03-01,CMH,PKB,American Pickleball League Network,Youth (U18),227,84,false
2024 Spring,2024-03-01,CMH,PKB,American Pickleball League Network,Adult (18+),4316,1592,false
2024 Spring,2024-03-01,MCI,PKB,American Pickleball League Network,Youth (U18),261,113,false
2024 Spring,2024-03-01,MCI,PKB,American Pickleball League Network,Adult (18+),4950,2149,false
2024 Spring,2024-03-01,SLC,PKB,American Pickleball League Network,Youth (U18),167,71,false
2024 Spring,2024-03-01,SLC,PKB,American Pickleball League Network,Adult (18+),3174,1334,false
2024 Spring,2024-03-01,JAX,PKB,American Pickleball League Network,Youth (U18),352,156,false
2024 Spring,2024-03-01,JAX,PKB,American Pickleball League Network,Adult (18+),6697,2970,false
2024 Spring,2024-03-01,BOI,PKB,American Pickleball League Network,Youth (U18),103,47,false
2024 Spring,2024-03-01,BOI,PKB,American Pickleball League Network,Adult (18+),1966,895,false
2024 Spring,2024-03-01,NYC,PDL,US Padel Circuit,Youth (U18),129,39,false
2024 Spring,2024-03-01,NYC,PDL,US Padel Circuit,Adult (18+),2451,735,false
2024 Spring,2024-03-01,LAX,PDL,US Padel Circuit,Youth (U18),64,19,false
2024 Spring,2024-03-01,LAX,PDL,US Padel Circuit,Adult (18+),1212,364,false
2024 Spring,2024-03-01,CHI,PDL,US Padel Circuit,Youth (U18),8,2,false
2024 Spring,2024-03-01,CHI,PDL,US Padel Circuit,Adult (18+),155,46,false
2024 Spring,2024-03-01,DFW,PDL,US Padel Circuit,Youth (U18),36,11,false
2024 Spring,2024-03-01,DFW,PDL,US Padel Circuit,Adult (18+),693,208,false
2024 Spring,2024-03-01,HOU,PDL,US Padel Circuit,Youth (U18),25,8,false
2024 Spring,2024-03-01,HOU,PDL,US Padel Circuit,Adult (18+),482,145,false
2024 Spring,2024-03-01,WAS,PDL,US Padel Circuit,Youth (U18),5,2,false
2024 Spring,2024-03-01,WAS,PDL,US Padel Circuit,Adult (18+),96,29,false
2024 Spring,2024-03-01,PHL,PDL,US Padel Circuit,Youth (U18),5,2,false
2024 Spring,2024-03-01,PHL,PDL,US Padel Circuit,Adult (18+),98,29,false
2024 Spring,2024-03-01,ATL,PDL,US Padel Circuit,Youth (U18),5,2,false
2024 Spring,2024-03-01,ATL,PDL,US Padel Circuit,Adult (18+),100,30,false
2024 Spring,2024-03-01,MIA,PDL,US Padel Circuit,Youth (U18),74,22,false
2024 Spring,2024-03-01,MIA,PDL,US Padel Circuit,Adult (18+),1412,424,false
2024 Spring,2024-03-01,PHX,PDL,US Padel Circuit,Youth (U18),5,2,false
2024 Spring,2024-03-01,PHX,PDL,US Padel Circuit,Adult (18+),89,27,false
2024 Spring,2024-03-01,BOS,PDL,US Padel Circuit,Youth (U18),4,1,false
2024 Spring,2024-03-01,BOS,PDL,US Padel Circuit,Adult (18+),79,24,false
2024 Spring,2024-03-01,SFO,PDL,US Padel Circuit,Youth (U18),4,1,false
2024 Spring,2024-03-01,SFO,PDL,US Padel Circuit,Adult (18+),78,23,false
2024 Spring,2024-03-01,SEA,PDL,US Padel Circuit,Youth (U18),4,1,false
2024 Spring,2024-03-01,SEA,PDL,US Padel Circuit,Adult (18+),69,21,false
2024 Spring,2024-03-01,MSP,PDL,US Padel Circuit,Youth (U18),3,1,false
2024 Spring,2024-03-01,MSP,PDL,US Padel Circuit,Adult (18+),56,17,false
2024 Spring,2024-03-01,SAN,PDL,US Padel Circuit,Youth (U18),10,3,false
2024 Spring,2024-03-01,SAN,PDL,US Padel Circuit,Adult (18+),190,57,false
2024 Spring,2024-03-01,TPA,PDL,US Padel Circuit,Youth (U18),3,1,false
2024 Spring,2024-03-01,TPA,PDL,US Padel Circuit,Adult (18+),58,17,false
2024 Spring,2024-03-01,DEN,PDL,US Padel Circuit,Youth (U18),3,1,false
2024 Spring,2024-03-01,DEN,PDL,US Padel Circuit,Adult (18+),54,16,false
2024 Spring,2024-03-01,ORL,PDL,US Padel Circuit,Youth (U18),2,1,false
2024 Spring,2024-03-01,ORL,PDL,US Padel Circuit,Adult (18+),43,13,false
2024 Spring,2024-03-01,POR,PDL,US Padel Circuit,Youth (U18),2,1,false
2024 Spring,2024-03-01,POR,PDL,US Padel Circuit,Adult (18+),41,12,false
2024 Spring,2024-03-01,DET,PDL,US Padel Circuit,Youth (U18),3,1,false
2024 Spring,2024-03-01,DET,PDL,US Padel Circuit,Adult (18+),66,20,false
2024 Spring,2024-03-01,NSH,PDL,US Padel Circuit,Youth (U18),9,3,false
2024 Spring,2024-03-01,NSH,PDL,US Padel Circuit,Adult (18+),166,50,false
2024 Spring,2024-03-01,AUS,PDL,US Padel Circuit,Youth (U18),29,9,false
2024 Spring,2024-03-01,AUS,PDL,US Padel Circuit,Adult (18+),545,164,false
2024 Spring,2024-03-01,RDU,PDL,US Padel Circuit,Youth (U18),2,1,false
2024 Spring,2024-03-01,RDU,PDL,US Padel Circuit,Adult (18+),30,9,false
2024 Spring,2024-03-01,CLT,PDL,US Padel Circuit,Youth (U18),2,1,false
2024 Spring,2024-03-01,CLT,PDL,US Padel Circuit,Adult (18+),47,14,false
2024 Spring,2024-03-01,SAT,PDL,US Padel Circuit,Youth (U18),2,1,false
2024 Spring,2024-03-01,SAT,PDL,US Padel Circuit,Adult (18+),44,13,false
2024 Spring,2024-03-01,LAS,PDL,US Padel Circuit,Youth (U18),2,1,false
2024 Spring,2024-03-01,LAS,PDL,US Padel Circuit,Adult (18+),38,11,false
2024 Spring,2024-03-01,CMH,PDL,US Padel Circuit,Youth (U18),2,1,false
2024 Spring,2024-03-01,CMH,PDL,US Padel Circuit,Adult (18+),36,11,false
2024 Spring,2024-03-01,MCI,PDL,US Padel Circuit,Youth (U18),2,1,false
2024 Spring,2024-03-01,MCI,PDL,US Padel Circuit,Adult (18+),35,10,false
2024 Spring,2024-03-01,SLC,PDL,US Padel Circuit,Youth (U18),1,0,false
2024 Spring,2024-03-01,SLC,PDL,US Padel Circuit,Adult (18+),21,6,false
2024 Spring,2024-03-01,JAX,PDL,US Padel Circuit,Youth (U18),2,1,false
2024 Spring,2024-03-01,JAX,PDL,US Padel Circuit,Adult (18+),29,9,false
2024 Spring,2024-03-01,BOI,PDL,US Padel Circuit,Youth (U18),1,0,false
2024 Spring,2024-03-01,BOI,PDL,US Padel Circuit,Adult (18+),15,4,false
2024 Spring,2024-03-01,NYC,LAX,US Lacrosse Club Network,Youth (U18),20681,7143,false
2024 Spring,2024-03-01,NYC,LAX,US Lacrosse Club Network,Adult (18+),8863,3061,false
2024 Spring,2024-03-01,LAX,LAX,US Lacrosse Club Network,Youth (U18),4714,1522,false
2024 Spring,2024-03-01,LAX,LAX,US Lacrosse Club Network,Adult (18+),2020,652,false
2024 Spring,2024-03-01,CHI,LAX,US Lacrosse Club Network,Youth (U18),4525,1379,false
2024 Spring,2024-03-01,CHI,LAX,US Lacrosse Club Network,Adult (18+),1939,590,false
2024 Spring,2024-03-01,DFW,LAX,US Lacrosse Club Network,Youth (U18),2981,930,false
2024 Spring,2024-03-01,DFW,LAX,US Lacrosse Club Network,Adult (18+),1277,398,false
2024 Spring,2024-03-01,HOU,LAX,US Lacrosse Club Network,Youth (U18),2748,965,false
2024 Spring,2024-03-01,HOU,LAX,US Lacrosse Club Network,Adult (18+),1178,414,false
2024 Spring,2024-03-01,WAS,LAX,US Lacrosse Club Network,Youth (U18),9892,3306,false
2024 Spring,2024-03-01,WAS,LAX,US Lacrosse Club Network,Adult (18+),4239,1417,false
2024 Spring,2024-03-01,PHL,LAX,US Lacrosse Club Network,Youth (U18),6443,1683,false
2024 Spring,2024-03-01,PHL,LAX,US Lacrosse Club Network,Adult (18+),2761,721,false
2024 Spring,2024-03-01,ATL,LAX,US Lacrosse Club Network,Youth (U18),4935,1716,false
2024 Spring,2024-03-01,ATL,LAX,US Lacrosse Club Network,Adult (18+),2115,735,false
2024 Spring,2024-03-01,MIA,LAX,US Lacrosse Club Network,Youth (U18),3584,1000,false
2024 Spring,2024-03-01,MIA,LAX,US Lacrosse Club Network,Adult (18+),1536,429,false
2024 Spring,2024-03-01,PHX,LAX,US Lacrosse Club Network,Youth (U18),1706,555,false
2024 Spring,2024-03-01,PHX,LAX,US Lacrosse Club Network,Adult (18+),731,238,false
2024 Spring,2024-03-01,BOS,LAX,US Lacrosse Club Network,Youth (U18),6075,1672,false
2024 Spring,2024-03-01,BOS,LAX,US Lacrosse Club Network,Adult (18+),2604,717,false
2024 Spring,2024-03-01,SFO,LAX,US Lacrosse Club Network,Youth (U18),1575,568,false
2024 Spring,2024-03-01,SFO,LAX,US Lacrosse Club Network,Adult (18+),675,244,false
2024 Spring,2024-03-01,SEA,LAX,US Lacrosse Club Network,Youth (U18),1430,409,false
2024 Spring,2024-03-01,SEA,LAX,US Lacrosse Club Network,Adult (18+),613,175,false
2024 Spring,2024-03-01,MSP,LAX,US Lacrosse Club Network,Youth (U18),1809,619,false
2024 Spring,2024-03-01,MSP,LAX,US Lacrosse Club Network,Adult (18+),775,265,false
2024 Spring,2024-03-01,SAN,LAX,US Lacrosse Club Network,Youth (U18),1229,393,false
2024 Spring,2024-03-01,SAN,LAX,US Lacrosse Club Network,Adult (18+),527,168,false
2024 Spring,2024-03-01,TPA,LAX,US Lacrosse Club Network,Youth (U18),1842,450,false
2024 Spring,2024-03-01,TPA,LAX,US Lacrosse Club Network,Adult (18+),790,194,false
2024 Spring,2024-03-01,DEN,LAX,US Lacrosse Club Network,Youth (U18),2811,810,false
2024 Spring,2024-03-01,DEN,LAX,US Lacrosse Club Network,Adult (18+),1205,347,false
2024 Spring,2024-03-01,ORL,LAX,US Lacrosse Club Network,Youth (U18),1786,634,false
2024 Spring,2024-03-01,ORL,LAX,US Lacrosse Club Network,Adult (18+),765,271,false
2024 Spring,2024-03-01,POR,LAX,US Lacrosse Club Network,Youth (U18),895,308,false
2024 Spring,2024-03-01,POR,LAX,US Lacrosse Club Network,Adult (18+),383,132,false
2024 Spring,2024-03-01,DET,LAX,US Lacrosse Club Network,Youth (U18),1946,495,false
2024 Spring,2024-03-01,DET,LAX,US Lacrosse Club Network,Adult (18+),834,213,false
2024 Spring,2024-03-01,NSH,LAX,US Lacrosse Club Network,Youth (U18),2762,1097,false
2024 Spring,2024-03-01,NSH,LAX,US Lacrosse Club Network,Adult (18+),1184,470,false
2024 Spring,2024-03-01,AUS,LAX,US Lacrosse Club Network,Youth (U18),946,250,false
2024 Spring,2024-03-01,AUS,LAX,US Lacrosse Club Network,Adult (18+),405,107,false
2024 Spring,2024-03-01,RDU,LAX,US Lacrosse Club Network,Youth (U18),2141,848,false
2024 Spring,2024-03-01,RDU,LAX,US Lacrosse Club Network,Adult (18+),917,363,false
2024 Spring,2024-03-01,CLT,LAX,US Lacrosse Club Network,Youth (U18),2356,751,false
2024 Spring,2024-03-01,CLT,LAX,US Lacrosse Club Network,Adult (18+),1010,322,false
2024 Spring,2024-03-01,SAT,LAX,US Lacrosse Club Network,Youth (U18),1006,406,false
2024 Spring,2024-03-01,SAT,LAX,US Lacrosse Club Network,Adult (18+),431,174,false
2024 Spring,2024-03-01,LAS,LAX,US Lacrosse Club Network,Youth (U18),753,281,false
2024 Spring,2024-03-01,LAS,LAX,US Lacrosse Club Network,Adult (18+),323,121,false
2024 Spring,2024-03-01,CMH,LAX,US Lacrosse Club Network,Youth (U18),1134,356,false
2024 Spring,2024-03-01,CMH,LAX,US Lacrosse Club Network,Adult (18+),486,153,false
2024 Spring,2024-03-01,MCI,LAX,US Lacrosse Club Network,Youth (U18),1005,266,false
2024 Spring,2024-03-01,MCI,LAX,US Lacrosse Club Network,Adult (18+),431,114,false
2024 Spring,2024-03-01,SLC,LAX,US Lacrosse Club Network,Youth (U18),1078,422,false
2024 Spring,2024-03-01,SLC,LAX,US Lacrosse Club Network,Adult (18+),462,181,false
2024 Spring,2024-03-01,JAX,LAX,US Lacrosse Club Network,Youth (U18),1000,286,false
2024 Spring,2024-03-01,JAX,LAX,US Lacrosse Club Network,Adult (18+),429,123,false
2024 Spring,2024-03-01,BOI,LAX,US Lacrosse Club Network,Youth (U18),727,247,false
2024 Spring,2024-03-01,BOI,LAX,US Lacrosse Club Network,Adult (18+),312,106,false
2024 Spring,2024-03-01,NYC,HKY,Amateur Hockey Federation,Youth (U18),3163,967,false
2024 Spring,2024-03-01,NYC,HKY,Amateur Hockey Federation,Adult (18+),2109,645,false
2024 Spring,2024-03-01,LAX,HKY,Amateur Hockey Federation,Youth (U18),910,200,false
2024 Spring,2024-03-01,LAX,HKY,Amateur Hockey Federation,Adult (18+),607,134,false
2024 Spring,2024-03-01,CHI,HKY,Amateur Hockey Federation,Youth (U18),1519,464,false
2024 Spring,2024-03-01,CHI,HKY,Amateur Hockey Federation,Adult (18+),1012,309,false
2024 Spring,2024-03-01,DFW,HKY,Amateur Hockey Federation,Youth (U18),368,118,false
2024 Spring,2024-03-01,DFW,HKY,Amateur Hockey Federation,Adult (18+),245,79,false
2024 Spring,2024-03-01,HOU,HKY,Amateur Hockey Federation,Youth (U18),361,113,false
2024 Spring,2024-03-01,HOU,HKY,Amateur Hockey Federation,Adult (18+),241,75,false
2024 Spring,2024-03-01,WAS,HKY,Amateur Hockey Federation,Youth (U18),1058,352,false
2024 Spring,2024-03-01,WAS,HKY,Amateur Hockey Federation,Adult (18+),705,234,false
2024 Spring,2024-03-01,PHL,HKY,Amateur Hockey Federation,Youth (U18),992,272,false
2024 Spring,2024-03-01,PHL,HKY,Amateur Hockey Federation,Adult (18+),662,182,false
2024 Spring,2024-03-01,ATL,HKY,Amateur Hockey Federation,Youth (U18),227,51,false
2024 Spring,2024-03-01,ATL,HKY,Amateur Hockey Federation,Adult (18+),152,35,false
2024 Spring,2024-03-01,MIA,HKY,Amateur Hockey Federation,Youth (U18),212,57,false
2024 Spring,2024-03-01,MIA,HKY,Amateur Hockey Federation,Adult (18+),142,39,false
2024 Spring,2024-03-01,PHX,HKY,Amateur Hockey Federation,Youth (U18),235,78,false
2024 Spring,2024-03-01,PHX,HKY,Amateur Hockey Federation,Adult (18+),157,53,false
2024 Spring,2024-03-01,BOS,HKY,Amateur Hockey Federation,Youth (U18),981,325,false
2024 Spring,2024-03-01,BOS,HKY,Amateur Hockey Federation,Adult (18+),654,216,false
2024 Spring,2024-03-01,SFO,HKY,Amateur Hockey Federation,Youth (U18),318,88,false
2024 Spring,2024-03-01,SFO,HKY,Amateur Hockey Federation,Adult (18+),212,59,false
2024 Spring,2024-03-01,SEA,HKY,Amateur Hockey Federation,Youth (U18),279,72,false
2024 Spring,2024-03-01,SEA,HKY,Amateur Hockey Federation,Adult (18+),186,48,false
2024 Spring,2024-03-01,MSP,HKY,Amateur Hockey Federation,Youth (U18),1064,370,false
2024 Spring,2024-03-01,MSP,HKY,Amateur Hockey Federation,Adult (18+),709,246,false
2024 Spring,2024-03-01,SAN,HKY,Amateur Hockey Federation,Youth (U18),221,57,false
2024 Spring,2024-03-01,SAN,HKY,Amateur Hockey Federation,Adult (18+),148,39,false
2024 Spring,2024-03-01,TPA,HKY,Amateur Hockey Federation,Youth (U18),126,45,false
2024 Spring,2024-03-01,TPA,HKY,Amateur Hockey Federation,Adult (18+),84,30,false
2024 Spring,2024-03-01,DEN,HKY,Amateur Hockey Federation,Youth (U18),329,101,false
2024 Spring,2024-03-01,DEN,HKY,Amateur Hockey Federation,Adult (18+),219,67,false
2024 Spring,2024-03-01,ORL,HKY,Amateur Hockey Federation,Youth (U18),105,30,false
2024 Spring,2024-03-01,ORL,HKY,Amateur Hockey Federation,Adult (18+),70,20,false
2024 Spring,2024-03-01,POR,HKY,Amateur Hockey Federation,Youth (U18),162,43,false
2024 Spring,2024-03-01,POR,HKY,Amateur Hockey Federation,Adult (18+),108,29,false
2024 Spring,2024-03-01,DET,HKY,Amateur Hockey Federation,Youth (U18),933,306,false
2024 Spring,2024-03-01,DET,HKY,Amateur Hockey Federation,Adult (18+),622,204,false
2024 Spring,2024-03-01,NSH,HKY,Amateur Hockey Federation,Youth (U18),91,35,false
2024 Spring,2024-03-01,NSH,HKY,Amateur Hockey Federation,Adult (18+),61,24,false
2024 Spring,2024-03-01,AUS,HKY,Amateur Hockey Federation,Youth (U18),129,44,false
2024 Spring,2024-03-01,AUS,HKY,Amateur Hockey Federation,Adult (18+),86,29,false
2024 Spring,2024-03-01,RDU,HKY,Amateur Hockey Federation,Youth (U18),62,17,false
2024 Spring,2024-03-01,RDU,HKY,Amateur Hockey Federation,Adult (18+),41,11,false
2024 Spring,2024-03-01,CLT,HKY,Amateur Hockey Federation,Youth (U18),103,35,false
2024 Spring,2024-03-01,CLT,HKY,Amateur Hockey Federation,Adult (18+),69,24,false
2024 Spring,2024-03-01,SAT,HKY,Amateur Hockey Federation,Youth (U18),126,37,false
2024 Spring,2024-03-01,SAT,HKY,Amateur Hockey Federation,Adult (18+),84,25,false
2024 Spring,2024-03-01,LAS,HKY,Amateur Hockey Federation,Youth (U18),97,23,false
2024 Spring,2024-03-01,LAS,HKY,Amateur Hockey Federation,Adult (18+),65,15,false
2024 Spring,2024-03-01,CMH,HKY,Amateur Hockey Federation,Youth (U18),393,119,false
2024 Spring,2024-03-01,CMH,HKY,Amateur Hockey Federation,Adult (18+),262,80,false
2024 Spring,2024-03-01,MCI,HKY,Amateur Hockey Federation,Youth (U18),364,107,false
2024 Spring,2024-03-01,MCI,HKY,Amateur Hockey Federation,Adult (18+),242,71,false
2024 Spring,2024-03-01,SLC,HKY,Amateur Hockey Federation,Youth (U18),153,41,false
2024 Spring,2024-03-01,SLC,HKY,Amateur Hockey Federation,Adult (18+),102,27,false
2024 Spring,2024-03-01,JAX,HKY,Amateur Hockey Federation,Youth (U18),69,27,false
2024 Spring,2024-03-01,JAX,HKY,Amateur Hockey Federation,Adult (18+),46,19,false
2024 Spring,2024-03-01,BOI,HKY,Amateur Hockey Federation,Youth (U18),93,33,false
2024 Spring,2024-03-01,BOI,HKY,Amateur Hockey Federation,Adult (18+),62,22,false
2024 Spring,2024-03-01,NYC,VOL,National Volleyball Clubs Association,Youth (U18),13178,3827,false
2024 Spring,2024-03-01,NYC,VOL,National Volleyball Clubs Association,Adult (18+),10782,3131,false
2024 Spring,2024-03-01,LAX,VOL,National Volleyball Clubs Association,Youth (U18),9856,3291,false
2024 Spring,2024-03-01,LAX,VOL,National Volleyball Clubs Association,Adult (18+),8064,2692,false
2024 Spring,2024-03-01,CHI,VOL,National Volleyball Clubs Association,Youth (U18),8331,3294,false
2024 Spring,2024-03-01,CHI,VOL,National Volleyball Clubs Association,Adult (18+),6816,2695,false
2024 Spring,2024-03-01,DFW,VOL,National Volleyball Clubs Association,Youth (U18),6715,2291,false
2024 Spring,2024-03-01,DFW,VOL,National Volleyball Clubs Association,Adult (18+),5494,1875,false
2024 Spring,2024-03-01,HOU,VOL,National Volleyball Clubs Association,Youth (U18),6317,1940,false
2024 Spring,2024-03-01,HOU,VOL,National Volleyball Clubs Association,Adult (18+),5168,1587,false
2024 Spring,2024-03-01,WAS,VOL,National Volleyball Clubs Association,Youth (U18),4359,1513,false
2024 Spring,2024-03-01,WAS,VOL,National Volleyball Clubs Association,Adult (18+),3567,1238,false
2024 Spring,2024-03-01,PHL,VOL,National Volleyball Clubs Association,Youth (U18),4164,1045,false
2024 Spring,2024-03-01,PHL,VOL,National Volleyball Clubs Association,Adult (18+),3407,855,false
2024 Spring,2024-03-01,ATL,VOL,National Volleyball Clubs Association,Youth (U18),5286,2042,false
2024 Spring,2024-03-01,ATL,VOL,National Volleyball Clubs Association,Adult (18+),4325,1670,false
2024 Spring,2024-03-01,MIA,VOL,National Volleyball Clubs Association,Youth (U18),4231,956,false
2024 Spring,2024-03-01,MIA,VOL,National Volleyball Clubs Association,Adult (18+),3462,782,false
2024 Spring,2024-03-01,PHX,VOL,National Volleyball Clubs Association,Youth (U18),3544,1334,false
2024 Spring,2024-03-01,PHX,VOL,National Volleyball Clubs Association,Adult (18+),2900,1092,false
2024 Spring,2024-03-01,BOS,VOL,National Volleyball Clubs Association,Youth (U18),3372,1030,false
2024 Spring,2024-03-01,BOS,VOL,National Volleyball Clubs Association,Adult (18+),2759,842,false
2024 Spring,2024-03-01,SFO,VOL,National Volleyball Clubs Association,Youth (U18),3526,1021,false
2024 Spring,2024-03-01,SFO,VOL,National Volleyball Clubs Association,Adult (18+),2885,835,false
2024 Spring,2024-03-01,SEA,VOL,National Volleyball Clubs Association,Youth (U18),2956,957,false
2024 Spring,2024-03-01,SEA,VOL,National Volleyball Clubs Association,Adult (18+),2419,784,false
2024 Spring,2024-03-01,MSP,VOL,National Volleyball Clubs Association,Youth (U18),3218,1296,false
2024 Spring,2024-03-01,MSP,VOL,National Volleyball Clubs Association,Adult (18+),2633,1060,false
2024 Spring,2024-03-01,SAN,VOL,National Volleyball Clubs Association,Youth (U18),2584,937,false
2024 Spring,2024-03-01,SAN,VOL,National Volleyball Clubs Association,Adult (18+),2114,767,false
2024 Spring,2024-03-01,TPA,VOL,National Volleyball Clubs Association,Youth (U18),2441,673,false
2024 Spring,2024-03-01,TPA,VOL,National Volleyball Clubs Association,Adult (18+),1997,551,false
2024 Spring,2024-03-01,DEN,VOL,National Volleyball Clubs Association,Youth (U18),2130,599,false
2024 Spring,2024-03-01,DEN,VOL,National Volleyball Clubs Association,Adult (18+),1742,489,false
2024 Spring,2024-03-01,ORL,VOL,National Volleyball Clubs Association,Youth (U18),1985,616,false
2024 Spring,2024-03-01,ORL,VOL,National Volleyball Clubs Association,Adult (18+),1624,504,false
2024 Spring,2024-03-01,POR,VOL,National Volleyball Clubs Association,Youth (U18),1854,505,false
2024 Spring,2024-03-01,POR,VOL,National Volleyball Clubs Association,Adult (18+),1517,414,false
2024 Spring,2024-03-01,DET,VOL,National Volleyball Clubs Association,Youth (U18),3220,845,false
2024 Spring,2024-03-01,DET,VOL,National Volleyball Clubs Association,Adult (18+),2635,692,false
2024 Spring,2024-03-01,NSH,VOL,National Volleyball Clubs Association,Youth (U18),1787,749,false
2024 Spring,2024-03-01,NSH,VOL,National Volleyball Clubs Association,Adult (18+),1462,612,false
2024 Spring,2024-03-01,AUS,VOL,National Volleyball Clubs Association,Youth (U18),2407,765,false
2024 Spring,2024-03-01,AUS,VOL,National Volleyball Clubs Association,Adult (18+),1969,625,false
2024 Spring,2024-03-01,RDU,VOL,National Volleyball Clubs Association,Youth (U18),1229,491,false
2024 Spring,2024-03-01,RDU,VOL,National Volleyball Clubs Association,Adult (18+),1005,402,false
2024 Spring,2024-03-01,CLT,VOL,National Volleyball Clubs Association,Youth (U18),2068,642,false
2024 Spring,2024-03-01,CLT,VOL,National Volleyball Clubs Association,Adult (18+),1692,525,false
2024 Spring,2024-03-01,SAT,VOL,National Volleyball Clubs Association,Youth (U18),2292,761,false
2024 Spring,2024-03-01,SAT,VOL,National Volleyball Clubs Association,Adult (18+),1875,623,false
2024 Spring,2024-03-01,LAS,VOL,National Volleyball Clubs Association,Youth (U18),1683,607,false
2024 Spring,2024-03-01,LAS,VOL,National Volleyball Clubs Association,Adult (18+),1377,496,false
2024 Spring,2024-03-01,CMH,VOL,National Volleyball Clubs Association,Youth (U18),1857,556,false
2024 Spring,2024-03-01,CMH,VOL,National Volleyball Clubs Association,Adult (18+),1519,454,false
2024 Spring,2024-03-01,MCI,VOL,National Volleyball Clubs Association,Youth (U18),1849,510,false
2024 Spring,2024-03-01,MCI,VOL,National Volleyball Clubs Association,Adult (18+),1513,418,false
2024 Spring,2024-03-01,SLC,VOL,National Volleyball Clubs Association,Youth (U18),923,324,false
2024 Spring,2024-03-01,SLC,VOL,National Volleyball Clubs Association,Adult (18+),755,265,false
2024 Spring,2024-03-01,JAX,VOL,National Volleyball Clubs Association,Youth (U18),1313,515,false
2024 Spring,2024-03-01,JAX,VOL,National Volleyball Clubs Association,Adult (18+),1074,421,false
2024 Spring,2024-03-01,BOI,VOL,National Volleyball Clubs Association,Youth (U18),583,160,false
2024 Spring,2024-03-01,BOI,VOL,National Volleyball Clubs Association,Adult (18+),477,131,false
2024 Fall,2024-09-01,NYC,SOC,National Youth & Adult Soccer Alliance,Youth (U18),54207,14286,false
2024 Fall,2024-09-01,NYC,SOC,National Youth & Adult Soccer Alliance,Adult (18+),18069,4762,false
2024 Fall,2024-09-01,LAX,SOC,National Youth & Adult Soccer Alliance,Youth (U18),34316,9538,false
2024 Fall,2024-09-01,LAX,SOC,National Youth & Adult Soccer Alliance,Adult (18+),11439,3180,false
2024 Fall,2024-09-01,CHI,SOC,National Youth & Adult Soccer Alliance,Youth (U18),25710,9479,false
2024 Fall,2024-09-01,CHI,SOC,National Youth & Adult Soccer Alliance,Adult (18+),8570,3160,false
2024 Fall,2024-09-01,DFW,SOC,National Youth & Adult Soccer Alliance,Youth (U18),21797,5377,false
2024 Fall,2024-09-01,DFW,SOC,National Youth & Adult Soccer Alliance,Adult (18+),7266,1793,false
2024 Fall,2024-09-01,HOU,SOC,National Youth & Adult Soccer Alliance,Youth (U18),20779,6131,false
2024 Fall,2024-09-01,HOU,SOC,National Youth & Adult Soccer Alliance,Adult (18+),6926,2043,false
2024 Fall,2024-09-01,WAS,SOC,National Youth & Adult Soccer Alliance,Youth (U18),18038,6502,false
2024 Fall,2024-09-01,WAS,SOC,National Youth & Adult Soccer Alliance,Adult (18+),6013,2167,false
2024 Fall,2024-09-01,PHL,SOC,National Youth & Adult Soccer Alliance,Youth (U18),17959,6122,false
2024 Fall,2024-09-01,PHL,SOC,National Youth & Adult Soccer Alliance,Adult (18+),5986,2040,false
2024 Fall,2024-09-01,ATL,SOC,National Youth & Adult Soccer Alliance,Youth (U18),17919,4727,false
2024 Fall,2024-09-01,ATL,SOC,National Youth & Adult Soccer Alliance,Adult (18+),5973,1576,false
2024 Fall,2024-09-01,MIA,SOC,National Youth & Adult Soccer Alliance,Youth (U18),18423,6954,false
2024 Fall,2024-09-01,MIA,SOC,National Youth & Adult Soccer Alliance,Adult (18+),6141,2318,false
2024 Fall,2024-09-01,PHX,SOC,National Youth & Adult Soccer Alliance,Youth (U18),15660,5009,false
2024 Fall,2024-09-01,PHX,SOC,National Youth & Adult Soccer Alliance,Adult (18+),5220,1670,false
2024 Fall,2024-09-01,BOS,SOC,National Youth & Adult Soccer Alliance,Youth (U18),14608,5859,false
2024 Fall,2024-09-01,BOS,SOC,National Youth & Adult Soccer Alliance,Adult (18+),4869,1952,false
2024 Fall,2024-09-01,SFO,SOC,National Youth & Adult Soccer Alliance,Youth (U18),12026,3300,false
2024 Fall,2024-09-01,SFO,SOC,National Youth & Adult Soccer Alliance,Adult (18+),4009,1100,false
2024 Fall,2024-09-01,SEA,SOC,National Youth & Adult Soccer Alliance,Youth (U18),11004,3731,false
2024 Fall,2024-09-01,SEA,SOC,National Youth & Adult Soccer Alliance,Adult (18+),3668,1244,false
2024 Fall,2024-09-01,MSP,SOC,National Youth & Adult Soccer Alliance,Youth (U18),9820,2538,false
2024 Fall,2024-09-01,MSP,SOC,National Youth & Adult Soccer Alliance,Adult (18+),3273,846,false
2024 Fall,2024-09-01,SAN,SOC,National Youth & Adult Soccer Alliance,Youth (U18),9105,2515,false
2024 Fall,2024-09-01,SAN,SOC,National Youth & Adult Soccer Alliance,Adult (18+),3035,838,false
2024 Fall,2024-09-01,TPA,SOC,National Youth & Adult Soccer Alliance,Youth (U18),9422,3246,false
2024 Fall,2024-09-01,TPA,SOC,National Youth & Adult Soccer Alliance,Adult (18+),3141,1083,false
2024 Fall,2024-09-01,DEN,SOC,National Youth & Adult Soccer Alliance,Youth (U18),8137,2823,false
2024 Fall,2024-09-01,DEN,SOC,National Youth & Adult Soccer Alliance,Adult (18+),2712,941,false
2024 Fall,2024-09-01,ORL,SOC,National Youth & Adult Soccer Alliance,Youth (U18),7755,2372,false
2024 Fall,2024-09-01,ORL,SOC,National Youth & Adult Soccer Alliance,Adult (18+),2585,791,false
2024 Fall,2024-09-01,POR,SOC,National Youth & Adult Soccer Alliance,Youth (U18),6771,1627,false
2024 Fall,2024-09-01,POR,SOC,National Youth & Adult Soccer Alliance,Adult (18+),2257,543,false
2024 Fall,2024-09-01,DET,SOC,National Youth & Adult Soccer Alliance,Youth (U18),12057,4037,false
2024 Fall,2024-09-01,DET,SOC,National Youth & Adult Soccer Alliance,Adult (18+),4019,1346,false
2024 Fall,2024-09-01,NSH,SOC,National Youth & Adult Soccer Alliance,Youth (U18),7496,2444,false
2024 Fall,2024-09-01,NSH,SOC,National Youth & Adult Soccer Alliance,Adult (18+),2499,815,false
2024 Fall,2024-09-01,AUS,SOC,National Youth & Adult Soccer Alliance,Youth (U18),9061,4012,false
2024 Fall,2024-09-01,AUS,SOC,National Youth & Adult Soccer Alliance,Adult (18+),3020,1337,false
2024 Fall,2024-09-01,RDU,SOC,National Youth & Adult Soccer Alliance,Youth (U18),5340,1914,false
2024 Fall,2024-09-01,RDU,SOC,National Youth & Adult Soccer Alliance,Adult (18+),1780,638,false
2024 Fall,2024-09-01,CLT,SOC,National Youth & Adult Soccer Alliance,Youth (U18),9049,3519,false
2024 Fall,2024-09-01,CLT,SOC,National Youth & Adult Soccer Alliance,Adult (18+),3016,1173,false
2024 Fall,2024-09-01,SAT,SOC,National Youth & Adult Soccer Alliance,Youth (U18),7182,1519,false
2024 Fall,2024-09-01,SAT,SOC,National Youth & Adult Soccer Alliance,Adult (18+),2394,506,false
2024 Fall,2024-09-01,LAS,SOC,National Youth & Adult Soccer Alliance,Youth (U18),6278,1889,false
2024 Fall,2024-09-01,LAS,SOC,National Youth & Adult Soccer Alliance,Adult (18+),2093,630,false
2024 Fall,2024-09-01,CMH,SOC,National Youth & Adult Soccer Alliance,Youth (U18),6205,1982,false
2024 Fall,2024-09-01,CMH,SOC,National Youth & Adult Soccer Alliance,Adult (18+),2068,660,false
2024 Fall,2024-09-01,MCI,SOC,National Youth & Adult Soccer Alliance,Youth (U18),6416,2304,false
2024 Fall,2024-09-01,MCI,SOC,National Youth & Adult Soccer Alliance,Adult (18+),2139,768,false
2024 Fall,2024-09-01,SLC,SOC,National Youth & Adult Soccer Alliance,Youth (U18),3970,1348,false
2024 Fall,2024-09-01,SLC,SOC,National Youth & Adult Soccer Alliance,Adult (18+),1323,449,false
2024 Fall,2024-09-01,JAX,SOC,National Youth & Adult Soccer Alliance,Youth (U18),5440,1812,false
2024 Fall,2024-09-01,JAX,SOC,National Youth & Adult Soccer Alliance,Adult (18+),1813,603,false
2024 Fall,2024-09-01,BOI,SOC,National Youth & Adult Soccer Alliance,Youth (U18),2348,810,false
2024 Fall,2024-09-01,BOI,SOC,National Youth & Adult Soccer Alliance,Adult (18+),783,270,false
2024 Fall,2024-09-01,NYC,BSK,Hoops America Rec Network,Youth (U18),76519,21375,false
2024 Fall,2024-09-01,NYC,BSK,Hoops America Rec Network,Adult (18+),51013,14251,false
2024 Fall,2024-09-01,LAX,BSK,Hoops America Rec Network,Youth (U18),51933,15497,false
2024 Fall,2024-09-01,LAX,BSK,Hoops America Rec Network,Adult (18+),34622,10331,false
2024 Fall,2024-09-01,CHI,BSK,Hoops America Rec Network,Youth (U18),35335,11198,false
2024 Fall,2024-09-01,CHI,BSK,Hoops America Rec Network,Adult (18+),23557,7465,false
2024 Fall,2024-09-01,DFW,BSK,Hoops America Rec Network,Youth (U18),31887,9265,false
2024 Fall,2024-09-01,DFW,BSK,Hoops America Rec Network,Adult (18+),21258,6177,false
2024 Fall,2024-09-01,HOU,BSK,Hoops America Rec Network,Youth (U18),30209,8728,false
2024 Fall,2024-09-01,HOU,BSK,Hoops America Rec Network,Adult (18+),20140,5819,false
2024 Fall,2024-09-01,WAS,BSK,Hoops America Rec Network,Youth (U18),26377,8628,false
2024 Fall,2024-09-01,WAS,BSK,Hoops America Rec Network,Adult (18+),17585,5753,false
2024 Fall,2024-09-01,PHL,BSK,Hoops America Rec Network,Youth (U18),24649,8511,false
2024 Fall,2024-09-01,PHL,BSK,Hoops America Rec Network,Adult (18+),16433,5674,false
2024 Fall,2024-09-01,ATL,BSK,Hoops America Rec Network,Youth (U18),25949,8129,false
2024 Fall,2024-09-01,ATL,BSK,Hoops America Rec Network,Adult (18+),17299,5419,false
2024 Fall,2024-09-01,MIA,BSK,Hoops America Rec Network,Youth (U18),27169,9998,false
2024 Fall,2024-09-01,MIA,BSK,Hoops America Rec Network,Adult (18+),18113,6666,false
2024 Fall,2024-09-01,PHX,BSK,Hoops America Rec Network,Youth (U18),24110,10679,false
2024 Fall,2024-09-01,PHX,BSK,Hoops America Rec Network,Adult (18+),16073,7119,false
2024 Fall,2024-09-01,BOS,BSK,Hoops America Rec Network,Youth (U18),19840,7230,false
2024 Fall,2024-09-01,BOS,BSK,Hoops America Rec Network,Adult (18+),13227,4820,false
2024 Fall,2024-09-01,SFO,BSK,Hoops America Rec Network,Youth (U18),18068,5276,false
2024 Fall,2024-09-01,SFO,BSK,Hoops America Rec Network,Adult (18+),12045,3517,false
2024 Fall,2024-09-01,SEA,BSK,Hoops America Rec Network,Youth (U18),17343,6182,false
2024 Fall,2024-09-01,SEA,BSK,Hoops America Rec Network,Adult (18+),11562,4122,false
2024 Fall,2024-09-01,MSP,BSK,Hoops America Rec Network,Youth (U18),14943,5953,false
2024 Fall,2024-09-01,MSP,BSK,Hoops America Rec Network,Adult (18+),9962,3969,false
2024 Fall,2024-09-01,SAN,BSK,Hoops America Rec Network,Youth (U18),12321,3112,false
2024 Fall,2024-09-01,SAN,BSK,Hoops America Rec Network,Adult (18+),8214,2075,false
2024 Fall,2024-09-01,TPA,BSK,Hoops America Rec Network,Youth (U18),14550,4210,false
2024 Fall,2024-09-01,TPA,BSK,Hoops America Rec Network,Adult (18+),9700,2807,false
2024 Fall,2024-09-01,DEN,BSK,Hoops America Rec Network,Youth (U18),12184,3500,false
2024 Fall,2024-09-01,DEN,BSK,Hoops America Rec Network,Adult (18+),8122,2332,false
2024 Fall,2024-09-01,ORL,BSK,Hoops America Rec Network,Youth (U18),11570,3073,false
2024 Fall,2024-09-01,ORL,BSK,Hoops America Rec Network,Adult (18+),7713,2049,false
2024 Fall,2024-09-01,POR,BSK,Hoops America Rec Network,Youth (U18),9122,2255,false
2024 Fall,2024-09-01,POR,BSK,Hoops America Rec Network,Adult (18+),6082,1504,false
2024 Fall,2024-09-01,DET,BSK,Hoops America Rec Network,Youth (U18),16762,5171,false
2024 Fall,2024-09-01,DET,BSK,Hoops America Rec Network,Adult (18+),11175,3448,false
2024 Fall,2024-09-01,NSH,BSK,Hoops America Rec Network,Youth (U18),10556,3613,false
2024 Fall,2024-09-01,NSH,BSK,Hoops America Rec Network,Adult (18+),7037,2408,false
2024 Fall,2024-09-01,AUS,BSK,Hoops America Rec Network,Youth (U18),11656,4393,false
2024 Fall,2024-09-01,AUS,BSK,Hoops America Rec Network,Adult (18+),7771,2929,false
2024 Fall,2024-09-01,RDU,BSK,Hoops America Rec Network,Youth (U18),7463,2774,false
2024 Fall,2024-09-01,RDU,BSK,Hoops America Rec Network,Adult (18+),4975,1849,false
2024 Fall,2024-09-01,CLT,BSK,Hoops America Rec Network,Youth (U18),11596,4112,false
2024 Fall,2024-09-01,CLT,BSK,Hoops America Rec Network,Adult (18+),7731,2741,false
2024 Fall,2024-09-01,SAT,BSK,Hoops America Rec Network,Youth (U18),10499,2994,false
2024 Fall,2024-09-01,SAT,BSK,Hoops America Rec Network,Adult (18+),7000,1997,false
2024 Fall,2024-09-01,LAS,BSK,Hoops America Rec Network,Youth (U18),9535,2827,false
2024 Fall,2024-09-01,LAS,BSK,Hoops America Rec Network,Adult (18+),6357,1885,false
2024 Fall,2024-09-01,CMH,BSK,Hoops America Rec Network,Youth (U18),8893,2491,false
2024 Fall,2024-09-01,CMH,BSK,Hoops America Rec Network,Adult (18+),5928,1660,false
2024 Fall,2024-09-01,MCI,BSK,Hoops America Rec Network,Youth (U18),8652,2531,false
2024 Fall,2024-09-01,MCI,BSK,Hoops America Rec Network,Adult (18+),5768,1687,false
2024 Fall,2024-09-01,SLC,BSK,Hoops America Rec Network,Youth (U18),5332,1191,false
2024 Fall,2024-09-01,SLC,BSK,Hoops America Rec Network,Adult (18+),3555,795,false
2024 Fall,2024-09-01,JAX,BSK,Hoops America Rec Network,Youth (U18),6962,1987,false
2024 Fall,2024-09-01,JAX,BSK,Hoops America Rec Network,Adult (18+),4641,1324,false
2024 Fall,2024-09-01,BOI,BSK,Hoops America Rec Network,Youth (U18),3334,839,false
2024 Fall,2024-09-01,BOI,BSK,Hoops America Rec Network,Adult (18+),2223,560,false
2024 Fall,2024-09-01,NYC,BSB,Diamond Youth Baseball Federation,Youth (U18),10038,2513,false
2024 Fall,2024-09-01,NYC,BSB,Diamond Youth Baseball Federation,Adult (18+),4302,1077,false
2024 Fall,2024-09-01,LAX,BSB,Diamond Youth Baseball Federation,Youth (U18),6601,1884,false
2024 Fall,2024-09-01,LAX,BSB,Diamond Youth Baseball Federation,Adult (18+),2829,807,false
2024 Fall,2024-09-01,CHI,BSB,Diamond Youth Baseball Federation,Youth (U18),4424,825,false
2024 Fall,2024-09-01,CHI,BSB,Diamond Youth Baseball Federation,Adult (18+),1896,354,false
2024 Fall,2024-09-01,DFW,BSB,Diamond Youth Baseball Federation,Youth (U18),5518,1832,false
2024 Fall,2024-09-01,DFW,BSB,Diamond Youth Baseball Federation,Adult (18+),2365,785,false
2024 Fall,2024-09-01,HOU,BSB,Diamond Youth Baseball Federation,Youth (U18),5285,1594,false
2024 Fall,2024-09-01,HOU,BSB,Diamond Youth Baseball Federation,Adult (18+),2265,683,false
2024 Fall,2024-09-01,WAS,BSB,Diamond Youth Baseball Federation,Youth (U18),3325,1103,false
2024 Fall,2024-09-01,WAS,BSB,Diamond Youth Baseball Federation,Adult (18+),1425,472,false
2024 Fall,2024-09-01,PHL,BSB,Diamond Youth Baseball Federation,Youth (U18),2965,717,false
2024 Fall,2024-09-01,PHL,BSB,Diamond Youth Baseball Federation,Adult (18+),1271,308,false
2024 Fall,2024-09-01,ATL,BSB,Diamond Youth Baseball Federation,Youth (U18),4122,1284,false
2024 Fall,2024-09-01,ATL,BSB,Diamond Youth Baseball Federation,Adult (18+),1766,550,false
2024 Fall,2024-09-01,MIA,BSB,Diamond Youth Baseball Federation,Youth (U18),3968,1086,false
2024 Fall,2024-09-01,MIA,BSB,Diamond Youth Baseball Federation,Adult (18+),1701,466,false
2024 Fall,2024-09-01,PHX,BSB,Diamond Youth Baseball Federation,Youth (U18),3229,1053,false
2024 Fall,2024-09-01,PHX,BSB,Diamond Youth Baseball Federation,Adult (18+),1384,452,false
2024 Fall,2024-09-01,BOS,BSB,Diamond Youth Baseball Federation,Youth (U18),2446,701,false
2024 Fall,2024-09-01,BOS,BSB,Diamond Youth Baseball Federation,Adult (18+),1048,300,false
2024 Fall,2024-09-01,SFO,BSB,Diamond Youth Baseball Federation,Youth (U18),2171,608,false
2024 Fall,2024-09-01,SFO,BSB,Diamond Youth Baseball Federation,Adult (18+),930,260,false
2024 Fall,2024-09-01,SEA,BSB,Diamond Youth Baseball Federation,Youth (U18),1965,477,false
2024 Fall,2024-09-01,SEA,BSB,Diamond Youth Baseball Federation,Adult (18+),842,204,false
2024 Fall,2024-09-01,MSP,BSB,Diamond Youth Baseball Federation,Youth (U18),1772,400,false
2024 Fall,2024-09-01,MSP,BSB,Diamond Youth Baseball Federation,Adult (18+),759,171,false
2024 Fall,2024-09-01,SAN,BSB,Diamond Youth Baseball Federation,Youth (U18),1824,653,false
2024 Fall,2024-09-01,SAN,BSB,Diamond Youth Baseball Federation,Adult (18+),782,280,false
2024 Fall,2024-09-01,TPA,BSB,Diamond Youth Baseball Federation,Youth (U18),2331,611,false
2024 Fall,2024-09-01,TPA,BSB,Diamond Youth Baseball Federation,Adult (18+),999,262,false
2024 Fall,2024-09-01,DEN,BSB,Diamond Youth Baseball Federation,Youth (U18),1619,391,false
2024 Fall,2024-09-01,DEN,BSB,Diamond Youth Baseball Federation,Adult (18+),694,168,false
2024 Fall,2024-09-01,ORL,BSB,Diamond Youth Baseball Federation,Youth (U18),2015,596,false
2024 Fall,2024-09-01,ORL,BSB,Diamond Youth Baseball Federation,Adult (18+),863,255,false
2024 Fall,2024-09-01,POR,BSB,Diamond Youth Baseball Federation,Youth (U18),1228,260,false
2024 Fall,2024-09-01,POR,BSB,Diamond Youth Baseball Federation,Adult (18+),526,111,false
2024 Fall,2024-09-01,DET,BSB,Diamond Youth Baseball Federation,Youth (U18),1972,509,false
2024 Fall,2024-09-01,DET,BSB,Diamond Youth Baseball Federation,Adult (18+),845,218,false
2024 Fall,2024-09-01,NSH,BSB,Diamond Youth Baseball Federation,Youth (U18),1768,676,false
2024 Fall,2024-09-01,NSH,BSB,Diamond Youth Baseball Federation,Adult (18+),758,290,false
2024 Fall,2024-09-01,AUS,BSB,Diamond Youth Baseball Federation,Youth (U18),2118,777,false
2024 Fall,2024-09-01,AUS,BSB,Diamond Youth Baseball Federation,Adult (18+),908,333,false
2024 Fall,2024-09-01,RDU,BSB,Diamond Youth Baseball Federation,Youth (U18),1243,411,false
2024 Fall,2024-09-01,RDU,BSB,Diamond Youth Baseball Federation,Adult (18+),533,177,false
2024 Fall,2024-09-01,CLT,BSB,Diamond Youth Baseball Federation,Youth (U18),1929,596,false
2024 Fall,2024-09-01,CLT,BSB,Diamond Youth Baseball Federation,Adult (18+),827,255,false
2024 Fall,2024-09-01,SAT,BSB,Diamond Youth Baseball Federation,Youth (U18),1741,554,false
2024 Fall,2024-09-01,SAT,BSB,Diamond Youth Baseball Federation,Adult (18+),746,237,false
2024 Fall,2024-09-01,LAS,BSB,Diamond Youth Baseball Federation,Youth (U18),1337,294,false
2024 Fall,2024-09-01,LAS,BSB,Diamond Youth Baseball Federation,Adult (18+),573,127,false
2024 Fall,2024-09-01,CMH,BSB,Diamond Youth Baseball Federation,Youth (U18),1198,418,false
2024 Fall,2024-09-01,CMH,BSB,Diamond Youth Baseball Federation,Adult (18+),513,178,false
2024 Fall,2024-09-01,MCI,BSB,Diamond Youth Baseball Federation,Youth (U18),1090,312,false
2024 Fall,2024-09-01,MCI,BSB,Diamond Youth Baseball Federation,Adult (18+),467,134,false
2024 Fall,2024-09-01,SLC,BSB,Diamond Youth Baseball Federation,Youth (U18),656,170,false
2024 Fall,2024-09-01,SLC,BSB,Diamond Youth Baseball Federation,Adult (18+),281,73,false
2024 Fall,2024-09-01,JAX,BSB,Diamond Youth Baseball Federation,Youth (U18),1227,405,false
2024 Fall,2024-09-01,JAX,BSB,Diamond Youth Baseball Federation,Adult (18+),526,174,false
2024 Fall,2024-09-01,BOI,BSB,Diamond Youth Baseball Federation,Youth (U18),496,208,false
2024 Fall,2024-09-01,BOI,BSB,Diamond Youth Baseball Federation,Adult (18+),212,88,false
2024 Fall,2024-09-01,NYC,FTB,Gridiron Youth League Association,Youth (U18),34705,11203,false
2024 Fall,2024-09-01,NYC,FTB,Gridiron Youth League Association,Adult (18+),8676,2800,false
2024 Fall,2024-09-01,LAX,FTB,Gridiron Youth League Association,Youth (U18),20275,5384,false
2024 Fall,2024-09-01,LAX,FTB,Gridiron Youth League Association,Adult (18+),5069,1346,false
2024 Fall,2024-09-01,CHI,FTB,Gridiron Youth League Association,Youth (U18),13486,2074,false
2024 Fall,2024-09-01,CHI,FTB,Gridiron Youth League Association,Adult (18+),3372,519,false
2024 Fall,2024-09-01,DFW,FTB,Gridiron Youth League Association,Youth (U18),20311,6499,false
2024 Fall,2024-09-01,DFW,FTB,Gridiron Youth League Association,Adult (18+),5078,1625,false
2024 Fall,2024-09-01,HOU,FTB,Gridiron Youth League Association,Youth (U18),17608,4621,false
2024 Fall,2024-09-01,HOU,FTB,Gridiron Youth League Association,Adult (18+),4402,1156,false
2024 Fall,2024-09-01,WAS,FTB,Gridiron Youth League Association,Youth (U18),9921,2400,false
2024 Fall,2024-09-01,WAS,FTB,Gridiron Youth League Association,Adult (18+),2480,600,false
2024 Fall,2024-09-01,PHL,FTB,Gridiron Youth League Association,Youth (U18),9873,2708,false
2024 Fall,2024-09-01,PHL,FTB,Gridiron Youth League Association,Adult (18+),2468,677,false
2024 Fall,2024-09-01,ATL,FTB,Gridiron Youth League Association,Youth (U18),15529,4823,false
2024 Fall,2024-09-01,ATL,FTB,Gridiron Youth League Association,Adult (18+),3882,1206,false
2024 Fall,2024-09-01,MIA,FTB,Gridiron Youth League Association,Youth (U18),14015,3181,false
2024 Fall,2024-09-01,MIA,FTB,Gridiron Youth League Association,Adult (18+),3504,795,false
2024 Fall,2024-09-01,PHX,FTB,Gridiron Youth League Association,Youth (U18),8551,1682,false
2024 Fall,2024-09-01,PHX,FTB,Gridiron Youth League Association,Adult (18+),2138,421,false
2024 Fall,2024-09-01,BOS,FTB,Gridiron Youth League Association,Youth (U18),6837,1065,false
2024 Fall,2024-09-01,BOS,FTB,Gridiron Youth League Association,Adult (18+),1709,266,false
2024 Fall,2024-09-01,SFO,FTB,Gridiron Youth League Association,Youth (U18),7728,1995,false
2024 Fall,2024-09-01,SFO,FTB,Gridiron Youth League Association,Adult (18+),1932,499,false
2024 Fall,2024-09-01,SEA,FTB,Gridiron Youth League Association,Youth (U18),6341,1521,false
2024 Fall,2024-09-01,SEA,FTB,Gridiron Youth League Association,Adult (18+),1585,380,false
2024 Fall,2024-09-01,MSP,FTB,Gridiron Youth League Association,Youth (U18),6692,2242,false
2024 Fall,2024-09-01,MSP,FTB,Gridiron Youth League Association,Adult (18+),1673,561,false
2024 Fall,2024-09-01,SAN,FTB,Gridiron Youth League Association,Youth (U18),5424,1531,false
2024 Fall,2024-09-01,SAN,FTB,Gridiron Youth League Association,Adult (18+),1356,383,false
2024 Fall,2024-09-01,TPA,FTB,Gridiron Youth League Association,Youth (U18),8067,2349,false
2024 Fall,2024-09-01,TPA,FTB,Gridiron Youth League Association,Adult (18+),2017,587,false
2024 Fall,2024-09-01,DEN,FTB,Gridiron Youth League Association,Youth (U18),5337,1743,false
2024 Fall,2024-09-01,DEN,FTB,Gridiron Youth League Association,Adult (18+),1334,435,false
2024 Fall,2024-09-01,ORL,FTB,Gridiron Youth League Association,Youth (U18),6758,2360,false
2024 Fall,2024-09-01,ORL,FTB,Gridiron Youth League Association,Adult (18+),1689,590,false
2024 Fall,2024-09-01,POR,FTB,Gridiron Youth League Association,Youth (U18),4044,891,false
2024 Fall,2024-09-01,POR,FTB,Gridiron Youth League Association,Adult (18+),1011,223,false
2024 Fall,2024-09-01,DET,FTB,Gridiron Youth League Association,Youth (U18),6832,1156,false
2024 Fall,2024-09-01,DET,FTB,Gridiron Youth League Association,Adult (18+),1708,289,false
2024 Fall,2024-09-01,NSH,FTB,Gridiron Youth League Association,Youth (U18),6200,2102,false
2024 Fall,2024-09-01,NSH,FTB,Gridiron Youth League Association,Adult (18+),1550,525,false
2024 Fall,2024-09-01,AUS,FTB,Gridiron Youth League Association,Youth (U18),7859,2554,false
2024 Fall,2024-09-01,AUS,FTB,Gridiron Youth League Association,Adult (18+),1965,639,false
2024 Fall,2024-09-01,RDU,FTB,Gridiron Youth League Association,Youth (U18),4166,1133,false
2024 Fall,2024-09-01,RDU,FTB,Gridiron Youth League Association,Adult (18+),1042,284,false
2024 Fall,2024-09-01,CLT,FTB,Gridiron Youth League Association,Youth (U18),6836,2215,false
2024 Fall,2024-09-01,CLT,FTB,Gridiron Youth League Association,Adult (18+),1709,553,false
2024 Fall,2024-09-01,SAT,FTB,Gridiron Youth League Association,Youth (U18),6939,1832,false
2024 Fall,2024-09-01,SAT,FTB,Gridiron Youth League Association,Adult (18+),1735,458,false
2024 Fall,2024-09-01,LAS,FTB,Gridiron Youth League Association,Youth (U18),3426,343,false
2024 Fall,2024-09-01,LAS,FTB,Gridiron Youth League Association,Adult (18+),856,86,false
2024 Fall,2024-09-01,CMH,FTB,Gridiron Youth League Association,Youth (U18),3737,1100,false
2024 Fall,2024-09-01,CMH,FTB,Gridiron Youth League Association,Adult (18+),934,274,false
2024 Fall,2024-09-01,MCI,FTB,Gridiron Youth League Association,Youth (U18),3684,1013,false
2024 Fall,2024-09-01,MCI,FTB,Gridiron Youth League Association,Adult (18+),921,254,false
2024 Fall,2024-09-01,SLC,FTB,Gridiron Youth League Association,Youth (U18),2293,598,false
2024 Fall,2024-09-01,SLC,FTB,Gridiron Youth League Association,Adult (18+),573,150,false
2024 Fall,2024-09-01,JAX,FTB,Gridiron Youth League Association,Youth (U18),4190,965,false
2024 Fall,2024-09-01,JAX,FTB,Gridiron Youth League Association,Adult (18+),1047,241,false
2024 Fall,2024-09-01,BOI,FTB,Gridiron Youth League Association,Youth (U18),1512,470,false
2024 Fall,2024-09-01,BOI,FTB,Gridiron Youth League Association,Adult (18+),378,117,false
2024 Fall,2024-09-01,NYC,TEN,Community Tennis League of America,Youth (U18),12519,3711,false
2024 Fall,2024-09-01,NYC,TEN,Community Tennis League of America,Adult (18+),29211,8659,false
2024 Fall,2024-09-01,LAX,TEN,Community Tennis League of America,Youth (U18),7694,1607,false
2024 Fall,2024-09-01,LAX,TEN,Community Tennis League of America,Adult (18+),17953,3751,false
2024 Fall,2024-09-01,CHI,TEN,Community Tennis League of America,Youth (U18),5731,1396,false
2024 Fall,2024-09-01,CHI,TEN,Community Tennis League of America,Adult (18+),13371,3256,false
2024 Fall,2024-09-01,DFW,TEN,Community Tennis League of America,Youth (U18),4746,939,false
2024 Fall,2024-09-01,DFW,TEN,Community Tennis League of America,Adult (18+),11075,2191,false
2024 Fall,2024-09-01,HOU,TEN,Community Tennis League of America,Youth (U18),4432,910,false
2024 Fall,2024-09-01,HOU,TEN,Community Tennis League of America,Adult (18+),10340,2123,false
2024 Fall,2024-09-01,WAS,TEN,Community Tennis League of America,Youth (U18),3716,656,false
2024 Fall,2024-09-01,WAS,TEN,Community Tennis League of America,Adult (18+),8671,1531,false
2024 Fall,2024-09-01,PHL,TEN,Community Tennis League of America,Youth (U18),4111,1228,false
2024 Fall,2024-09-01,PHL,TEN,Community Tennis League of America,Adult (18+),9593,2867,false
2024 Fall,2024-09-01,ATL,TEN,Community Tennis League of America,Youth (U18),3756,862,false
2024 Fall,2024-09-01,ATL,TEN,Community Tennis League of America,Adult (18+),8763,2009,false
2024 Fall,2024-09-01,MIA,TEN,Community Tennis League of America,Youth (U18),3522,751,false
2024 Fall,2024-09-01,MIA,TEN,Community Tennis League of America,Adult (18+),8218,1752,false
2024 Fall,2024-09-01,PHX,TEN,Community Tennis League of America,Youth (U18),3042,745,false
2024 Fall,2024-09-01,PHX,TEN,Community Tennis League of America,Adult (18+),7098,1740,false
2024 Fall,2024-09-01,BOS,TEN,Community Tennis League of America,Youth (U18),3176,953,false
2024 Fall,2024-09-01,BOS,TEN,Community Tennis League of America,Adult (18+),7410,2223,false
2024 Fall,2024-09-01,SFO,TEN,Community Tennis League of America,Youth (U18),2825,596,false
2024 Fall,2024-09-01,SFO,TEN,Community Tennis League of America,Adult (18+),6591,1390,false
2024 Fall,2024-09-01,SEA,TEN,Community Tennis League of America,Youth (U18),2621,806,false
2024 Fall,2024-09-01,SEA,TEN,Community Tennis League of America,Adult (18+),6116,1880,false
2024 Fall,2024-09-01,MSP,TEN,Community Tennis League of America,Youth (U18),2470,728,false
2024 Fall,2024-09-01,MSP,TEN,Community Tennis League of America,Adult (18+),5763,1699,false
2024 Fall,2024-09-01,SAN,TEN,Community Tennis League of America,Youth (U18),1912,424,false
2024 Fall,2024-09-01,SAN,TEN,Community Tennis League of America,Adult (18+),4460,988,false
2024 Fall,2024-09-01,TPA,TEN,Community Tennis League of America,Youth (U18),1893,402,false
2024 Fall,2024-09-01,TPA,TEN,Community Tennis League of America,Adult (18+),4418,938,false
2024 Fall,2024-09-01,DEN,TEN,Community Tennis League of America,Youth (U18),1887,470,false
2024 Fall,2024-09-01,DEN,TEN,Community Tennis League of America,Adult (18+),4404,1097,false
2024 Fall,2024-09-01,ORL,TEN,Community Tennis League of America,Youth (U18),1729,536,false
2024 Fall,2024-09-01,ORL,TEN,Community Tennis League of America,Adult (18+),4034,1250,false
2024 Fall,2024-09-01,POR,TEN,Community Tennis League of America,Youth (U18),1673,494,false
2024 Fall,2024-09-01,POR,TEN,Community Tennis League of America,Adult (18+),3904,1153,false
2024 Fall,2024-09-01,DET,TEN,Community Tennis League of America,Youth (U18),2448,593,false
2024 Fall,2024-09-01,DET,TEN,Community Tennis League of America,Adult (18+),5712,1383,false
2024 Fall,2024-09-01,NSH,TEN,Community Tennis League of America,Youth (U18),1714,663,false
2024 Fall,2024-09-01,NSH,TEN,Community Tennis League of America,Adult (18+),4000,1547,false
2024 Fall,2024-09-01,AUS,TEN,Community Tennis League of America,Youth (U18),1746,532,false
2024 Fall,2024-09-01,AUS,TEN,Community Tennis League of America,Adult (18+),4075,1243,false
2024 Fall,2024-09-01,RDU,TEN,Community Tennis League of America,Youth (U18),1095,339,false
2024 Fall,2024-09-01,RDU,TEN,Community Tennis League of America,Adult (18+),2556,792,false
2024 Fall,2024-09-01,CLT,TEN,Community Tennis League of America,Youth (U18),1641,417,false
2024 Fall,2024-09-01,CLT,TEN,Community Tennis League of America,Adult (18+),3829,973,false
2024 Fall,2024-09-01,SAT,TEN,Community Tennis League of America,Youth (U18),1627,432,false
2024 Fall,2024-09-01,SAT,TEN,Community Tennis League of America,Adult (18+),3796,1007,false
2024 Fall,2024-09-01,LAS,TEN,Community Tennis League of America,Youth (U18),1404,380,false
2024 Fall,2024-09-01,LAS,TEN,Community Tennis League of America,Adult (18+),3276,887,false
2024 Fall,2024-09-01,CMH,TEN,Community Tennis League of America,Youth (U18),1355,345,false
2024 Fall,2024-09-01,CMH,TEN,Community Tennis League of America,Adult (18+),3162,804,false
2024 Fall,2024-09-01,MCI,TEN,Community Tennis League of America,Youth (U18),1236,234,false
2024 Fall,2024-09-01,MCI,TEN,Community Tennis League of America,Adult (18+),2885,549,false
2024 Fall,2024-09-01,SLC,TEN,Community Tennis League of America,Youth (U18),857,179,false
2024 Fall,2024-09-01,SLC,TEN,Community Tennis League of America,Adult (18+),2000,418,false
2024 Fall,2024-09-01,JAX,TEN,Community Tennis League of America,Youth (U18),967,210,false
2024 Fall,2024-09-01,JAX,TEN,Community Tennis League of America,Adult (18+),2256,491,false
2024 Fall,2024-09-01,BOI,TEN,Community Tennis League of America,Youth (U18),525,154,false
2024 Fall,2024-09-01,BOI,TEN,Community Tennis League of America,Adult (18+),1225,359,false
2024 Fall,2024-09-01,NYC,PKB,American Pickleball League Network,Youth (U18),2080,973,false
2024 Fall,2024-09-01,NYC,PKB,American Pickleball League Network,Adult (18+),39511,18473,false
2024 Fall,2024-09-01,LAX,PKB,American Pickleball League Network,Youth (U18),1347,613,false
2024 Fall,2024-09-01,LAX,PKB,American Pickleball League Network,Adult (18+),25593,11646,false
2024 Fall,2024-09-01,CHI,PKB,American Pickleball League Network,Youth (U18),917,425,false
2024 Fall,2024-09-01,CHI,PKB,American Pickleball League Network,Adult (18+),17425,8084,false
2024 Fall,2024-09-01,DFW,PKB,American Pickleball League Network,Youth (U18),1480,635,false
2024 Fall,2024-09-01,DFW,PKB,American Pickleball League Network,Adult (18+),28115,12065,false
2024 Fall,2024-09-01,HOU,PKB,American Pickleball League Network,Youth (U18),1326,597,false
2024 Fall,2024-09-01,HOU,PKB,American Pickleball League Network,Adult (18+),25196,11332,false
2024 Fall,2024-09-01,WAS,PKB,American Pickleball League Network,Youth (U18),619,258,false
2024 Fall,2024-09-01,WAS,PKB,American Pickleball League Network,Adult (18+),11753,4888,false
2024 Fall,2024-09-01,PHL,PKB,American Pickleball League Network,Youth (U18),643,294,false
2024 Fall,2024-09-01,PHL,PKB,American Pickleball League Network,Adult (18+),12226,5589,false
2024 Fall,2024-09-01,ATL,PKB,American Pickleball League Network,Youth (U18),1203,566,false
2024 Fall,2024-09-01,ATL,PKB,American Pickleball League Network,Adult (18+),22848,10740,false
2024 Fall,2024-09-01,MIA,PKB,American Pickleball League Network,Youth (U18),1174,510,false
2024 Fall,2024-09-01,MIA,PKB,American Pickleball League Network,Adult (18+),22313,9705,false
2024 Fall,2024-09-01,PHX,PKB,American Pickleball League Network,Youth (U18),1277,587,false
2024 Fall,2024-09-01,PHX,PKB,American Pickleball League Network,Adult (18+),24256,11152,false
2024 Fall,2024-09-01,BOS,PKB,American Pickleball League Network,Youth (U18),560,258,false
2024 Fall,2024-09-01,BOS,PKB,American Pickleball League Network,Adult (18+),10631,4888,false
2024 Fall,2024-09-01,SFO,PKB,American Pickleball League Network,Youth (U18),429,144,false
2024 Fall,2024-09-01,SFO,PKB,American Pickleball League Network,Adult (18+),8154,2734,false
2024 Fall,2024-09-01,SEA,PKB,American Pickleball League Network,Youth (U18),431,215,false
2024 Fall,2024-09-01,SEA,PKB,American Pickleball League Network,Adult (18+),8189,4083,false
2024 Fall,2024-09-01,MSP,PKB,American Pickleball League Network,Youth (U18),377,162,false
2024 Fall,2024-09-01,MSP,PKB,American Pickleball League Network,Adult (18+),7171,3081,false
2024 Fall,2024-09-01,SAN,PKB,American Pickleball League Network,Youth (U18),323,124,false
2024 Fall,2024-09-01,SAN,PKB,American Pickleball League Network,Adult (18+),6145,2351,false
2024 Fall,2024-09-01,TPA,PKB,American Pickleball League Network,Youth (U18),864,471,false
2024 Fall,2024-09-01,TPA,PKB,American Pickleball League Network,Adult (18+),16425,8954,false
2024 Fall,2024-09-01,DEN,PKB,American Pickleball League Network,Youth (U18),331,137,false
2024 Fall,2024-09-01,DEN,PKB,American Pickleball League Network,Adult (18+),6290,2617,false
2024 Fall,2024-09-01,ORL,PKB,American Pickleball League Network,Youth (U18),568,209,false
2024 Fall,2024-09-01,ORL,PKB,American Pickleball League Network,Adult (18+),10788,3962,false
2024 Fall,2024-09-01,POR,PKB,American Pickleball League Network,Youth (U18),261,110,false
2024 Fall,2024-09-01,POR,PKB,American Pickleball League Network,Adult (18+),4965,2096,false
2024 Fall,2024-09-01,DET,PKB,American Pickleball League Network,Youth (U18),441,166,false
2024 Fall,2024-09-01,DET,PKB,American Pickleball League Network,Adult (18+),8380,3152,false
2024 Fall,2024-09-01,NSH,PKB,American Pickleball League Network,Youth (U18),495,248,false
2024 Fall,2024-09-01,NSH,PKB,American Pickleball League Network,Adult (18+),9407,4718,false
2024 Fall,2024-09-01,AUS,PKB,American Pickleball League Network,Youth (U18),582,295,false
2024 Fall,2024-09-01,AUS,PKB,American Pickleball League Network,Adult (18+),11060,5604,false
2024 Fall,2024-09-01,RDU,PKB,American Pickleball League Network,Youth (U18),360,163,false
2024 Fall,2024-09-01,RDU,PKB,American Pickleball League Network,Adult (18+),6849,3094,false
2024 Fall,2024-09-01,CLT,PKB,American Pickleball League Network,Youth (U18),539,227,false
2024 Fall,2024-09-01,CLT,PKB,American Pickleball League Network,Adult (18+),10237,4298,false
2024 Fall,2024-09-01,SAT,PKB,American Pickleball League Network,Youth (U18),501,217,false
2024 Fall,2024-09-01,SAT,PKB,American Pickleball League Network,Adult (18+),9515,4114,false
2024 Fall,2024-09-01,LAS,PKB,American Pickleball League Network,Youth (U18),514,227,false
2024 Fall,2024-09-01,LAS,PKB,American Pickleball League Network,Adult (18+),9774,4310,false
2024 Fall,2024-09-01,CMH,PKB,American Pickleball League Network,Youth (U18),217,90,false
2024 Fall,2024-09-01,CMH,PKB,American Pickleball League Network,Adult (18+),4132,1711,false
2024 Fall,2024-09-01,MCI,PKB,American Pickleball League Network,Youth (U18),247,107,false
2024 Fall,2024-09-01,MCI,PKB,American Pickleball League Network,Adult (18+),4696,2038,false
2024 Fall,2024-09-01,SLC,PKB,American Pickleball League Network,Youth (U18),161,70,false
2024 Fall,2024-09-01,SLC,PKB,American Pickleball League Network,Adult (18+),3068,1332,false
2024 Fall,2024-09-01,JAX,PKB,American Pickleball League Network,Youth (U18),351,159,false
2024 Fall,2024-09-01,JAX,PKB,American Pickleball League Network,Adult (18+),6660,3024,false
2024 Fall,2024-09-01,BOI,PKB,American Pickleball League Network,Youth (U18),98,39,false
2024 Fall,2024-09-01,BOI,PKB,American Pickleball League Network,Adult (18+),1859,740,false
2024 Fall,2024-09-01,NYC,PDL,US Padel Circuit,Youth (U18),222,172,false
2024 Fall,2024-09-01,NYC,PDL,US Padel Circuit,Adult (18+),4223,3271,false
2024 Fall,2024-09-01,LAX,PDL,US Padel Circuit,Youth (U18),124,94,false
2024 Fall,2024-09-01,LAX,PDL,US Padel Circuit,Adult (18+),2357,1795,false
2024 Fall,2024-09-01,CHI,PDL,US Padel Circuit,Youth (U18),13,10,false
2024 Fall,2024-09-01,CHI,PDL,US Padel Circuit,Adult (18+),256,200,false
2024 Fall,2024-09-01,DFW,PDL,US Padel Circuit,Youth (U18),66,51,false
2024 Fall,2024-09-01,DFW,PDL,US Padel Circuit,Adult (18+),1257,968,false
2024 Fall,2024-09-01,HOU,PDL,US Padel Circuit,Youth (U18),50,37,false
2024 Fall,2024-09-01,HOU,PDL,US Padel Circuit,Adult (18+),953,712,false
2024 Fall,2024-09-01,WAS,PDL,US Padel Circuit,Youth (U18),9,7,false
2024 Fall,2024-09-01,WAS,PDL,US Padel Circuit,Adult (18+),175,131,false
2024 Fall,2024-09-01,PHL,PDL,US Padel Circuit,Youth (U18),9,7,false
2024 Fall,2024-09-01,PHL,PDL,US Padel Circuit,Adult (18+),171,128,false
2024 Fall,2024-09-01,ATL,PDL,US Padel Circuit,Youth (U18),10,8,false
2024 Fall,2024-09-01,ATL,PDL,US Padel Circuit,Adult (18+),186,141,false
2024 Fall,2024-09-01,MIA,PDL,US Padel Circuit,Youth (U18),132,100,false
2024 Fall,2024-09-01,MIA,PDL,US Padel Circuit,Adult (18+),2517,1904,false
2024 Fall,2024-09-01,PHX,PDL,US Padel Circuit,Youth (U18),8,6,false
2024 Fall,2024-09-01,PHX,PDL,US Padel Circuit,Adult (18+),155,120,false
2024 Fall,2024-09-01,BOS,PDL,US Padel Circuit,Youth (U18),7,6,false
2024 Fall,2024-09-01,BOS,PDL,US Padel Circuit,Adult (18+),129,98,false
2024 Fall,2024-09-01,SFO,PDL,US Padel Circuit,Youth (U18),7,6,false
2024 Fall,2024-09-01,SFO,PDL,US Padel Circuit,Adult (18+),132,103,false
2024 Fall,2024-09-01,SEA,PDL,US Padel Circuit,Youth (U18),7,6,false
2024 Fall,2024-09-01,SEA,PDL,US Padel Circuit,Adult (18+),125,97,false
2024 Fall,2024-09-01,MSP,PDL,US Padel Circuit,Youth (U18),5,4,false
2024 Fall,2024-09-01,MSP,PDL,US Padel Circuit,Adult (18+),99,75,false
2024 Fall,2024-09-01,SAN,PDL,US Padel Circuit,Youth (U18),16,12,false
2024 Fall,2024-09-01,SAN,PDL,US Padel Circuit,Adult (18+),301,216,false
2024 Fall,2024-09-01,TPA,PDL,US Padel Circuit,Youth (U18),5,4,false
2024 Fall,2024-09-01,TPA,PDL,US Padel Circuit,Adult (18+),91,67,false
2024 Fall,2024-09-01,DEN,PDL,US Padel Circuit,Youth (U18),4,3,false
2024 Fall,2024-09-01,DEN,PDL,US Padel Circuit,Adult (18+),84,63,false
2024 Fall,2024-09-01,ORL,PDL,US Padel Circuit,Youth (U18),4,3,false
2024 Fall,2024-09-01,ORL,PDL,US Padel Circuit,Adult (18+),78,58,false
2024 Fall,2024-09-01,POR,PDL,US Padel Circuit,Youth (U18),3,2,false
2024 Fall,2024-09-01,POR,PDL,US Padel Circuit,Adult (18+),66,52,false
2024 Fall,2024-09-01,DET,PDL,US Padel Circuit,Youth (U18),6,5,false
2024 Fall,2024-09-01,DET,PDL,US Padel Circuit,Adult (18+),117,89,false
2024 Fall,2024-09-01,NSH,PDL,US Padel Circuit,Youth (U18),16,12,false
2024 Fall,2024-09-01,NSH,PDL,US Padel Circuit,Adult (18+),310,241,false
2024 Fall,2024-09-01,AUS,PDL,US Padel Circuit,Youth (U18),53,41,false
2024 Fall,2024-09-01,AUS,PDL,US Padel Circuit,Adult (18+),999,782,false
2024 Fall,2024-09-01,RDU,PDL,US Padel Circuit,Youth (U18),3,2,false
2024 Fall,2024-09-01,RDU,PDL,US Padel Circuit,Adult (18+),54,42,false
2024 Fall,2024-09-01,CLT,PDL,US Padel Circuit,Youth (U18),4,3,false
2024 Fall,2024-09-01,CLT,PDL,US Padel Circuit,Adult (18+),72,53,false
2024 Fall,2024-09-01,SAT,PDL,US Padel Circuit,Youth (U18),4,3,false
2024 Fall,2024-09-01,SAT,PDL,US Padel Circuit,Adult (18+),71,54,false
2024 Fall,2024-09-01,LAS,PDL,US Padel Circuit,Youth (U18),3,2,false
2024 Fall,2024-09-01,LAS,PDL,US Padel Circuit,Adult (18+),65,49,false
2024 Fall,2024-09-01,CMH,PDL,US Padel Circuit,Youth (U18),3,2,false
2024 Fall,2024-09-01,CMH,PDL,US Padel Circuit,Adult (18+),64,48,false
2024 Fall,2024-09-01,MCI,PDL,US Padel Circuit,Youth (U18),4,3,false
2024 Fall,2024-09-01,MCI,PDL,US Padel Circuit,Adult (18+),67,53,false
2024 Fall,2024-09-01,SLC,PDL,US Padel Circuit,Youth (U18),2,1,false
2024 Fall,2024-09-01,SLC,PDL,US Padel Circuit,Adult (18+),43,34,false
2024 Fall,2024-09-01,JAX,PDL,US Padel Circuit,Youth (U18),3,2,false
2024 Fall,2024-09-01,JAX,PDL,US Padel Circuit,Adult (18+),53,41,false
2024 Fall,2024-09-01,BOI,PDL,US Padel Circuit,Youth (U18),1,1,false
2024 Fall,2024-09-01,BOI,PDL,US Padel Circuit,Adult (18+),24,18,false
2024 Fall,2024-09-01,NYC,LAX,US Lacrosse Club Network,Youth (U18),5010,1325,false
2024 Fall,2024-09-01,NYC,LAX,US Lacrosse Club Network,Adult (18+),2147,568,false
2024 Fall,2024-09-01,LAX,LAX,US Lacrosse Club Network,Youth (U18),1176,400,false
2024 Fall,2024-09-01,LAX,LAX,US Lacrosse Club Network,Adult (18+),504,171,false
2024 Fall,2024-09-01,CHI,LAX,US Lacrosse Club Network,Youth (U18),1208,361,false
2024 Fall,2024-09-01,CHI,LAX,US Lacrosse Club Network,Adult (18+),518,155,false
2024 Fall,2024-09-01,DFW,LAX,US Lacrosse Club Network,Youth (U18),832,328,false
2024 Fall,2024-09-01,DFW,LAX,US Lacrosse Club Network,Adult (18+),356,140,false
2024 Fall,2024-09-01,HOU,LAX,US Lacrosse Club Network,Youth (U18),664,143,false
2024 Fall,2024-09-01,HOU,LAX,US Lacrosse Club Network,Adult (18+),285,62,false
2024 Fall,2024-09-01,WAS,LAX,US Lacrosse Club Network,Youth (U18),2382,804,false
2024 Fall,2024-09-01,WAS,LAX,US Lacrosse Club Network,Adult (18+),1021,345,false
2024 Fall,2024-09-01,PHL,LAX,US Lacrosse Club Network,Youth (U18),1660,360,false
2024 Fall,2024-09-01,PHL,LAX,US Lacrosse Club Network,Adult (18+),712,155,false
2024 Fall,2024-09-01,ATL,LAX,US Lacrosse Club Network,Youth (U18),1267,391,false
2024 Fall,2024-09-01,ATL,LAX,US Lacrosse Club Network,Adult (18+),543,167,false
2024 Fall,2024-09-01,MIA,LAX,US Lacrosse Club Network,Youth (U18),900,206,false
2024 Fall,2024-09-01,MIA,LAX,US Lacrosse Club Network,Adult (18+),386,89,false
2024 Fall,2024-09-01,PHX,LAX,US Lacrosse Club Network,Youth (U18),415,126,false
2024 Fall,2024-09-01,PHX,LAX,US Lacrosse Club Network,Adult (18+),178,54,false
2024 Fall,2024-09-01,BOS,LAX,US Lacrosse Club Network,Youth (U18),1618,526,false
2024 Fall,2024-09-01,BOS,LAX,US Lacrosse Club Network,Adult (18+),694,226,false
2024 Fall,2024-09-01,SFO,LAX,US Lacrosse Club Network,Youth (U18),423,131,false
2024 Fall,2024-09-01,SFO,LAX,US Lacrosse Club Network,Adult (18+),181,56,false
2024 Fall,2024-09-01,SEA,LAX,US Lacrosse Club Network,Youth (U18),372,130,false
2024 Fall,2024-09-01,SEA,LAX,US Lacrosse Club Network,Adult (18+),159,55,false
2024 Fall,2024-09-01,MSP,LAX,US Lacrosse Club Network,Youth (U18),471,173,false
2024 Fall,2024-09-01,MSP,LAX,US Lacrosse Club Network,Adult (18+),202,74,false
2024 Fall,2024-09-01,SAN,LAX,US Lacrosse Club Network,Youth (U18),283,53,false
2024 Fall,2024-09-01,SAN,LAX,US Lacrosse Club Network,Adult (18+),121,22,false
2024 Fall,2024-09-01,TPA,LAX,US Lacrosse Club Network,Youth (U18),530,159,false
2024 Fall,2024-09-01,TPA,LAX,US Lacrosse Club Network,Adult (18+),227,68,false
2024 Fall,2024-09-01,DEN,LAX,US Lacrosse Club Network,Youth (U18),801,324,false
2024 Fall,2024-09-01,DEN,LAX,US Lacrosse Club Network,Adult (18+),343,139,false
2024 Fall,2024-09-01,ORL,LAX,US Lacrosse Club Network,Youth (U18),476,153,false
2024 Fall,2024-09-01,ORL,LAX,US Lacrosse Club Network,Adult (18+),204,66,false
2024 Fall,2024-09-01,POR,LAX,US Lacrosse Club Network,Youth (U18),227,71,false
2024 Fall,2024-09-01,POR,LAX,US Lacrosse Club Network,Adult (18+),97,30,false
2024 Fall,2024-09-01,DET,LAX,US Lacrosse Club Network,Youth (U18),527,185,false
2024 Fall,2024-09-01,DET,LAX,US Lacrosse Club Network,Adult (18+),226,79,false
2024 Fall,2024-09-01,NSH,LAX,US Lacrosse Club Network,Youth (U18),659,228,false
2024 Fall,2024-09-01,NSH,LAX,US Lacrosse Club Network,Adult (18+),282,97,false
2024 Fall,2024-09-01,AUS,LAX,US Lacrosse Club Network,Youth (U18),298,113,false
2024 Fall,2024-09-01,AUS,LAX,US Lacrosse Club Network,Adult (18+),128,49,false
2024 Fall,2024-09-01,RDU,LAX,US Lacrosse Club Network,Youth (U18),619,273,false
2024 Fall,2024-09-01,RDU,LAX,US Lacrosse Club Network,Adult (18+),265,117,false
2024 Fall,2024-09-01,CLT,LAX,US Lacrosse Club Network,Youth (U18),669,246,false
2024 Fall,2024-09-01,CLT,LAX,US Lacrosse Club Network,Adult (18+),287,106,false
2024 Fall,2024-09-01,SAT,LAX,US Lacrosse Club Network,Youth (U18),238,79,false
2024 Fall,2024-09-01,SAT,LAX,US Lacrosse Club Network,Adult (18+),102,34,false
2024 Fall,2024-09-01,LAS,LAX,US Lacrosse Club Network,Youth (U18),159,32,false
2024 Fall,2024-09-01,LAS,LAX,US Lacrosse Club Network,Adult (18+),68,13,false
2024 Fall,2024-09-01,CMH,LAX,US Lacrosse Club Network,Youth (U18),281,86,false
2024 Fall,2024-09-01,CMH,LAX,US Lacrosse Club Network,Adult (18+),120,36,false
2024 Fall,2024-09-01,MCI,LAX,US Lacrosse Club Network,Youth (U18),292,117,false
2024 Fall,2024-09-01,MCI,LAX,US Lacrosse Club Network,Adult (18+),125,50,false
2024 Fall,2024-09-01,SLC,LAX,US Lacrosse Club Network,Youth (U18),297,103,false
2024 Fall,2024-09-01,SLC,LAX,US Lacrosse Club Network,Adult (18+),127,43,false
2024 Fall,2024-09-01,JAX,LAX,US Lacrosse Club Network,Youth (U18),300,116,false
2024 Fall,2024-09-01,JAX,LAX,US Lacrosse Club Network,Adult (18+),129,50,false
2024 Fall,2024-09-01,BOI,LAX,US Lacrosse Club Network,Youth (U18),180,60,false
2024 Fall,2024-09-01,BOI,LAX,US Lacrosse Club Network,Adult (18+),77,26,false
2024 Fall,2024-09-01,NYC,HKY,Amateur Hockey Federation,Youth (U18),17182,4686,false
2024 Fall,2024-09-01,NYC,HKY,Amateur Hockey Federation,Adult (18+),11455,3124,false
2024 Fall,2024-09-01,LAX,HKY,Amateur Hockey Federation,Youth (U18),5489,1894,false
2024 Fall,2024-09-01,LAX,HKY,Amateur Hockey Federation,Adult (18+),3660,1264,false
2024 Fall,2024-09-01,CHI,HKY,Amateur Hockey Federation,Youth (U18),9151,3464,false
2024 Fall,2024-09-01,CHI,HKY,Amateur Hockey Federation,Adult (18+),6101,2309,false
2024 Fall,2024-09-01,DFW,HKY,Amateur Hockey Federation,Youth (U18),2048,686,false
2024 Fall,2024-09-01,DFW,HKY,Amateur Hockey Federation,Adult (18+),1365,456,false
2024 Fall,2024-09-01,HOU,HKY,Amateur Hockey Federation,Youth (U18),1886,569,false
2024 Fall,2024-09-01,HOU,HKY,Amateur Hockey Federation,Adult (18+),1257,379,false
2024 Fall,2024-09-01,WAS,HKY,Amateur Hockey Federation,Youth (U18),5992,2158,false
2024 Fall,2024-09-01,WAS,HKY,Amateur Hockey Federation,Adult (18+),3995,1439,false
2024 Fall,2024-09-01,PHL,HKY,Amateur Hockey Federation,Youth (U18),5804,1713,false
2024 Fall,2024-09-01,PHL,HKY,Amateur Hockey Federation,Adult (18+),3869,1142,false
2024 Fall,2024-09-01,ATL,HKY,Amateur Hockey Federation,Youth (U18),1369,416,false
2024 Fall,2024-09-01,ATL,HKY,Amateur Hockey Federation,Adult (18+),913,278,false
2024 Fall,2024-09-01,MIA,HKY,Amateur Hockey Federation,Youth (U18),1187,394,false
2024 Fall,2024-09-01,MIA,HKY,Amateur Hockey Federation,Adult (18+),791,262,false
2024 Fall,2024-09-01,PHX,HKY,Amateur Hockey Federation,Youth (U18),1491,585,false
2024 Fall,2024-09-01,PHX,HKY,Amateur Hockey Federation,Adult (18+),994,390,false
2024 Fall,2024-09-01,BOS,HKY,Amateur Hockey Federation,Youth (U18),5670,1510,false
2024 Fall,2024-09-01,BOS,HKY,Amateur Hockey Federation,Adult (18+),3780,1007,false
2024 Fall,2024-09-01,SFO,HKY,Amateur Hockey Federation,Youth (U18),1910,574,false
2024 Fall,2024-09-01,SFO,HKY,Amateur Hockey Federation,Adult (18+),1273,382,false
2024 Fall,2024-09-01,SEA,HKY,Amateur Hockey Federation,Youth (U18),1613,414,false
2024 Fall,2024-09-01,SEA,HKY,Amateur Hockey Federation,Adult (18+),1075,276,false
2024 Fall,2024-09-01,MSP,HKY,Amateur Hockey Federation,Youth (U18),5847,1395,false
2024 Fall,2024-09-01,MSP,HKY,Amateur Hockey Federation,Adult (18+),3898,930,false
2024 Fall,2024-09-01,SAN,HKY,Amateur Hockey Federation,Youth (U18),1356,429,false
2024 Fall,2024-09-01,SAN,HKY,Amateur Hockey Federation,Adult (18+),904,286,false
2024 Fall,2024-09-01,TPA,HKY,Amateur Hockey Federation,Youth (U18),727,227,false
2024 Fall,2024-09-01,TPA,HKY,Amateur Hockey Federation,Adult (18+),485,152,false
2024 Fall,2024-09-01,DEN,HKY,Amateur Hockey Federation,Youth (U18),1994,782,false
2024 Fall,2024-09-01,DEN,HKY,Amateur Hockey Federation,Adult (18+),1330,522,false
2024 Fall,2024-09-01,ORL,HKY,Amateur Hockey Federation,Youth (U18),560,145,false
2024 Fall,2024-09-01,ORL,HKY,Amateur Hockey Federation,Adult (18+),374,98,false
2024 Fall,2024-09-01,POR,HKY,Amateur Hockey Federation,Youth (U18),1057,347,false
2024 Fall,2024-09-01,POR,HKY,Amateur Hockey Federation,Adult (18+),704,231,false
2024 Fall,2024-09-01,DET,HKY,Amateur Hockey Federation,Youth (U18),5304,1428,false
2024 Fall,2024-09-01,DET,HKY,Amateur Hockey Federation,Adult (18+),3536,953,false
2024 Fall,2024-09-01,NSH,HKY,Amateur Hockey Federation,Youth (U18),543,203,false
2024 Fall,2024-09-01,NSH,HKY,Amateur Hockey Federation,Adult (18+),362,135,false
2024 Fall,2024-09-01,AUS,HKY,Amateur Hockey Federation,Youth (U18),820,327,false
2024 Fall,2024-09-01,AUS,HKY,Amateur Hockey Federation,Adult (18+),546,217,false
2024 Fall,2024-09-01,RDU,HKY,Amateur Hockey Federation,Youth (U18),371,124,false
2024 Fall,2024-09-01,RDU,HKY,Amateur Hockey Federation,Adult (18+),247,82,false
2024 Fall,2024-09-01,CLT,HKY,Amateur Hockey Federation,Youth (U18),569,168,false
2024 Fall,2024-09-01,CLT,HKY,Amateur Hockey Federation,Adult (18+),380,112,false
2024 Fall,2024-09-01,SAT,HKY,Amateur Hockey Federation,Youth (U18),665,198,false
2024 Fall,2024-09-01,SAT,HKY,Amateur Hockey Federation,Adult (18+),443,132,false
2024 Fall,2024-09-01,LAS,HKY,Amateur Hockey Federation,Youth (U18),578,144,false
2024 Fall,2024-09-01,LAS,HKY,Amateur Hockey Federation,Adult (18+),386,97,false
2024 Fall,2024-09-01,CMH,HKY,Amateur Hockey Federation,Youth (U18),2240,706,false
2024 Fall,2024-09-01,CMH,HKY,Amateur Hockey Federation,Adult (18+),1494,472,false
2024 Fall,2024-09-01,MCI,HKY,Amateur Hockey Federation,Youth (U18),2295,836,false
2024 Fall,2024-09-01,MCI,HKY,Amateur Hockey Federation,Adult (18+),1530,557,false
2024 Fall,2024-09-01,SLC,HKY,Amateur Hockey Federation,Youth (U18),894,304,false
2024 Fall,2024-09-01,SLC,HKY,Amateur Hockey Federation,Adult (18+),596,203,false
2024 Fall,2024-09-01,JAX,HKY,Amateur Hockey Federation,Youth (U18),368,107,false
2024 Fall,2024-09-01,JAX,HKY,Amateur Hockey Federation,Adult (18+),245,71,false
2024 Fall,2024-09-01,BOI,HKY,Amateur Hockey Federation,Youth (U18),608,241,false
2024 Fall,2024-09-01,BOI,HKY,Amateur Hockey Federation,Adult (18+),405,160,false
2024 Fall,2024-09-01,NYC,VOL,National Volleyball Clubs Association,Youth (U18),32299,10523,false
2024 Fall,2024-09-01,NYC,VOL,National Volleyball Clubs Association,Adult (18+),26426,8610,false
2024 Fall,2024-09-01,LAX,VOL,National Volleyball Clubs Association,Youth (U18),23199,6294,false
2024 Fall,2024-09-01,LAX,VOL,National Volleyball Clubs Association,Adult (18+),18981,5150,false
2024 Fall,2024-09-01,CHI,VOL,National Volleyball Clubs Association,Youth (U18),18240,5909,false
2024 Fall,2024-09-01,CHI,VOL,National Volleyball Clubs Association,Adult (18+),14924,4835,false
2024 Fall,2024-09-01,DFW,VOL,National Volleyball Clubs Association,Youth (U18),17766,5406,false
2024 Fall,2024-09-01,DFW,VOL,National Volleyball Clubs Association,Adult (18+),14536,4423,false
2024 Fall,2024-09-01,HOU,VOL,National Volleyball Clubs Association,Youth (U18),14754,3878,false
2024 Fall,2024-09-01,HOU,VOL,National Volleyball Clubs Association,Adult (18+),12072,3174,false
2024 Fall,2024-09-01,WAS,VOL,National Volleyball Clubs Association,Youth (U18),10464,3541,false
2024 Fall,2024-09-01,WAS,VOL,National Volleyball Clubs Association,Adult (18+),8562,2898,false
2024 Fall,2024-09-01,PHL,VOL,National Volleyball Clubs Association,Youth (U18),11581,4416,false
2024 Fall,2024-09-01,PHL,VOL,National Volleyball Clubs Association,Adult (18+),9476,3613,false
2024 Fall,2024-09-01,ATL,VOL,National Volleyball Clubs Association,Youth (U18),10943,3844,false
2024 Fall,2024-09-01,ATL,VOL,National Volleyball Clubs Association,Adult (18+),8954,3145,false
2024 Fall,2024-09-01,MIA,VOL,National Volleyball Clubs Association,Youth (U18),10532,3300,false
2024 Fall,2024-09-01,MIA,VOL,National Volleyball Clubs Association,Adult (18+),8617,2700,false
2024 Fall,2024-09-01,PHX,VOL,National Volleyball Clubs Association,Youth (U18),8526,2875,false
2024 Fall,2024-09-01,PHX,VOL,National Volleyball Clubs Association,Adult (18+),6976,2352,false
2024 Fall,2024-09-01,BOS,VOL,National Volleyball Clubs Association,Youth (U18),8717,2768,false
2024 Fall,2024-09-01,BOS,VOL,National Volleyball Clubs Association,Adult (18+),7132,2265,false
2024 Fall,2024-09-01,SFO,VOL,National Volleyball Clubs Association,Youth (U18),8644,2901,false
2024 Fall,2024-09-01,SFO,VOL,National Volleyball Clubs Association,Adult (18+),7072,2373,false
2024 Fall,2024-09-01,SEA,VOL,National Volleyball Clubs Association,Youth (U18),7217,2120,false
2024 Fall,2024-09-01,SEA,VOL,National Volleyball Clubs Association,Adult (18+),5905,1735,false
2024 Fall,2024-09-01,MSP,VOL,National Volleyball Clubs Association,Youth (U18),7739,2263,false
2024 Fall,2024-09-01,MSP,VOL,National Volleyball Clubs Association,Adult (18+),6332,1851,false
2024 Fall,2024-09-01,SAN,VOL,National Volleyball Clubs Association,Youth (U18),6393,2299,false
2024 Fall,2024-09-01,SAN,VOL,National Volleyball Clubs Association,Adult (18+),5231,1882,false
2024 Fall,2024-09-01,TPA,VOL,National Volleyball Clubs Association,Youth (U18),6344,2599,false
2024 Fall,2024-09-01,TPA,VOL,National Volleyball Clubs Association,Adult (18+),5191,2126,false
2024 Fall,2024-09-01,DEN,VOL,National Volleyball Clubs Association,Youth (U18),5229,1636,false
2024 Fall,2024-09-01,DEN,VOL,National Volleyball Clubs Association,Adult (18+),4278,1338,false
2024 Fall,2024-09-01,ORL,VOL,National Volleyball Clubs Association,Youth (U18),5180,2039,false
2024 Fall,2024-09-01,ORL,VOL,National Volleyball Clubs Association,Adult (18+),4238,1668,false
2024 Fall,2024-09-01,POR,VOL,National Volleyball Clubs Association,Youth (U18),4953,1893,false
2024 Fall,2024-09-01,POR,VOL,National Volleyball Clubs Association,Adult (18+),4052,1549,false
2024 Fall,2024-09-01,DET,VOL,National Volleyball Clubs Association,Youth (U18),8820,2626,false
2024 Fall,2024-09-01,DET,VOL,National Volleyball Clubs Association,Adult (18+),7216,2149,false
2024 Fall,2024-09-01,NSH,VOL,National Volleyball Clubs Association,Youth (U18),4977,2256,false
2024 Fall,2024-09-01,NSH,VOL,National Volleyball Clubs Association,Adult (18+),4072,1846,false
2024 Fall,2024-09-01,AUS,VOL,National Volleyball Clubs Association,Youth (U18),6555,2578,false
2024 Fall,2024-09-01,AUS,VOL,National Volleyball Clubs Association,Adult (18+),5363,2109,false
2024 Fall,2024-09-01,RDU,VOL,National Volleyball Clubs Association,Youth (U18),3381,1287,false
2024 Fall,2024-09-01,RDU,VOL,National Volleyball Clubs Association,Adult (18+),2766,1052,false
2024 Fall,2024-09-01,CLT,VOL,National Volleyball Clubs Association,Youth (U18),4873,1660,false
2024 Fall,2024-09-01,CLT,VOL,National Volleyball Clubs Association,Adult (18+),3987,1358,false
2024 Fall,2024-09-01,SAT,VOL,National Volleyball Clubs Association,Youth (U18),5359,1629,false
2024 Fall,2024-09-01,SAT,VOL,National Volleyball Clubs Association,Adult (18+),4384,1333,false
2024 Fall,2024-09-01,LAS,VOL,National Volleyball Clubs Association,Youth (U18),3931,1283,false
2024 Fall,2024-09-01,LAS,VOL,National Volleyball Clubs Association,Adult (18+),3216,1050,false
2024 Fall,2024-09-01,CMH,VOL,National Volleyball Clubs Association,Youth (U18),4731,1997,false
2024 Fall,2024-09-01,CMH,VOL,National Volleyball Clubs Association,Adult (18+),3870,1634,false
2024 Fall,2024-09-01,MCI,VOL,National Volleyball Clubs Association,Youth (U18),4164,1149,false
2024 Fall,2024-09-01,MCI,VOL,National Volleyball Clubs Association,Adult (18+),3407,940,false
2024 Fall,2024-09-01,SLC,VOL,National Volleyball Clubs Association,Youth (U18),2467,884,false
2024 Fall,2024-09-01,SLC,VOL,National Volleyball Clubs Association,Adult (18+),2018,723,false
2024 Fall,2024-09-01,JAX,VOL,National Volleyball Clubs Association,Youth (U18),3044,1042,false
2024 Fall,2024-09-01,JAX,VOL,National Volleyball Clubs Association,Adult (18+),2491,853,false
2024 Fall,2024-09-01,BOI,VOL,National Volleyball Clubs Association,Youth (U18),1505,530,false
2024 Fall,2024-09-01,BOI,VOL,National Volleyball Clubs Association,Adult (18+),1232,434,false
2025 Spring,2025-03-01,NYC,SOC,National Youth & Adult Soccer Alliance,Youth (U18),45613,15099,false
2025 Spring,2025-03-01,NYC,SOC,National Youth & Adult Soccer Alliance,Adult (18+),15204,5033,false
2025 Spring,2025-03-01,LAX,SOC,National Youth & Adult Soccer Alliance,Youth (U18),29307,9821,false
2025 Spring,2025-03-01,LAX,SOC,National Youth & Adult Soccer Alliance,Adult (18+),9769,3274,false
2025 Spring,2025-03-01,CHI,SOC,National Youth & Adult Soccer Alliance,Youth (U18),22864,8674,false
2025 Spring,2025-03-01,CHI,SOC,National Youth & Adult Soccer Alliance,Adult (18+),7621,2891,false
2025 Spring,2025-03-01,DFW,SOC,National Youth & Adult Soccer Alliance,Youth (U18),19934,7807,false
2025 Spring,2025-03-01,DFW,SOC,National Youth & Adult Soccer Alliance,Adult (18+),6645,2603,false
2025 Spring,2025-03-01,HOU,SOC,National Youth & Adult Soccer Alliance,Youth (U18),17357,6160,false
2025 Spring,2025-03-01,HOU,SOC,National Youth & Adult Soccer Alliance,Adult (18+),5786,2054,false
2025 Spring,2025-03-01,WAS,SOC,National Youth & Adult Soccer Alliance,Youth (U18),14286,3939,false
2025 Spring,2025-03-01,WAS,SOC,National Youth & Adult Soccer Alliance,Adult (18+),4762,1313,false
2025 Spring,2025-03-01,PHL,SOC,National Youth & Adult Soccer Alliance,Youth (U18),13605,3652,false
2025 Spring,2025-03-01,PHL,SOC,National Youth & Adult Soccer Alliance,Adult (18+),4535,1217,false
2025 Spring,2025-03-01,ATL,SOC,National Youth & Adult Soccer Alliance,Youth (U18),16070,5872,false
2025 Spring,2025-03-01,ATL,SOC,National Youth & Adult Soccer Alliance,Adult (18+),5357,1958,false
2025 Spring,2025-03-01,MIA,SOC,National Youth & Adult Soccer Alliance,Youth (U18),15523,5873,false
2025 Spring,2025-03-01,MIA,SOC,National Youth & Adult Soccer Alliance,Adult (18+),5174,1957,false
2025 Spring,2025-03-01,PHX,SOC,National Youth & Adult Soccer Alliance,Youth (U18),14016,5867,false
2025 Spring,2025-03-01,PHX,SOC,National Youth & Adult Soccer Alliance,Adult (18+),4672,1955,false
2025 Spring,2025-03-01,BOS,SOC,National Youth & Adult Soccer Alliance,Youth (U18),12023,4898,false
2025 Spring,2025-03-01,BOS,SOC,National Youth & Adult Soccer Alliance,Adult (18+),4008,1633,false
2025 Spring,2025-03-01,SFO,SOC,National Youth & Adult Soccer Alliance,Youth (U18),10952,3569,false
2025 Spring,2025-03-01,SFO,SOC,National Youth & Adult Soccer Alliance,Adult (18+),3651,1190,false
2025 Spring,2025-03-01,SEA,SOC,National Youth & Adult Soccer Alliance,Youth (U18),9103,2499,false
2025 Spring,2025-03-01,SEA,SOC,National Youth & Adult Soccer Alliance,Adult (18+),3034,833,false
2025 Spring,2025-03-01,MSP,SOC,National Youth & Adult Soccer Alliance,Youth (U18),8543,3008,false
2025 Spring,2025-03-01,MSP,SOC,National Youth & Adult Soccer Alliance,Adult (18+),2848,1003,false
2025 Spring,2025-03-01,SAN,SOC,National Youth & Adult Soccer Alliance,Youth (U18),7082,1562,false
2025 Spring,2025-03-01,SAN,SOC,National Youth & Adult Soccer Alliance,Adult (18+),2361,521,false
2025 Spring,2025-03-01,TPA,SOC,National Youth & Adult Soccer Alliance,Youth (U18),8126,2963,false
2025 Spring,2025-03-01,TPA,SOC,National Youth & Adult Soccer Alliance,Adult (18+),2709,988,false
2025 Spring,2025-03-01,DEN,SOC,National Youth & Adult Soccer Alliance,Youth (U18),7243,2413,false
2025 Spring,2025-03-01,DEN,SOC,National Youth & Adult Soccer Alliance,Adult (18+),2414,804,false
2025 Spring,2025-03-01,ORL,SOC,National Youth & Adult Soccer Alliance,Youth (U18),6705,2288,false
2025 Spring,2025-03-01,ORL,SOC,National Youth & Adult Soccer Alliance,Adult (18+),2235,763,false
2025 Spring,2025-03-01,POR,SOC,National Youth & Adult Soccer Alliance,Youth (U18),5488,1627,false
2025 Spring,2025-03-01,POR,SOC,National Youth & Adult Soccer Alliance,Adult (18+),1829,542,false
2025 Spring,2025-03-01,DET,SOC,National Youth & Adult Soccer Alliance,Youth (U18),9107,2149,false
2025 Spring,2025-03-01,DET,SOC,National Youth & Adult Soccer Alliance,Adult (18+),3036,717,false
2025 Spring,2025-03-01,NSH,SOC,National Youth & Adult Soccer Alliance,Youth (U18),6716,2354,false
2025 Spring,2025-03-01,NSH,SOC,National Youth & Adult Soccer Alliance,Adult (18+),2239,785,false
2025 Spring,2025-03-01,AUS,SOC,National Youth & Adult Soccer Alliance,Youth (U18),7724,3392,false
2025 Spring,2025-03-01,AUS,SOC,National Youth & Adult Soccer Alliance,Adult (18+),2575,1131,false
2025 Spring,2025-03-01,RDU,SOC,National Youth & Adult Soccer Alliance,Youth (U18),4422,1489,false
2025 Spring,2025-03-01,RDU,SOC,National Youth & Adult Soccer Alliance,Adult (18+),1474,496,false
2025 Spring,2025-03-01,CLT,SOC,National Youth & Adult Soccer Alliance,Youth (U18),6761,2075,false
2025 Spring,2025-03-01,CLT,SOC,National Youth & Adult Soccer Alliance,Adult (18+),2254,692,false
2025 Spring,2025-03-01,SAT,SOC,National Youth & Adult Soccer Alliance,Youth (U18),6721,2230,false
2025 Spring,2025-03-01,SAT,SOC,National Youth & Adult Soccer Alliance,Adult (18+),2240,743,false
2025 Spring,2025-03-01,LAS,SOC,National Youth & Adult Soccer Alliance,Youth (U18),5721,2262,false
2025 Spring,2025-03-01,LAS,SOC,National Youth & Adult Soccer Alliance,Adult (18+),1907,754,false
2025 Spring,2025-03-01,CMH,SOC,National Youth & Adult Soccer Alliance,Youth (U18),4916,1115,false
2025 Spring,2025-03-01,CMH,SOC,National Youth & Adult Soccer Alliance,Adult (18+),1639,372,false
2025 Spring,2025-03-01,MCI,SOC,National Youth & Adult Soccer Alliance,Youth (U18),5378,1437,false
2025 Spring,2025-03-01,MCI,SOC,National Youth & Adult Soccer Alliance,Adult (18+),1793,479,false
2025 Spring,2025-03-01,SLC,SOC,National Youth & Adult Soccer Alliance,Youth (U18),3401,1339,false
2025 Spring,2025-03-01,SLC,SOC,National Youth & Adult Soccer Alliance,Adult (18+),1134,446,false
2025 Spring,2025-03-01,JAX,SOC,National Youth & Adult Soccer Alliance,Youth (U18),4629,1745,false
2025 Spring,2025-03-01,JAX,SOC,National Youth & Adult Soccer Alliance,Adult (18+),1543,582,false
2025 Spring,2025-03-01,BOI,SOC,National Youth & Adult Soccer Alliance,Youth (U18),1936,668,false
2025 Spring,2025-03-01,BOI,SOC,National Youth & Adult Soccer Alliance,Adult (18+),645,222,false
2025 Spring,2025-03-01,NYC,BSK,Hoops America Rec Network,Youth (U18),27214,8657,false
2025 Spring,2025-03-01,NYC,BSK,Hoops America Rec Network,Adult (18+),18143,5771,false
2025 Spring,2025-03-01,LAX,BSK,Hoops America Rec Network,Youth (U18),16910,4630,false
2025 Spring,2025-03-01,LAX,BSK,Hoops America Rec Network,Adult (18+),11273,3087,false
2025 Spring,2025-03-01,CHI,BSK,Hoops America Rec Network,Youth (U18),12329,4209,false
2025 Spring,2025-03-01,CHI,BSK,Hoops America Rec Network,Adult (18+),8219,2806,false
2025 Spring,2025-03-01,DFW,BSK,Hoops America Rec Network,Youth (U18),10961,3127,false
2025 Spring,2025-03-01,DFW,BSK,Hoops America Rec Network,Adult (18+),7307,2085,false
2025 Spring,2025-03-01,HOU,BSK,Hoops America Rec Network,Youth (U18),10824,4322,false
2025 Spring,2025-03-01,HOU,BSK,Hoops America Rec Network,Adult (18+),7216,2881,false
2025 Spring,2025-03-01,WAS,BSK,Hoops America Rec Network,Youth (U18),8849,3142,false
2025 Spring,2025-03-01,WAS,BSK,Hoops America Rec Network,Adult (18+),5899,2095,false
2025 Spring,2025-03-01,PHL,BSK,Hoops America Rec Network,Youth (U18),8403,2901,false
2025 Spring,2025-03-01,PHL,BSK,Hoops America Rec Network,Adult (18+),5602,1934,false
2025 Spring,2025-03-01,ATL,BSK,Hoops America Rec Network,Youth (U18),9414,3460,false
2025 Spring,2025-03-01,ATL,BSK,Hoops America Rec Network,Adult (18+),6276,2307,false
2025 Spring,2025-03-01,MIA,BSK,Hoops America Rec Network,Youth (U18),7879,1894,false
2025 Spring,2025-03-01,MIA,BSK,Hoops America Rec Network,Adult (18+),5253,1263,false
2025 Spring,2025-03-01,PHX,BSK,Hoops America Rec Network,Youth (U18),6798,2148,false
2025 Spring,2025-03-01,PHX,BSK,Hoops America Rec Network,Adult (18+),4532,1432,false
2025 Spring,2025-03-01,BOS,BSK,Hoops America Rec Network,Youth (U18),6434,1891,false
2025 Spring,2025-03-01,BOS,BSK,Hoops America Rec Network,Adult (18+),4290,1262,false
2025 Spring,2025-03-01,SFO,BSK,Hoops America Rec Network,Youth (U18),6090,1820,false
2025 Spring,2025-03-01,SFO,BSK,Hoops America Rec Network,Adult (18+),4060,1213,false
2025 Spring,2025-03-01,SEA,BSK,Hoops America Rec Network,Youth (U18),5316,1765,false
2025 Spring,2025-03-01,SEA,BSK,Hoops America Rec Network,Adult (18+),3544,1177,false
2025 Spring,2025-03-01,MSP,BSK,Hoops America Rec Network,Youth (U18),5364,2160,false
2025 Spring,2025-03-01,MSP,BSK,Hoops America Rec Network,Adult (18+),3576,1440,false
2025 Spring,2025-03-01,SAN,BSK,Hoops America Rec Network,Youth (U18),4162,1004,false
2025 Spring,2025-03-01,SAN,BSK,Hoops America Rec Network,Adult (18+),2775,670,false
2025 Spring,2025-03-01,TPA,BSK,Hoops America Rec Network,Youth (U18),4649,1597,false
2025 Spring,2025-03-01,TPA,BSK,Hoops America Rec Network,Adult (18+),3099,1064,false
2025 Spring,2025-03-01,DEN,BSK,Hoops America Rec Network,Youth (U18),4491,1803,false
2025 Spring,2025-03-01,DEN,BSK,Hoops America Rec Network,Adult (18+),2994,1202,false
2025 Spring,2025-03-01,ORL,BSK,Hoops America Rec Network,Youth (U18),3835,1314,false
2025 Spring,2025-03-01,ORL,BSK,Hoops America Rec Network,Adult (18+),2557,877,false
2025 Spring,2025-03-01,POR,BSK,Hoops America Rec Network,Youth (U18),3571,1203,false
2025 Spring,2025-03-01,POR,BSK,Hoops America Rec Network,Adult (18+),2381,803,false
2025 Spring,2025-03-01,DET,BSK,Hoops America Rec Network,Youth (U18),5683,1601,false
2025 Spring,2025-03-01,DET,BSK,Hoops America Rec Network,Adult (18+),3788,1067,false
2025 Spring,2025-03-01,NSH,BSK,Hoops America Rec Network,Youth (U18),3759,1389,false
2025 Spring,2025-03-01,NSH,BSK,Hoops America Rec Network,Adult (18+),2506,926,false
2025 Spring,2025-03-01,AUS,BSK,Hoops America Rec Network,Youth (U18),4342,1443,false
2025 Spring,2025-03-01,AUS,BSK,Hoops America Rec Network,Adult (18+),2895,963,false
2025 Spring,2025-03-01,RDU,BSK,Hoops America Rec Network,Youth (U18),2470,836,false
2025 Spring,2025-03-01,RDU,BSK,Hoops America Rec Network,Adult (18+),1647,558,false
2025 Spring,2025-03-01,CLT,BSK,Hoops America Rec Network,Youth (U18),3414,628,false
2025 Spring,2025-03-01,CLT,BSK,Hoops America Rec Network,Adult (18+),2276,419,false
2025 Spring,2025-03-01,SAT,BSK,Hoops America Rec Network,Youth (U18),3989,1479,false
2025 Spring,2025-03-01,SAT,BSK,Hoops America Rec Network,Adult (18+),2660,987,false
2025 Spring,2025-03-01,LAS,BSK,Hoops America Rec Network,Youth (U18),3109,925,false
2025 Spring,2025-03-01,LAS,BSK,Hoops America Rec Network,Adult (18+),2073,617,false
2025 Spring,2025-03-01,CMH,BSK,Hoops America Rec Network,Youth (U18),3139,1059,false
2025 Spring,2025-03-01,CMH,BSK,Hoops America Rec Network,Adult (18+),2093,706,false
2025 Spring,2025-03-01,MCI,BSK,Hoops America Rec Network,Youth (U18),3189,997,false
2025 Spring,2025-03-01,MCI,BSK,Hoops America Rec Network,Adult (18+),2126,664,false
2025 Spring,2025-03-01,SLC,BSK,Hoops America Rec Network,Youth (U18),1943,669,false
2025 Spring,2025-03-01,SLC,BSK,Hoops America Rec Network,Adult (18+),1295,445,false
2025 Spring,2025-03-01,JAX,BSK,Hoops America Rec Network,Youth (U18),2430,674,false
2025 Spring,2025-03-01,JAX,BSK,Hoops America Rec Network,Adult (18+),1620,449,false
2025 Spring,2025-03-01,BOI,BSK,Hoops America Rec Network,Youth (U18),1234,427,false
2025 Spring,2025-03-01,BOI,BSK,Hoops America Rec Network,Adult (18+),822,283,false
2025 Spring,2025-03-01,NYC,BSB,Diamond Youth Baseball Federation,Youth (U18),51609,10279,false
2025 Spring,2025-03-01,NYC,BSB,Diamond Youth Baseball Federation,Adult (18+),22118,4405,false
2025 Spring,2025-03-01,LAX,BSB,Diamond Youth Baseball Federation,Youth (U18),33163,6344,false
2025 Spring,2025-03-01,LAX,BSB,Diamond Youth Baseball Federation,Adult (18+),14213,2719,false
2025 Spring,2025-03-01,CHI,BSB,Diamond Youth Baseball Federation,Youth (U18),26049,8421,false
2025 Spring,2025-03-01,CHI,BSB,Diamond Youth Baseball Federation,Adult (18+),11164,3609,false
2025 Spring,2025-03-01,DFW,BSB,Diamond Youth Baseball Federation,Youth (U18),33858,9986,false
2025 Spring,2025-03-01,DFW,BSB,Diamond Youth Baseball Federation,Adult (18+),14511,4281,false
2025 Spring,2025-03-01,HOU,BSB,Diamond Youth Baseball Federation,Youth (U18),29964,9010,false
2025 Spring,2025-03-01,HOU,BSB,Diamond Youth Baseball Federation,Adult (18+),12842,3861,false
2025 Spring,2025-03-01,WAS,BSB,Diamond Youth Baseball Federation,Youth (U18),15480,2588,false
2025 Spring,2025-03-01,WAS,BSB,Diamond Youth Baseball Federation,Adult (18+),6634,1109,false
2025 Spring,2025-03-01,PHL,BSB,Diamond Youth Baseball Federation,Youth (U18),17362,4893,false
2025 Spring,2025-03-01,PHL,BSB,Diamond Youth Baseball Federation,Adult (18+),7441,2097,false
2025 Spring,2025-03-01,ATL,BSB,Diamond Youth Baseball Federation,Youth (U18),23905,6416,false
2025 Spring,2025-03-01,ATL,BSB,Diamond Youth Baseball Federation,Adult (18+),10245,2750,false
2025 Spring,2025-03-01,MIA,BSB,Diamond Youth Baseball Federation,Youth (U18),21029,4699,false
2025 Spring,2025-03-01,MIA,BSB,Diamond Youth Baseball Federation,Adult (18+),9012,2013,false
2025 Spring,2025-03-01,PHX,BSB,Diamond Youth Baseball Federation,Youth (U18),18918,6399,false
2025 Spring,2025-03-01,PHX,BSB,Diamond Youth Baseball Federation,Adult (18+),8108,2743,false
2025 Spring,2025-03-01,BOS,BSB,Diamond Youth Baseball Federation,Youth (U18),14074,3147,false
2025 Spring,2025-03-01,BOS,BSB,Diamond Youth Baseball Federation,Adult (18+),6032,1349,false
2025 Spring,2025-03-01,SFO,BSB,Diamond Youth Baseball Federation,Youth (U18),13163,3604,false
2025 Spring,2025-03-01,SFO,BSB,Diamond Youth Baseball Federation,Adult (18+),5641,1544,false
2025 Spring,2025-03-01,SEA,BSB,Diamond Youth Baseball Federation,Youth (U18),11973,3722,false
2025 Spring,2025-03-01,SEA,BSB,Diamond Youth Baseball Federation,Adult (18+),5131,1594,false
2025 Spring,2025-03-01,MSP,BSB,Diamond Youth Baseball Federation,Youth (U18),10951,3205,false
2025 Spring,2025-03-01,MSP,BSB,Diamond Youth Baseball Federation,Adult (18+),4693,1373,false
2025 Spring,2025-03-01,SAN,BSB,Diamond Youth Baseball Federation,Youth (U18),9304,2358,false
2025 Spring,2025-03-01,SAN,BSB,Diamond Youth Baseball Federation,Adult (18+),3988,1012,false
2025 Spring,2025-03-01,TPA,BSB,Diamond Youth Baseball Federation,Youth (U18),13683,5781,false
2025 Spring,2025-03-01,TPA,BSB,Diamond Youth Baseball Federation,Adult (18+),5864,2477,false
2025 Spring,2025-03-01,DEN,BSB,Diamond Youth Baseball Federation,Youth (U18),8993,2558,false
2025 Spring,2025-03-01,DEN,BSB,Diamond Youth Baseball Federation,Adult (18+),3854,1096,false
2025 Spring,2025-03-01,ORL,BSB,Diamond Youth Baseball Federation,Youth (U18),10396,2081,false
2025 Spring,2025-03-01,ORL,BSB,Diamond Youth Baseball Federation,Adult (18+),4455,892,false
2025 Spring,2025-03-01,POR,BSB,Diamond Youth Baseball Federation,Youth (U18),7611,2474,false
2025 Spring,2025-03-01,POR,BSB,Diamond Youth Baseball Federation,Adult (18+),3262,1060,false
2025 Spring,2025-03-01,DET,BSB,Diamond Youth Baseball Federation,Youth (U18),11342,2991,false
2025 Spring,2025-03-01,DET,BSB,Diamond Youth Baseball Federation,Adult (18+),4861,1283,false
2025 Spring,2025-03-01,NSH,BSB,Diamond Youth Baseball Federation,Youth (U18),10815,4104,false
2025 Spring,2025-03-01,NSH,BSB,Diamond Youth Baseball Federation,Adult (18+),4635,1759,false
2025 Spring,2025-03-01,AUS,BSB,Diamond Youth Baseball Federation,Youth (U18),12130,4093,false
2025 Spring,2025-03-01,AUS,BSB,Diamond Youth Baseball Federation,Adult (18+),5198,1754,false
2025 Spring,2025-03-01,RDU,BSB,Diamond Youth Baseball Federation,Youth (U18),7099,2215,false
2025 Spring,2025-03-01,RDU,BSB,Diamond Youth Baseball Federation,Adult (18+),3042,948,false
2025 Spring,2025-03-01,CLT,BSB,Diamond Youth Baseball Federation,Youth (U18),10910,3138,false
2025 Spring,2025-03-01,CLT,BSB,Diamond Youth Baseball Federation,Adult (18+),4676,1345,false
2025 Spring,2025-03-01,SAT,BSB,Diamond Youth Baseball Federation,Youth (U18),10848,3546,false
2025 Spring,2025-03-01,SAT,BSB,Diamond Youth Baseball Federation,Adult (18+),4649,1520,false
2025 Spring,2025-03-01,LAS,BSB,Diamond Youth Baseball Federation,Youth (U18),8172,2772,false
2025 Spring,2025-03-01,LAS,BSB,Diamond Youth Baseball Federation,Adult (18+),3502,1188,false
2025 Spring,2025-03-01,CMH,BSB,Diamond Youth Baseball Federation,Youth (U18),6615,2233,false
2025 Spring,2025-03-01,CMH,BSB,Diamond Youth Baseball Federation,Adult (18+),2835,957,false
2025 Spring,2025-03-01,MCI,BSB,Diamond Youth Baseball Federation,Youth (U18),6332,1679,false
2025 Spring,2025-03-01,MCI,BSB,Diamond Youth Baseball Federation,Adult (18+),2714,720,false
2025 Spring,2025-03-01,SLC,BSB,Diamond Youth Baseball Federation,Youth (U18),4265,1619,false
2025 Spring,2025-03-01,SLC,BSB,Diamond Youth Baseball Federation,Adult (18+),1828,694,false
2025 Spring,2025-03-01,JAX,BSB,Diamond Youth Baseball Federation,Youth (U18),7596,2532,false
2025 Spring,2025-03-01,JAX,BSB,Diamond Youth Baseball Federation,Adult (18+),3255,1085,false
2025 Spring,2025-03-01,BOI,BSB,Diamond Youth Baseball Federation,Youth (U18),2505,730,false
2025 Spring,2025-03-01,BOI,BSB,Diamond Youth Baseball Federation,Adult (18+),1074,314,false
2025 Spring,2025-03-01,NYC,FTB,Gridiron Youth League Association,Youth (U18),3607,1046,false
2025 Spring,2025-03-01,NYC,FTB,Gridiron Youth League Association,Adult (18+),902,262,false
2025 Spring,2025-03-01,LAX,FTB,Gridiron Youth League Association,Youth (U18),2313,617,false
2025 Spring,2025-03-01,LAX,FTB,Gridiron Youth League Association,Adult (18+),578,154,false
2025 Spring,2025-03-01,CHI,FTB,Gridiron Youth League Association,Youth (U18),1635,415,false
2025 Spring,2025-03-01,CHI,FTB,Gridiron Youth League Association,Adult (18+),409,104,false
2025 Spring,2025-03-01,DFW,FTB,Gridiron Youth League Association,Youth (U18),2406,741,false
2025 Spring,2025-03-01,DFW,FTB,Gridiron Youth League Association,Adult (18+),602,186,false
2025 Spring,2025-03-01,HOU,FTB,Gridiron Youth League Association,Youth (U18),2146,671,false
2025 Spring,2025-03-01,HOU,FTB,Gridiron Youth League Association,Adult (18+),537,168,false
2025 Spring,2025-03-01,WAS,FTB,Gridiron Youth League Association,Youth (U18),1148,334,false
2025 Spring,2025-03-01,WAS,FTB,Gridiron Youth League Association,Adult (18+),287,84,false
2025 Spring,2025-03-01,PHL,FTB,Gridiron Youth League Association,Youth (U18),1077,214,false
2025 Spring,2025-03-01,PHL,FTB,Gridiron Youth League Association,Adult (18+),269,53,false
2025 Spring,2025-03-01,ATL,FTB,Gridiron Youth League Association,Youth (U18),1593,265,false
2025 Spring,2025-03-01,ATL,FTB,Gridiron Youth League Association,Adult (18+),398,66,false
2025 Spring,2025-03-01,MIA,FTB,Gridiron Youth League Association,Youth (U18),1546,352,false
2025 Spring,2025-03-01,MIA,FTB,Gridiron Youth League Association,Adult (18+),387,88,false
2025 Spring,2025-03-01,PHX,FTB,Gridiron Youth League Association,Youth (U18),893,201,false
2025 Spring,2025-03-01,PHX,FTB,Gridiron Youth League Association,Adult (18+),223,50,false
2025 Spring,2025-03-01,BOS,FTB,Gridiron Youth League Association,Youth (U18),841,177,false
2025 Spring,2025-03-01,BOS,FTB,Gridiron Youth League Association,Adult (18+),210,44,false
2025 Spring,2025-03-01,SFO,FTB,Gridiron Youth League Association,Youth (U18),803,165,false
2025 Spring,2025-03-01,SFO,FTB,Gridiron Youth League Association,Adult (18+),201,42,false
2025 Spring,2025-03-01,SEA,FTB,Gridiron Youth League Association,Youth (U18),674,146,false
2025 Spring,2025-03-01,SEA,FTB,Gridiron Youth League Association,Adult (18+),169,37,false
2025 Spring,2025-03-01,MSP,FTB,Gridiron Youth League Association,Youth (U18),691,210,false
2025 Spring,2025-03-01,MSP,FTB,Gridiron Youth League Association,Adult (18+),173,53,false
2025 Spring,2025-03-01,SAN,FTB,Gridiron Youth League Association,Youth (U18),582,160,false
2025 Spring,2025-03-01,SAN,FTB,Gridiron Youth League Association,Adult (18+),146,41,false
2025 Spring,2025-03-01,TPA,FTB,Gridiron Youth League Association,Youth (U18),907,290,false
2025 Spring,2025-03-01,TPA,FTB,Gridiron Youth League Association,Adult (18+),227,73,false
2025 Spring,2025-03-01,DEN,FTB,Gridiron Youth League Association,Youth (U18),561,188,false
2025 Spring,2025-03-01,DEN,FTB,Gridiron Youth League Association,Adult (18+),140,46,false
2025 Spring,2025-03-01,ORL,FTB,Gridiron Youth League Association,Youth (U18),740,210,false
2025 Spring,2025-03-01,ORL,FTB,Gridiron Youth League Association,Adult (18+),185,53,false
2025 Spring,2025-03-01,POR,FTB,Gridiron Youth League Association,Youth (U18),479,174,false
2025 Spring,2025-03-01,POR,FTB,Gridiron Youth League Association,Adult (18+),120,44,false
2025 Spring,2025-03-01,DET,FTB,Gridiron Youth League Association,Youth (U18),781,230,false
2025 Spring,2025-03-01,DET,FTB,Gridiron Youth League Association,Adult (18+),195,57,false
2025 Spring,2025-03-01,NSH,FTB,Gridiron Youth League Association,Youth (U18),756,243,false
2025 Spring,2025-03-01,NSH,FTB,Gridiron Youth League Association,Adult (18+),189,61,false
2025 Spring,2025-03-01,AUS,FTB,Gridiron Youth League Association,Youth (U18),815,191,false
2025 Spring,2025-03-01,AUS,FTB,Gridiron Youth League Association,Adult (18+),204,48,false
2025 Spring,2025-03-01,RDU,FTB,Gridiron Youth League Association,Youth (U18),496,152,false
2025 Spring,2025-03-01,RDU,FTB,Gridiron Youth League Association,Adult (18+),124,38,false
2025 Spring,2025-03-01,CLT,FTB,Gridiron Youth League Association,Youth (U18),792,249,false
2025 Spring,2025-03-01,CLT,FTB,Gridiron Youth League Association,Adult (18+),198,62,false
2025 Spring,2025-03-01,SAT,FTB,Gridiron Youth League Association,Youth (U18),725,168,false
2025 Spring,2025-03-01,SAT,FTB,Gridiron Youth League Association,Adult (18+),181,41,false
2025 Spring,2025-03-01,LAS,FTB,Gridiron Youth League Association,Youth (U18),413,116,false
2025 Spring,2025-03-01,LAS,FTB,Gridiron Youth League Association,Adult (18+),103,29,false
2025 Spring,2025-03-01,CMH,FTB,Gridiron Youth League Association,Youth (U18),400,88,false
2025 Spring,2025-03-01,CMH,FTB,Gridiron Youth League Association,Adult (18+),100,22,false
2025 Spring,2025-03-01,MCI,FTB,Gridiron Youth League Association,Youth (U18),377,67,false
2025 Spring,2025-03-01,MCI,FTB,Gridiron Youth League Association,Adult (18+),94,16,false
2025 Spring,2025-03-01,SLC,FTB,Gridiron Youth League Association,Youth (U18),251,67,false
2025 Spring,2025-03-01,SLC,FTB,Gridiron Youth League Association,Adult (18+),63,17,false
2025 Spring,2025-03-01,JAX,FTB,Gridiron Youth League Association,Youth (U18),442,134,false
2025 Spring,2025-03-01,JAX,FTB,Gridiron Youth League Association,Adult (18+),110,33,false
2025 Spring,2025-03-01,BOI,FTB,Gridiron Youth League Association,Youth (U18),153,44,false
2025 Spring,2025-03-01,BOI,FTB,Gridiron Youth League Association,Adult (18+),38,11,false
2025 Spring,2025-03-01,NYC,TEN,Community Tennis League of America,Youth (U18),14197,3244,false
2025 Spring,2025-03-01,NYC,TEN,Community Tennis League of America,Adult (18+),33126,7567,false
2025 Spring,2025-03-01,LAX,TEN,Community Tennis League of America,Youth (U18),9655,1936,false
2025 Spring,2025-03-01,LAX,TEN,Community Tennis League of America,Adult (18+),22529,4517,false
2025 Spring,2025-03-01,CHI,TEN,Community Tennis League of America,Youth (U18),6464,1266,false
2025 Spring,2025-03-01,CHI,TEN,Community Tennis League of America,Adult (18+),15084,2956,false
2025 Spring,2025-03-01,DFW,TEN,Community Tennis League of America,Youth (U18),5772,1163,false
2025 Spring,2025-03-01,DFW,TEN,Community Tennis League of America,Adult (18+),13467,2714,false
2025 Spring,2025-03-01,HOU,TEN,Community Tennis League of America,Youth (U18),5191,1232,false
2025 Spring,2025-03-01,HOU,TEN,Community Tennis League of America,Adult (18+),12112,2874,false
2025 Spring,2025-03-01,WAS,TEN,Community Tennis League of America,Youth (U18),4598,1343,false
2025 Spring,2025-03-01,WAS,TEN,Community Tennis League of America,Adult (18+),10728,3133,false
2025 Spring,2025-03-01,PHL,TEN,Community Tennis League of America,Youth (U18),4713,1492,false
2025 Spring,2025-03-01,PHL,TEN,Community Tennis League of America,Adult (18+),10998,3484,false
2025 Spring,2025-03-01,ATL,TEN,Community Tennis League of America,Youth (U18),4687,1318,false
2025 Spring,2025-03-01,ATL,TEN,Community Tennis League of America,Adult (18+),10937,3076,false
2025 Spring,2025-03-01,MIA,TEN,Community Tennis League of America,Youth (U18),4561,1315,false
2025 Spring,2025-03-01,MIA,TEN,Community Tennis League of America,Adult (18+),10643,3070,false
2025 Spring,2025-03-01,PHX,TEN,Community Tennis League of America,Youth (U18),3775,869,false
2025 Spring,2025-03-01,PHX,TEN,Community Tennis League of America,Adult (18+),8808,2027,false
2025 Spring,2025-03-01,BOS,TEN,Community Tennis League of America,Youth (U18),3705,1217,false
2025 Spring,2025-03-01,BOS,TEN,Community Tennis League of America,Adult (18+),8645,2840,false
2025 Spring,2025-03-01,SFO,TEN,Community Tennis League of America,Youth (U18),3418,979,false
2025 Spring,2025-03-01,SFO,TEN,Community Tennis League of America,Adult (18+),7975,2285,false
2025 Spring,2025-03-01,SEA,TEN,Community Tennis League of America,Youth (U18),2962,775,false
2025 Spring,2025-03-01,SEA,TEN,Community Tennis League of America,Adult (18+),6912,1808,false
2025 Spring,2025-03-01,MSP,TEN,Community Tennis League of America,Youth (U18),2587,562,false
2025 Spring,2025-03-01,MSP,TEN,Community Tennis League of America,Adult (18+),6036,1309,false
2025 Spring,2025-03-01,SAN,TEN,Community Tennis League of America,Youth (U18),2419,617,false
2025 Spring,2025-03-01,SAN,TEN,Community Tennis League of America,Adult (18+),5644,1439,false
2025 Spring,2025-03-01,TPA,TEN,Community Tennis League of America,Youth (U18),2354,447,false
2025 Spring,2025-03-01,TPA,TEN,Community Tennis League of America,Adult (18+),5493,1043,false
2025 Spring,2025-03-01,DEN,TEN,Community Tennis League of America,Youth (U18),2278,552,false
2025 Spring,2025-03-01,DEN,TEN,Community Tennis League of America,Adult (18+),5315,1287,false
2025 Spring,2025-03-01,ORL,TEN,Community Tennis League of America,Youth (U18),2114,634,false
2025 Spring,2025-03-01,ORL,TEN,Community Tennis League of America,Adult (18+),4934,1481,false
2025 Spring,2025-03-01,POR,TEN,Community Tennis League of America,Youth (U18),2011,652,false
2025 Spring,2025-03-01,POR,TEN,Community Tennis League of America,Adult (18+),4693,1524,false
2025 Spring,2025-03-01,DET,TEN,Community Tennis League of America,Youth (U18),2996,687,false
2025 Spring,2025-03-01,DET,TEN,Community Tennis League of America,Adult (18+),6991,1604,false
2025 Spring,2025-03-01,NSH,TEN,Community Tennis League of America,Youth (U18),2080,642,false
2025 Spring,2025-03-01,NSH,TEN,Community Tennis League of America,Adult (18+),4853,1499,false
2025 Spring,2025-03-01,AUS,TEN,Community Tennis League of America,Youth (U18),2154,669,false
2025 Spring,2025-03-01,AUS,TEN,Community Tennis League of America,Adult (18+),5027,1562,false
2025 Spring,2025-03-01,RDU,TEN,Community Tennis League of America,Youth (U18),1551,595,false
2025 Spring,2025-03-01,RDU,TEN,Community Tennis League of America,Adult (18+),3619,1388,false
2025 Spring,2025-03-01,CLT,TEN,Community Tennis League of America,Youth (U18),2055,537,false
2025 Spring,2025-03-01,CLT,TEN,Community Tennis League of America,Adult (18+),4795,1251,false
2025 Spring,2025-03-01,SAT,TEN,Community Tennis League of America,Youth (U18),1841,479,false
2025 Spring,2025-03-01,SAT,TEN,Community Tennis League of America,Adult (18+),4296,1119,false
2025 Spring,2025-03-01,LAS,TEN,Community Tennis League of America,Youth (U18),1614,407,false
2025 Spring,2025-03-01,LAS,TEN,Community Tennis League of America,Adult (18+),3765,949,false
2025 Spring,2025-03-01,CMH,TEN,Community Tennis League of America,Youth (U18),1662,428,false
2025 Spring,2025-03-01,CMH,TEN,Community Tennis League of America,Adult (18+),3878,999,false
2025 Spring,2025-03-01,MCI,TEN,Community Tennis League of America,Youth (U18),1627,354,false
2025 Spring,2025-03-01,MCI,TEN,Community Tennis League of America,Adult (18+),3797,827,false
2025 Spring,2025-03-01,SLC,TEN,Community Tennis League of America,Youth (U18),1109,293,false
2025 Spring,2025-03-01,SLC,TEN,Community Tennis League of America,Adult (18+),2588,684,false
2025 Spring,2025-03-01,JAX,TEN,Community Tennis League of America,Youth (U18),1309,341,false
2025 Spring,2025-03-01,JAX,TEN,Community Tennis League of America,Adult (18+),3055,798,false
2025 Spring,2025-03-01,BOI,TEN,Community Tennis League of America,Youth (U18),690,228,false
2025 Spring,2025-03-01,BOI,TEN,Community Tennis League of America,Adult (18+),1609,531,false
2025 Spring,2025-03-01,NYC,PKB,American Pickleball League Network,Youth (U18),2554,1077,false
2025 Spring,2025-03-01,NYC,PKB,American Pickleball League Network,Adult (18+),48527,20473,false
2025 Spring,2025-03-01,LAX,PKB,American Pickleball League Network,Youth (U18),1783,784,false
2025 Spring,2025-03-01,LAX,PKB,American Pickleball League Network,Adult (18+),33869,14878,false
2025 Spring,2025-03-01,CHI,PKB,American Pickleball League Network,Youth (U18),1225,467,false
2025 Spring,2025-03-01,CHI,PKB,American Pickleball League Network,Adult (18+),23281,8877,false
2025 Spring,2025-03-01,DFW,PKB,American Pickleball League Network,Youth (U18),1978,866,false
2025 Spring,2025-03-01,DFW,PKB,American Pickleball League Network,Adult (18+),37585,16467,false
2025 Spring,2025-03-01,HOU,PKB,American Pickleball League Network,Youth (U18),1815,750,false
2025 Spring,2025-03-01,HOU,PKB,American Pickleball League Network,Adult (18+),34491,14258,false
2025 Spring,2025-03-01,WAS,PKB,American Pickleball League Network,Youth (U18),879,377,false
2025 Spring,2025-03-01,WAS,PKB,American Pickleball League Network,Adult (18+),16707,7176,false
2025 Spring,2025-03-01,PHL,PKB,American Pickleball League Network,Youth (U18),827,337,false
2025 Spring,2025-03-01,PHL,PKB,American Pickleball League Network,Adult (18+),15720,6405,false
2025 Spring,2025-03-01,ATL,PKB,American Pickleball League Network,Youth (U18),1759,834,false
2025 Spring,2025-03-01,ATL,PKB,American Pickleball League Network,Adult (18+),33414,15837,false
2025 Spring,2025-03-01,MIA,PKB,American Pickleball League Network,Youth (U18),1475,564,false
2025 Spring,2025-03-01,MIA,PKB,American Pickleball League Network,Adult (18+),28029,10730,false
2025 Spring,2025-03-01,PHX,PKB,American Pickleball League Network,Youth (U18),1549,522,false
2025 Spring,2025-03-01,PHX,PKB,American Pickleball League Network,Adult (18+),29424,9916,false
2025 Spring,2025-03-01,BOS,PKB,American Pickleball League Network,Youth (U18),685,294,false
2025 Spring,2025-03-01,BOS,PKB,American Pickleball League Network,Adult (18+),13012,5590,false
2025 Spring,2025-03-01,SFO,PKB,American Pickleball League Network,Youth (U18),618,223,false
2025 Spring,2025-03-01,SFO,PKB,American Pickleball League Network,Adult (18+),11749,4242,false
2025 Spring,2025-03-01,SEA,PKB,American Pickleball League Network,Youth (U18),535,204,false
2025 Spring,2025-03-01,SEA,PKB,American Pickleball League Network,Adult (18+),10172,3876,false
2025 Spring,2025-03-01,MSP,PKB,American Pickleball League Network,Youth (U18),528,245,false
2025 Spring,2025-03-01,MSP,PKB,American Pickleball League Network,Adult (18+),10034,4653,false
2025 Spring,2025-03-01,SAN,PKB,American Pickleball League Network,Youth (U18),459,181,false
2025 Spring,2025-03-01,SAN,PKB,American Pickleball League Network,Adult (18+),8726,3442,false
2025 Spring,2025-03-01,TPA,PKB,American Pickleball League Network,Youth (U18),1091,478,false
2025 Spring,2025-03-01,TPA,PKB,American Pickleball League Network,Adult (18+),20730,9095,false
2025 Spring,2025-03-01,DEN,PKB,American Pickleball League Network,Youth (U18),472,203,false
2025 Spring,2025-03-01,DEN,PKB,American Pickleball League Network,Adult (18+),8966,3850,false
2025 Spring,2025-03-01,ORL,PKB,American Pickleball League Network,Youth (U18),816,365,false
2025 Spring,2025-03-01,ORL,PKB,American Pickleball League Network,Adult (18+),15504,6927,false
2025 Spring,2025-03-01,POR,PKB,American Pickleball League Network,Youth (U18),329,123,false
2025 Spring,2025-03-01,POR,PKB,American Pickleball League Network,Adult (18+),6249,2343,false
2025 Spring,2025-03-01,DET,PKB,American Pickleball League Network,Youth (U18),518,185,false
2025 Spring,2025-03-01,DET,PKB,American Pickleball League Network,Adult (18+),9844,3520,false
2025 Spring,2025-03-01,NSH,PKB,American Pickleball League Network,Youth (U18),758,397,false
2025 Spring,2025-03-01,NSH,PKB,American Pickleball League Network,Adult (18+),14396,7547,false
2025 Spring,2025-03-01,AUS,PKB,American Pickleball League Network,Youth (U18),813,380,false
2025 Spring,2025-03-01,AUS,PKB,American Pickleball League Network,Adult (18+),15440,7213,false
2025 Spring,2025-03-01,RDU,PKB,American Pickleball League Network,Youth (U18),503,250,false
2025 Spring,2025-03-01,RDU,PKB,American Pickleball League Network,Adult (18+),9564,4754,false
2025 Spring,2025-03-01,CLT,PKB,American Pickleball League Network,Youth (U18),704,285,false
2025 Spring,2025-03-01,CLT,PKB,American Pickleball League Network,Adult (18+),13372,5410,false
2025 Spring,2025-03-01,SAT,PKB,American Pickleball League Network,Youth (U18),707,311,false
2025 Spring,2025-03-01,SAT,PKB,American Pickleball League Network,Adult (18+),13432,5909,false
2025 Spring,2025-03-01,LAS,PKB,American Pickleball League Network,Youth (U18),693,286,false
2025 Spring,2025-03-01,LAS,PKB,American Pickleball League Network,Adult (18+),13164,5436,false
2025 Spring,2025-03-01,CMH,PKB,American Pickleball League Network,Youth (U18),314,151,false
2025 Spring,2025-03-01,CMH,PKB,American Pickleball League Network,Adult (18+),5970,2862,false
2025 Spring,2025-03-01,MCI,PKB,American Pickleball League Network,Youth (U18),300,112,false
2025 Spring,2025-03-01,MCI,PKB,American Pickleball League Network,Adult (18+),5704,2140,false
2025 Spring,2025-03-01,SLC,PKB,American Pickleball League Network,Youth (U18),230,110,false
2025 Spring,2025-03-01,SLC,PKB,American Pickleball League Network,Adult (18+),4367,2082,false
2025 Spring,2025-03-01,JAX,PKB,American Pickleball League Network,Youth (U18),492,239,false
2025 Spring,2025-03-01,JAX,PKB,American Pickleball League Network,Adult (18+),9357,4535,false
2025 Spring,2025-03-01,BOI,PKB,American Pickleball League Network,Youth (U18),128,54,false
2025 Spring,2025-03-01,BOI,PKB,American Pickleball League Network,Adult (18+),2423,1007,false
2025 Spring,2025-03-01,NYC,PDL,US Padel Circuit,Youth (U18),402,309,false
2025 Spring,2025-03-01,NYC,PDL,US Padel Circuit,Adult (18+),7647,5882,false
2025 Spring,2025-03-01,LAX,PDL,US Padel Circuit,Youth (U18),191,145,false
2025 Spring,2025-03-01,LAX,PDL,US Padel Circuit,Adult (18+),3627,2754,false
2025 Spring,2025-03-01,CHI,PDL,US Padel Circuit,Youth (U18),22,16,false
2025 Spring,2025-03-01,CHI,PDL,US Padel Circuit,Adult (18+),425,313,false
2025 Spring,2025-03-01,DFW,PDL,US Padel Circuit,Youth (U18),108,82,false
2025 Spring,2025-03-01,DFW,PDL,US Padel Circuit,Adult (18+),2043,1544,false
2025 Spring,2025-03-01,HOU,PDL,US Padel Circuit,Youth (U18),79,61,false
2025 Spring,2025-03-01,HOU,PDL,US Padel Circuit,Adult (18+),1505,1158,false
2025 Spring,2025-03-01,WAS,PDL,US Padel Circuit,Youth (U18),14,10,false
2025 Spring,2025-03-01,WAS,PDL,US Padel Circuit,Adult (18+),274,205,false
2025 Spring,2025-03-01,PHL,PDL,US Padel Circuit,Youth (U18),14,10,false
2025 Spring,2025-03-01,PHL,PDL,US Padel Circuit,Adult (18+),270,199,false
2025 Spring,2025-03-01,ATL,PDL,US Padel Circuit,Youth (U18),15,11,false
2025 Spring,2025-03-01,ATL,PDL,US Padel Circuit,Adult (18+),286,214,false
2025 Spring,2025-03-01,MIA,PDL,US Padel Circuit,Youth (U18),209,156,false
2025 Spring,2025-03-01,MIA,PDL,US Padel Circuit,Adult (18+),3971,2954,false
2025 Spring,2025-03-01,PHX,PDL,US Padel Circuit,Youth (U18),13,9,false
2025 Spring,2025-03-01,PHX,PDL,US Padel Circuit,Adult (18+),254,190,false
2025 Spring,2025-03-01,BOS,PDL,US Padel Circuit,Youth (U18),11,8,false
2025 Spring,2025-03-01,BOS,PDL,US Padel Circuit,Adult (18+),218,161,false
2025 Spring,2025-03-01,SFO,PDL,US Padel Circuit,Youth (U18),11,8,false
2025 Spring,2025-03-01,SFO,PDL,US Padel Circuit,Adult (18+),212,156,false
2025 Spring,2025-03-01,SEA,PDL,US Padel Circuit,Youth (U18),11,8,false
2025 Spring,2025-03-01,SEA,PDL,US Padel Circuit,Adult (18+),202,152,false
2025 Spring,2025-03-01,MSP,PDL,US Padel Circuit,Youth (U18),8,6,false
2025 Spring,2025-03-01,MSP,PDL,US Padel Circuit,Adult (18+),161,121,false
2025 Spring,2025-03-01,SAN,PDL,US Padel Circuit,Youth (U18),25,18,false
2025 Spring,2025-03-01,SAN,PDL,US Padel Circuit,Adult (18+),477,340,false
2025 Spring,2025-03-01,TPA,PDL,US Padel Circuit,Youth (U18),8,6,false
2025 Spring,2025-03-01,TPA,PDL,US Padel Circuit,Adult (18+),158,116,false
2025 Spring,2025-03-01,DEN,PDL,US Padel Circuit,Youth (U18),7,5,false
2025 Spring,2025-03-01,DEN,PDL,US Padel Circuit,Adult (18+),129,90,false
2025 Spring,2025-03-01,ORL,PDL,US Padel Circuit,Youth (U18),7,6,false
2025 Spring,2025-03-01,ORL,PDL,US Padel Circuit,Adult (18+),136,105,false
2025 Spring,2025-03-01,POR,PDL,US Padel Circuit,Youth (U18),5,4,false
2025 Spring,2025-03-01,POR,PDL,US Padel Circuit,Adult (18+),104,74,false
2025 Spring,2025-03-01,DET,PDL,US Padel Circuit,Youth (U18),10,8,false
2025 Spring,2025-03-01,DET,PDL,US Padel Circuit,Adult (18+),187,139,false
2025 Spring,2025-03-01,NSH,PDL,US Padel Circuit,Youth (U18),26,20,false
2025 Spring,2025-03-01,NSH,PDL,US Padel Circuit,Adult (18+),502,382,false
2025 Spring,2025-03-01,AUS,PDL,US Padel Circuit,Youth (U18),92,71,false
2025 Spring,2025-03-01,AUS,PDL,US Padel Circuit,Adult (18+),1739,1347,false
2025 Spring,2025-03-01,RDU,PDL,US Padel Circuit,Youth (U18),5,4,false
2025 Spring,2025-03-01,RDU,PDL,US Padel Circuit,Adult (18+),93,71,false
2025 Spring,2025-03-01,CLT,PDL,US Padel Circuit,Youth (U18),6,5,false
2025 Spring,2025-03-01,CLT,PDL,US Padel Circuit,Adult (18+),123,89,false
2025 Spring,2025-03-01,SAT,PDL,US Padel Circuit,Youth (U18),6,5,false
2025 Spring,2025-03-01,SAT,PDL,US Padel Circuit,Adult (18+),121,89,false
2025 Spring,2025-03-01,LAS,PDL,US Padel Circuit,Youth (U18),5,4,false
2025 Spring,2025-03-01,LAS,PDL,US Padel Circuit,Adult (18+),97,70,false
2025 Spring,2025-03-01,CMH,PDL,US Padel Circuit,Youth (U18),5,4,false
2025 Spring,2025-03-01,CMH,PDL,US Padel Circuit,Adult (18+),91,65,false
2025 Spring,2025-03-01,MCI,PDL,US Padel Circuit,Youth (U18),5,4,false
2025 Spring,2025-03-01,MCI,PDL,US Padel Circuit,Adult (18+),99,74,false
2025 Spring,2025-03-01,SLC,PDL,US Padel Circuit,Youth (U18),4,3,false
2025 Spring,2025-03-01,SLC,PDL,US Padel Circuit,Adult (18+),67,52,false
2025 Spring,2025-03-01,JAX,PDL,US Padel Circuit,Youth (U18),4,3,false
2025 Spring,2025-03-01,JAX,PDL,US Padel Circuit,Adult (18+),85,64,false
2025 Spring,2025-03-01,BOI,PDL,US Padel Circuit,Youth (U18),2,1,false
2025 Spring,2025-03-01,BOI,PDL,US Padel Circuit,Adult (18+),43,32,false
2025 Spring,2025-03-01,NYC,LAX,US Lacrosse Club Network,Youth (U18),20860,5970,false
2025 Spring,2025-03-01,NYC,LAX,US Lacrosse Club Network,Adult (18+),8940,2559,false
2025 Spring,2025-03-01,LAX,LAX,US Lacrosse Club Network,Youth (U18),4787,1393,false
2025 Spring,2025-03-01,LAX,LAX,US Lacrosse Club Network,Adult (18+),2052,598,false
2025 Spring,2025-03-01,CHI,LAX,US Lacrosse Club Network,Youth (U18),4559,1301,false
2025 Spring,2025-03-01,CHI,LAX,US Lacrosse Club Network,Adult (18+),1954,558,false
2025 Spring,2025-03-01,DFW,LAX,US Lacrosse Club Network,Youth (U18),3192,1046,false
2025 Spring,2025-03-01,DFW,LAX,US Lacrosse Club Network,Adult (18+),1368,449,false
2025 Spring,2025-03-01,HOU,LAX,US Lacrosse Club Network,Youth (U18),2741,762,false
2025 Spring,2025-03-01,HOU,LAX,US Lacrosse Club Network,Adult (18+),1175,327,false
2025 Spring,2025-03-01,WAS,LAX,US Lacrosse Club Network,Youth (U18),9252,2130,false
2025 Spring,2025-03-01,WAS,LAX,US Lacrosse Club Network,Adult (18+),3965,913,false
2025 Spring,2025-03-01,PHL,LAX,US Lacrosse Club Network,Youth (U18),7154,2515,false
2025 Spring,2025-03-01,PHL,LAX,US Lacrosse Club Network,Adult (18+),3066,1078,false
2025 Spring,2025-03-01,ATL,LAX,US Lacrosse Club Network,Youth (U18),5228,1675,false
2025 Spring,2025-03-01,ATL,LAX,US Lacrosse Club Network,Adult (18+),2241,718,false
2025 Spring,2025-03-01,MIA,LAX,US Lacrosse Club Network,Youth (U18),3623,1043,false
2025 Spring,2025-03-01,MIA,LAX,US Lacrosse Club Network,Adult (18+),1553,447,false
2025 Spring,2025-03-01,PHX,LAX,US Lacrosse Club Network,Youth (U18),1650,422,false
2025 Spring,2025-03-01,PHX,LAX,US Lacrosse Club Network,Adult (18+),707,181,false
2025 Spring,2025-03-01,BOS,LAX,US Lacrosse Club Network,Youth (U18),6480,2106,false
2025 Spring,2025-03-01,BOS,LAX,US Lacrosse Club Network,Adult (18+),2777,902,false
2025 Spring,2025-03-01,SFO,LAX,US Lacrosse Club Network,Youth (U18),1811,677,false
2025 Spring,2025-03-01,SFO,LAX,US Lacrosse Club Network,Adult (18+),776,290,false
2025 Spring,2025-03-01,SEA,LAX,US Lacrosse Club Network,Youth (U18),1717,687,false
2025 Spring,2025-03-01,SEA,LAX,US Lacrosse Club Network,Adult (18+),736,295,false
2025 Spring,2025-03-01,MSP,LAX,US Lacrosse Club Network,Youth (U18),1847,545,false
2025 Spring,2025-03-01,MSP,LAX,US Lacrosse Club Network,Adult (18+),792,234,false
2025 Spring,2025-03-01,SAN,LAX,US Lacrosse Club Network,Youth (U18),1328,443,false
2025 Spring,2025-03-01,SAN,LAX,US Lacrosse Club Network,Adult (18+),569,190,false
2025 Spring,2025-03-01,TPA,LAX,US Lacrosse Club Network,Youth (U18),2108,782,false
2025 Spring,2025-03-01,TPA,LAX,US Lacrosse Club Network,Adult (18+),904,335,false
2025 Spring,2025-03-01,DEN,LAX,US Lacrosse Club Network,Youth (U18),2946,922,false
2025 Spring,2025-03-01,DEN,LAX,US Lacrosse Club Network,Adult (18+),1263,395,false
2025 Spring,2025-03-01,ORL,LAX,US Lacrosse Club Network,Youth (U18),1874,588,false
2025 Spring,2025-03-01,ORL,LAX,US Lacrosse Club Network,Adult (18+),803,252,false
2025 Spring,2025-03-01,POR,LAX,US Lacrosse Club Network,Youth (U18),1042,398,false
2025 Spring,2025-03-01,POR,LAX,US Lacrosse Club Network,Adult (18+),447,171,false
2025 Spring,2025-03-01,DET,LAX,US Lacrosse Club Network,Youth (U18),2082,681,false
2025 Spring,2025-03-01,DET,LAX,US Lacrosse Club Network,Adult (18+),892,292,false
2025 Spring,2025-03-01,NSH,LAX,US Lacrosse Club Network,Youth (U18),2920,931,false
2025 Spring,2025-03-01,NSH,LAX,US Lacrosse Club Network,Adult (18+),1251,399,false
2025 Spring,2025-03-01,AUS,LAX,US Lacrosse Club Network,Youth (U18),1208,527,false
2025 Spring,2025-03-01,AUS,LAX,US Lacrosse Club Network,Adult (18+),518,226,false
2025 Spring,2025-03-01,RDU,LAX,US Lacrosse Club Network,Youth (U18),2482,940,false
2025 Spring,2025-03-01,RDU,LAX,US Lacrosse Club Network,Adult (18+),1064,404,false
2025 Spring,2025-03-01,CLT,LAX,US Lacrosse Club Network,Youth (U18),2510,814,false
2025 Spring,2025-03-01,CLT,LAX,US Lacrosse Club Network,Adult (18+),1076,349,false
2025 Spring,2025-03-01,SAT,LAX,US Lacrosse Club Network,Youth (U18),1071,347,false
2025 Spring,2025-03-01,SAT,LAX,US Lacrosse Club Network,Adult (18+),459,149,false
2025 Spring,2025-03-01,LAS,LAX,US Lacrosse Club Network,Youth (U18),674,132,false
2025 Spring,2025-03-01,LAS,LAX,US Lacrosse Club Network,Adult (18+),289,56,false
2025 Spring,2025-03-01,CMH,LAX,US Lacrosse Club Network,Youth (U18),1136,320,false
2025 Spring,2025-03-01,CMH,LAX,US Lacrosse Club Network,Adult (18+),487,137,false
2025 Spring,2025-03-01,MCI,LAX,US Lacrosse Club Network,Youth (U18),1081,357,false
2025 Spring,2025-03-01,MCI,LAX,US Lacrosse Club Network,Adult (18+),463,153,false
2025 Spring,2025-03-01,SLC,LAX,US Lacrosse Club Network,Youth (U18),1193,417,false
2025 Spring,2025-03-01,SLC,LAX,US Lacrosse Club Network,Adult (18+),511,178,false
2025 Spring,2025-03-01,JAX,LAX,US Lacrosse Club Network,Youth (U18),1170,450,false
2025 Spring,2025-03-01,JAX,LAX,US Lacrosse Club Network,Adult (18+),501,192,false
2025 Spring,2025-03-01,BOI,LAX,US Lacrosse Club Network,Youth (U18),756,233,false
2025 Spring,2025-03-01,BOI,LAX,US Lacrosse Club Network,Adult (18+),324,99,false
2025 Spring,2025-03-01,NYC,HKY,Amateur Hockey Federation,Youth (U18),3332,1055,false
2025 Spring,2025-03-01,NYC,HKY,Amateur Hockey Federation,Adult (18+),2221,703,false
2025 Spring,2025-03-01,LAX,HKY,Amateur Hockey Federation,Youth (U18),1015,360,false
2025 Spring,2025-03-01,LAX,HKY,Amateur Hockey Federation,Adult (18+),676,239,false
2025 Spring,2025-03-01,CHI,HKY,Amateur Hockey Federation,Youth (U18),1534,440,false
2025 Spring,2025-03-01,CHI,HKY,Amateur Hockey Federation,Adult (18+),1023,294,false
2025 Spring,2025-03-01,DFW,HKY,Amateur Hockey Federation,Youth (U18),411,146,false
2025 Spring,2025-03-01,DFW,HKY,Amateur Hockey Federation,Adult (18+),274,98,false
2025 Spring,2025-03-01,HOU,HKY,Amateur Hockey Federation,Youth (U18),340,80,false
2025 Spring,2025-03-01,HOU,HKY,Amateur Hockey Federation,Adult (18+),227,53,false
2025 Spring,2025-03-01,WAS,HKY,Amateur Hockey Federation,Youth (U18),1022,260,false
2025 Spring,2025-03-01,WAS,HKY,Amateur Hockey Federation,Adult (18+),681,173,false
2025 Spring,2025-03-01,PHL,HKY,Amateur Hockey Federation,Youth (U18),987,273,false
2025 Spring,2025-03-01,PHL,HKY,Amateur Hockey Federation,Adult (18+),658,181,false
2025 Spring,2025-03-01,ATL,HKY,Amateur Hockey Federation,Youth (U18),225,62,false
2025 Spring,2025-03-01,ATL,HKY,Amateur Hockey Federation,Adult (18+),150,41,false
2025 Spring,2025-03-01,MIA,HKY,Amateur Hockey Federation,Youth (U18),224,71,false
2025 Spring,2025-03-01,MIA,HKY,Amateur Hockey Federation,Adult (18+),150,48,false
2025 Spring,2025-03-01,PHX,HKY,Amateur Hockey Federation,Youth (U18),248,79,false
2025 Spring,2025-03-01,PHX,HKY,Amateur Hockey Federation,Adult (18+),165,52,false
2025 Spring,2025-03-01,BOS,HKY,Amateur Hockey Federation,Youth (U18),999,293,false
2025 Spring,2025-03-01,BOS,HKY,Amateur Hockey Federation,Adult (18+),666,195,false
2025 Spring,2025-03-01,SFO,HKY,Amateur Hockey Federation,Youth (U18),318,89,false
2025 Spring,2025-03-01,SFO,HKY,Amateur Hockey Federation,Adult (18+),212,59,false
2025 Spring,2025-03-01,SEA,HKY,Amateur Hockey Federation,Youth (U18),313,112,false
2025 Spring,2025-03-01,SEA,HKY,Amateur Hockey Federation,Adult (18+),209,75,false
2025 Spring,2025-03-01,MSP,HKY,Amateur Hockey Federation,Youth (U18),1041,275,false
2025 Spring,2025-03-01,MSP,HKY,Amateur Hockey Federation,Adult (18+),694,184,false
2025 Spring,2025-03-01,SAN,HKY,Amateur Hockey Federation,Youth (U18),253,94,false
2025 Spring,2025-03-01,SAN,HKY,Amateur Hockey Federation,Adult (18+),168,61,false
2025 Spring,2025-03-01,TPA,HKY,Amateur Hockey Federation,Youth (U18),120,29,false
2025 Spring,2025-03-01,TPA,HKY,Amateur Hockey Federation,Adult (18+),80,20,false
2025 Spring,2025-03-01,DEN,HKY,Amateur Hockey Federation,Youth (U18),353,116,false
2025 Spring,2025-03-01,DEN,HKY,Amateur Hockey Federation,Adult (18+),236,78,false
2025 Spring,2025-03-01,ORL,HKY,Amateur Hockey Federation,Youth (U18),109,33,false
2025 Spring,2025-03-01,ORL,HKY,Amateur Hockey Federation,Adult (18+),73,23,false
2025 Spring,2025-03-01,POR,HKY,Amateur Hockey Federation,Youth (U18),165,48,false
2025 Spring,2025-03-01,POR,HKY,Amateur Hockey Federation,Adult (18+),110,32,false
2025 Spring,2025-03-01,DET,HKY,Amateur Hockey Federation,Youth (U18),1055,383,false
2025 Spring,2025-03-01,DET,HKY,Amateur Hockey Federation,Adult (18+),703,255,false
2025 Spring,2025-03-01,NSH,HKY,Amateur Hockey Federation,Youth (U18),108,42,false
2025 Spring,2025-03-01,NSH,HKY,Amateur Hockey Federation,Adult (18+),72,28,false
2025 Spring,2025-03-01,AUS,HKY,Amateur Hockey Federation,Youth (U18),141,48,false
2025 Spring,2025-03-01,AUS,HKY,Amateur Hockey Federation,Adult (18+),94,32,false
2025 Spring,2025-03-01,RDU,HKY,Amateur Hockey Federation,Youth (U18),68,23,false
2025 Spring,2025-03-01,RDU,HKY,Amateur Hockey Federation,Adult (18+),45,15,false
2025 Spring,2025-03-01,CLT,HKY,Amateur Hockey Federation,Youth (U18),113,39,false
2025 Spring,2025-03-01,CLT,HKY,Amateur Hockey Federation,Adult (18+),75,25,false
2025 Spring,2025-03-01,SAT,HKY,Amateur Hockey Federation,Youth (U18),130,39,false
2025 Spring,2025-03-01,SAT,HKY,Amateur Hockey Federation,Adult (18+),86,26,false
2025 Spring,2025-03-01,LAS,HKY,Amateur Hockey Federation,Youth (U18),103,33,false
2025 Spring,2025-03-01,LAS,HKY,Amateur Hockey Federation,Adult (18+),68,21,false
2025 Spring,2025-03-01,CMH,HKY,Amateur Hockey Federation,Youth (U18),396,113,false
2025 Spring,2025-03-01,CMH,HKY,Amateur Hockey Federation,Adult (18+),264,75,false
2025 Spring,2025-03-01,MCI,HKY,Amateur Hockey Federation,Youth (U18),393,131,false
2025 Spring,2025-03-01,MCI,HKY,Amateur Hockey Federation,Adult (18+),262,88,false
2025 Spring,2025-03-01,SLC,HKY,Amateur Hockey Federation,Youth (U18),152,42,false
2025 Spring,2025-03-01,SLC,HKY,Amateur Hockey Federation,Adult (18+),101,28,false
2025 Spring,2025-03-01,JAX,HKY,Amateur Hockey Federation,Youth (U18),67,17,false
2025 Spring,2025-03-01,JAX,HKY,Amateur Hockey Federation,Adult (18+),44,11,false
2025 Spring,2025-03-01,BOI,HKY,Amateur Hockey Federation,Youth (U18),99,32,false
2025 Spring,2025-03-01,BOI,HKY,Amateur Hockey Federation,Adult (18+),66,21,false
2025 Spring,2025-03-01,NYC,VOL,National Volleyball Clubs Association,Youth (U18),15578,6090,false
2025 Spring,2025-03-01,NYC,VOL,National Volleyball Clubs Association,Adult (18+),12746,4983,false
2025 Spring,2025-03-01,LAX,VOL,National Volleyball Clubs Association,Youth (U18),10861,3765,false
2025 Spring,2025-03-01,LAX,VOL,National Volleyball Clubs Association,Adult (18+),8886,3080,false
2025 Spring,2025-03-01,CHI,VOL,National Volleyball Clubs Association,Youth (U18),8095,2097,false
2025 Spring,2025-03-01,CHI,VOL,National Volleyball Clubs Association,Adult (18+),6623,1715,false
2025 Spring,2025-03-01,DFW,VOL,National Volleyball Clubs Association,Youth (U18),8216,3381,false
2025 Spring,2025-03-01,DFW,VOL,National Volleyball Clubs Association,Adult (18+),6722,2766,false
2025 Spring,2025-03-01,HOU,VOL,National Volleyball Clubs Association,Youth (U18),7198,2650,false
2025 Spring,2025-03-01,HOU,VOL,National Volleyball Clubs Association,Adult (18+),5889,2168,false
2025 Spring,2025-03-01,WAS,VOL,National Volleyball Clubs Association,Youth (U18),4604,1466,false
2025 Spring,2025-03-01,WAS,VOL,National Volleyball Clubs Association,Adult (18+),3767,1199,false
2025 Spring,2025-03-01,PHL,VOL,National Volleyball Clubs Association,Youth (U18),4635,1637,false
2025 Spring,2025-03-01,PHL,VOL,National Volleyball Clubs Association,Adult (18+),3793,1340,false
2025 Spring,2025-03-01,ATL,VOL,National Volleyball Clubs Association,Youth (U18),4954,1148,false
2025 Spring,2025-03-01,ATL,VOL,National Volleyball Clubs Association,Adult (18+),4053,939,false
2025 Spring,2025-03-01,MIA,VOL,National Volleyball Clubs Association,Youth (U18),4874,1828,false
2025 Spring,2025-03-01,MIA,VOL,National Volleyball Clubs Association,Adult (18+),3987,1494,false
2025 Spring,2025-03-01,PHX,VOL,National Volleyball Clubs Association,Youth (U18),4267,1715,false
2025 Spring,2025-03-01,PHX,VOL,National Volleyball Clubs Association,Adult (18+),3491,1403,false
2025 Spring,2025-03-01,BOS,VOL,National Volleyball Clubs Association,Youth (U18),3353,925,false
2025 Spring,2025-03-01,BOS,VOL,National Volleyball Clubs Association,Adult (18+),2743,757,false
2025 Spring,2025-03-01,SFO,VOL,National Volleyball Clubs Association,Youth (U18),3688,1149,false
2025 Spring,2025-03-01,SFO,VOL,National Volleyball Clubs Association,Adult (18+),3017,940,false
2025 Spring,2025-03-01,SEA,VOL,National Volleyball Clubs Association,Youth (U18),3539,1411,false
2025 Spring,2025-03-01,SEA,VOL,National Volleyball Clubs Association,Adult (18+),2896,1154,false
2025 Spring,2025-03-01,MSP,VOL,National Volleyball Clubs Association,Youth (U18),3496,1179,false
2025 Spring,2025-03-01,MSP,VOL,National Volleyball Clubs Association,Adult (18+),2860,964,false
2025 Spring,2025-03-01,SAN,VOL,National Volleyball Clubs Association,Youth (U18),2614,754,false
2025 Spring,2025-03-01,SAN,VOL,National Volleyball Clubs Association,Adult (18+),2138,616,false
2025 Spring,2025-03-01,TPA,VOL,National Volleyball Clubs Association,Youth (U18),2587,829,false
2025 Spring,2025-03-01,TPA,VOL,National Volleyball Clubs Association,Adult (18+),2116,678,false
2025 Spring,2025-03-01,DEN,VOL,National Volleyball Clubs Association,Youth (U18),2501,967,false
2025 Spring,2025-03-01,DEN,VOL,National Volleyball Clubs Association,Adult (18+),2047,793,false
2025 Spring,2025-03-01,ORL,VOL,National Volleyball Clubs Association,Youth (U18),2130,701,false
2025 Spring,2025-03-01,ORL,VOL,National Volleyball Clubs Association,Adult (18+),1742,573,false
2025 Spring,2025-03-01,POR,VOL,National Volleyball Clubs Association,Youth (U18),2116,781,false
2025 Spring,2025-03-01,POR,VOL,National Volleyball Clubs Association,Adult (18+),1731,639,false
2025 Spring,2025-03-01,DET,VOL,National Volleyball Clubs Association,Youth (U18),3855,1537,false
2025 Spring,2025-03-01,DET,VOL,National Volleyball Clubs Association,Adult (18+),3154,1257,false
2025 Spring,2025-03-01,NSH,VOL,National Volleyball Clubs Association,Youth (U18),2076,789,false
2025 Spring,2025-03-01,NSH,VOL,National Volleyball Clubs Association,Adult (18+),1699,646,false
2025 Spring,2025-03-01,AUS,VOL,National Volleyball Clubs Association,Youth (U18),2929,1196,false
2025 Spring,2025-03-01,AUS,VOL,National Volleyball Clubs Association,Adult (18+),2396,978,false
2025 Spring,2025-03-01,RDU,VOL,National Volleyball Clubs Association,Youth (U18),1378,493,false
2025 Spring,2025-03-01,RDU,VOL,National Volleyball Clubs Association,Adult (18+),1127,403,false
2025 Spring,2025-03-01,CLT,VOL,National Volleyball Clubs Association,Youth (U18),2138,649,false
2025 Spring,2025-03-01,CLT,VOL,National Volleyball Clubs Association,Adult (18+),1750,532,false
2025 Spring,2025-03-01,SAT,VOL,National Volleyball Clubs Association,Youth (U18),2593,943,false
2025 Spring,2025-03-01,SAT,VOL,National Volleyball Clubs Association,Adult (18+),2122,772,false
2025 Spring,2025-03-01,LAS,VOL,National Volleyball Clubs Association,Youth (U18),1733,521,false
2025 Spring,2025-03-01,LAS,VOL,National Volleyball Clubs Association,Adult (18+),1418,427,false
2025 Spring,2025-03-01,CMH,VOL,National Volleyball Clubs Association,Youth (U18),1950,613,false
2025 Spring,2025-03-01,CMH,VOL,National Volleyball Clubs Association,Adult (18+),1596,502,false
2025 Spring,2025-03-01,MCI,VOL,National Volleyball Clubs Association,Youth (U18),1900,569,false
2025 Spring,2025-03-01,MCI,VOL,National Volleyball Clubs Association,Adult (18+),1554,465,false
2025 Spring,2025-03-01,SLC,VOL,National Volleyball Clubs Association,Youth (U18),1067,402,false
2025 Spring,2025-03-01,SLC,VOL,National Volleyball Clubs Association,Adult (18+),873,329,false
2025 Spring,2025-03-01,JAX,VOL,National Volleyball Clubs Association,Youth (U18),1345,400,false
2025 Spring,2025-03-01,JAX,VOL,National Volleyball Clubs Association,Adult (18+),1101,328,false
2025 Spring,2025-03-01,BOI,VOL,National Volleyball Clubs Association,Youth (U18),713,293,false
2025 Spring,2025-03-01,BOI,VOL,National Volleyball Clubs Association,Adult (18+),583,240,false
2025 Fall,2025-09-01,NYC,SOC,National Youth & Adult Soccer Alliance,Youth (U18),58510,19481,false
2025 Fall,2025-09-01,NYC,SOC,National Youth & Adult Soccer Alliance,Adult (18+),19503,6493,false
2025 Fall,2025-09-01,LAX,SOC,National Youth & Adult Soccer Alliance,Youth (U18),35362,10654,false
2025 Fall,2025-09-01,LAX,SOC,National Youth & Adult Soccer Alliance,Adult (18+),11787,3551,false
2025 Fall,2025-09-01,CHI,SOC,National Youth & Adult Soccer Alliance,Youth (U18),24849,6338,false
2025 Fall,2025-09-01,CHI,SOC,National Youth & Adult Soccer Alliance,Adult (18+),8283,2113,false
2025 Fall,2025-09-01,DFW,SOC,National Youth & Adult Soccer Alliance,Youth (U18),25928,10234,false
2025 Fall,2025-09-01,DFW,SOC,National Youth & Adult Soccer Alliance,Adult (18+),8643,3411,false
2025 Fall,2025-09-01,HOU,SOC,National Youth & Adult Soccer Alliance,Youth (U18),22265,7304,false
2025 Fall,2025-09-01,HOU,SOC,National Youth & Adult Soccer Alliance,Adult (18+),7422,2435,false
2025 Fall,2025-09-01,WAS,SOC,National Youth & Adult Soccer Alliance,Youth (U18),18943,5956,false
2025 Fall,2025-09-01,WAS,SOC,National Youth & Adult Soccer Alliance,Adult (18+),6314,1985,false
2025 Fall,2025-09-01,PHL,SOC,National Youth & Adult Soccer Alliance,Youth (U18),17285,4355,false
2025 Fall,2025-09-01,PHL,SOC,National Youth & Adult Soccer Alliance,Adult (18+),5762,1452,false
2025 Fall,2025-09-01,ATL,SOC,National Youth & Adult Soccer Alliance,Youth (U18),19273,6371,false
2025 Fall,2025-09-01,ATL,SOC,National Youth & Adult Soccer Alliance,Adult (18+),6424,2123,false
2025 Fall,2025-09-01,MIA,SOC,National Youth & Adult Soccer Alliance,Youth (U18),18029,4764,false
2025 Fall,2025-09-01,MIA,SOC,National Youth & Adult Soccer Alliance,Adult (18+),6010,1588,false
2025 Fall,2025-09-01,PHX,SOC,National Youth & Adult Soccer Alliance,Youth (U18),16536,5261,false
2025 Fall,2025-09-01,PHX,SOC,National Youth & Adult Soccer Alliance,Adult (18+),5512,1754,false
2025 Fall,2025-09-01,BOS,SOC,National Youth & Adult Soccer Alliance,Youth (U18),13415,2897,false
2025 Fall,2025-09-01,BOS,SOC,National Youth & Adult Soccer Alliance,Adult (18+),4472,966,false
2025 Fall,2025-09-01,SFO,SOC,National Youth & Adult Soccer Alliance,Youth (U18),12028,3369,false
2025 Fall,2025-09-01,SFO,SOC,National Youth & Adult Soccer Alliance,Adult (18+),4009,1123,false
2025 Fall,2025-09-01,SEA,SOC,National Youth & Adult Soccer Alliance,Youth (U18),12494,4571,false
2025 Fall,2025-09-01,SEA,SOC,National Youth & Adult Soccer Alliance,Adult (18+),4165,1524,false
2025 Fall,2025-09-01,MSP,SOC,National Youth & Adult Soccer Alliance,Youth (U18),10708,3638,false
2025 Fall,2025-09-01,MSP,SOC,National Youth & Adult Soccer Alliance,Adult (18+),3569,1212,false
2025 Fall,2025-09-01,SAN,SOC,National Youth & Adult Soccer Alliance,Youth (U18),9289,2733,false
2025 Fall,2025-09-01,SAN,SOC,National Youth & Adult Soccer Alliance,Adult (18+),3096,911,false
2025 Fall,2025-09-01,TPA,SOC,National Youth & Adult Soccer Alliance,Youth (U18),11053,4269,false
2025 Fall,2025-09-01,TPA,SOC,National Youth & Adult Soccer Alliance,Adult (18+),3684,1422,false
2025 Fall,2025-09-01,DEN,SOC,National Youth & Adult Soccer Alliance,Youth (U18),9738,3879,false
2025 Fall,2025-09-01,DEN,SOC,National Youth & Adult Soccer Alliance,Adult (18+),3246,1293,false
2025 Fall,2025-09-01,ORL,SOC,National Youth & Adult Soccer Alliance,Youth (U18),8510,2926,false
2025 Fall,2025-09-01,ORL,SOC,National Youth & Adult Soccer Alliance,Adult (18+),2837,976,false
2025 Fall,2025-09-01,POR,SOC,National Youth & Adult Soccer Alliance,Youth (U18),7701,2826,false
2025 Fall,2025-09-01,POR,SOC,National Youth & Adult Soccer Alliance,Adult (18+),2567,942,false
2025 Fall,2025-09-01,DET,SOC,National Youth & Adult Soccer Alliance,Youth (U18),11689,3008,false
2025 Fall,2025-09-01,DET,SOC,National Youth & Adult Soccer Alliance,Adult (18+),3896,1002,false
2025 Fall,2025-09-01,NSH,SOC,National Youth & Adult Soccer Alliance,Youth (U18),8929,3532,false
2025 Fall,2025-09-01,NSH,SOC,National Youth & Adult Soccer Alliance,Adult (18+),2976,1177,false
2025 Fall,2025-09-01,AUS,SOC,National Youth & Adult Soccer Alliance,Youth (U18),9677,3153,false
2025 Fall,2025-09-01,AUS,SOC,National Youth & Adult Soccer Alliance,Adult (18+),3226,1052,false
2025 Fall,2025-09-01,RDU,SOC,National Youth & Adult Soccer Alliance,Youth (U18),6284,2439,false
2025 Fall,2025-09-01,RDU,SOC,National Youth & Adult Soccer Alliance,Adult (18+),2095,813,false
2025 Fall,2025-09-01,CLT,SOC,National Youth & Adult Soccer Alliance,Youth (U18),8551,2036,false
2025 Fall,2025-09-01,CLT,SOC,National Youth & Adult Soccer Alliance,Adult (18+),2850,678,false
2025 Fall,2025-09-01,SAT,SOC,National Youth & Adult Soccer Alliance,Youth (U18),8382,3211,false
2025 Fall,2025-09-01,SAT,SOC,National Youth & Adult Soccer Alliance,Adult (18+),2794,1070,false
2025 Fall,2025-09-01,LAS,SOC,National Youth & Adult Soccer Alliance,Youth (U18),6373,1853,false
2025 Fall,2025-09-01,LAS,SOC,National Youth & Adult Soccer Alliance,Adult (18+),2124,617,false
2025 Fall,2025-09-01,CMH,SOC,National Youth & Adult Soccer Alliance,Youth (U18),5853,1385,false
2025 Fall,2025-09-01,CMH,SOC,National Youth & Adult Soccer Alliance,Adult (18+),1951,462,false
2025 Fall,2025-09-01,MCI,SOC,National Youth & Adult Soccer Alliance,Youth (U18),6205,1585,false
2025 Fall,2025-09-01,MCI,SOC,National Youth & Adult Soccer Alliance,Adult (18+),2068,528,false
2025 Fall,2025-09-01,SLC,SOC,National Youth & Adult Soccer Alliance,Youth (U18),4019,1161,false
2025 Fall,2025-09-01,SLC,SOC,National Youth & Adult Soccer Alliance,Adult (18+),1340,387,false
2025 Fall,2025-09-01,JAX,SOC,National Youth & Adult Soccer Alliance,Youth (U18),5183,1266,false
2025 Fall,2025-09-01,JAX,SOC,National Youth & Adult Soccer Alliance,Adult (18+),1728,423,false
2025 Fall,2025-09-01,BOI,SOC,National Youth & Adult Soccer Alliance,Youth (U18),2675,984,false
2025 Fall,2025-09-01,BOI,SOC,National Youth & Adult Soccer Alliance,Adult (18+),892,328,false
2025 Fall,2025-09-01,NYC,BSK,Hoops America Rec Network,Youth (U18),76985,21891,false
2025 Fall,2025-09-01,NYC,BSK,Hoops America Rec Network,Adult (18+),51323,14594,false
2025 Fall,2025-09-01,LAX,BSK,Hoops America Rec Network,Youth (U18),46867,9475,false
2025 Fall,2025-09-01,LAX,BSK,Hoops America Rec Network,Adult (18+),31244,6316,false
2025 Fall,2025-09-01,CHI,BSK,Hoops America Rec Network,Youth (U18),35568,10127,false
2025 Fall,2025-09-01,CHI,BSK,Hoops America Rec Network,Adult (18+),23712,6751,false
2025 Fall,2025-09-01,DFW,BSK,Hoops America Rec Network,Youth (U18),34803,11844,false
2025 Fall,2025-09-01,DFW,BSK,Hoops America Rec Network,Adult (18+),23202,7896,false
2025 Fall,2025-09-01,HOU,BSK,Hoops America Rec Network,Youth (U18),31600,9850,false
2025 Fall,2025-09-01,HOU,BSK,Hoops America Rec Network,Adult (18+),21067,6566,false
2025 Fall,2025-09-01,WAS,BSK,Hoops America Rec Network,Youth (U18),24178,5187,false
2025 Fall,2025-09-01,WAS,BSK,Hoops America Rec Network,Adult (18+),16119,3458,false
2025 Fall,2025-09-01,PHL,BSK,Hoops America Rec Network,Youth (U18),23475,5728,false
2025 Fall,2025-09-01,PHL,BSK,Hoops America Rec Network,Adult (18+),15650,3818,false
2025 Fall,2025-09-01,ATL,BSK,Hoops America Rec Network,Youth (U18),27442,8759,false
2025 Fall,2025-09-01,ATL,BSK,Hoops America Rec Network,Adult (18+),18295,5840,false
2025 Fall,2025-09-01,MIA,BSK,Hoops America Rec Network,Youth (U18),24664,5102,false
2025 Fall,2025-09-01,MIA,BSK,Hoops America Rec Network,Adult (18+),16442,3401,false
2025 Fall,2025-09-01,PHX,BSK,Hoops America Rec Network,Youth (U18),23182,5823,false
2025 Fall,2025-09-01,PHX,BSK,Hoops America Rec Network,Adult (18+),15455,3882,false
2025 Fall,2025-09-01,BOS,BSK,Hoops America Rec Network,Youth (U18),20724,6439,false
2025 Fall,2025-09-01,BOS,BSK,Hoops America Rec Network,Adult (18+),13816,4293,false
2025 Fall,2025-09-01,SFO,BSK,Hoops America Rec Network,Youth (U18),19232,6223,false
2025 Fall,2025-09-01,SFO,BSK,Hoops America Rec Network,Adult (18+),12821,4149,false
2025 Fall,2025-09-01,SEA,BSK,Hoops America Rec Network,Youth (U18),15191,2704,false
2025 Fall,2025-09-01,SEA,BSK,Hoops America Rec Network,Adult (18+),10127,1802,false
2025 Fall,2025-09-01,MSP,BSK,Hoops America Rec Network,Youth (U18),14649,3890,false
2025 Fall,2025-09-01,MSP,BSK,Hoops America Rec Network,Adult (18+),9766,2593,false
2025 Fall,2025-09-01,SAN,BSK,Hoops America Rec Network,Youth (U18),13496,4625,false
2025 Fall,2025-09-01,SAN,BSK,Hoops America Rec Network,Adult (18+),8997,3083,false
2025 Fall,2025-09-01,TPA,BSK,Hoops America Rec Network,Youth (U18),12855,2379,false
2025 Fall,2025-09-01,TPA,BSK,Hoops America Rec Network,Adult (18+),8570,1586,false
2025 Fall,2025-09-01,DEN,BSK,Hoops America Rec Network,Youth (U18),11764,2992,false
2025 Fall,2025-09-01,DEN,BSK,Hoops America Rec Network,Adult (18+),7842,1994,false
2025 Fall,2025-09-01,ORL,BSK,Hoops America Rec Network,Youth (U18),12714,4384,false
2025 Fall,2025-09-01,ORL,BSK,Hoops America Rec Network,Adult (18+),8476,2923,false
2025 Fall,2025-09-01,POR,BSK,Hoops America Rec Network,Youth (U18),9406,2838,false
2025 Fall,2025-09-01,POR,BSK,Hoops America Rec Network,Adult (18+),6270,1891,false
2025 Fall,2025-09-01,DET,BSK,Hoops America Rec Network,Youth (U18),18742,6673,false
2025 Fall,2025-09-01,DET,BSK,Hoops America Rec Network,Adult (18+),12495,4449,false
2025 Fall,2025-09-01,NSH,BSK,Hoops America Rec Network,Youth (U18),11284,3684,false
2025 Fall,2025-09-01,NSH,BSK,Hoops America Rec Network,Adult (18+),7523,2456,false
2025 Fall,2025-09-01,AUS,BSK,Hoops America Rec Network,Youth (U18),13675,5283,false
2025 Fall,2025-09-01,AUS,BSK,Hoops America Rec Network,Adult (18+),9116,3521,false
2025 Fall,2025-09-01,RDU,BSK,Hoops America Rec Network,Youth (U18),8246,2873,false
2025 Fall,2025-09-01,RDU,BSK,Hoops America Rec Network,Adult (18+),5498,1916,false
2025 Fall,2025-09-01,CLT,BSK,Hoops America Rec Network,Youth (U18),12206,3857,false
2025 Fall,2025-09-01,CLT,BSK,Hoops America Rec Network,Adult (18+),8138,2572,false
2025 Fall,2025-09-01,SAT,BSK,Hoops America Rec Network,Youth (U18),11225,3666,false
2025 Fall,2025-09-01,SAT,BSK,Hoops America Rec Network,Adult (18+),7484,2444,false
2025 Fall,2025-09-01,LAS,BSK,Hoops America Rec Network,Youth (U18),8792,1927,false
2025 Fall,2025-09-01,LAS,BSK,Hoops America Rec Network,Adult (18+),5861,1284,false
2025 Fall,2025-09-01,CMH,BSK,Hoops America Rec Network,Youth (U18),9203,2800,false
2025 Fall,2025-09-01,CMH,BSK,Hoops America Rec Network,Adult (18+),6135,1867,false
2025 Fall,2025-09-01,MCI,BSK,Hoops America Rec Network,Youth (U18),9003,2774,false
2025 Fall,2025-09-01,MCI,BSK,Hoops America Rec Network,Adult (18+),6002,1849,false
2025 Fall,2025-09-01,SLC,BSK,Hoops America Rec Network,Youth (U18),5477,1638,false
2025 Fall,2025-09-01,SLC,BSK,Hoops America Rec Network,Adult (18+),3651,1091,false
2025 Fall,2025-09-01,JAX,BSK,Hoops America Rec Network,Youth (U18),6868,1855,false
2025 Fall,2025-09-01,JAX,BSK,Hoops America Rec Network,Adult (18+),4578,1236,false
2025 Fall,2025-09-01,BOI,BSK,Hoops America Rec Network,Youth (U18),3866,1466,false
2025 Fall,2025-09-01,BOI,BSK,Hoops America Rec Network,Adult (18+),2577,976,false
2025 Fall,2025-09-01,NYC,BSB,Diamond Youth Baseball Federation,Youth (U18),10087,2860,false
2025 Fall,2025-09-01,NYC,BSB,Diamond Youth Baseball Federation,Adult (18+),4323,1226,false
2025 Fall,2025-09-01,LAX,BSB,Diamond Youth Baseball Federation,Youth (U18),6181,1428,false
2025 Fall,2025-09-01,LAX,BSB,Diamond Youth Baseball Federation,Adult (18+),2649,612,false
2025 Fall,2025-09-01,CHI,BSB,Diamond Youth Baseball Federation,Youth (U18),4315,1130,false
2025 Fall,2025-09-01,CHI,BSB,Diamond Youth Baseball Federation,Adult (18+),1849,484,false
2025 Fall,2025-09-01,DFW,BSB,Diamond Youth Baseball Federation,Youth (U18),6085,2112,false
2025 Fall,2025-09-01,DFW,BSB,Diamond Youth Baseball Federation,Adult (18+),2608,905,false
2025 Fall,2025-09-01,HOU,BSB,Diamond Youth Baseball Federation,Youth (U18),5014,1209,false
2025 Fall,2025-09-01,HOU,BSB,Diamond Youth Baseball Federation,Adult (18+),2149,518,false
2025 Fall,2025-09-01,WAS,BSB,Diamond Youth Baseball Federation,Youth (U18),3176,782,false
2025 Fall,2025-09-01,WAS,BSB,Diamond Youth Baseball Federation,Adult (18+),1361,335,false
2025 Fall,2025-09-01,PHL,BSB,Diamond Youth Baseball Federation,Youth (U18),3101,966,false
2025 Fall,2025-09-01,PHL,BSB,Diamond Youth Baseball Federation,Adult (18+),1329,414,false
2025 Fall,2025-09-01,ATL,BSB,Diamond Youth Baseball Federation,Youth (U18),4307,1339,false
2025 Fall,2025-09-01,ATL,BSB,Diamond Youth Baseball Federation,Adult (18+),1846,574,false
2025 Fall,2025-09-01,MIA,BSB,Diamond Youth Baseball Federation,Youth (U18),3993,1136,false
2025 Fall,2025-09-01,MIA,BSB,Diamond Youth Baseball Federation,Adult (18+),1711,486,false
2025 Fall,2025-09-01,PHX,BSB,Diamond Youth Baseball Federation,Youth (U18),3432,1107,false
2025 Fall,2025-09-01,PHX,BSB,Diamond Youth Baseball Federation,Adult (18+),1471,475,false
2025 Fall,2025-09-01,BOS,BSB,Diamond Youth Baseball Federation,Youth (U18),2516,755,false
2025 Fall,2025-09-01,BOS,BSB,Diamond Youth Baseball Federation,Adult (18+),1078,323,false
2025 Fall,2025-09-01,SFO,BSB,Diamond Youth Baseball Federation,Youth (U18),2399,836,false
2025 Fall,2025-09-01,SFO,BSB,Diamond Youth Baseball Federation,Adult (18+),1028,358,false
2025 Fall,2025-09-01,SEA,BSB,Diamond Youth Baseball Federation,Youth (U18),1927,512,false
2025 Fall,2025-09-01,SEA,BSB,Diamond Youth Baseball Federation,Adult (18+),826,220,false
2025 Fall,2025-09-01,MSP,BSB,Diamond Youth Baseball Federation,Youth (U18),1906,630,false
2025 Fall,2025-09-01,MSP,BSB,Diamond Youth Baseball Federation,Adult (18+),817,271,false
2025 Fall,2025-09-01,SAN,BSB,Diamond Youth Baseball Federation,Youth (U18),1581,268,false
2025 Fall,2025-09-01,SAN,BSB,Diamond Youth Baseball Federation,Adult (18+),678,115,false
2025 Fall,2025-09-01,TPA,BSB,Diamond Youth Baseball Federation,Youth (U18),2435,757,false
2025 Fall,2025-09-01,TPA,BSB,Diamond Youth Baseball Federation,Adult (18+),1044,325,false
2025 Fall,2025-09-01,DEN,BSB,Diamond Youth Baseball Federation,Youth (U18),1561,395,false
2025 Fall,2025-09-01,DEN,BSB,Diamond Youth Baseball Federation,Adult (18+),669,169,false
2025 Fall,2025-09-01,ORL,BSB,Diamond Youth Baseball Federation,Youth (U18),1885,434,false
2025 Fall,2025-09-01,ORL,BSB,Diamond Youth Baseball Federation,Adult (18+),808,187,false
2025 Fall,2025-09-01,POR,BSB,Diamond Youth Baseball Federation,Youth (U18),1219,335,false
2025 Fall,2025-09-01,POR,BSB,Diamond Youth Baseball Federation,Adult (18+),523,144,false
2025 Fall,2025-09-01,DET,BSB,Diamond Youth Baseball Federation,Youth (U18),2112,692,false
2025 Fall,2025-09-01,DET,BSB,Diamond Youth Baseball Federation,Adult (18+),905,297,false
2025 Fall,2025-09-01,NSH,BSB,Diamond Youth Baseball Federation,Youth (U18),1946,673,false
2025 Fall,2025-09-01,NSH,BSB,Diamond Youth Baseball Federation,Adult (18+),834,288,false
2025 Fall,2025-09-01,AUS,BSB,Diamond Youth Baseball Federation,Youth (U18),2375,850,false
2025 Fall,2025-09-01,AUS,BSB,Diamond Youth Baseball Federation,Adult (18+),1018,364,false
2025 Fall,2025-09-01,RDU,BSB,Diamond Youth Baseball Federation,Youth (U18),1404,509,false
2025 Fall,2025-09-01,RDU,BSB,Diamond Youth Baseball Federation,Adult (18+),602,218,false
2025 Fall,2025-09-01,CLT,BSB,Diamond Youth Baseball Federation,Youth (U18),1910,521,false
2025 Fall,2025-09-01,CLT,BSB,Diamond Youth Baseball Federation,Adult (18+),819,224,false
2025 Fall,2025-09-01,SAT,BSB,Diamond Youth Baseball Federation,Youth (U18),1516,262,false
2025 Fall,2025-09-01,SAT,BSB,Diamond Youth Baseball Federation,Adult (18+),650,113,false
2025 Fall,2025-09-01,LAS,BSB,Diamond Youth Baseball Federation,Youth (U18),1365,402,false
2025 Fall,2025-09-01,LAS,BSB,Diamond Youth Baseball Federation,Adult (18+),585,172,false
2025 Fall,2025-09-01,CMH,BSB,Diamond Youth Baseball Federation,Youth (U18),1215,352,false
2025 Fall,2025-09-01,CMH,BSB,Diamond Youth Baseball Federation,Adult (18+),521,152,false
2025 Fall,2025-09-01,MCI,BSB,Diamond Youth Baseball Federation,Youth (U18),1096,311,false
2025 Fall,2025-09-01,MCI,BSB,Diamond Youth Baseball Federation,Adult (18+),470,134,false
2025 Fall,2025-09-01,SLC,BSB,Diamond Youth Baseball Federation,Youth (U18),724,252,false
2025 Fall,2025-09-01,SLC,BSB,Diamond Youth Baseball Federation,Adult (18+),310,108,false
2025 Fall,2025-09-01,JAX,BSB,Diamond Youth Baseball Federation,Youth (U18),1266,383,false
2025 Fall,2025-09-01,JAX,BSB,Diamond Youth Baseball Federation,Adult (18+),543,164,false
2025 Fall,2025-09-01,BOI,BSB,Diamond Youth Baseball Federation,Youth (U18),453,96,false
2025 Fall,2025-09-01,BOI,BSB,Diamond Youth Baseball Federation,Adult (18+),194,41,false
2025 Fall,2025-09-01,NYC,FTB,Gridiron Youth League Association,Youth (U18),31026,6038,false
2025 Fall,2025-09-01,NYC,FTB,Gridiron Youth League Association,Adult (18+),7757,1510,false
2025 Fall,2025-09-01,LAX,FTB,Gridiron Youth League Association,Youth (U18),19293,4695,false
2025 Fall,2025-09-01,LAX,FTB,Gridiron Youth League Association,Adult (18+),4823,1173,false
2025 Fall,2025-09-01,CHI,FTB,Gridiron Youth League Association,Youth (U18),14337,4627,false
2025 Fall,2025-09-01,CHI,FTB,Gridiron Youth League Association,Adult (18+),3584,1156,false
2025 Fall,2025-09-01,DFW,FTB,Gridiron Youth League Association,Youth (U18),20692,6068,false
2025 Fall,2025-09-01,DFW,FTB,Gridiron Youth League Association,Adult (18+),5173,1517,false
2025 Fall,2025-09-01,HOU,FTB,Gridiron Youth League Association,Youth (U18),18546,5868,false
2025 Fall,2025-09-01,HOU,FTB,Gridiron Youth League Association,Adult (18+),4636,1467,false
2025 Fall,2025-09-01,WAS,FTB,Gridiron Youth League Association,Youth (U18),9424,2281,false
2025 Fall,2025-09-01,WAS,FTB,Gridiron Youth League Association,Adult (18+),2356,570,false
2025 Fall,2025-09-01,PHL,FTB,Gridiron Youth League Association,Youth (U18),10632,3523,false
2025 Fall,2025-09-01,PHL,FTB,Gridiron Youth League Association,Adult (18+),2658,881,false
2025 Fall,2025-09-01,ATL,FTB,Gridiron Youth League Association,Youth (U18),15296,4115,false
2025 Fall,2025-09-01,ATL,FTB,Gridiron Youth League Association,Adult (18+),3824,1029,false
2025 Fall,2025-09-01,MIA,FTB,Gridiron Youth League Association,Youth (U18),13468,3377,false
2025 Fall,2025-09-01,MIA,FTB,Gridiron Youth League Association,Adult (18+),3367,844,false
2025 Fall,2025-09-01,PHX,FTB,Gridiron Youth League Association,Youth (U18),9011,2854,false
2025 Fall,2025-09-01,PHX,FTB,Gridiron Youth League Association,Adult (18+),2253,714,false
2025 Fall,2025-09-01,BOS,FTB,Gridiron Youth League Association,Youth (U18),8194,3271,false
2025 Fall,2025-09-01,BOS,FTB,Gridiron Youth League Association,Adult (18+),2049,819,false
2025 Fall,2025-09-01,SFO,FTB,Gridiron Youth League Association,Youth (U18),7825,2261,false
2025 Fall,2025-09-01,SFO,FTB,Gridiron Youth League Association,Adult (18+),1956,565,false
2025 Fall,2025-09-01,SEA,FTB,Gridiron Youth League Association,Youth (U18),6340,1774,false
2025 Fall,2025-09-01,SEA,FTB,Gridiron Youth League Association,Adult (18+),1585,444,false
2025 Fall,2025-09-01,MSP,FTB,Gridiron Youth League Association,Youth (U18),5864,1046,false
2025 Fall,2025-09-01,MSP,FTB,Gridiron Youth League Association,Adult (18+),1466,261,false
2025 Fall,2025-09-01,SAN,FTB,Gridiron Youth League Association,Youth (U18),5158,1253,false
2025 Fall,2025-09-01,SAN,FTB,Gridiron Youth League Association,Adult (18+),1290,314,false
2025 Fall,2025-09-01,TPA,FTB,Gridiron Youth League Association,Youth (U18),8643,2835,false
2025 Fall,2025-09-01,TPA,FTB,Gridiron Youth League Association,Adult (18+),2161,709,false
2025 Fall,2025-09-01,DEN,FTB,Gridiron Youth League Association,Youth (U18),5060,1217,false
2025 Fall,2025-09-01,DEN,FTB,Gridiron Youth League Association,Adult (18+),1265,305,false
2025 Fall,2025-09-01,ORL,FTB,Gridiron Youth League Association,Youth (U18),7000,2134,false
2025 Fall,2025-09-01,ORL,FTB,Gridiron Youth League Association,Adult (18+),1750,534,false
2025 Fall,2025-09-01,POR,FTB,Gridiron Youth League Association,Youth (U18),3879,967,false
2025 Fall,2025-09-01,POR,FTB,Gridiron Youth League Association,Adult (18+),970,242,false
2025 Fall,2025-09-01,DET,FTB,Gridiron Youth League Association,Youth (U18),6908,1989,false
2025 Fall,2025-09-01,DET,FTB,Gridiron Youth League Association,Adult (18+),1727,497,false
2025 Fall,2025-09-01,NSH,FTB,Gridiron Youth League Association,Youth (U18),7252,2788,false
2025 Fall,2025-09-01,NSH,FTB,Gridiron Youth League Association,Adult (18+),1813,697,false
2025 Fall,2025-09-01,AUS,FTB,Gridiron Youth League Association,Youth (U18),7842,2184,false
2025 Fall,2025-09-01,AUS,FTB,Gridiron Youth League Association,Adult (18+),1961,546,false
2025 Fall,2025-09-01,RDU,FTB,Gridiron Youth League Association,Youth (U18),4693,1693,false
2025 Fall,2025-09-01,RDU,FTB,Gridiron Youth League Association,Adult (18+),1173,423,false
2025 Fall,2025-09-01,CLT,FTB,Gridiron Youth League Association,Youth (U18),6830,1908,false
2025 Fall,2025-09-01,CLT,FTB,Gridiron Youth League Association,Adult (18+),1707,477,false
2025 Fall,2025-09-01,SAT,FTB,Gridiron Youth League Association,Youth (U18),6779,1783,false
2025 Fall,2025-09-01,SAT,FTB,Gridiron Youth League Association,Adult (18+),1695,446,false
2025 Fall,2025-09-01,LAS,FTB,Gridiron Youth League Association,Youth (U18),3796,1329,false
2025 Fall,2025-09-01,LAS,FTB,Gridiron Youth League Association,Adult (18+),949,333,false
2025 Fall,2025-09-01,CMH,FTB,Gridiron Youth League Association,Youth (U18),3286,595,false
2025 Fall,2025-09-01,CMH,FTB,Gridiron Youth League Association,Adult (18+),821,149,false
2025 Fall,2025-09-01,MCI,FTB,Gridiron Youth League Association,Youth (U18),3761,1109,false
2025 Fall,2025-09-01,MCI,FTB,Gridiron Youth League Association,Adult (18+),940,277,false
2025 Fall,2025-09-01,SLC,FTB,Gridiron Youth League Association,Youth (U18),2466,815,false
2025 Fall,2025-09-01,SLC,FTB,Gridiron Youth League Association,Adult (18+),616,203,false
2025 Fall,2025-09-01,JAX,FTB,Gridiron Youth League Association,Youth (U18),4272,1255,false
2025 Fall,2025-09-01,JAX,FTB,Gridiron Youth League Association,Adult (18+),1068,314,false
2025 Fall,2025-09-01,BOI,FTB,Gridiron Youth League Association,Youth (U18),1591,502,false
2025 Fall,2025-09-01,BOI,FTB,Gridiron Youth League Association,Adult (18+),398,126,false
2025 Fall,2025-09-01,NYC,TEN,Community Tennis League of America,Youth (U18),11955,2941,false
2025 Fall,2025-09-01,NYC,TEN,Community Tennis League of America,Adult (18+),27895,6863,false
2025 Fall,2025-09-01,LAX,TEN,Community Tennis League of America,Youth (U18),7682,2142,false
2025 Fall,2025-09-01,LAX,TEN,Community Tennis League of America,Adult (18+),17924,4998,false
2025 Fall,2025-09-01,CHI,TEN,Community Tennis League of America,Youth (U18),5212,1086,false
2025 Fall,2025-09-01,CHI,TEN,Community Tennis League of America,Adult (18+),12162,2535,false
2025 Fall,2025-09-01,DFW,TEN,Community Tennis League of America,Youth (U18),4987,1570,false
2025 Fall,2025-09-01,DFW,TEN,Community Tennis League of America,Adult (18+),11637,3663,false
2025 Fall,2025-09-01,HOU,TEN,Community Tennis League of America,Youth (U18),4623,1432,false
2025 Fall,2025-09-01,HOU,TEN,Community Tennis League of America,Adult (18+),10787,3342,false
2025 Fall,2025-09-01,WAS,TEN,Community Tennis League of America,Youth (U18),3715,1039,false
2025 Fall,2025-09-01,WAS,TEN,Community Tennis League of America,Adult (18+),8669,2426,false
2025 Fall,2025-09-01,PHL,TEN,Community Tennis League of America,Youth (U18),4216,1256,false
2025 Fall,2025-09-01,PHL,TEN,Community Tennis League of America,Adult (18+),9836,2929,false
2025 Fall,2025-09-01,ATL,TEN,Community Tennis League of America,Youth (U18),3730,1026,false
2025 Fall,2025-09-01,ATL,TEN,Community Tennis League of America,Adult (18+),8704,2395,false
2025 Fall,2025-09-01,MIA,TEN,Community Tennis League of America,Youth (U18),3405,869,false
2025 Fall,2025-09-01,MIA,TEN,Community Tennis League of America,Adult (18+),7945,2028,false
2025 Fall,2025-09-01,PHX,TEN,Community Tennis League of America,Youth (U18),2786,596,false
2025 Fall,2025-09-01,PHX,TEN,Community Tennis League of America,Adult (18+),6501,1390,false
2025 Fall,2025-09-01,BOS,TEN,Community Tennis League of America,Youth (U18),3338,1051,false
2025 Fall,2025-09-01,BOS,TEN,Community Tennis League of America,Adult (18+),7788,2453,false
2025 Fall,2025-09-01,SFO,TEN,Community Tennis League of America,Youth (U18),2965,931,false
2025 Fall,2025-09-01,SFO,TEN,Community Tennis League of America,Adult (18+),6918,2172,false
2025 Fall,2025-09-01,SEA,TEN,Community Tennis League of America,Youth (U18),2737,850,false
2025 Fall,2025-09-01,SEA,TEN,Community Tennis League of America,Adult (18+),6386,1982,false
2025 Fall,2025-09-01,MSP,TEN,Community Tennis League of America,Youth (U18),2291,513,false
2025 Fall,2025-09-01,MSP,TEN,Community Tennis League of America,Adult (18+),5345,1196,false
2025 Fall,2025-09-01,SAN,TEN,Community Tennis League of America,Youth (U18),1958,581,false
2025 Fall,2025-09-01,SAN,TEN,Community Tennis League of America,Adult (18+),4568,1357,false
2025 Fall,2025-09-01,TPA,TEN,Community Tennis League of America,Youth (U18),2047,684,false
2025 Fall,2025-09-01,TPA,TEN,Community Tennis League of America,Adult (18+),4777,1596,false
2025 Fall,2025-09-01,DEN,TEN,Community Tennis League of America,Youth (U18),1811,452,false
2025 Fall,2025-09-01,DEN,TEN,Community Tennis League of America,Adult (18+),4226,1055,false
2025 Fall,2025-09-01,ORL,TEN,Community Tennis League of America,Youth (U18),1658,413,false
2025 Fall,2025-09-01,ORL,TEN,Community Tennis League of America,Adult (18+),3869,965,false
2025 Fall,2025-09-01,POR,TEN,Community Tennis League of America,Youth (U18),1421,216,false
2025 Fall,2025-09-01,POR,TEN,Community Tennis League of America,Adult (18+),3315,504,false
2025 Fall,2025-09-01,DET,TEN,Community Tennis League of America,Youth (U18),2496,733,false
2025 Fall,2025-09-01,DET,TEN,Community Tennis League of America,Adult (18+),5825,1712,false
2025 Fall,2025-09-01,NSH,TEN,Community Tennis League of America,Youth (U18),1656,422,false
2025 Fall,2025-09-01,NSH,TEN,Community Tennis League of America,Adult (18+),3863,983,false
2025 Fall,2025-09-01,AUS,TEN,Community Tennis League of America,Youth (U18),1864,607,false
2025 Fall,2025-09-01,AUS,TEN,Community Tennis League of America,Adult (18+),4349,1415,false
2025 Fall,2025-09-01,RDU,TEN,Community Tennis League of America,Youth (U18),1167,379,false
2025 Fall,2025-09-01,RDU,TEN,Community Tennis League of America,Adult (18+),2724,884,false
2025 Fall,2025-09-01,CLT,TEN,Community Tennis League of America,Youth (U18),1593,411,false
2025 Fall,2025-09-01,CLT,TEN,Community Tennis League of America,Adult (18+),3716,959,false
2025 Fall,2025-09-01,SAT,TEN,Community Tennis League of America,Youth (U18),1313,142,false
2025 Fall,2025-09-01,SAT,TEN,Community Tennis League of America,Adult (18+),3063,330,false
2025 Fall,2025-09-01,LAS,TEN,Community Tennis League of America,Youth (U18),1271,260,false
2025 Fall,2025-09-01,LAS,TEN,Community Tennis League of America,Adult (18+),2966,607,false
2025 Fall,2025-09-01,CMH,TEN,Community Tennis League of America,Youth (U18),1367,391,false
2025 Fall,2025-09-01,CMH,TEN,Community Tennis League of America,Adult (18+),3190,913,false
2025 Fall,2025-09-01,MCI,TEN,Community Tennis League of America,Youth (U18),1393,503,false
2025 Fall,2025-09-01,MCI,TEN,Community Tennis League of America,Adult (18+),3251,1174,false
2025 Fall,2025-09-01,SLC,TEN,Community Tennis League of America,Youth (U18),972,355,false
2025 Fall,2025-09-01,SLC,TEN,Community Tennis League of America,Adult (18+),2268,828,false
2025 Fall,2025-09-01,JAX,TEN,Community Tennis League of America,Youth (U18),1015,319,false
2025 Fall,2025-09-01,JAX,TEN,Community Tennis League of America,Adult (18+),2367,743,false
2025 Fall,2025-09-01,BOI,TEN,Community Tennis League of America,Youth (U18),568,190,false
2025 Fall,2025-09-01,BOI,TEN,Community Tennis League of America,Adult (18+),1324,442,false
2025 Fall,2025-09-01,NYC,PKB,American Pickleball League Network,Youth (U18),2143,645,false
2025 Fall,2025-09-01,NYC,PKB,American Pickleball League Network,Adult (18+),40714,12266,false
2025 Fall,2025-09-01,LAX,PKB,American Pickleball League Network,Youth (U18),1560,590,false
2025 Fall,2025-09-01,LAX,PKB,American Pickleball League Network,Adult (18+),29647,11220,false
2025 Fall,2025-09-01,CHI,PKB,American Pickleball League Network,Youth (U18),961,301,false
2025 Fall,2025-09-01,CHI,PKB,American Pickleball League Network,Adult (18+),18264,5718,false
2025 Fall,2025-09-01,DFW,PKB,American Pickleball League Network,Youth (U18),1925,859,false
2025 Fall,2025-09-01,DFW,PKB,American Pickleball League Network,Adult (18+),36571,16328,false
2025 Fall,2025-09-01,HOU,PKB,American Pickleball League Network,Youth (U18),1626,671,false
2025 Fall,2025-09-01,HOU,PKB,American Pickleball League Network,Adult (18+),30889,12748,false
2025 Fall,2025-09-01,WAS,PKB,American Pickleball League Network,Youth (U18),741,295,false
2025 Fall,2025-09-01,WAS,PKB,American Pickleball League Network,Adult (18+),14076,5614,false
2025 Fall,2025-09-01,PHL,PKB,American Pickleball League Network,Youth (U18),751,288,false
2025 Fall,2025-09-01,PHL,PKB,American Pickleball League Network,Adult (18+),14272,5469,false
2025 Fall,2025-09-01,ATL,PKB,American Pickleball League Network,Youth (U18),1441,575,false
2025 Fall,2025-09-01,ATL,PKB,American Pickleball League Network,Adult (18+),27371,10920,false
2025 Fall,2025-09-01,MIA,PKB,American Pickleball League Network,Youth (U18),1577,732,false
2025 Fall,2025-09-01,MIA,PKB,American Pickleball League Network,Adult (18+),29957,13892,false
2025 Fall,2025-09-01,PHX,PKB,American Pickleball League Network,Youth (U18),1355,436,false
2025 Fall,2025-09-01,PHX,PKB,American Pickleball League Network,Adult (18+),25738,8274,false
2025 Fall,2025-09-01,BOS,PKB,American Pickleball League Network,Youth (U18),599,196,false
2025 Fall,2025-09-01,BOS,PKB,American Pickleball League Network,Adult (18+),11374,3720,false
2025 Fall,2025-09-01,SFO,PKB,American Pickleball League Network,Youth (U18),534,225,false
2025 Fall,2025-09-01,SFO,PKB,American Pickleball League Network,Adult (18+),10144,4273,false
2025 Fall,2025-09-01,SEA,PKB,American Pickleball League Network,Youth (U18),485,175,false
2025 Fall,2025-09-01,SEA,PKB,American Pickleball League Network,Adult (18+),9219,3323,false
2025 Fall,2025-09-01,MSP,PKB,American Pickleball League Network,Youth (U18),448,177,false
2025 Fall,2025-09-01,MSP,PKB,American Pickleball League Network,Adult (18+),8504,3341,false
2025 Fall,2025-09-01,SAN,PKB,American Pickleball League Network,Youth (U18),364,131,false
2025 Fall,2025-09-01,SAN,PKB,American Pickleball League Network,Adult (18+),6920,2496,false
2025 Fall,2025-09-01,TPA,PKB,American Pickleball League Network,Youth (U18),947,325,false
2025 Fall,2025-09-01,TPA,PKB,American Pickleball League Network,Adult (18+),17990,6164,false
2025 Fall,2025-09-01,DEN,PKB,American Pickleball League Network,Youth (U18),404,166,false
2025 Fall,2025-09-01,DEN,PKB,American Pickleball League Network,Adult (18+),7671,3142,false
2025 Fall,2025-09-01,ORL,PKB,American Pickleball League Network,Youth (U18),795,386,false
2025 Fall,2025-09-01,ORL,PKB,American Pickleball League Network,Adult (18+),15114,7347,false
2025 Fall,2025-09-01,POR,PKB,American Pickleball League Network,Youth (U18),270,82,false
2025 Fall,2025-09-01,POR,PKB,American Pickleball League Network,Adult (18+),5138,1563,false
2025 Fall,2025-09-01,DET,PKB,American Pickleball League Network,Youth (U18),520,202,false
2025 Fall,2025-09-01,DET,PKB,American Pickleball League Network,Adult (18+),9873,3839,false
2025 Fall,2025-09-01,NSH,PKB,American Pickleball League Network,Youth (U18),649,293,false
2025 Fall,2025-09-01,NSH,PKB,American Pickleball League Network,Adult (18+),12337,5564,false
2025 Fall,2025-09-01,AUS,PKB,American Pickleball League Network,Youth (U18),732,313,false
2025 Fall,2025-09-01,AUS,PKB,American Pickleball League Network,Adult (18+),13913,5950,false
2025 Fall,2025-09-01,RDU,PKB,American Pickleball League Network,Youth (U18),479,220,false
2025 Fall,2025-09-01,RDU,PKB,American Pickleball League Network,Adult (18+),9106,4175,false
2025 Fall,2025-09-01,CLT,PKB,American Pickleball League Network,Youth (U18),772,384,false
2025 Fall,2025-09-01,CLT,PKB,American Pickleball League Network,Adult (18+),14659,7288,false
2025 Fall,2025-09-01,SAT,PKB,American Pickleball League Network,Youth (U18),593,232,false
2025 Fall,2025-09-01,SAT,PKB,American Pickleball League Network,Adult (18+),11274,4423,false
2025 Fall,2025-09-01,LAS,PKB,American Pickleball League Network,Youth (U18),593,223,false
2025 Fall,2025-09-01,LAS,PKB,American Pickleball League Network,Adult (18+),11273,4236,false
2025 Fall,2025-09-01,CMH,PKB,American Pickleball League Network,Youth (U18),256,100,false
2025 Fall,2025-09-01,CMH,PKB,American Pickleball League Network,Adult (18+),4873,1898,false
2025 Fall,2025-09-01,MCI,PKB,American Pickleball League Network,Youth (U18),269,91,false
2025 Fall,2025-09-01,MCI,PKB,American Pickleball League Network,Adult (18+),5113,1732,false
2025 Fall,2025-09-01,SLC,PKB,American Pickleball League Network,Youth (U18),180,64,false
2025 Fall,2025-09-01,SLC,PKB,American Pickleball League Network,Adult (18+),3416,1207,false
2025 Fall,2025-09-01,JAX,PKB,American Pickleball League Network,Youth (U18),439,186,false
2025 Fall,2025-09-01,JAX,PKB,American Pickleball League Network,Adult (18+),8333,3538,false
2025 Fall,2025-09-01,BOI,PKB,American Pickleball League Network,Youth (U18),123,52,false
2025 Fall,2025-09-01,BOI,PKB,American Pickleball League Network,Adult (18+),2346,1008,false
2025 Fall,2025-09-01,NYC,PDL,US Padel Circuit,Youth (U18),539,379,false
2025 Fall,2025-09-01,NYC,PDL,US Padel Circuit,Adult (18+),10236,7195,false
2025 Fall,2025-09-01,LAX,PDL,US Padel Circuit,Youth (U18),255,166,false
2025 Fall,2025-09-01,LAX,PDL,US Padel Circuit,Adult (18+),4837,3140,false
2025 Fall,2025-09-01,CHI,PDL,US Padel Circuit,Youth (U18),30,21,false
2025 Fall,2025-09-01,CHI,PDL,US Padel Circuit,Adult (18+),570,386,false
2025 Fall,2025-09-01,DFW,PDL,US Padel Circuit,Youth (U18),138,90,false
2025 Fall,2025-09-01,DFW,PDL,US Padel Circuit,Adult (18+),2631,1726,false
2025 Fall,2025-09-01,HOU,PDL,US Padel Circuit,Youth (U18),110,74,false
2025 Fall,2025-09-01,HOU,PDL,US Padel Circuit,Adult (18+),2091,1405,false
2025 Fall,2025-09-01,WAS,PDL,US Padel Circuit,Youth (U18),20,14,false
2025 Fall,2025-09-01,WAS,PDL,US Padel Circuit,Adult (18+),383,257,false
2025 Fall,2025-09-01,PHL,PDL,US Padel Circuit,Youth (U18),21,15,false
2025 Fall,2025-09-01,PHL,PDL,US Padel Circuit,Adult (18+),392,269,false
2025 Fall,2025-09-01,ATL,PDL,US Padel Circuit,Youth (U18),21,14,false
2025 Fall,2025-09-01,ATL,PDL,US Padel Circuit,Adult (18+),391,257,false
2025 Fall,2025-09-01,MIA,PDL,US Padel Circuit,Youth (U18),280,185,false
2025 Fall,2025-09-01,MIA,PDL,US Padel Circuit,Adult (18+),5329,3517,false
2025 Fall,2025-09-01,PHX,PDL,US Padel Circuit,Youth (U18),19,13,false
2025 Fall,2025-09-01,PHX,PDL,US Padel Circuit,Adult (18+),366,254,false
2025 Fall,2025-09-01,BOS,PDL,US Padel Circuit,Youth (U18),16,11,false
2025 Fall,2025-09-01,BOS,PDL,US Padel Circuit,Adult (18+),305,212,false
2025 Fall,2025-09-01,SFO,PDL,US Padel Circuit,Youth (U18),15,10,false
2025 Fall,2025-09-01,SFO,PDL,US Padel Circuit,Adult (18+),293,198,false
2025 Fall,2025-09-01,SEA,PDL,US Padel Circuit,Youth (U18),13,8,false
2025 Fall,2025-09-01,SEA,PDL,US Padel Circuit,Adult (18+),243,153,false
2025 Fall,2025-09-01,MSP,PDL,US Padel Circuit,Youth (U18),13,9,false
2025 Fall,2025-09-01,MSP,PDL,US Padel Circuit,Adult (18+),241,170,false
2025 Fall,2025-09-01,SAN,PDL,US Padel Circuit,Youth (U18),39,27,false
2025 Fall,2025-09-01,SAN,PDL,US Padel Circuit,Adult (18+),740,523,false
2025 Fall,2025-09-01,TPA,PDL,US Padel Circuit,Youth (U18),12,8,false
2025 Fall,2025-09-01,TPA,PDL,US Padel Circuit,Adult (18+),231,165,false
2025 Fall,2025-09-01,DEN,PDL,US Padel Circuit,Youth (U18),11,8,false
2025 Fall,2025-09-01,DEN,PDL,US Padel Circuit,Adult (18+),204,144,false
2025 Fall,2025-09-01,ORL,PDL,US Padel Circuit,Youth (U18),11,8,false
2025 Fall,2025-09-01,ORL,PDL,US Padel Circuit,Adult (18+),201,145,false
2025 Fall,2025-09-01,POR,PDL,US Padel Circuit,Youth (U18),8,6,false
2025 Fall,2025-09-01,POR,PDL,US Padel Circuit,Adult (18+),146,98,false
2025 Fall,2025-09-01,DET,PDL,US Padel Circuit,Youth (U18),13,9,false
2025 Fall,2025-09-01,DET,PDL,US Padel Circuit,Adult (18+),250,166,false
2025 Fall,2025-09-01,NSH,PDL,US Padel Circuit,Youth (U18),37,25,false
2025 Fall,2025-09-01,NSH,PDL,US Padel Circuit,Adult (18+),703,480,false
2025 Fall,2025-09-01,AUS,PDL,US Padel Circuit,Youth (U18),132,94,false
2025 Fall,2025-09-01,AUS,PDL,US Padel Circuit,Adult (18+),2513,1794,false
2025 Fall,2025-09-01,RDU,PDL,US Padel Circuit,Youth (U18),7,5,false
2025 Fall,2025-09-01,RDU,PDL,US Padel Circuit,Adult (18+),131,92,false
2025 Fall,2025-09-01,CLT,PDL,US Padel Circuit,Youth (U18),9,6,false
2025 Fall,2025-09-01,CLT,PDL,US Padel Circuit,Adult (18+),175,123,false
2025 Fall,2025-09-01,SAT,PDL,US Padel Circuit,Youth (U18),8,5,false
2025 Fall,2025-09-01,SAT,PDL,US Padel Circuit,Adult (18+),160,109,false
2025 Fall,2025-09-01,LAS,PDL,US Padel Circuit,Youth (U18),8,6,false
2025 Fall,2025-09-01,LAS,PDL,US Padel Circuit,Adult (18+),158,111,false
2025 Fall,2025-09-01,CMH,PDL,US Padel Circuit,Youth (U18),8,6,false
2025 Fall,2025-09-01,CMH,PDL,US Padel Circuit,Adult (18+),150,104,false
2025 Fall,2025-09-01,MCI,PDL,US Padel Circuit,Youth (U18),7,4,false
2025 Fall,2025-09-01,MCI,PDL,US Padel Circuit,Adult (18+),126,78,false
2025 Fall,2025-09-01,SLC,PDL,US Padel Circuit,Youth (U18),5,4,false
2025 Fall,2025-09-01,SLC,PDL,US Padel Circuit,Adult (18+),91,60,false
2025 Fall,2025-09-01,JAX,PDL,US Padel Circuit,Youth (U18),6,4,false
2025 Fall,2025-09-01,JAX,PDL,US Padel Circuit,Adult (18+),114,76,false
2025 Fall,2025-09-01,BOI,PDL,US Padel Circuit,Youth (U18),3,2,false
2025 Fall,2025-09-01,BOI,PDL,US Padel Circuit,Adult (18+),53,36,false
2025 Fall,2025-09-01,NYC,LAX,US Lacrosse Club Network,Youth (U18),5880,2273,false
2025 Fall,2025-09-01,NYC,LAX,US Lacrosse Club Network,Adult (18+),2520,974,false
2025 Fall,2025-09-01,LAX,LAX,US Lacrosse Club Network,Youth (U18),1312,465,false
2025 Fall,2025-09-01,LAX,LAX,US Lacrosse Club Network,Adult (18+),562,199,false
2025 Fall,2025-09-01,CHI,LAX,US Lacrosse Club Network,Youth (U18),1120,250,false
2025 Fall,2025-09-01,CHI,LAX,US Lacrosse Club Network,Adult (18+),480,107,false
2025 Fall,2025-09-01,DFW,LAX,US Lacrosse Club Network,Youth (U18),805,206,false
2025 Fall,2025-09-01,DFW,LAX,US Lacrosse Club Network,Adult (18+),345,89,false
2025 Fall,2025-09-01,HOU,LAX,US Lacrosse Club Network,Youth (U18),726,248,false
2025 Fall,2025-09-01,HOU,LAX,US Lacrosse Club Network,Adult (18+),311,106,false
2025 Fall,2025-09-01,WAS,LAX,US Lacrosse Club Network,Youth (U18),2624,909,false
2025 Fall,2025-09-01,WAS,LAX,US Lacrosse Club Network,Adult (18+),1125,390,false
2025 Fall,2025-09-01,PHL,LAX,US Lacrosse Club Network,Youth (U18),1786,591,false
2025 Fall,2025-09-01,PHL,LAX,US Lacrosse Club Network,Adult (18+),765,252,false
2025 Fall,2025-09-01,ATL,LAX,US Lacrosse Club Network,Youth (U18),1276,364,false
2025 Fall,2025-09-01,ATL,LAX,US Lacrosse Club Network,Adult (18+),547,156,false
2025 Fall,2025-09-01,MIA,LAX,US Lacrosse Club Network,Youth (U18),1044,396,false
2025 Fall,2025-09-01,MIA,LAX,US Lacrosse Club Network,Adult (18+),448,170,false
2025 Fall,2025-09-01,PHX,LAX,US Lacrosse Club Network,Youth (U18),443,144,false
2025 Fall,2025-09-01,PHX,LAX,US Lacrosse Club Network,Adult (18+),190,62,false
2025 Fall,2025-09-01,BOS,LAX,US Lacrosse Club Network,Youth (U18),1826,661,false
2025 Fall,2025-09-01,BOS,LAX,US Lacrosse Club Network,Adult (18+),783,283,false
2025 Fall,2025-09-01,SFO,LAX,US Lacrosse Club Network,Youth (U18),459,154,false
2025 Fall,2025-09-01,SFO,LAX,US Lacrosse Club Network,Adult (18+),197,67,false
2025 Fall,2025-09-01,SEA,LAX,US Lacrosse Club Network,Youth (U18),420,152,false
2025 Fall,2025-09-01,SEA,LAX,US Lacrosse Club Network,Adult (18+),180,66,false
2025 Fall,2025-09-01,MSP,LAX,US Lacrosse Club Network,Youth (U18),437,98,false
2025 Fall,2025-09-01,MSP,LAX,US Lacrosse Club Network,Adult (18+),187,42,false
2025 Fall,2025-09-01,SAN,LAX,US Lacrosse Club Network,Youth (U18),323,119,false
2025 Fall,2025-09-01,SAN,LAX,US Lacrosse Club Network,Adult (18+),138,51,false
2025 Fall,2025-09-01,TPA,LAX,US Lacrosse Club Network,Youth (U18),604,222,false
2025 Fall,2025-09-01,TPA,LAX,US Lacrosse Club Network,Adult (18+),259,96,false
2025 Fall,2025-09-01,DEN,LAX,US Lacrosse Club Network,Youth (U18),786,209,false
2025 Fall,2025-09-01,DEN,LAX,US Lacrosse Club Network,Adult (18+),337,90,false
2025 Fall,2025-09-01,ORL,LAX,US Lacrosse Club Network,Youth (U18),454,111,false
2025 Fall,2025-09-01,ORL,LAX,US Lacrosse Club Network,Adult (18+),194,47,false
2025 Fall,2025-09-01,POR,LAX,US Lacrosse Club Network,Youth (U18),263,100,false
2025 Fall,2025-09-01,POR,LAX,US Lacrosse Club Network,Adult (18+),113,43,false
2025 Fall,2025-09-01,DET,LAX,US Lacrosse Club Network,Youth (U18),546,167,false
2025 Fall,2025-09-01,DET,LAX,US Lacrosse Club Network,Adult (18+),234,71,false
2025 Fall,2025-09-01,NSH,LAX,US Lacrosse Club Network,Youth (U18),884,410,false
2025 Fall,2025-09-01,NSH,LAX,US Lacrosse Club Network,Adult (18+),379,176,false
2025 Fall,2025-09-01,AUS,LAX,US Lacrosse Club Network,Youth (U18),320,105,false
2025 Fall,2025-09-01,AUS,LAX,US Lacrosse Club Network,Adult (18+),137,45,false
2025 Fall,2025-09-01,RDU,LAX,US Lacrosse Club Network,Youth (U18),657,211,false
2025 Fall,2025-09-01,RDU,LAX,US Lacrosse Club Network,Adult (18+),281,90,false
2025 Fall,2025-09-01,CLT,LAX,US Lacrosse Club Network,Youth (U18),657,175,false
2025 Fall,2025-09-01,CLT,LAX,US Lacrosse Club Network,Adult (18+),282,75,false
2025 Fall,2025-09-01,SAT,LAX,US Lacrosse Club Network,Youth (U18),278,107,false
2025 Fall,2025-09-01,SAT,LAX,US Lacrosse Club Network,Adult (18+),119,46,false
2025 Fall,2025-09-01,LAS,LAX,US Lacrosse Club Network,Youth (U18),198,84,false
2025 Fall,2025-09-01,LAS,LAX,US Lacrosse Club Network,Adult (18+),85,36,false
2025 Fall,2025-09-01,CMH,LAX,US Lacrosse Club Network,Youth (U18),296,94,false
2025 Fall,2025-09-01,CMH,LAX,US Lacrosse Club Network,Adult (18+),127,41,false
2025 Fall,2025-09-01,MCI,LAX,US Lacrosse Club Network,Youth (U18),269,59,false
2025 Fall,2025-09-01,MCI,LAX,US Lacrosse Club Network,Adult (18+),115,25,false
2025 Fall,2025-09-01,SLC,LAX,US Lacrosse Club Network,Youth (U18),320,106,false
2025 Fall,2025-09-01,SLC,LAX,US Lacrosse Club Network,Adult (18+),137,46,false
2025 Fall,2025-09-01,JAX,LAX,US Lacrosse Club Network,Youth (U18),273,57,false
2025 Fall,2025-09-01,JAX,LAX,US Lacrosse Club Network,Adult (18+),117,24,false
2025 Fall,2025-09-01,BOI,LAX,US Lacrosse Club Network,Youth (U18),186,56,false
2025 Fall,2025-09-01,BOI,LAX,US Lacrosse Club Network,Adult (18+),80,25,false
2025 Fall,2025-09-01,NYC,HKY,Amateur Hockey Federation,Youth (U18),18189,5818,false
2025 Fall,2025-09-01,NYC,HKY,Amateur Hockey Federation,Adult (18+),12126,3878,false
2025 Fall,2025-09-01,LAX,HKY,Amateur Hockey Federation,Youth (U18),5549,1597,false
2025 Fall,2025-09-01,LAX,HKY,Amateur Hockey Federation,Adult (18+),3700,1065,false
2025 Fall,2025-09-01,CHI,HKY,Amateur Hockey Federation,Youth (U18),8535,1946,false
2025 Fall,2025-09-01,CHI,HKY,Amateur Hockey Federation,Adult (18+),5690,1297,false
2025 Fall,2025-09-01,DFW,HKY,Amateur Hockey Federation,Youth (U18),2171,696,false
2025 Fall,2025-09-01,DFW,HKY,Amateur Hockey Federation,Adult (18+),1447,464,false
2025 Fall,2025-09-01,HOU,HKY,Amateur Hockey Federation,Youth (U18),1840,482,false
2025 Fall,2025-09-01,HOU,HKY,Amateur Hockey Federation,Adult (18+),1227,322,false
2025 Fall,2025-09-01,WAS,HKY,Amateur Hockey Federation,Youth (U18),6123,1809,false
2025 Fall,2025-09-01,WAS,HKY,Amateur Hockey Federation,Adult (18+),4082,1206,false
2025 Fall,2025-09-01,PHL,HKY,Amateur Hockey Federation,Youth (U18),5303,1124,false
2025 Fall,2025-09-01,PHL,HKY,Amateur Hockey Federation,Adult (18+),3536,750,false
2025 Fall,2025-09-01,ATL,HKY,Amateur Hockey Federation,Youth (U18),1403,417,false
2025 Fall,2025-09-01,ATL,HKY,Amateur Hockey Federation,Adult (18+),936,279,false
2025 Fall,2025-09-01,MIA,HKY,Amateur Hockey Federation,Youth (U18),1271,416,false
2025 Fall,2025-09-01,MIA,HKY,Amateur Hockey Federation,Adult (18+),848,278,false
2025 Fall,2025-09-01,PHX,HKY,Amateur Hockey Federation,Youth (U18),1470,396,false
2025 Fall,2025-09-01,PHX,HKY,Amateur Hockey Federation,Adult (18+),980,264,false
2025 Fall,2025-09-01,BOS,HKY,Amateur Hockey Federation,Youth (U18),5559,1477,false
2025 Fall,2025-09-01,BOS,HKY,Amateur Hockey Federation,Adult (18+),3706,984,false
2025 Fall,2025-09-01,SFO,HKY,Amateur Hockey Federation,Youth (U18),1811,436,false
2025 Fall,2025-09-01,SFO,HKY,Amateur Hockey Federation,Adult (18+),1207,290,false
2025 Fall,2025-09-01,SEA,HKY,Amateur Hockey Federation,Youth (U18),1708,547,false
2025 Fall,2025-09-01,SEA,HKY,Amateur Hockey Federation,Adult (18+),1139,365,false
2025 Fall,2025-09-01,MSP,HKY,Amateur Hockey Federation,Youth (U18),6528,2318,false
2025 Fall,2025-09-01,MSP,HKY,Amateur Hockey Federation,Adult (18+),4352,1545,false
2025 Fall,2025-09-01,SAN,HKY,Amateur Hockey Federation,Youth (U18),1359,383,false
2025 Fall,2025-09-01,SAN,HKY,Amateur Hockey Federation,Adult (18+),906,255,false
2025 Fall,2025-09-01,TPA,HKY,Amateur Hockey Federation,Youth (U18),777,254,false
2025 Fall,2025-09-01,TPA,HKY,Amateur Hockey Federation,Adult (18+),518,169,false
2025 Fall,2025-09-01,DEN,HKY,Amateur Hockey Federation,Youth (U18),1893,457,false
2025 Fall,2025-09-01,DEN,HKY,Amateur Hockey Federation,Adult (18+),1262,304,false
2025 Fall,2025-09-01,ORL,HKY,Amateur Hockey Federation,Youth (U18),604,201,false
2025 Fall,2025-09-01,ORL,HKY,Amateur Hockey Federation,Adult (18+),403,134,false
2025 Fall,2025-09-01,POR,HKY,Amateur Hockey Federation,Youth (U18),975,214,false
2025 Fall,2025-09-01,POR,HKY,Amateur Hockey Federation,Adult (18+),650,143,false
2025 Fall,2025-09-01,DET,HKY,Amateur Hockey Federation,Youth (U18),5373,1554,false
2025 Fall,2025-09-01,DET,HKY,Amateur Hockey Federation,Adult (18+),3582,1036,false
2025 Fall,2025-09-01,NSH,HKY,Amateur Hockey Federation,Youth (U18),582,191,false
2025 Fall,2025-09-01,NSH,HKY,Amateur Hockey Federation,Adult (18+),388,127,false
2025 Fall,2025-09-01,AUS,HKY,Amateur Hockey Federation,Youth (U18),823,233,false
2025 Fall,2025-09-01,AUS,HKY,Amateur Hockey Federation,Adult (18+),549,156,false
2025 Fall,2025-09-01,RDU,HKY,Amateur Hockey Federation,Youth (U18),411,144,false
2025 Fall,2025-09-01,RDU,HKY,Amateur Hockey Federation,Adult (18+),274,96,false
2025 Fall,2025-09-01,CLT,HKY,Amateur Hockey Federation,Youth (U18),625,215,false
2025 Fall,2025-09-01,CLT,HKY,Amateur Hockey Federation,Adult (18+),417,143,false
2025 Fall,2025-09-01,SAT,HKY,Amateur Hockey Federation,Youth (U18),682,203,false
2025 Fall,2025-09-01,SAT,HKY,Amateur Hockey Federation,Adult (18+),455,136,false
2025 Fall,2025-09-01,LAS,HKY,Amateur Hockey Federation,Youth (U18),563,147,false
2025 Fall,2025-09-01,LAS,HKY,Amateur Hockey Federation,Adult (18+),375,97,false
2025 Fall,2025-09-01,CMH,HKY,Amateur Hockey Federation,Youth (U18),2035,422,false
2025 Fall,2025-09-01,CMH,HKY,Amateur Hockey Federation,Adult (18+),1357,281,false
2025 Fall,2025-09-01,MCI,HKY,Amateur Hockey Federation,Youth (U18),2025,373,false
2025 Fall,2025-09-01,MCI,HKY,Amateur Hockey Federation,Adult (18+),1350,248,false
2025 Fall,2025-09-01,SLC,HKY,Amateur Hockey Federation,Youth (U18),934,290,false
2025 Fall,2025-09-01,SLC,HKY,Amateur Hockey Federation,Adult (18+),623,194,false
2025 Fall,2025-09-01,JAX,HKY,Amateur Hockey Federation,Youth (U18),373,108,false
2025 Fall,2025-09-01,JAX,HKY,Amateur Hockey Federation,Adult (18+),249,73,false
2025 Fall,2025-09-01,BOI,HKY,Amateur Hockey Federation,Youth (U18),539,101,false
2025 Fall,2025-09-01,BOI,HKY,Amateur Hockey Federation,Adult (18+),359,67,false
2025 Fall,2025-09-01,NYC,VOL,National Volleyball Clubs Association,Youth (U18),36849,13594,false
2025 Fall,2025-09-01,NYC,VOL,National Volleyball Clubs Association,Adult (18+),30149,11122,false
2025 Fall,2025-09-01,LAX,VOL,National Volleyball Clubs Association,Youth (U18),27000,10297,false
2025 Fall,2025-09-01,LAX,VOL,National Volleyball Clubs Association,Adult (18+),22091,8425,false
2025 Fall,2025-09-01,CHI,VOL,National Volleyball Clubs Association,Youth (U18),18082,4949,false
2025 Fall,2025-09-01,CHI,VOL,National Volleyball Clubs Association,Adult (18+),14794,4049,false
2025 Fall,2025-09-01,DFW,VOL,National Volleyball Clubs Association,Youth (U18),18700,5908,false
2025 Fall,2025-09-01,DFW,VOL,National Volleyball Clubs Association,Adult (18+),15300,4834,false
2025 Fall,2025-09-01,HOU,VOL,National Volleyball Clubs Association,Youth (U18),16434,5811,false
2025 Fall,2025-09-01,HOU,VOL,National Volleyball Clubs Association,Adult (18+),13446,4754,false
2025 Fall,2025-09-01,WAS,VOL,National Volleyball Clubs Association,Youth (U18),11574,4040,false
2025 Fall,2025-09-01,WAS,VOL,National Volleyball Clubs Association,Adult (18+),9470,3305,false
2025 Fall,2025-09-01,PHL,VOL,National Volleyball Clubs Association,Youth (U18),11887,3549,false
2025 Fall,2025-09-01,PHL,VOL,National Volleyball Clubs Association,Adult (18+),9726,2903,false
2025 Fall,2025-09-01,ATL,VOL,National Volleyball Clubs Association,Youth (U18),11860,3981,false
2025 Fall,2025-09-01,ATL,VOL,National Volleyball Clubs Association,Adult (18+),9704,3257,false
2025 Fall,2025-09-01,MIA,VOL,National Volleyball Clubs Association,Youth (U18),11654,4071,false
2025 Fall,2025-09-01,MIA,VOL,National Volleyball Clubs Association,Adult (18+),9535,3331,false
2025 Fall,2025-09-01,PHX,VOL,National Volleyball Clubs Association,Youth (U18),10284,4145,false
2025 Fall,2025-09-01,PHX,VOL,National Volleyball Clubs Association,Adult (18+),8414,3391,false
2025 Fall,2025-09-01,BOS,VOL,National Volleyball Clubs Association,Youth (U18),8822,2546,false
2025 Fall,2025-09-01,BOS,VOL,National Volleyball Clubs Association,Adult (18+),7218,2083,false
2025 Fall,2025-09-01,SFO,VOL,National Volleyball Clubs Association,Youth (U18),8961,2737,false
2025 Fall,2025-09-01,SFO,VOL,National Volleyball Clubs Association,Adult (18+),7332,2240,false
2025 Fall,2025-09-01,SEA,VOL,National Volleyball Clubs Association,Youth (U18),7994,2798,false
2025 Fall,2025-09-01,SEA,VOL,National Volleyball Clubs Association,Adult (18+),6541,2289,false
2025 Fall,2025-09-01,MSP,VOL,National Volleyball Clubs Association,Youth (U18),8015,2443,false
2025 Fall,2025-09-01,MSP,VOL,National Volleyball Clubs Association,Adult (18+),6557,1998,false
2025 Fall,2025-09-01,SAN,VOL,National Volleyball Clubs Association,Youth (U18),7003,2400,false
2025 Fall,2025-09-01,SAN,VOL,National Volleyball Clubs Association,Adult (18+),5730,1964,false
2025 Fall,2025-09-01,TPA,VOL,National Volleyball Clubs Association,Youth (U18),6877,2309,false
2025 Fall,2025-09-01,TPA,VOL,National Volleyball Clubs Association,Adult (18+),5626,1888,false
2025 Fall,2025-09-01,DEN,VOL,National Volleyball Clubs Association,Youth (U18),5883,2118,false
2025 Fall,2025-09-01,DEN,VOL,National Volleyball Clubs Association,Adult (18+),4813,1733,false
2025 Fall,2025-09-01,ORL,VOL,National Volleyball Clubs Association,Youth (U18),5381,1651,false
2025 Fall,2025-09-01,ORL,VOL,National Volleyball Clubs Association,Adult (18+),4403,1352,false
2025 Fall,2025-09-01,POR,VOL,National Volleyball Clubs Association,Youth (U18),5160,1594,false
2025 Fall,2025-09-01,POR,VOL,National Volleyball Clubs Association,Adult (18+),4222,1305,false
2025 Fall,2025-09-01,DET,VOL,National Volleyball Clubs Association,Youth (U18),8581,2231,false
2025 Fall,2025-09-01,DET,VOL,National Volleyball Clubs Association,Adult (18+),7021,1825,false
2025 Fall,2025-09-01,NSH,VOL,National Volleyball Clubs Association,Youth (U18),5741,2158,false
2025 Fall,2025-09-01,NSH,VOL,National Volleyball Clubs Association,Adult (18+),4697,1765,false
2025 Fall,2025-09-01,AUS,VOL,National Volleyball Clubs Association,Youth (U18),7586,2866,false
2025 Fall,2025-09-01,AUS,VOL,National Volleyball Clubs Association,Adult (18+),6206,2345,false
2025 Fall,2025-09-01,RDU,VOL,National Volleyball Clubs Association,Youth (U18),3816,1382,false
2025 Fall,2025-09-01,RDU,VOL,National Volleyball Clubs Association,Adult (18+),3122,1130,false
2025 Fall,2025-09-01,CLT,VOL,National Volleyball Clubs Association,Youth (U18),5093,1584,false
2025 Fall,2025-09-01,CLT,VOL,National Volleyball Clubs Association,Adult (18+),4167,1296,false
2025 Fall,2025-09-01,SAT,VOL,National Volleyball Clubs Association,Youth (U18),6388,2530,false
2025 Fall,2025-09-01,SAT,VOL,National Volleyball Clubs Association,Adult (18+),5227,2071,false
2025 Fall,2025-09-01,LAS,VOL,National Volleyball Clubs Association,Youth (U18),4401,1571,false
2025 Fall,2025-09-01,LAS,VOL,National Volleyball Clubs Association,Adult (18+),3601,1285,false
2025 Fall,2025-09-01,CMH,VOL,National Volleyball Clubs Association,Youth (U18),4946,1540,false
2025 Fall,2025-09-01,CMH,VOL,National Volleyball Clubs Association,Adult (18+),4047,1261,false
2025 Fall,2025-09-01,MCI,VOL,National Volleyball Clubs Association,Youth (U18),4730,1732,false
2025 Fall,2025-09-01,MCI,VOL,National Volleyball Clubs Association,Adult (18+),3870,1417,false
2025 Fall,2025-09-01,SLC,VOL,National Volleyball Clubs Association,Youth (U18),2585,809,false
2025 Fall,2025-09-01,SLC,VOL,National Volleyball Clubs Association,Adult (18+),2115,662,false
2025 Fall,2025-09-01,JAX,VOL,National Volleyball Clubs Association,Youth (U18),3151,959,false
2025 Fall,2025-09-01,JAX,VOL,National Volleyball Clubs Association,Adult (18+),2578,784,false
2025 Fall,2025-09-01,BOI,VOL,National Volleyball Clubs Association,Youth (U18),1668,584,false
2025 Fall,2025-09-01,BOI,VOL,National Volleyball Clubs Association,Adult (18+),1365,478,false
2026 Spring,2026-03-01,NYC,SOC,National Youth & Adult Soccer Alliance,Youth (U18),44027,11186,false
2026 Spring,2026-03-01,NYC,SOC,National Youth & Adult Soccer Alliance,Adult (18+),14676,3729,false
2026 Spring,2026-03-01,LAX,SOC,National Youth & Adult Soccer Alliance,Youth (U18),31139,10038,false
2026 Spring,2026-03-01,LAX,SOC,National Youth & Adult Soccer Alliance,Adult (18+),10380,3346,false
2026 Spring,2026-03-01,CHI,SOC,National Youth & Adult Soccer Alliance,Youth (U18),20949,4487,false
2026 Spring,2026-03-01,CHI,SOC,National Youth & Adult Soccer Alliance,Adult (18+),6983,1496,false
2026 Spring,2026-03-01,DFW,SOC,National Youth & Adult Soccer Alliance,Youth (U18),20857,6505,false
2026 Spring,2026-03-01,DFW,SOC,National Youth & Adult Soccer Alliance,Adult (18+),6952,2168,false
2026 Spring,2026-03-01,HOU,SOC,National Youth & Adult Soccer Alliance,Youth (U18),18194,5697,false
2026 Spring,2026-03-01,HOU,SOC,National Youth & Adult Soccer Alliance,Adult (18+),6065,1899,false
2026 Spring,2026-03-01,WAS,SOC,National Youth & Adult Soccer Alliance,Youth (U18),16115,5829,false
2026 Spring,2026-03-01,WAS,SOC,National Youth & Adult Soccer Alliance,Adult (18+),5372,1943,false
2026 Spring,2026-03-01,PHL,SOC,National Youth & Adult Soccer Alliance,Youth (U18),15312,5516,false
2026 Spring,2026-03-01,PHL,SOC,National Youth & Adult Soccer Alliance,Adult (18+),5104,1839,false
2026 Spring,2026-03-01,ATL,SOC,National Youth & Adult Soccer Alliance,Youth (U18),16758,5188,false
2026 Spring,2026-03-01,ATL,SOC,National Youth & Adult Soccer Alliance,Adult (18+),5586,1729,false
2026 Spring,2026-03-01,MIA,SOC,National Youth & Adult Soccer Alliance,Youth (U18),16248,5071,false
2026 Spring,2026-03-01,MIA,SOC,National Youth & Adult Soccer Alliance,Adult (18+),5416,1691,false
2026 Spring,2026-03-01,PHX,SOC,National Youth & Adult Soccer Alliance,Youth (U18),12997,2905,false
2026 Spring,2026-03-01,PHX,SOC,National Youth & Adult Soccer Alliance,Adult (18+),4332,968,false
2026 Spring,2026-03-01,BOS,SOC,National Youth & Adult Soccer Alliance,Youth (U18),11429,2772,false
2026 Spring,2026-03-01,BOS,SOC,National Youth & Adult Soccer Alliance,Adult (18+),3810,924,false
2026 Spring,2026-03-01,SFO,SOC,National Youth & Adult Soccer Alliance,Youth (U18),12151,4266,false
2026 Spring,2026-03-01,SFO,SOC,National Youth & Adult Soccer Alliance,Adult (18+),4050,1421,false
2026 Spring,2026-03-01,SEA,SOC,National Youth & Adult Soccer Alliance,Youth (U18),10230,3676,false
2026 Spring,2026-03-01,SEA,SOC,National Youth & Adult Soccer Alliance,Adult (18+),3410,1226,false
2026 Spring,2026-03-01,MSP,SOC,National Youth & Adult Soccer Alliance,Youth (U18),8772,2621,false
2026 Spring,2026-03-01,MSP,SOC,National Youth & Adult Soccer Alliance,Adult (18+),2924,873,false
2026 Spring,2026-03-01,SAN,SOC,National Youth & Adult Soccer Alliance,Youth (U18),8305,3206,false
2026 Spring,2026-03-01,SAN,SOC,National Youth & Adult Soccer Alliance,Adult (18+),2768,1068,false
2026 Spring,2026-03-01,TPA,SOC,National Youth & Adult Soccer Alliance,Youth (U18),7862,2011,false
2026 Spring,2026-03-01,TPA,SOC,National Youth & Adult Soccer Alliance,Adult (18+),2621,671,false
2026 Spring,2026-03-01,DEN,SOC,National Youth & Adult Soccer Alliance,Youth (U18),8383,3168,false
2026 Spring,2026-03-01,DEN,SOC,National Youth & Adult Soccer Alliance,Adult (18+),2794,1056,false
2026 Spring,2026-03-01,ORL,SOC,National Youth & Adult Soccer Alliance,Youth (U18),7515,2687,false
2026 Spring,2026-03-01,ORL,SOC,National Youth & Adult Soccer Alliance,Adult (18+),2505,896,false
2026 Spring,2026-03-01,POR,SOC,National Youth & Adult Soccer Alliance,Youth (U18),5731,1780,false
2026 Spring,2026-03-01,POR,SOC,National Youth & Adult Soccer Alliance,Adult (18+),1910,593,false
2026 Spring,2026-03-01,DET,SOC,National Youth & Adult Soccer Alliance,Youth (U18),10399,3842,false
2026 Spring,2026-03-01,DET,SOC,National Youth & Adult Soccer Alliance,Adult (18+),3466,1280,false
2026 Spring,2026-03-01,NSH,SOC,National Youth & Adult Soccer Alliance,Youth (U18),7422,2586,false
2026 Spring,2026-03-01,NSH,SOC,National Youth & Adult Soccer Alliance,Adult (18+),2474,862,false
2026 Spring,2026-03-01,AUS,SOC,National Youth & Adult Soccer Alliance,Youth (U18),8813,3252,false
2026 Spring,2026-03-01,AUS,SOC,National Youth & Adult Soccer Alliance,Adult (18+),2938,1084,false
2026 Spring,2026-03-01,RDU,SOC,National Youth & Adult Soccer Alliance,Youth (U18),5255,2071,false
2026 Spring,2026-03-01,RDU,SOC,National Youth & Adult Soccer Alliance,Adult (18+),1752,691,false
2026 Spring,2026-03-01,CLT,SOC,National Youth & Adult Soccer Alliance,Youth (U18),7050,2182,false
2026 Spring,2026-03-01,CLT,SOC,National Youth & Adult Soccer Alliance,Adult (18+),2350,727,false
2026 Spring,2026-03-01,SAT,SOC,National Youth & Adult Soccer Alliance,Youth (U18),7073,2234,false
2026 Spring,2026-03-01,SAT,SOC,National Youth & Adult Soccer Alliance,Adult (18+),2358,745,false
2026 Spring,2026-03-01,LAS,SOC,National Youth & Adult Soccer Alliance,Youth (U18),5621,1502,false
2026 Spring,2026-03-01,LAS,SOC,National Youth & Adult Soccer Alliance,Adult (18+),1874,501,false
2026 Spring,2026-03-01,CMH,SOC,National Youth & Adult Soccer Alliance,Youth (U18),5352,1812,false
2026 Spring,2026-03-01,CMH,SOC,National Youth & Adult Soccer Alliance,Adult (18+),1784,604,false
2026 Spring,2026-03-01,MCI,SOC,National Youth & Adult Soccer Alliance,Youth (U18),5597,1725,false
2026 Spring,2026-03-01,MCI,SOC,National Youth & Adult Soccer Alliance,Adult (18+),1866,575,false
2026 Spring,2026-03-01,SLC,SOC,National Youth & Adult Soccer Alliance,Youth (U18),3252,803,false
2026 Spring,2026-03-01,SLC,SOC,National Youth & Adult Soccer Alliance,Adult (18+),1084,268,false
2026 Spring,2026-03-01,JAX,SOC,National Youth & Adult Soccer Alliance,Youth (U18),4284,951,false
2026 Spring,2026-03-01,JAX,SOC,National Youth & Adult Soccer Alliance,Adult (18+),1428,317,false
2026 Spring,2026-03-01,BOI,SOC,National Youth & Adult Soccer Alliance,Youth (U18),2272,878,false
2026 Spring,2026-03-01,BOI,SOC,National Youth & Adult Soccer Alliance,Adult (18+),757,293,false
2026 Spring,2026-03-01,NYC,BSK,Hoops America Rec Network,Youth (U18),24940,5346,false
2026 Spring,2026-03-01,NYC,BSK,Hoops America Rec Network,Adult (18+),16626,3563,false
2026 Spring,2026-03-01,LAX,BSK,Hoops America Rec Network,Youth (U18),16628,4453,false
2026 Spring,2026-03-01,LAX,BSK,Hoops America Rec Network,Adult (18+),11086,2969,false
2026 Spring,2026-03-01,CHI,BSK,Hoops America Rec Network,Youth (U18),11121,2244,false
2026 Spring,2026-03-01,CHI,BSK,Hoops America Rec Network,Adult (18+),7414,1496,false
2026 Spring,2026-03-01,DFW,BSK,Hoops America Rec Network,Youth (U18),12342,4450,false
2026 Spring,2026-03-01,DFW,BSK,Hoops America Rec Network,Adult (18+),8228,2967,false
2026 Spring,2026-03-01,HOU,BSK,Hoops America Rec Network,Youth (U18),9467,1674,false
2026 Spring,2026-03-01,HOU,BSK,Hoops America Rec Network,Adult (18+),6311,1115,false
2026 Spring,2026-03-01,WAS,BSK,Hoops America Rec Network,Youth (U18),8869,2498,false
2026 Spring,2026-03-01,WAS,BSK,Hoops America Rec Network,Adult (18+),5913,1666,false
2026 Spring,2026-03-01,PHL,BSK,Hoops America Rec Network,Youth (U18),8450,2400,false
2026 Spring,2026-03-01,PHL,BSK,Hoops America Rec Network,Adult (18+),5634,1601,false
2026 Spring,2026-03-01,ATL,BSK,Hoops America Rec Network,Youth (U18),8959,2181,false
2026 Spring,2026-03-01,ATL,BSK,Hoops America Rec Network,Adult (18+),5972,1453,false
2026 Spring,2026-03-01,MIA,BSK,Hoops America Rec Network,Youth (U18),8179,2506,false
2026 Spring,2026-03-01,MIA,BSK,Hoops America Rec Network,Adult (18+),5453,1671,false
2026 Spring,2026-03-01,PHX,BSK,Hoops America Rec Network,Youth (U18),7156,2261,false
2026 Spring,2026-03-01,PHX,BSK,Hoops America Rec Network,Adult (18+),4770,1507,false
2026 Spring,2026-03-01,BOS,BSK,Hoops America Rec Network,Youth (U18),6843,2211,false
2026 Spring,2026-03-01,BOS,BSK,Hoops America Rec Network,Adult (18+),4562,1473,false
2026 Spring,2026-03-01,SFO,BSK,Hoops America Rec Network,Youth (U18),5933,1548,false
2026 Spring,2026-03-01,SFO,BSK,Hoops America Rec Network,Adult (18+),3955,1032,false
2026 Spring,2026-03-01,SEA,BSK,Hoops America Rec Network,Youth (U18),5529,1701,false
2026 Spring,2026-03-01,SEA,BSK,Hoops America Rec Network,Adult (18+),3686,1134,false
2026 Spring,2026-03-01,MSP,BSK,Hoops America Rec Network,Youth (U18),5087,1225,false
2026 Spring,2026-03-01,MSP,BSK,Hoops America Rec Network,Adult (18+),3392,817,false
2026 Spring,2026-03-01,SAN,BSK,Hoops America Rec Network,Youth (U18),4423,1426,false
2026 Spring,2026-03-01,SAN,BSK,Hoops America Rec Network,Adult (18+),2949,951,false
2026 Spring,2026-03-01,TPA,BSK,Hoops America Rec Network,Youth (U18),4314,967,false
2026 Spring,2026-03-01,TPA,BSK,Hoops America Rec Network,Adult (18+),2876,645,false
2026 Spring,2026-03-01,DEN,BSK,Hoops America Rec Network,Youth (U18),4652,1418,false
2026 Spring,2026-03-01,DEN,BSK,Hoops America Rec Network,Adult (18+),3102,946,false
2026 Spring,2026-03-01,ORL,BSK,Hoops America Rec Network,Youth (U18),4232,1471,false
2026 Spring,2026-03-01,ORL,BSK,Hoops America Rec Network,Adult (18+),2821,980,false
2026 Spring,2026-03-01,POR,BSK,Hoops America Rec Network,Youth (U18),3314,743,false
2026 Spring,2026-03-01,POR,BSK,Hoops America Rec Network,Adult (18+),2209,495,false
2026 Spring,2026-03-01,DET,BSK,Hoops America Rec Network,Youth (U18),5503,1411,false
2026 Spring,2026-03-01,DET,BSK,Hoops America Rec Network,Adult (18+),3669,942,false
2026 Spring,2026-03-01,NSH,BSK,Hoops America Rec Network,Youth (U18),4478,1772,false
2026 Spring,2026-03-01,NSH,BSK,Hoops America Rec Network,Adult (18+),2985,1181,false
2026 Spring,2026-03-01,AUS,BSK,Hoops America Rec Network,Youth (U18),4595,1469,false
2026 Spring,2026-03-01,AUS,BSK,Hoops America Rec Network,Adult (18+),3063,979,false
2026 Spring,2026-03-01,RDU,BSK,Hoops America Rec Network,Youth (U18),2789,1011,false
2026 Spring,2026-03-01,RDU,BSK,Hoops America Rec Network,Adult (18+),1859,673,false
2026 Spring,2026-03-01,CLT,BSK,Hoops America Rec Network,Youth (U18),3694,1236,false
2026 Spring,2026-03-01,CLT,BSK,Hoops America Rec Network,Adult (18+),2463,824,false
2026 Spring,2026-03-01,SAT,BSK,Hoops America Rec Network,Youth (U18),3527,655,false
2026 Spring,2026-03-01,SAT,BSK,Hoops America Rec Network,Adult (18+),2352,437,false
2026 Spring,2026-03-01,LAS,BSK,Hoops America Rec Network,Youth (U18),3046,808,false
2026 Spring,2026-03-01,LAS,BSK,Hoops America Rec Network,Adult (18+),2030,537,false
2026 Spring,2026-03-01,CMH,BSK,Hoops America Rec Network,Youth (U18),2795,535,false
2026 Spring,2026-03-01,CMH,BSK,Hoops America Rec Network,Adult (18+),1863,356,false
2026 Spring,2026-03-01,MCI,BSK,Hoops America Rec Network,Youth (U18),3022,726,false
2026 Spring,2026-03-01,MCI,BSK,Hoops America Rec Network,Adult (18+),2014,483,false
2026 Spring,2026-03-01,SLC,BSK,Hoops America Rec Network,Youth (U18),2049,650,false
2026 Spring,2026-03-01,SLC,BSK,Hoops America Rec Network,Adult (18+),1366,434,false
2026 Spring,2026-03-01,JAX,BSK,Hoops America Rec Network,Youth (U18),2468,718,false
2026 Spring,2026-03-01,JAX,BSK,Hoops America Rec Network,Adult (18+),1645,479,false
2026 Spring,2026-03-01,BOI,BSK,Hoops America Rec Network,Youth (U18),1243,355,false
2026 Spring,2026-03-01,BOI,BSK,Hoops America Rec Network,Adult (18+),829,237,false
2026 Spring,2026-03-01,NYC,BSB,Diamond Youth Baseball Federation,Youth (U18),54591,17433,false
2026 Spring,2026-03-01,NYC,BSB,Diamond Youth Baseball Federation,Adult (18+),23396,7471,false
2026 Spring,2026-03-01,LAX,BSB,Diamond Youth Baseball Federation,Youth (U18),38728,14851,false
2026 Spring,2026-03-01,LAX,BSB,Diamond Youth Baseball Federation,Adult (18+),16598,6365,false
2026 Spring,2026-03-01,CHI,BSB,Diamond Youth Baseball Federation,Youth (U18),24485,5730,false
2026 Spring,2026-03-01,CHI,BSB,Diamond Youth Baseball Federation,Adult (18+),10493,2455,false
2026 Spring,2026-03-01,DFW,BSB,Diamond Youth Baseball Federation,Youth (U18),29492,5114,false
2026 Spring,2026-03-01,DFW,BSB,Diamond Youth Baseball Federation,Adult (18+),12639,2191,false
2026 Spring,2026-03-01,HOU,BSB,Diamond Youth Baseball Federation,Youth (U18),28895,7321,false
2026 Spring,2026-03-01,HOU,BSB,Diamond Youth Baseball Federation,Adult (18+),12384,3138,false
2026 Spring,2026-03-01,WAS,BSB,Diamond Youth Baseball Federation,Youth (U18),17623,6477,false
2026 Spring,2026-03-01,WAS,BSB,Diamond Youth Baseball Federation,Adult (18+),7553,2777,false
2026 Spring,2026-03-01,PHL,BSB,Diamond Youth Baseball Federation,Youth (U18),17691,5190,false
2026 Spring,2026-03-01,PHL,BSB,Diamond Youth Baseball Federation,Adult (18+),7582,2224,false
2026 Spring,2026-03-01,ATL,BSB,Diamond Youth Baseball Federation,Youth (U18),27114,9902,false
2026 Spring,2026-03-01,ATL,BSB,Diamond Youth Baseball Federation,Adult (18+),11620,4244,false
2026 Spring,2026-03-01,MIA,BSB,Diamond Youth Baseball Federation,Youth (U18),22670,7529,false
2026 Spring,2026-03-01,MIA,BSB,Diamond Youth Baseball Federation,Adult (18+),9716,3227,false
2026 Spring,2026-03-01,PHX,BSB,Diamond Youth Baseball Federation,Youth (U18),18402,4781,false
2026 Spring,2026-03-01,PHX,BSB,Diamond Youth Baseball Federation,Adult (18+),7886,2048,false
2026 Spring,2026-03-01,BOS,BSB,Diamond Youth Baseball Federation,Youth (U18),12134,2001,false
2026 Spring,2026-03-01,BOS,BSB,Diamond Youth Baseball Federation,Adult (18+),5200,857,false
2026 Spring,2026-03-01,SFO,BSB,Diamond Youth Baseball Federation,Youth (U18),13595,4118,false
2026 Spring,2026-03-01,SFO,BSB,Diamond Youth Baseball Federation,Adult (18+),5826,1764,false
2026 Spring,2026-03-01,SEA,BSB,Diamond Youth Baseball Federation,Youth (U18),11276,2655,false
2026 Spring,2026-03-01,SEA,BSB,Diamond Youth Baseball Federation,Adult (18+),4833,1139,false
2026 Spring,2026-03-01,MSP,BSB,Diamond Youth Baseball Federation,Youth (U18),11189,3304,false
2026 Spring,2026-03-01,MSP,BSB,Diamond Youth Baseball Federation,Adult (18+),4795,1416,false
2026 Spring,2026-03-01,SAN,BSB,Diamond Youth Baseball Federation,Youth (U18),10013,3314,false
2026 Spring,2026-03-01,SAN,BSB,Diamond Youth Baseball Federation,Adult (18+),4291,1420,false
2026 Spring,2026-03-01,TPA,BSB,Diamond Youth Baseball Federation,Youth (U18),12289,2437,false
2026 Spring,2026-03-01,TPA,BSB,Diamond Youth Baseball Federation,Adult (18+),5267,1045,false
2026 Spring,2026-03-01,DEN,BSB,Diamond Youth Baseball Federation,Youth (U18),8768,2293,false
2026 Spring,2026-03-01,DEN,BSB,Diamond Youth Baseball Federation,Adult (18+),3758,983,false
2026 Spring,2026-03-01,ORL,BSB,Diamond Youth Baseball Federation,Youth (U18),11982,4497,false
2026 Spring,2026-03-01,ORL,BSB,Diamond Youth Baseball Federation,Adult (18+),5135,1927,false
2026 Spring,2026-03-01,POR,BSB,Diamond Youth Baseball Federation,Youth (U18),7316,1836,false
2026 Spring,2026-03-01,POR,BSB,Diamond Youth Baseball Federation,Adult (18+),3135,786,false
2026 Spring,2026-03-01,DET,BSB,Diamond Youth Baseball Federation,Youth (U18),11562,3396,false
2026 Spring,2026-03-01,DET,BSB,Diamond Youth Baseball Federation,Adult (18+),4955,1455,false
2026 Spring,2026-03-01,NSH,BSB,Diamond Youth Baseball Federation,Youth (U18),12328,4541,false
2026 Spring,2026-03-01,NSH,BSB,Diamond Youth Baseball Federation,Adult (18+),5283,1946,false
2026 Spring,2026-03-01,AUS,BSB,Diamond Youth Baseball Federation,Youth (U18),12439,3705,false
2026 Spring,2026-03-01,AUS,BSB,Diamond Youth Baseball Federation,Adult (18+),5331,1588,false
2026 Spring,2026-03-01,RDU,BSB,Diamond Youth Baseball Federation,Youth (U18),8256,3145,false
2026 Spring,2026-03-01,RDU,BSB,Diamond Youth Baseball Federation,Adult (18+),3538,1348,false
2026 Spring,2026-03-01,CLT,BSB,Diamond Youth Baseball Federation,Youth (U18),10648,2793,false
2026 Spring,2026-03-01,CLT,BSB,Diamond Youth Baseball Federation,Adult (18+),4563,1196,false
2026 Spring,2026-03-01,SAT,BSB,Diamond Youth Baseball Federation,Youth (U18),9963,2152,false
2026 Spring,2026-03-01,SAT,BSB,Diamond Youth Baseball Federation,Adult (18+),4270,923,false
2026 Spring,2026-03-01,LAS,BSB,Diamond Youth Baseball Federation,Youth (U18),7460,1576,false
2026 Spring,2026-03-01,LAS,BSB,Diamond Youth Baseball Federation,Adult (18+),3197,676,false
2026 Spring,2026-03-01,CMH,BSB,Diamond Youth Baseball Federation,Youth (U18),6050,1287,false
2026 Spring,2026-03-01,CMH,BSB,Diamond Youth Baseball Federation,Adult (18+),2593,552,false
2026 Spring,2026-03-01,MCI,BSB,Diamond Youth Baseball Federation,Youth (U18),6205,1646,false
2026 Spring,2026-03-01,MCI,BSB,Diamond Youth Baseball Federation,Adult (18+),2659,705,false
2026 Spring,2026-03-01,SLC,BSB,Diamond Youth Baseball Federation,Youth (U18),4397,1326,false
2026 Spring,2026-03-01,SLC,BSB,Diamond Youth Baseball Federation,Adult (18+),1885,569,false
2026 Spring,2026-03-01,JAX,BSB,Diamond Youth Baseball Federation,Youth (U18),7784,2315,false
2026 Spring,2026-03-01,JAX,BSB,Diamond Youth Baseball Federation,Adult (18+),3336,992,false
2026 Spring,2026-03-01,BOI,BSB,Diamond Youth Baseball Federation,Youth (U18),2795,991,false
2026 Spring,2026-03-01,BOI,BSB,Diamond Youth Baseball Federation,Adult (18+),1198,425,false
2026 Spring,2026-03-01,NYC,FTB,Gridiron Youth League Association,Youth (U18),3279,682,false
2026 Spring,2026-03-01,NYC,FTB,Gridiron Youth League Association,Adult (18+),820,171,false
2026 Spring,2026-03-01,LAX,FTB,Gridiron Youth League Association,Youth (U18),2180,515,false
2026 Spring,2026-03-01,LAX,FTB,Gridiron Youth League Association,Adult (18+),545,129,false
2026 Spring,2026-03-01,CHI,FTB,Gridiron Youth League Association,Youth (U18),1419,242,false
2026 Spring,2026-03-01,CHI,FTB,Gridiron Youth League Association,Adult (18+),355,61,false
2026 Spring,2026-03-01,DFW,FTB,Gridiron Youth League Association,Youth (U18),2342,610,false
2026 Spring,2026-03-01,DFW,FTB,Gridiron Youth League Association,Adult (18+),586,153,false
2026 Spring,2026-03-01,HOU,FTB,Gridiron Youth League Association,Youth (U18),2110,565,false
2026 Spring,2026-03-01,HOU,FTB,Gridiron Youth League Association,Adult (18+),527,140,false
2026 Spring,2026-03-01,WAS,FTB,Gridiron Youth League Association,Youth (U18),1124,297,false
2026 Spring,2026-03-01,WAS,FTB,Gridiron Youth League Association,Adult (18+),281,74,false
2026 Spring,2026-03-01,PHL,FTB,Gridiron Youth League Association,Youth (U18),1179,404,false
2026 Spring,2026-03-01,PHL,FTB,Gridiron Youth League Association,Adult (18+),295,101,false
2026 Spring,2026-03-01,ATL,FTB,Gridiron Youth League Association,Youth (U18),1623,476,false
2026 Spring,2026-03-01,ATL,FTB,Gridiron Youth League Association,Adult (18+),406,119,false
2026 Spring,2026-03-01,MIA,FTB,Gridiron Youth League Association,Youth (U18),1552,439,false
2026 Spring,2026-03-01,MIA,FTB,Gridiron Youth League Association,Adult (18+),388,109,false
2026 Spring,2026-03-01,PHX,FTB,Gridiron Youth League Association,Youth (U18),974,331,false
2026 Spring,2026-03-01,PHX,FTB,Gridiron Youth League Association,Adult (18+),243,82,false
2026 Spring,2026-03-01,BOS,FTB,Gridiron Youth League Association,Youth (U18),852,246,false
2026 Spring,2026-03-01,BOS,FTB,Gridiron Youth League Association,Adult (18+),213,62,false
2026 Spring,2026-03-01,SFO,FTB,Gridiron Youth League Association,Youth (U18),760,182,false
2026 Spring,2026-03-01,SFO,FTB,Gridiron Youth League Association,Adult (18+),190,45,false
2026 Spring,2026-03-01,SEA,FTB,Gridiron Youth League Association,Youth (U18),759,274,false
2026 Spring,2026-03-01,SEA,FTB,Gridiron Youth League Association,Adult (18+),190,68,false
2026 Spring,2026-03-01,MSP,FTB,Gridiron Youth League Association,Youth (U18),719,221,false
2026 Spring,2026-03-01,MSP,FTB,Gridiron Youth League Association,Adult (18+),180,55,false
2026 Spring,2026-03-01,SAN,FTB,Gridiron Youth League Association,Youth (U18),534,115,false
2026 Spring,2026-03-01,SAN,FTB,Gridiron Youth League Association,Adult (18+),134,29,false
2026 Spring,2026-03-01,TPA,FTB,Gridiron Youth League Association,Youth (U18),889,236,false
2026 Spring,2026-03-01,TPA,FTB,Gridiron Youth League Association,Adult (18+),222,59,false
2026 Spring,2026-03-01,DEN,FTB,Gridiron Youth League Association,Youth (U18),598,194,false
2026 Spring,2026-03-01,DEN,FTB,Gridiron Youth League Association,Adult (18+),150,49,false
2026 Spring,2026-03-01,ORL,FTB,Gridiron Youth League Association,Youth (U18),775,242,false
2026 Spring,2026-03-01,ORL,FTB,Gridiron Youth League Association,Adult (18+),194,61,false
2026 Spring,2026-03-01,POR,FTB,Gridiron Youth League Association,Youth (U18),474,129,false
2026 Spring,2026-03-01,POR,FTB,Gridiron Youth League Association,Adult (18+),118,32,false
2026 Spring,2026-03-01,DET,FTB,Gridiron Youth League Association,Youth (U18),757,195,false
2026 Spring,2026-03-01,DET,FTB,Gridiron Youth League Association,Adult (18+),189,49,false
2026 Spring,2026-03-01,NSH,FTB,Gridiron Youth League Association,Youth (U18),781,237,false
2026 Spring,2026-03-01,NSH,FTB,Gridiron Youth League Association,Adult (18+),195,59,false
2026 Spring,2026-03-01,AUS,FTB,Gridiron Youth League Association,Youth (U18),962,375,false
2026 Spring,2026-03-01,AUS,FTB,Gridiron Youth League Association,Adult (18+),241,94,false
2026 Spring,2026-03-01,RDU,FTB,Gridiron Youth League Association,Youth (U18),504,147,false
2026 Spring,2026-03-01,RDU,FTB,Gridiron Youth League Association,Adult (18+),126,37,false
2026 Spring,2026-03-01,CLT,FTB,Gridiron Youth League Association,Youth (U18),666,96,false
2026 Spring,2026-03-01,CLT,FTB,Gridiron Youth League Association,Adult (18+),166,23,false
2026 Spring,2026-03-01,SAT,FTB,Gridiron Youth League Association,Youth (U18),746,224,false
2026 Spring,2026-03-01,SAT,FTB,Gridiron Youth League Association,Adult (18+),187,57,false
2026 Spring,2026-03-01,LAS,FTB,Gridiron Youth League Association,Youth (U18),384,87,false
2026 Spring,2026-03-01,LAS,FTB,Gridiron Youth League Association,Adult (18+),96,22,false
2026 Spring,2026-03-01,CMH,FTB,Gridiron Youth League Association,Youth (U18),470,182,false
2026 Spring,2026-03-01,CMH,FTB,Gridiron Youth League Association,Adult (18+),117,45,false
2026 Spring,2026-03-01,MCI,FTB,Gridiron Youth League Association,Youth (U18),385,114,false
2026 Spring,2026-03-01,MCI,FTB,Gridiron Youth League Association,Adult (18+),96,28,false
2026 Spring,2026-03-01,SLC,FTB,Gridiron Youth League Association,Youth (U18),276,95,false
2026 Spring,2026-03-01,SLC,FTB,Gridiron Youth League Association,Adult (18+),69,24,false
2026 Spring,2026-03-01,JAX,FTB,Gridiron Youth League Association,Youth (U18),447,129,false
2026 Spring,2026-03-01,JAX,FTB,Gridiron Youth League Association,Adult (18+),112,33,false
2026 Spring,2026-03-01,BOI,FTB,Gridiron Youth League Association,Youth (U18),155,45,false
2026 Spring,2026-03-01,BOI,FTB,Gridiron Youth League Association,Adult (18+),39,12,false
2026 Spring,2026-03-01,NYC,TEN,Community Tennis League of America,Youth (U18),14011,3789,false
2026 Spring,2026-03-01,NYC,TEN,Community Tennis League of America,Adult (18+),32693,8842,false
2026 Spring,2026-03-01,LAX,TEN,Community Tennis League of America,Youth (U18),9556,2604,false
2026 Spring,2026-03-01,LAX,TEN,Community Tennis League of America,Adult (18+),22298,6077,false
2026 Spring,2026-03-01,CHI,TEN,Community Tennis League of America,Youth (U18),7165,2511,false
2026 Spring,2026-03-01,CHI,TEN,Community Tennis League of America,Adult (18+),16719,5859,false
2026 Spring,2026-03-01,DFW,TEN,Community Tennis League of America,Youth (U18),5956,1800,false
2026 Spring,2026-03-01,DFW,TEN,Community Tennis League of America,Adult (18+),13898,4202,false
2026 Spring,2026-03-01,HOU,TEN,Community Tennis League of America,Youth (U18),5219,1481,false
2026 Spring,2026-03-01,HOU,TEN,Community Tennis League of America,Adult (18+),12177,3456,false
2026 Spring,2026-03-01,WAS,TEN,Community Tennis League of America,Youth (U18),4249,938,false
2026 Spring,2026-03-01,WAS,TEN,Community Tennis League of America,Adult (18+),9913,2189,false
2026 Spring,2026-03-01,PHL,TEN,Community Tennis League of America,Youth (U18),4591,1198,false
2026 Spring,2026-03-01,PHL,TEN,Community Tennis League of America,Adult (18+),10712,2793,false
2026 Spring,2026-03-01,ATL,TEN,Community Tennis League of America,Youth (U18),4508,1133,false
2026 Spring,2026-03-01,ATL,TEN,Community Tennis League of America,Adult (18+),10520,2645,false
2026 Spring,2026-03-01,MIA,TEN,Community Tennis League of America,Youth (U18),3783,499,false
2026 Spring,2026-03-01,MIA,TEN,Community Tennis League of America,Adult (18+),8827,1164,false
2026 Spring,2026-03-01,PHX,TEN,Community Tennis League of America,Youth (U18),3699,981,false
2026 Spring,2026-03-01,PHX,TEN,Community Tennis League of America,Adult (18+),8631,2289,false
2026 Spring,2026-03-01,BOS,TEN,Community Tennis League of America,Youth (U18),3713,1045,false
2026 Spring,2026-03-01,BOS,TEN,Community Tennis League of America,Adult (18+),8664,2440,false
2026 Spring,2026-03-01,SFO,TEN,Community Tennis League of America,Youth (U18),3559,1098,false
2026 Spring,2026-03-01,SFO,TEN,Community Tennis League of America,Adult (18+),8305,2563,false
2026 Spring,2026-03-01,SEA,TEN,Community Tennis League of America,Youth (U18),3179,1046,false
2026 Spring,2026-03-01,SEA,TEN,Community Tennis League of America,Adult (18+),7419,2442,false
2026 Spring,2026-03-01,MSP,TEN,Community Tennis League of America,Youth (U18),2776,913,false
2026 Spring,2026-03-01,MSP,TEN,Community Tennis League of America,Adult (18+),6477,2131,false
2026 Spring,2026-03-01,SAN,TEN,Community Tennis League of America,Youth (U18),2514,772,false
2026 Spring,2026-03-01,SAN,TEN,Community Tennis League of America,Adult (18+),5867,1803,false
2026 Spring,2026-03-01,TPA,TEN,Community Tennis League of America,Youth (U18),2420,725,false
2026 Spring,2026-03-01,TPA,TEN,Community Tennis League of America,Adult (18+),5648,1693,false
2026 Spring,2026-03-01,DEN,TEN,Community Tennis League of America,Youth (U18),2508,868,false
2026 Spring,2026-03-01,DEN,TEN,Community Tennis League of America,Adult (18+),5852,2025,false
2026 Spring,2026-03-01,ORL,TEN,Community Tennis League of America,Youth (U18),1818,296,false
2026 Spring,2026-03-01,ORL,TEN,Community Tennis League of America,Adult (18+),4243,691,false
2026 Spring,2026-03-01,POR,TEN,Community Tennis League of America,Youth (U18),1892,444,false
2026 Spring,2026-03-01,POR,TEN,Community Tennis League of America,Adult (18+),4414,1035,false
2026 Spring,2026-03-01,DET,TEN,Community Tennis League of America,Youth (U18),3020,863,false
2026 Spring,2026-03-01,DET,TEN,Community Tennis League of America,Adult (18+),7047,2013,false
2026 Spring,2026-03-01,NSH,TEN,Community Tennis League of America,Youth (U18),2097,599,false
2026 Spring,2026-03-01,NSH,TEN,Community Tennis League of America,Adult (18+),4893,1399,false
2026 Spring,2026-03-01,AUS,TEN,Community Tennis League of America,Youth (U18),2235,684,false
2026 Spring,2026-03-01,AUS,TEN,Community Tennis League of America,Adult (18+),5214,1595,false
2026 Spring,2026-03-01,RDU,TEN,Community Tennis League of America,Youth (U18),1421,304,false
2026 Spring,2026-03-01,RDU,TEN,Community Tennis League of America,Adult (18+),3315,709,false
2026 Spring,2026-03-01,CLT,TEN,Community Tennis League of America,Youth (U18),2128,648,false
2026 Spring,2026-03-01,CLT,TEN,Community Tennis League of America,Adult (18+),4966,1514,false
2026 Spring,2026-03-01,SAT,TEN,Community Tennis League of America,Youth (U18),1786,460,false
2026 Spring,2026-03-01,SAT,TEN,Community Tennis League of America,Adult (18+),4167,1074,false
2026 Spring,2026-03-01,LAS,TEN,Community Tennis League of America,Youth (U18),1506,344,false
2026 Spring,2026-03-01,LAS,TEN,Community Tennis League of America,Adult (18+),3513,802,false
2026 Spring,2026-03-01,CMH,TEN,Community Tennis League of America,Youth (U18),1625,428,false
2026 Spring,2026-03-01,CMH,TEN,Community Tennis League of America,Adult (18+),3792,1000,false
2026 Spring,2026-03-01,MCI,TEN,Community Tennis League of America,Youth (U18),1580,409,false
2026 Spring,2026-03-01,MCI,TEN,Community Tennis League of America,Adult (18+),3686,952,false
2026 Spring,2026-03-01,SLC,TEN,Community Tennis League of America,Youth (U18),1055,257,false
2026 Spring,2026-03-01,SLC,TEN,Community Tennis League of America,Adult (18+),2462,599,false
2026 Spring,2026-03-01,JAX,TEN,Community Tennis League of America,Youth (U18),1262,320,false
2026 Spring,2026-03-01,JAX,TEN,Community Tennis League of America,Adult (18+),2945,745,false
2026 Spring,2026-03-01,BOI,TEN,Community Tennis League of America,Youth (U18),684,187,false
2026 Spring,2026-03-01,BOI,TEN,Community Tennis League of America,Adult (18+),1596,438,false
2026 Spring,2026-03-01,NYC,PKB,American Pickleball League Network,Youth (U18),3053,1214,false
2026 Spring,2026-03-01,NYC,PKB,American Pickleball League Network,Adult (18+),58014,23075,false
2026 Spring,2026-03-01,LAX,PKB,American Pickleball League Network,Youth (U18),2046,762,false
2026 Spring,2026-03-01,LAX,PKB,American Pickleball League Network,Adult (18+),38881,14495,false
2026 Spring,2026-03-01,CHI,PKB,American Pickleball League Network,Youth (U18),1375,493,false
2026 Spring,2026-03-01,CHI,PKB,American Pickleball League Network,Adult (18+),26118,9356,false
2026 Spring,2026-03-01,DFW,PKB,American Pickleball League Network,Youth (U18),2414,990,false
2026 Spring,2026-03-01,DFW,PKB,American Pickleball League Network,Adult (18+),45874,18813,false
2026 Spring,2026-03-01,HOU,PKB,American Pickleball League Network,Youth (U18),2180,873,false
2026 Spring,2026-03-01,HOU,PKB,American Pickleball League Network,Adult (18+),41416,16582,false
2026 Spring,2026-03-01,WAS,PKB,American Pickleball League Network,Youth (U18),979,346,false
2026 Spring,2026-03-01,WAS,PKB,American Pickleball League Network,Adult (18+),18597,6568,false
2026 Spring,2026-03-01,PHL,PKB,American Pickleball League Network,Youth (U18),905,310,false
2026 Spring,2026-03-01,PHL,PKB,American Pickleball League Network,Adult (18+),17197,5879,false
2026 Spring,2026-03-01,ATL,PKB,American Pickleball League Network,Youth (U18),2089,823,false
2026 Spring,2026-03-01,ATL,PKB,American Pickleball League Network,Adult (18+),39700,15642,false
2026 Spring,2026-03-01,MIA,PKB,American Pickleball League Network,Youth (U18),2091,1029,false
2026 Spring,2026-03-01,MIA,PKB,American Pickleball League Network,Adult (18+),39725,19544,false
2026 Spring,2026-03-01,PHX,PKB,American Pickleball League Network,Youth (U18),1965,850,false
2026 Spring,2026-03-01,PHX,PKB,American Pickleball League Network,Adult (18+),37343,16158,false
2026 Spring,2026-03-01,BOS,PKB,American Pickleball League Network,Youth (U18),723,230,false
2026 Spring,2026-03-01,BOS,PKB,American Pickleball League Network,Adult (18+),13736,4367,false
2026 Spring,2026-03-01,SFO,PKB,American Pickleball League Network,Youth (U18),708,263,false
2026 Spring,2026-03-01,SFO,PKB,American Pickleball League Network,Adult (18+),13448,4989,false
2026 Spring,2026-03-01,SEA,PKB,American Pickleball League Network,Youth (U18),637,252,false
2026 Spring,2026-03-01,SEA,PKB,American Pickleball League Network,Adult (18+),12110,4786,false
2026 Spring,2026-03-01,MSP,PKB,American Pickleball League Network,Youth (U18),584,204,false
2026 Spring,2026-03-01,MSP,PKB,American Pickleball League Network,Adult (18+),11102,3878,false
2026 Spring,2026-03-01,SAN,PKB,American Pickleball League Network,Youth (U18),509,179,false
2026 Spring,2026-03-01,SAN,PKB,American Pickleball League Network,Adult (18+),9669,3386,false
2026 Spring,2026-03-01,TPA,PKB,American Pickleball League Network,Youth (U18),1144,358,false
2026 Spring,2026-03-01,TPA,PKB,American Pickleball League Network,Adult (18+),21733,6807,false
2026 Spring,2026-03-01,DEN,PKB,American Pickleball League Network,Youth (U18),516,176,false
2026 Spring,2026-03-01,DEN,PKB,American Pickleball League Network,Adult (18+),9806,3350,false
2026 Spring,2026-03-01,ORL,PKB,American Pickleball League Network,Youth (U18),978,390,false
2026 Spring,2026-03-01,ORL,PKB,American Pickleball League Network,Adult (18+),18576,7413,false
2026 Spring,2026-03-01,POR,PKB,American Pickleball League Network,Youth (U18),379,142,false
2026 Spring,2026-03-01,POR,PKB,American Pickleball League Network,Adult (18+),7199,2700,false
2026 Spring,2026-03-01,DET,PKB,American Pickleball League Network,Youth (U18),631,258,false
2026 Spring,2026-03-01,DET,PKB,American Pickleball League Network,Adult (18+),11980,4892,false
2026 Spring,2026-03-01,NSH,PKB,American Pickleball League Network,Youth (U18),967,421,false
2026 Spring,2026-03-01,NSH,PKB,American Pickleball League Network,Adult (18+),18369,8004,false
2026 Spring,2026-03-01,AUS,PKB,American Pickleball League Network,Youth (U18),1156,571,false
2026 Spring,2026-03-01,AUS,PKB,American Pickleball League Network,Adult (18+),21955,10838,false
2026 Spring,2026-03-01,RDU,PKB,American Pickleball League Network,Youth (U18),572,210,false
2026 Spring,2026-03-01,RDU,PKB,American Pickleball League Network,Adult (18+),10871,3985,false
2026 Spring,2026-03-01,CLT,PKB,American Pickleball League Network,Youth (U18),917,410,false
2026 Spring,2026-03-01,CLT,PKB,American Pickleball League Network,Adult (18+),17427,7799,false
2026 Spring,2026-03-01,SAT,PKB,American Pickleball League Network,Youth (U18),807,298,false
2026 Spring,2026-03-01,SAT,PKB,American Pickleball League Network,Adult (18+),15325,5654,false
2026 Spring,2026-03-01,LAS,PKB,American Pickleball League Network,Youth (U18),812,313,false
2026 Spring,2026-03-01,LAS,PKB,American Pickleball League Network,Adult (18+),15422,5944,false
2026 Spring,2026-03-01,CMH,PKB,American Pickleball League Network,Youth (U18),321,95,false
2026 Spring,2026-03-01,CMH,PKB,American Pickleball League Network,Adult (18+),6101,1803,false
2026 Spring,2026-03-01,MCI,PKB,American Pickleball League Network,Youth (U18),338,122,false
2026 Spring,2026-03-01,MCI,PKB,American Pickleball League Network,Adult (18+),6427,2320,false
2026 Spring,2026-03-01,SLC,PKB,American Pickleball League Network,Youth (U18),258,92,false
2026 Spring,2026-03-01,SLC,PKB,American Pickleball League Network,Adult (18+),4895,1751,false
2026 Spring,2026-03-01,JAX,PKB,American Pickleball League Network,Youth (U18),489,135,false
2026 Spring,2026-03-01,JAX,PKB,American Pickleball League Network,Adult (18+),9294,2557,false
2026 Spring,2026-03-01,BOI,PKB,American Pickleball League Network,Youth (U18),158,66,false
2026 Spring,2026-03-01,BOI,PKB,American Pickleball League Network,Adult (18+),3003,1258,false
2026 Spring,2026-03-01,NYC,PDL,US Padel Circuit,Youth (U18),571,282,false
2026 Spring,2026-03-01,NYC,PDL,US Padel Circuit,Adult (18+),10855,5349,false
2026 Spring,2026-03-01,LAX,PDL,US Padel Circuit,Youth (U18),314,176,false
2026 Spring,2026-03-01,LAX,PDL,US Padel Circuit,Adult (18+),5958,3347,false
2026 Spring,2026-03-01,CHI,PDL,US Padel Circuit,Youth (U18),34,18,false
2026 Spring,2026-03-01,CHI,PDL,US Padel Circuit,Adult (18+),646,340,false
2026 Spring,2026-03-01,DFW,PDL,US Padel Circuit,Youth (U18),177,99,false
2026 Spring,2026-03-01,DFW,PDL,US Padel Circuit,Adult (18+),3358,1887,false
2026 Spring,2026-03-01,HOU,PDL,US Padel Circuit,Youth (U18),130,73,false
2026 Spring,2026-03-01,HOU,PDL,US Padel Circuit,Adult (18+),2465,1381,false
2026 Spring,2026-03-01,WAS,PDL,US Padel Circuit,Youth (U18),26,16,false
2026 Spring,2026-03-01,WAS,PDL,US Padel Circuit,Adult (18+),500,303,false
2026 Spring,2026-03-01,PHL,PDL,US Padel Circuit,Youth (U18),22,12,false
2026 Spring,2026-03-01,PHL,PDL,US Padel Circuit,Adult (18+),418,224,false
2026 Spring,2026-03-01,ATL,PDL,US Padel Circuit,Youth (U18),27,16,false
2026 Spring,2026-03-01,ATL,PDL,US Padel Circuit,Adult (18+),506,300,false
2026 Spring,2026-03-01,MIA,PDL,US Padel Circuit,Youth (U18),362,212,false
2026 Spring,2026-03-01,MIA,PDL,US Padel Circuit,Adult (18+),6872,4013,false
2026 Spring,2026-03-01,PHX,PDL,US Padel Circuit,Youth (U18),23,14,false
2026 Spring,2026-03-01,PHX,PDL,US Padel Circuit,Adult (18+),431,248,false
2026 Spring,2026-03-01,BOS,PDL,US Padel Circuit,Youth (U18),20,12,false
2026 Spring,2026-03-01,BOS,PDL,US Padel Circuit,Adult (18+),379,222,false
2026 Spring,2026-03-01,SFO,PDL,US Padel Circuit,Youth (U18),18,10,false
2026 Spring,2026-03-01,SFO,PDL,US Padel Circuit,Adult (18+),348,195,false
2026 Spring,2026-03-01,SEA,PDL,US Padel Circuit,Youth (U18),15,7,false
2026 Spring,2026-03-01,SEA,PDL,US Padel Circuit,Adult (18+),286,141,false
2026 Spring,2026-03-01,MSP,PDL,US Padel Circuit,Youth (U18),15,9,false
2026 Spring,2026-03-01,MSP,PDL,US Padel Circuit,Adult (18+),288,172,false
2026 Spring,2026-03-01,SAN,PDL,US Padel Circuit,Youth (U18),48,30,false
2026 Spring,2026-03-01,SAN,PDL,US Padel Circuit,Adult (18+),917,574,false
2026 Spring,2026-03-01,TPA,PDL,US Padel Circuit,Youth (U18),14,8,false
2026 Spring,2026-03-01,TPA,PDL,US Padel Circuit,Adult (18+),257,143,false
2026 Spring,2026-03-01,DEN,PDL,US Padel Circuit,Youth (U18),12,7,false
2026 Spring,2026-03-01,DEN,PDL,US Padel Circuit,Adult (18+),234,141,false
2026 Spring,2026-03-01,ORL,PDL,US Padel Circuit,Youth (U18),12,7,false
2026 Spring,2026-03-01,ORL,PDL,US Padel Circuit,Adult (18+),233,135,false
2026 Spring,2026-03-01,POR,PDL,US Padel Circuit,Youth (U18),10,6,false
2026 Spring,2026-03-01,POR,PDL,US Padel Circuit,Adult (18+),193,118,false
2026 Spring,2026-03-01,DET,PDL,US Padel Circuit,Youth (U18),18,11,false
2026 Spring,2026-03-01,DET,PDL,US Padel Circuit,Adult (18+),337,202,false
2026 Spring,2026-03-01,NSH,PDL,US Padel Circuit,Youth (U18),46,27,false
2026 Spring,2026-03-01,NSH,PDL,US Padel Circuit,Adult (18+),879,518,false
2026 Spring,2026-03-01,AUS,PDL,US Padel Circuit,Youth (U18),160,94,false
2026 Spring,2026-03-01,AUS,PDL,US Padel Circuit,Adult (18+),3038,1786,false
2026 Spring,2026-03-01,RDU,PDL,US Padel Circuit,Youth (U18),8,4,false
2026 Spring,2026-03-01,RDU,PDL,US Padel Circuit,Adult (18+),161,94,false
2026 Spring,2026-03-01,CLT,PDL,US Padel Circuit,Youth (U18),12,8,false
2026 Spring,2026-03-01,CLT,PDL,US Padel Circuit,Adult (18+),225,136,false
2026 Spring,2026-03-01,SAT,PDL,US Padel Circuit,Youth (U18),11,7,false
2026 Spring,2026-03-01,SAT,PDL,US Padel Circuit,Adult (18+),215,128,false
2026 Spring,2026-03-01,LAS,PDL,US Padel Circuit,Youth (U18),8,4,false
2026 Spring,2026-03-01,LAS,PDL,US Padel Circuit,Adult (18+),161,91,false
2026 Spring,2026-03-01,CMH,PDL,US Padel Circuit,Youth (U18),9,5,false
2026 Spring,2026-03-01,CMH,PDL,US Padel Circuit,Adult (18+),174,108,false
2026 Spring,2026-03-01,MCI,PDL,US Padel Circuit,Youth (U18),9,5,false
2026 Spring,2026-03-01,MCI,PDL,US Padel Circuit,Adult (18+),162,91,false
2026 Spring,2026-03-01,SLC,PDL,US Padel Circuit,Youth (U18),6,3,false
2026 Spring,2026-03-01,SLC,PDL,US Padel Circuit,Adult (18+),119,71,false
2026 Spring,2026-03-01,JAX,PDL,US Padel Circuit,Youth (U18),8,5,false
2026 Spring,2026-03-01,JAX,PDL,US Padel Circuit,Adult (18+),157,96,false
2026 Spring,2026-03-01,BOI,PDL,US Padel Circuit,Youth (U18),4,3,false
2026 Spring,2026-03-01,BOI,PDL,US Padel Circuit,Adult (18+),67,36,false
2026 Spring,2026-03-01,NYC,LAX,US Lacrosse Club Network,Youth (U18),23494,8475,false
2026 Spring,2026-03-01,NYC,LAX,US Lacrosse Club Network,Adult (18+),10069,3632,false
2026 Spring,2026-03-01,LAX,LAX,US Lacrosse Club Network,Youth (U18),5135,1688,false
2026 Spring,2026-03-01,LAX,LAX,US Lacrosse Club Network,Adult (18+),2201,724,false
2026 Spring,2026-03-01,CHI,LAX,US Lacrosse Club Network,Youth (U18),5229,1947,false
2026 Spring,2026-03-01,CHI,LAX,US Lacrosse Club Network,Adult (18+),2241,834,false
2026 Spring,2026-03-01,DFW,LAX,US Lacrosse Club Network,Youth (U18),3712,1414,false
2026 Spring,2026-03-01,DFW,LAX,US Lacrosse Club Network,Adult (18+),1591,606,false
2026 Spring,2026-03-01,HOU,LAX,US Lacrosse Club Network,Youth (U18),3095,1121,false
2026 Spring,2026-03-01,HOU,LAX,US Lacrosse Club Network,Adult (18+),1326,480,false
2026 Spring,2026-03-01,WAS,LAX,US Lacrosse Club Network,Youth (U18),10508,3847,false
2026 Spring,2026-03-01,WAS,LAX,US Lacrosse Club Network,Adult (18+),4504,1649,false
2026 Spring,2026-03-01,PHL,LAX,US Lacrosse Club Network,Youth (U18),8159,3008,false
2026 Spring,2026-03-01,PHL,LAX,US Lacrosse Club Network,Adult (18+),3497,1289,false
2026 Spring,2026-03-01,ATL,LAX,US Lacrosse Club Network,Youth (U18),5791,2027,false
2026 Spring,2026-03-01,ATL,LAX,US Lacrosse Club Network,Adult (18+),2482,868,false
2026 Spring,2026-03-01,MIA,LAX,US Lacrosse Club Network,Youth (U18),4289,1680,false
2026 Spring,2026-03-01,MIA,LAX,US Lacrosse Club Network,Adult (18+),1838,720,false
2026 Spring,2026-03-01,PHX,LAX,US Lacrosse Club Network,Youth (U18),1822,634,false
2026 Spring,2026-03-01,PHX,LAX,US Lacrosse Club Network,Adult (18+),781,272,false
2026 Spring,2026-03-01,BOS,LAX,US Lacrosse Club Network,Youth (U18),6710,2044,false
2026 Spring,2026-03-01,BOS,LAX,US Lacrosse Club Network,Adult (18+),2876,877,false
2026 Spring,2026-03-01,SFO,LAX,US Lacrosse Club Network,Youth (U18),1986,682,false
2026 Spring,2026-03-01,SFO,LAX,US Lacrosse Club Network,Adult (18+),851,292,false
2026 Spring,2026-03-01,SEA,LAX,US Lacrosse Club Network,Youth (U18),1563,327,false
2026 Spring,2026-03-01,SEA,LAX,US Lacrosse Club Network,Adult (18+),670,140,false
2026 Spring,2026-03-01,MSP,LAX,US Lacrosse Club Network,Youth (U18),2119,789,false
2026 Spring,2026-03-01,MSP,LAX,US Lacrosse Club Network,Adult (18+),908,338,false
2026 Spring,2026-03-01,SAN,LAX,US Lacrosse Club Network,Youth (U18),1309,353,false
2026 Spring,2026-03-01,SAN,LAX,US Lacrosse Club Network,Adult (18+),561,151,false
2026 Spring,2026-03-01,TPA,LAX,US Lacrosse Club Network,Youth (U18),2322,804,false
2026 Spring,2026-03-01,TPA,LAX,US Lacrosse Club Network,Adult (18+),995,344,false
2026 Spring,2026-03-01,DEN,LAX,US Lacrosse Club Network,Youth (U18),3161,1040,false
2026 Spring,2026-03-01,DEN,LAX,US Lacrosse Club Network,Adult (18+),1355,446,false
2026 Spring,2026-03-01,ORL,LAX,US Lacrosse Club Network,Youth (U18),2104,755,false
2026 Spring,2026-03-01,ORL,LAX,US Lacrosse Club Network,Adult (18+),902,324,false
2026 Spring,2026-03-01,POR,LAX,US Lacrosse Club Network,Youth (U18),1003,253,false
2026 Spring,2026-03-01,POR,LAX,US Lacrosse Club Network,Adult (18+),430,108,false
2026 Spring,2026-03-01,DET,LAX,US Lacrosse Club Network,Youth (U18),2345,846,false
2026 Spring,2026-03-01,DET,LAX,US Lacrosse Club Network,Adult (18+),1005,363,false
2026 Spring,2026-03-01,NSH,LAX,US Lacrosse Club Network,Youth (U18),3399,1297,false
2026 Spring,2026-03-01,NSH,LAX,US Lacrosse Club Network,Adult (18+),1457,556,false
2026 Spring,2026-03-01,AUS,LAX,US Lacrosse Club Network,Youth (U18),1431,561,false
2026 Spring,2026-03-01,AUS,LAX,US Lacrosse Club Network,Adult (18+),613,240,false
2026 Spring,2026-03-01,RDU,LAX,US Lacrosse Club Network,Youth (U18),2779,992,false
2026 Spring,2026-03-01,RDU,LAX,US Lacrosse Club Network,Adult (18+),1191,425,false
2026 Spring,2026-03-01,CLT,LAX,US Lacrosse Club Network,Youth (U18),2650,843,false
2026 Spring,2026-03-01,CLT,LAX,US Lacrosse Club Network,Adult (18+),1136,361,false
2026 Spring,2026-03-01,SAT,LAX,US Lacrosse Club Network,Youth (U18),1091,320,false
2026 Spring,2026-03-01,SAT,LAX,US Lacrosse Club Network,Adult (18+),467,137,false
2026 Spring,2026-03-01,LAS,LAX,US Lacrosse Club Network,Youth (U18),793,308,false
2026 Spring,2026-03-01,LAS,LAX,US Lacrosse Club Network,Adult (18+),340,132,false
2026 Spring,2026-03-01,CMH,LAX,US Lacrosse Club Network,Youth (U18),1169,351,false
2026 Spring,2026-03-01,CMH,LAX,US Lacrosse Club Network,Adult (18+),501,150,false
2026 Spring,2026-03-01,MCI,LAX,US Lacrosse Club Network,Youth (U18),1227,449,false
2026 Spring,2026-03-01,MCI,LAX,US Lacrosse Club Network,Adult (18+),526,193,false
2026 Spring,2026-03-01,SLC,LAX,US Lacrosse Club Network,Youth (U18),1263,404,false
2026 Spring,2026-03-01,SLC,LAX,US Lacrosse Club Network,Adult (18+),541,173,false
2026 Spring,2026-03-01,JAX,LAX,US Lacrosse Club Network,Youth (U18),1256,414,false
2026 Spring,2026-03-01,JAX,LAX,US Lacrosse Club Network,Adult (18+),538,177,false
2026 Spring,2026-03-01,BOI,LAX,US Lacrosse Club Network,Youth (U18),778,234,false
2026 Spring,2026-03-01,BOI,LAX,US Lacrosse Club Network,Adult (18+),333,100,false
2026 Spring,2026-03-01,NYC,HKY,Amateur Hockey Federation,Youth (U18),3313,914,false
2026 Spring,2026-03-01,NYC,HKY,Amateur Hockey Federation,Adult (18+),2209,610,false
2026 Spring,2026-03-01,LAX,HKY,Amateur Hockey Federation,Youth (U18),906,175,false
2026 Spring,2026-03-01,LAX,HKY,Amateur Hockey Federation,Adult (18+),604,117,false
2026 Spring,2026-03-01,CHI,HKY,Amateur Hockey Federation,Youth (U18),1575,471,false
2026 Spring,2026-03-01,CHI,HKY,Amateur Hockey Federation,Adult (18+),1050,313,false
2026 Spring,2026-03-01,DFW,HKY,Amateur Hockey Federation,Youth (U18),352,56,false
2026 Spring,2026-03-01,DFW,HKY,Amateur Hockey Federation,Adult (18+),235,38,false
2026 Spring,2026-03-01,HOU,HKY,Amateur Hockey Federation,Youth (U18),347,102,false
2026 Spring,2026-03-01,HOU,HKY,Amateur Hockey Federation,Adult (18+),232,69,false
2026 Spring,2026-03-01,WAS,HKY,Amateur Hockey Federation,Youth (U18),1089,353,false
2026 Spring,2026-03-01,WAS,HKY,Amateur Hockey Federation,Adult (18+),726,236,false
2026 Spring,2026-03-01,PHL,HKY,Amateur Hockey Federation,Youth (U18),1040,329,false
2026 Spring,2026-03-01,PHL,HKY,Amateur Hockey Federation,Adult (18+),693,219,false
2026 Spring,2026-03-01,ATL,HKY,Amateur Hockey Federation,Youth (U18),242,80,false
2026 Spring,2026-03-01,ATL,HKY,Amateur Hockey Federation,Adult (18+),161,53,false
2026 Spring,2026-03-01,MIA,HKY,Amateur Hockey Federation,Youth (U18),230,69,false
2026 Spring,2026-03-01,MIA,HKY,Amateur Hockey Federation,Adult (18+),154,46,false
2026 Spring,2026-03-01,PHX,HKY,Amateur Hockey Federation,Youth (U18),233,54,false
2026 Spring,2026-03-01,PHX,HKY,Amateur Hockey Federation,Adult (18+),156,37,false
2026 Spring,2026-03-01,BOS,HKY,Amateur Hockey Federation,Youth (U18),1053,334,false
2026 Spring,2026-03-01,BOS,HKY,Amateur Hockey Federation,Adult (18+),702,222,false
2026 Spring,2026-03-01,SFO,HKY,Amateur Hockey Federation,Youth (U18),337,108,false
2026 Spring,2026-03-01,SFO,HKY,Amateur Hockey Federation,Adult (18+),225,72,false
2026 Spring,2026-03-01,SEA,HKY,Amateur Hockey Federation,Youth (U18),292,67,false
2026 Spring,2026-03-01,SEA,HKY,Amateur Hockey Federation,Adult (18+),195,45,false
2026 Spring,2026-03-01,MSP,HKY,Amateur Hockey Federation,Youth (U18),1086,336,false
2026 Spring,2026-03-01,MSP,HKY,Amateur Hockey Federation,Adult (18+),724,224,false
2026 Spring,2026-03-01,SAN,HKY,Amateur Hockey Federation,Youth (U18),241,59,false
2026 Spring,2026-03-01,SAN,HKY,Amateur Hockey Federation,Adult (18+),160,39,false
2026 Spring,2026-03-01,TPA,HKY,Amateur Hockey Federation,Youth (U18),129,43,false
2026 Spring,2026-03-01,TPA,HKY,Amateur Hockey Federation,Adult (18+),86,28,false
2026 Spring,2026-03-01,DEN,HKY,Amateur Hockey Federation,Youth (U18),319,65,false
2026 Spring,2026-03-01,DEN,HKY,Amateur Hockey Federation,Adult (18+),213,43,false
2026 Spring,2026-03-01,ORL,HKY,Amateur Hockey Federation,Youth (U18),102,24,false
2026 Spring,2026-03-01,ORL,HKY,Amateur Hockey Federation,Adult (18+),68,15,false
2026 Spring,2026-03-01,POR,HKY,Amateur Hockey Federation,Youth (U18),167,48,false
2026 Spring,2026-03-01,POR,HKY,Amateur Hockey Federation,Adult (18+),111,32,false
2026 Spring,2026-03-01,DET,HKY,Amateur Hockey Federation,Youth (U18),976,216,false
2026 Spring,2026-03-01,DET,HKY,Amateur Hockey Federation,Adult (18+),650,144,false
2026 Spring,2026-03-01,NSH,HKY,Amateur Hockey Federation,Youth (U18),117,39,false
2026 Spring,2026-03-01,NSH,HKY,Amateur Hockey Federation,Adult (18+),78,26,false
2026 Spring,2026-03-01,AUS,HKY,Amateur Hockey Federation,Youth (U18),152,50,false
2026 Spring,2026-03-01,AUS,HKY,Amateur Hockey Federation,Adult (18+),101,33,false
2026 Spring,2026-03-01,RDU,HKY,Amateur Hockey Federation,Youth (U18),77,28,false
2026 Spring,2026-03-01,RDU,HKY,Amateur Hockey Federation,Adult (18+),52,20,false
2026 Spring,2026-03-01,CLT,HKY,Amateur Hockey Federation,Youth (U18),104,23,false
2026 Spring,2026-03-01,CLT,HKY,Amateur Hockey Federation,Adult (18+),69,15,false
2026 Spring,2026-03-01,SAT,HKY,Amateur Hockey Federation,Youth (U18),116,22,false
2026 Spring,2026-03-01,SAT,HKY,Amateur Hockey Federation,Adult (18+),78,16,false
2026 Spring,2026-03-01,LAS,HKY,Amateur Hockey Federation,Youth (U18),103,29,false
2026 Spring,2026-03-01,LAS,HKY,Amateur Hockey Federation,Adult (18+),69,20,false
2026 Spring,2026-03-01,CMH,HKY,Amateur Hockey Federation,Youth (U18),389,104,false
2026 Spring,2026-03-01,CMH,HKY,Amateur Hockey Federation,Adult (18+),259,69,false
2026 Spring,2026-03-01,MCI,HKY,Amateur Hockey Federation,Youth (U18),378,95,false
2026 Spring,2026-03-01,MCI,HKY,Amateur Hockey Federation,Adult (18+),252,63,false
2026 Spring,2026-03-01,SLC,HKY,Amateur Hockey Federation,Youth (U18),173,64,false
2026 Spring,2026-03-01,SLC,HKY,Amateur Hockey Federation,Adult (18+),116,43,false
2026 Spring,2026-03-01,JAX,HKY,Amateur Hockey Federation,Youth (U18),57,9,false
2026 Spring,2026-03-01,JAX,HKY,Amateur Hockey Federation,Adult (18+),38,6,false
2026 Spring,2026-03-01,BOI,HKY,Amateur Hockey Federation,Youth (U18),97,26,false
2026 Spring,2026-03-01,BOI,HKY,Amateur Hockey Federation,Adult (18+),65,17,false
2026 Spring,2026-03-01,NYC,VOL,National Volleyball Clubs Association,Youth (U18),15653,4437,false
2026 Spring,2026-03-01,NYC,VOL,National Volleyball Clubs Association,Adult (18+),12807,3630,false
2026 Spring,2026-03-01,LAX,VOL,National Volleyball Clubs Association,Youth (U18),12280,4460,false
2026 Spring,2026-03-01,LAX,VOL,National Volleyball Clubs Association,Adult (18+),10047,3649,false
2026 Spring,2026-03-01,CHI,VOL,National Volleyball Clubs Association,Youth (U18),8590,2762,false
2026 Spring,2026-03-01,CHI,VOL,National Volleyball Clubs Association,Adult (18+),7029,2260,false
2026 Spring,2026-03-01,DFW,VOL,National Volleyball Clubs Association,Youth (U18),8945,3029,false
2026 Spring,2026-03-01,DFW,VOL,National Volleyball Clubs Association,Adult (18+),7318,2478,false
2026 Spring,2026-03-01,HOU,VOL,National Volleyball Clubs Association,Youth (U18),7688,2505,false
2026 Spring,2026-03-01,HOU,VOL,National Volleyball Clubs Association,Adult (18+),6290,2050,false
2026 Spring,2026-03-01,WAS,VOL,National Volleyball Clubs Association,Youth (U18),5763,2448,false
2026 Spring,2026-03-01,WAS,VOL,National Volleyball Clubs Association,Adult (18+),4715,2003,false
2026 Spring,2026-03-01,PHL,VOL,National Volleyball Clubs Association,Youth (U18),6018,2681,false
2026 Spring,2026-03-01,PHL,VOL,National Volleyball Clubs Association,Adult (18+),4924,2193,false
2026 Spring,2026-03-01,ATL,VOL,National Volleyball Clubs Association,Youth (U18),5797,2230,false
2026 Spring,2026-03-01,ATL,VOL,National Volleyball Clubs Association,Adult (18+),4743,1825,false
2026 Spring,2026-03-01,MIA,VOL,National Volleyball Clubs Association,Youth (U18),5182,1673,false
2026 Spring,2026-03-01,MIA,VOL,National Volleyball Clubs Association,Adult (18+),4240,1369,false
2026 Spring,2026-03-01,PHX,VOL,National Volleyball Clubs Association,Youth (U18),4524,1452,false
2026 Spring,2026-03-01,PHX,VOL,National Volleyball Clubs Association,Adult (18+),3702,1188,false
2026 Spring,2026-03-01,BOS,VOL,National Volleyball Clubs Association,Youth (U18),4407,1993,false
2026 Spring,2026-03-01,BOS,VOL,National Volleyball Clubs Association,Adult (18+),3605,1630,false
2026 Spring,2026-03-01,SFO,VOL,National Volleyball Clubs Association,Youth (U18),4406,1751,false
2026 Spring,2026-03-01,SFO,VOL,National Volleyball Clubs Association,Adult (18+),3605,1433,false
2026 Spring,2026-03-01,SEA,VOL,National Volleyball Clubs Association,Youth (U18),3987,1439,false
2026 Spring,2026-03-01,SEA,VOL,National Volleyball Clubs Association,Adult (18+),3262,1177,false
2026 Spring,2026-03-01,MSP,VOL,National Volleyball Clubs Association,Youth (U18),3466,949,false
2026 Spring,2026-03-01,MSP,VOL,National Volleyball Clubs Association,Adult (18+),2836,777,false
2026 Spring,2026-03-01,SAN,VOL,National Volleyball Clubs Association,Youth (U18),2984,1102,false
2026 Spring,2026-03-01,SAN,VOL,National Volleyball Clubs Association,Adult (18+),2441,902,false
2026 Spring,2026-03-01,TPA,VOL,National Volleyball Clubs Association,Youth (U18),3258,1395,false
2026 Spring,2026-03-01,TPA,VOL,National Volleyball Clubs Association,Adult (18+),2666,1142,false
2026 Spring,2026-03-01,DEN,VOL,National Volleyball Clubs Association,Youth (U18),2667,866,false
2026 Spring,2026-03-01,DEN,VOL,National Volleyball Clubs Association,Adult (18+),2182,708,false
2026 Spring,2026-03-01,ORL,VOL,National Volleyball Clubs Association,Youth (U18),2485,951,false
2026 Spring,2026-03-01,ORL,VOL,National Volleyball Clubs Association,Adult (18+),2033,779,false
2026 Spring,2026-03-01,POR,VOL,National Volleyball Clubs Association,Youth (U18),2329,805,false
2026 Spring,2026-03-01,POR,VOL,National Volleyball Clubs Association,Adult (18+),1906,660,false
2026 Spring,2026-03-01,DET,VOL,National Volleyball Clubs Association,Youth (U18),4343,1567,false
2026 Spring,2026-03-01,DET,VOL,National Volleyball Clubs Association,Adult (18+),3553,1282,false
2026 Spring,2026-03-01,NSH,VOL,National Volleyball Clubs Association,Youth (U18),2891,1396,false
2026 Spring,2026-03-01,NSH,VOL,National Volleyball Clubs Association,Adult (18+),2365,1142,false
2026 Spring,2026-03-01,AUS,VOL,National Volleyball Clubs Association,Youth (U18),3716,1607,false
2026 Spring,2026-03-01,AUS,VOL,National Volleyball Clubs Association,Adult (18+),3040,1315,false
2026 Spring,2026-03-01,RDU,VOL,National Volleyball Clubs Association,Youth (U18),1801,809,false
2026 Spring,2026-03-01,RDU,VOL,National Volleyball Clubs Association,Adult (18+),1474,663,false
2026 Spring,2026-03-01,CLT,VOL,National Volleyball Clubs Association,Youth (U18),2513,974,false
2026 Spring,2026-03-01,CLT,VOL,National Volleyball Clubs Association,Adult (18+),2056,796,false
2026 Spring,2026-03-01,SAT,VOL,National Volleyball Clubs Association,Youth (U18),2581,714,false
2026 Spring,2026-03-01,SAT,VOL,National Volleyball Clubs Association,Adult (18+),2112,584,false
2026 Spring,2026-03-01,LAS,VOL,National Volleyball Clubs Association,Youth (U18),1930,682,false
2026 Spring,2026-03-01,LAS,VOL,National Volleyball Clubs Association,Adult (18+),1579,558,false
2026 Spring,2026-03-01,CMH,VOL,National Volleyball Clubs Association,Youth (U18),2105,701,false
2026 Spring,2026-03-01,CMH,VOL,National Volleyball Clubs Association,Adult (18+),1722,573,false
2026 Spring,2026-03-01,MCI,VOL,National Volleyball Clubs Association,Youth (U18),2204,836,false
2026 Spring,2026-03-01,MCI,VOL,National Volleyball Clubs Association,Adult (18+),1804,685,false
2026 Spring,2026-03-01,SLC,VOL,National Volleyball Clubs Association,Youth (U18),1220,452,false
2026 Spring,2026-03-01,SLC,VOL,National Volleyball Clubs Association,Adult (18+),998,369,false
2026 Spring,2026-03-01,JAX,VOL,National Volleyball Clubs Association,Youth (U18),1424,456,false
2026 Spring,2026-03-01,JAX,VOL,National Volleyball Clubs Association,Adult (18+),1165,372,false
2026 Spring,2026-03-01,BOI,VOL,National Volleyball Clubs Association,Youth (U18),767,254,false
2026 Spring,2026-03-01,BOI,VOL,National Volleyball Clubs Association,Adult (18+),627,207,false
2026 Fall,2026-09-01,NYC,SOC,National Youth & Adult Soccer Alliance,Youth (U18),57345,15218,true
2026 Fall,2026-09-01,NYC,SOC,National Youth & Adult Soccer Alliance,Adult (18+),19115,5073,true
2026 Fall,2026-09-01,LAX,SOC,National Youth & Adult Soccer Alliance,Youth (U18),39542,14081,true
2026 Fall,2026-09-01,LAX,SOC,National Youth & Adult Soccer Alliance,Adult (18+),13181,4694,true
2026 Fall,2026-09-01,CHI,SOC,National Youth & Adult Soccer Alliance,Youth (U18),26289,8398,true
2026 Fall,2026-09-01,CHI,SOC,National Youth & Adult Soccer Alliance,Adult (18+),8763,2799,true
2026 Fall,2026-09-01,DFW,SOC,National Youth & Adult Soccer Alliance,Youth (U18),25061,6393,true
2026 Fall,2026-09-01,DFW,SOC,National Youth & Adult Soccer Alliance,Adult (18+),8354,2131,true
2026 Fall,2026-09-01,HOU,SOC,National Youth & Adult Soccer Alliance,Youth (U18),23512,7481,true
2026 Fall,2026-09-01,HOU,SOC,National Youth & Adult Soccer Alliance,Adult (18+),7837,2493,true
2026 Fall,2026-09-01,WAS,SOC,National Youth & Adult Soccer Alliance,Youth (U18),17718,4079,true
2026 Fall,2026-09-01,WAS,SOC,National Youth & Adult Soccer Alliance,Adult (18+),5906,1360,true
2026 Fall,2026-09-01,PHL,SOC,National Youth & Adult Soccer Alliance,Youth (U18),19959,7514,true
2026 Fall,2026-09-01,PHL,SOC,National Youth & Adult Soccer Alliance,Adult (18+),6653,2504,true
2026 Fall,2026-09-01,ATL,SOC,National Youth & Adult Soccer Alliance,Youth (U18),21208,7331,true
2026 Fall,2026-09-01,ATL,SOC,National Youth & Adult Soccer Alliance,Adult (18+),7069,2444,true
2026 Fall,2026-09-01,MIA,SOC,National Youth & Adult Soccer Alliance,Youth (U18),17230,4249,true
2026 Fall,2026-09-01,MIA,SOC,National Youth & Adult Soccer Alliance,Adult (18+),5743,1416,true
2026 Fall,2026-09-01,PHX,SOC,National Youth & Adult Soccer Alliance,Youth (U18),18288,6382,true
2026 Fall,2026-09-01,PHX,SOC,National Youth & Adult Soccer Alliance,Adult (18+),6096,2127,true
2026 Fall,2026-09-01,BOS,SOC,National Youth & Adult Soccer Alliance,Youth (U18),14383,4724,true
2026 Fall,2026-09-01,BOS,SOC,National Youth & Adult Soccer Alliance,Adult (18+),4794,1574,true
2026 Fall,2026-09-01,SFO,SOC,National Youth & Adult Soccer Alliance,Youth (U18),13929,5269,true
2026 Fall,2026-09-01,SFO,SOC,National Youth & Adult Soccer Alliance,Adult (18+),4643,1757,true
2026 Fall,2026-09-01,SEA,SOC,National Youth & Adult Soccer Alliance,Youth (U18),12472,3476,true
2026 Fall,2026-09-01,SEA,SOC,National Youth & Adult Soccer Alliance,Adult (18+),4157,1158,true
2026 Fall,2026-09-01,MSP,SOC,National Youth & Adult Soccer Alliance,Youth (U18),11226,3516,true
2026 Fall,2026-09-01,MSP,SOC,National Youth & Adult Soccer Alliance,Adult (18+),3742,1172,true
2026 Fall,2026-09-01,SAN,SOC,National Youth & Adult Soccer Alliance,Youth (U18),9815,3127,true
2026 Fall,2026-09-01,SAN,SOC,National Youth & Adult Soccer Alliance,Adult (18+),3272,1043,true
2026 Fall,2026-09-01,TPA,SOC,National Youth & Adult Soccer Alliance,Youth (U18),11892,3934,true
2026 Fall,2026-09-01,TPA,SOC,National Youth & Adult Soccer Alliance,Adult (18+),3964,1312,true
2026 Fall,2026-09-01,DEN,SOC,National Youth & Adult Soccer Alliance,Youth (U18),10229,3218,true
2026 Fall,2026-09-01,DEN,SOC,National Youth & Adult Soccer Alliance,Adult (18+),3410,1073,true
2026 Fall,2026-09-01,ORL,SOC,National Youth & Adult Soccer Alliance,Youth (U18),8889,2762,true
2026 Fall,2026-09-01,ORL,SOC,National Youth & Adult Soccer Alliance,Adult (18+),2963,920,true
2026 Fall,2026-09-01,POR,SOC,National Youth & Adult Soccer Alliance,Youth (U18),7385,1840,true
2026 Fall,2026-09-01,POR,SOC,National Youth & Adult Soccer Alliance,Adult (18+),2462,614,true
2026 Fall,2026-09-01,DET,SOC,National Youth & Adult Soccer Alliance,Youth (U18),11032,2616,true
2026 Fall,2026-09-01,DET,SOC,National Youth & Adult Soccer Alliance,Adult (18+),3677,872,true
2026 Fall,2026-09-01,NSH,SOC,National Youth & Adult Soccer Alliance,Youth (U18),9665,3236,true
2026 Fall,2026-09-01,NSH,SOC,National Youth & Adult Soccer Alliance,Adult (18+),3222,1079,true
2026 Fall,2026-09-01,AUS,SOC,National Youth & Adult Soccer Alliance,Youth (U18),10734,3767,true
2026 Fall,2026-09-01,AUS,SOC,National Youth & Adult Soccer Alliance,Adult (18+),3578,1255,true
2026 Fall,2026-09-01,RDU,SOC,National Youth & Adult Soccer Alliance,Youth (U18),6728,2204,true
2026 Fall,2026-09-01,RDU,SOC,National Youth & Adult Soccer Alliance,Adult (18+),2243,735,true
2026 Fall,2026-09-01,CLT,SOC,National Youth & Adult Soccer Alliance,Youth (U18),8509,2352,true
2026 Fall,2026-09-01,CLT,SOC,National Youth & Adult Soccer Alliance,Adult (18+),2836,784,true
2026 Fall,2026-09-01,SAT,SOC,National Youth & Adult Soccer Alliance,Youth (U18),8938,2903,true
2026 Fall,2026-09-01,SAT,SOC,National Youth & Adult Soccer Alliance,Adult (18+),2979,967,true
2026 Fall,2026-09-01,LAS,SOC,National Youth & Adult Soccer Alliance,Youth (U18),6870,2281,true
2026 Fall,2026-09-01,LAS,SOC,National Youth & Adult Soccer Alliance,Adult (18+),2290,761,true
2026 Fall,2026-09-01,CMH,SOC,National Youth & Adult Soccer Alliance,Youth (U18),7535,3321,true
2026 Fall,2026-09-01,CMH,SOC,National Youth & Adult Soccer Alliance,Adult (18+),2512,1107,true
2026 Fall,2026-09-01,MCI,SOC,National Youth & Adult Soccer Alliance,Youth (U18),6153,1685,true
2026 Fall,2026-09-01,MCI,SOC,National Youth & Adult Soccer Alliance,Adult (18+),2051,562,true
2026 Fall,2026-09-01,SLC,SOC,National Youth & Adult Soccer Alliance,Youth (U18),4765,1871,true
2026 Fall,2026-09-01,SLC,SOC,National Youth & Adult Soccer Alliance,Adult (18+),1588,623,true
2026 Fall,2026-09-01,JAX,SOC,National Youth & Adult Soccer Alliance,Youth (U18),5512,1780,true
2026 Fall,2026-09-01,JAX,SOC,National Youth & Adult Soccer Alliance,Adult (18+),1837,593,true
2026 Fall,2026-09-01,BOI,SOC,National Youth & Adult Soccer Alliance,Youth (U18),3209,1283,true
2026 Fall,2026-09-01,BOI,SOC,National Youth & Adult Soccer Alliance,Adult (18+),1070,428,true
2026 Fall,2026-09-01,NYC,BSK,Hoops America Rec Network,Youth (U18),79207,23778,true
2026 Fall,2026-09-01,NYC,BSK,Hoops America Rec Network,Adult (18+),52805,15852,true
2026 Fall,2026-09-01,LAX,BSK,Hoops America Rec Network,Youth (U18),51610,17866,true
2026 Fall,2026-09-01,LAX,BSK,Hoops America Rec Network,Adult (18+),34407,11911,true
2026 Fall,2026-09-01,CHI,BSK,Hoops America Rec Network,Youth (U18),36386,10777,true
2026 Fall,2026-09-01,CHI,BSK,Hoops America Rec Network,Adult (18+),24258,7185,true
2026 Fall,2026-09-01,DFW,BSK,Hoops America Rec Network,Youth (U18),33519,8461,true
2026 Fall,2026-09-01,DFW,BSK,Hoops America Rec Network,Adult (18+),22346,5641,true
2026 Fall,2026-09-01,HOU,BSK,Hoops America Rec Network,Youth (U18),32629,9877,true
2026 Fall,2026-09-01,HOU,BSK,Hoops America Rec Network,Adult (18+),21752,6584,true
2026 Fall,2026-09-01,WAS,BSK,Hoops America Rec Network,Youth (U18),25555,8147,true
2026 Fall,2026-09-01,WAS,BSK,Hoops America Rec Network,Adult (18+),17037,5431,true
2026 Fall,2026-09-01,PHL,BSK,Hoops America Rec Network,Youth (U18),25048,8146,true
2026 Fall,2026-09-01,PHL,BSK,Hoops America Rec Network,Adult (18+),16699,5431,true
2026 Fall,2026-09-01,ATL,BSK,Hoops America Rec Network,Youth (U18),27356,7598,true
2026 Fall,2026-09-01,ATL,BSK,Hoops America Rec Network,Adult (18+),18237,5065,true
2026 Fall,2026-09-01,MIA,BSK,Hoops America Rec Network,Youth (U18),25072,7314,true
2026 Fall,2026-09-01,MIA,BSK,Hoops America Rec Network,Adult (18+),16715,4877,true
2026 Fall,2026-09-01,PHX,BSK,Hoops America Rec Network,Youth (U18),23054,6363,true
2026 Fall,2026-09-01,PHX,BSK,Hoops America Rec Network,Adult (18+),15369,4241,true
2026 Fall,2026-09-01,BOS,BSK,Hoops America Rec Network,Youth (U18),19895,4974,true
2026 Fall,2026-09-01,BOS,BSK,Hoops America Rec Network,Adult (18+),13264,3316,true
2026 Fall,2026-09-01,SFO,BSK,Hoops America Rec Network,Youth (U18),18089,4242,true
2026 Fall,2026-09-01,SFO,BSK,Hoops America Rec Network,Adult (18+),12059,2828,true
2026 Fall,2026-09-01,SEA,BSK,Hoops America Rec Network,Youth (U18),17090,6152,true
2026 Fall,2026-09-01,SEA,BSK,Hoops America Rec Network,Adult (18+),11393,4102,true
2026 Fall,2026-09-01,MSP,BSK,Hoops America Rec Network,Youth (U18),16143,5596,true
2026 Fall,2026-09-01,MSP,BSK,Hoops America Rec Network,Adult (18+),10762,3730,true
2026 Fall,2026-09-01,SAN,BSK,Hoops America Rec Network,Youth (U18),13525,3808,true
2026 Fall,2026-09-01,SAN,BSK,Hoops America Rec Network,Adult (18+),9017,2539,true
2026 Fall,2026-09-01,TPA,BSK,Hoops America Rec Network,Youth (U18),14680,5424,true
2026 Fall,2026-09-01,TPA,BSK,Hoops America Rec Network,Adult (18+),9786,3616,true
2026 Fall,2026-09-01,DEN,BSK,Hoops America Rec Network,Youth (U18),14240,5770,true
2026 Fall,2026-09-01,DEN,BSK,Hoops America Rec Network,Adult (18+),9493,3847,true
2026 Fall,2026-09-01,ORL,BSK,Hoops America Rec Network,Youth (U18),12611,3457,true
2026 Fall,2026-09-01,ORL,BSK,Hoops America Rec Network,Adult (18+),8408,2305,true
2026 Fall,2026-09-01,POR,BSK,Hoops America Rec Network,Youth (U18),9677,2905,true
2026 Fall,2026-09-01,POR,BSK,Hoops America Rec Network,Adult (18+),6451,1937,true
2026 Fall,2026-09-01,DET,BSK,Hoops America Rec Network,Youth (U18),17057,3563,true
2026 Fall,2026-09-01,DET,BSK,Hoops America Rec Network,Adult (18+),11371,2375,true
2026 Fall,2026-09-01,NSH,BSK,Hoops America Rec Network,Youth (U18),13581,5457,true
2026 Fall,2026-09-01,NSH,BSK,Hoops America Rec Network,Adult (18+),9054,3637,true
2026 Fall,2026-09-01,AUS,BSK,Hoops America Rec Network,Youth (U18),15263,5417,true
2026 Fall,2026-09-01,AUS,BSK,Hoops America Rec Network,Adult (18+),10175,3611,true
2026 Fall,2026-09-01,RDU,BSK,Hoops America Rec Network,Youth (U18),8698,2761,true
2026 Fall,2026-09-01,RDU,BSK,Hoops America Rec Network,Adult (18+),5798,1839,true
2026 Fall,2026-09-01,CLT,BSK,Hoops America Rec Network,Youth (U18),12485,3697,true
2026 Fall,2026-09-01,CLT,BSK,Hoops America Rec Network,Adult (18+),8323,2464,true
2026 Fall,2026-09-01,SAT,BSK,Hoops America Rec Network,Youth (U18),11496,3414,true
2026 Fall,2026-09-01,SAT,BSK,Hoops America Rec Network,Adult (18+),7664,2276,true
2026 Fall,2026-09-01,LAS,BSK,Hoops America Rec Network,Youth (U18),9651,3321,true
2026 Fall,2026-09-01,LAS,BSK,Hoops America Rec Network,Adult (18+),6434,2214,true
2026 Fall,2026-09-01,CMH,BSK,Hoops America Rec Network,Youth (U18),9713,3087,true
2026 Fall,2026-09-01,CMH,BSK,Hoops America Rec Network,Adult (18+),6476,2059,true
2026 Fall,2026-09-01,MCI,BSK,Hoops America Rec Network,Youth (U18),8324,1842,true
2026 Fall,2026-09-01,MCI,BSK,Hoops America Rec Network,Adult (18+),5549,1228,true
2026 Fall,2026-09-01,SLC,BSK,Hoops America Rec Network,Youth (U18),6127,2184,true
2026 Fall,2026-09-01,SLC,BSK,Hoops America Rec Network,Adult (18+),4085,1456,true
2026 Fall,2026-09-01,JAX,BSK,Hoops America Rec Network,Youth (U18),7617,2672,true
2026 Fall,2026-09-01,JAX,BSK,Hoops America Rec Network,Adult (18+),5078,1782,true
2026 Fall,2026-09-01,BOI,BSK,Hoops America Rec Network,Youth (U18),3911,1127,true
2026 Fall,2026-09-01,BOI,BSK,Hoops America Rec Network,Adult (18+),2607,752,true
2026 Fall,2026-09-01,NYC,BSB,Diamond Youth Baseball Federation,Youth (U18),9753,2490,true
2026 Fall,2026-09-01,NYC,BSB,Diamond Youth Baseball Federation,Adult (18+),4180,1067,true
2026 Fall,2026-09-01,LAX,BSB,Diamond Youth Baseball Federation,Youth (U18),6215,1765,true
2026 Fall,2026-09-01,LAX,BSB,Diamond Youth Baseball Federation,Adult (18+),2663,756,true
2026 Fall,2026-09-01,CHI,BSB,Diamond Youth Baseball Federation,Youth (U18),4256,1149,true
2026 Fall,2026-09-01,CHI,BSB,Diamond Youth Baseball Federation,Adult (18+),1824,493,true
2026 Fall,2026-09-01,DFW,BSB,Diamond Youth Baseball Federation,Youth (U18),5555,1174,true
2026 Fall,2026-09-01,DFW,BSB,Diamond Youth Baseball Federation,Adult (18+),2381,503,true
2026 Fall,2026-09-01,HOU,BSB,Diamond Youth Baseball Federation,Youth (U18),4816,1206,true
2026 Fall,2026-09-01,HOU,BSB,Diamond Youth Baseball Federation,Adult (18+),2064,517,true
2026 Fall,2026-09-01,WAS,BSB,Diamond Youth Baseball Federation,Youth (U18),3007,720,true
2026 Fall,2026-09-01,WAS,BSB,Diamond Youth Baseball Federation,Adult (18+),1289,309,true
2026 Fall,2026-09-01,PHL,BSB,Diamond Youth Baseball Federation,Youth (U18),3266,1033,true
2026 Fall,2026-09-01,PHL,BSB,Diamond Youth Baseball Federation,Adult (18+),1400,443,true
2026 Fall,2026-09-01,ATL,BSB,Diamond Youth Baseball Federation,Youth (U18),4564,1463,true
2026 Fall,2026-09-01,ATL,BSB,Diamond Youth Baseball Federation,Adult (18+),1956,627,true
2026 Fall,2026-09-01,MIA,BSB,Diamond Youth Baseball Federation,Youth (U18),4205,1330,true
2026 Fall,2026-09-01,MIA,BSB,Diamond Youth Baseball Federation,Adult (18+),1802,570,true
2026 Fall,2026-09-01,PHX,BSB,Diamond Youth Baseball Federation,Youth (U18),3163,692,true
2026 Fall,2026-09-01,PHX,BSB,Diamond Youth Baseball Federation,Adult (18+),1355,296,true
2026 Fall,2026-09-01,BOS,BSB,Diamond Youth Baseball Federation,Youth (U18),2318,506,true
2026 Fall,2026-09-01,BOS,BSB,Diamond Youth Baseball Federation,Adult (18+),993,217,true
2026 Fall,2026-09-01,SFO,BSB,Diamond Youth Baseball Federation,Youth (U18),2462,735,true
2026 Fall,2026-09-01,SFO,BSB,Diamond Youth Baseball Federation,Adult (18+),1055,315,true
2026 Fall,2026-09-01,SEA,BSB,Diamond Youth Baseball Federation,Youth (U18),2019,632,true
2026 Fall,2026-09-01,SEA,BSB,Diamond Youth Baseball Federation,Adult (18+),865,270,true
2026 Fall,2026-09-01,MSP,BSB,Diamond Youth Baseball Federation,Youth (U18),1843,471,true
2026 Fall,2026-09-01,MSP,BSB,Diamond Youth Baseball Federation,Adult (18+),790,202,true
2026 Fall,2026-09-01,SAN,BSB,Diamond Youth Baseball Federation,Youth (U18),1612,474,true
2026 Fall,2026-09-01,SAN,BSB,Diamond Youth Baseball Federation,Adult (18+),691,203,true
2026 Fall,2026-09-01,TPA,BSB,Diamond Youth Baseball Federation,Youth (U18),2297,544,true
2026 Fall,2026-09-01,TPA,BSB,Diamond Youth Baseball Federation,Adult (18+),984,232,true
2026 Fall,2026-09-01,DEN,BSB,Diamond Youth Baseball Federation,Youth (U18),1610,486,true
2026 Fall,2026-09-01,DEN,BSB,Diamond Youth Baseball Federation,Adult (18+),690,208,true
2026 Fall,2026-09-01,ORL,BSB,Diamond Youth Baseball Federation,Youth (U18),2004,647,true
2026 Fall,2026-09-01,ORL,BSB,Diamond Youth Baseball Federation,Adult (18+),859,277,true
2026 Fall,2026-09-01,POR,BSB,Diamond Youth Baseball Federation,Youth (U18),1219,341,true
2026 Fall,2026-09-01,POR,BSB,Diamond Youth Baseball Federation,Adult (18+),522,145,true
2026 Fall,2026-09-01,DET,BSB,Diamond Youth Baseball Federation,Youth (U18),2198,677,true
2026 Fall,2026-09-01,DET,BSB,Diamond Youth Baseball Federation,Adult (18+),942,290,true
2026 Fall,2026-09-01,NSH,BSB,Diamond Youth Baseball Federation,Youth (U18),2168,767,true
2026 Fall,2026-09-01,NSH,BSB,Diamond Youth Baseball Federation,Adult (18+),929,329,true
2026 Fall,2026-09-01,AUS,BSB,Diamond Youth Baseball Federation,Youth (U18),2237,527,true
2026 Fall,2026-09-01,AUS,BSB,Diamond Youth Baseball Federation,Adult (18+),959,226,true
2026 Fall,2026-09-01,RDU,BSB,Diamond Youth Baseball Federation,Youth (U18),1467,456,true
2026 Fall,2026-09-01,RDU,BSB,Diamond Youth Baseball Federation,Adult (18+),629,196,true
2026 Fall,2026-09-01,CLT,BSB,Diamond Youth Baseball Federation,Youth (U18),1758,383,true
2026 Fall,2026-09-01,CLT,BSB,Diamond Youth Baseball Federation,Adult (18+),753,163,true
2026 Fall,2026-09-01,SAT,BSB,Diamond Youth Baseball Federation,Youth (U18),1690,598,true
2026 Fall,2026-09-01,SAT,BSB,Diamond Youth Baseball Federation,Adult (18+),724,256,true
2026 Fall,2026-09-01,LAS,BSB,Diamond Youth Baseball Federation,Youth (U18),1417,434,true
2026 Fall,2026-09-01,LAS,BSB,Diamond Youth Baseball Federation,Adult (18+),607,186,true
2026 Fall,2026-09-01,CMH,BSB,Diamond Youth Baseball Federation,Youth (U18),1195,320,true
2026 Fall,2026-09-01,CMH,BSB,Diamond Youth Baseball Federation,Adult (18+),512,137,true
2026 Fall,2026-09-01,MCI,BSB,Diamond Youth Baseball Federation,Youth (U18),1121,332,true
2026 Fall,2026-09-01,MCI,BSB,Diamond Youth Baseball Federation,Adult (18+),480,142,true
2026 Fall,2026-09-01,SLC,BSB,Diamond Youth Baseball Federation,Youth (U18),728,207,true
2026 Fall,2026-09-01,SLC,BSB,Diamond Youth Baseball Federation,Adult (18+),312,89,true
2026 Fall,2026-09-01,JAX,BSB,Diamond Youth Baseball Federation,Youth (U18),1270,358,true
2026 Fall,2026-09-01,JAX,BSB,Diamond Youth Baseball Federation,Adult (18+),544,153,true
2026 Fall,2026-09-01,BOI,BSB,Diamond Youth Baseball Federation,Youth (U18),470,144,true
2026 Fall,2026-09-01,BOI,BSB,Diamond Youth Baseball Federation,Adult (18+),201,61,true
2026 Fall,2026-09-01,NYC,FTB,Gridiron Youth League Association,Youth (U18),30967,8628,true
2026 Fall,2026-09-01,NYC,FTB,Gridiron Youth League Association,Adult (18+),7742,2157,true
2026 Fall,2026-09-01,LAX,FTB,Gridiron Youth League Association,Youth (U18),19220,5329,true
2026 Fall,2026-09-01,LAX,FTB,Gridiron Youth League Association,Adult (18+),4805,1332,true
2026 Fall,2026-09-01,CHI,FTB,Gridiron Youth League Association,Youth (U18),13217,2894,true
2026 Fall,2026-09-01,CHI,FTB,Gridiron Youth League Association,Adult (18+),3304,724,true
2026 Fall,2026-09-01,DFW,FTB,Gridiron Youth League Association,Youth (U18),20536,5638,true
2026 Fall,2026-09-01,DFW,FTB,Gridiron Youth League Association,Adult (18+),5134,1409,true
2026 Fall,2026-09-01,HOU,FTB,Gridiron Youth League Association,Youth (U18),19604,6251,true
2026 Fall,2026-09-01,HOU,FTB,Gridiron Youth League Association,Adult (18+),4901,1563,true
2026 Fall,2026-09-01,WAS,FTB,Gridiron Youth League Association,Youth (U18),9929,3144,true
2026 Fall,2026-09-01,WAS,FTB,Gridiron Youth League Association,Adult (18+),2482,786,true
2026 Fall,2026-09-01,PHL,FTB,Gridiron Youth League Association,Youth (U18),10377,2722,true
2026 Fall,2026-09-01,PHL,FTB,Gridiron Youth League Association,Adult (18+),2594,680,true
2026 Fall,2026-09-01,ATL,FTB,Gridiron Youth League Association,Youth (U18),15128,4115,true
2026 Fall,2026-09-01,ATL,FTB,Gridiron Youth League Association,Adult (18+),3782,1029,true
2026 Fall,2026-09-01,MIA,FTB,Gridiron Youth League Association,Youth (U18),13052,3355,true
2026 Fall,2026-09-01,MIA,FTB,Gridiron Youth League Association,Adult (18+),3263,839,true
2026 Fall,2026-09-01,PHX,FTB,Gridiron Youth League Association,Youth (U18),8667,2179,true
2026 Fall,2026-09-01,PHX,FTB,Gridiron Youth League Association,Adult (18+),2167,545,true
2026 Fall,2026-09-01,BOS,FTB,Gridiron Youth League Association,Youth (U18),7525,1625,true
2026 Fall,2026-09-01,BOS,FTB,Gridiron Youth League Association,Adult (18+),1881,406,true
2026 Fall,2026-09-01,SFO,FTB,Gridiron Youth League Association,Youth (U18),7134,1500,true
2026 Fall,2026-09-01,SFO,FTB,Gridiron Youth League Association,Adult (18+),1784,376,true
2026 Fall,2026-09-01,SEA,FTB,Gridiron Youth League Association,Youth (U18),6968,2403,true
2026 Fall,2026-09-01,SEA,FTB,Gridiron Youth League Association,Adult (18+),1742,601,true
2026 Fall,2026-09-01,MSP,FTB,Gridiron Youth League Association,Youth (U18),5995,1773,true
2026 Fall,2026-09-01,MSP,FTB,Gridiron Youth League Association,Adult (18+),1499,443,true
2026 Fall,2026-09-01,SAN,FTB,Gridiron Youth League Association,Youth (U18),5109,1395,true
2026 Fall,2026-09-01,SAN,FTB,Gridiron Youth League Association,Adult (18+),1277,348,true
2026 Fall,2026-09-01,TPA,FTB,Gridiron Youth League Association,Youth (U18),8129,1906,true
2026 Fall,2026-09-01,TPA,FTB,Gridiron Youth League Association,Adult (18+),2032,476,true
2026 Fall,2026-09-01,DEN,FTB,Gridiron Youth League Association,Youth (U18),5074,1431,true
2026 Fall,2026-09-01,DEN,FTB,Gridiron Youth League Association,Adult (18+),1268,357,true
2026 Fall,2026-09-01,ORL,FTB,Gridiron Youth League Association,Youth (U18),6208,1168,true
2026 Fall,2026-09-01,ORL,FTB,Gridiron Youth League Association,Adult (18+),1552,292,true
2026 Fall,2026-09-01,POR,FTB,Gridiron Youth League Association,Youth (U18),4069,1276,true
2026 Fall,2026-09-01,POR,FTB,Gridiron Youth League Association,Adult (18+),1017,319,true
2026 Fall,2026-09-01,DET,FTB,Gridiron Youth League Association,Youth (U18),7031,2057,true
2026 Fall,2026-09-01,DET,FTB,Gridiron Youth League Association,Adult (18+),1758,515,true
2026 Fall,2026-09-01,NSH,FTB,Gridiron Youth League Association,Youth (U18),7562,2341,true
2026 Fall,2026-09-01,NSH,FTB,Gridiron Youth League Association,Adult (18+),1890,585,true
2026 Fall,2026-09-01,AUS,FTB,Gridiron Youth League Association,Youth (U18),7985,2339,true
2026 Fall,2026-09-01,AUS,FTB,Gridiron Youth League Association,Adult (18+),1996,584,true
2026 Fall,2026-09-01,RDU,FTB,Gridiron Youth League Association,Youth (U18),5138,1759,true
2026 Fall,2026-09-01,RDU,FTB,Gridiron Youth League Association,Adult (18+),1285,440,true
2026 Fall,2026-09-01,CLT,FTB,Gridiron Youth League Association,Youth (U18),6035,1117,true
2026 Fall,2026-09-01,CLT,FTB,Gridiron Youth League Association,Adult (18+),1509,280,true
2026 Fall,2026-09-01,SAT,FTB,Gridiron Youth League Association,Youth (U18),6443,1562,true
2026 Fall,2026-09-01,SAT,FTB,Gridiron Youth League Association,Adult (18+),1611,391,true
2026 Fall,2026-09-01,LAS,FTB,Gridiron Youth League Association,Youth (U18),3640,907,true
2026 Fall,2026-09-01,LAS,FTB,Gridiron Youth League Association,Adult (18+),910,227,true
2026 Fall,2026-09-01,CMH,FTB,Gridiron Youth League Association,Youth (U18),3752,1386,true
2026 Fall,2026-09-01,CMH,FTB,Gridiron Youth League Association,Adult (18+),938,347,true
2026 Fall,2026-09-01,MCI,FTB,Gridiron Youth League Association,Youth (U18),3088,380,true
2026 Fall,2026-09-01,MCI,FTB,Gridiron Youth League Association,Adult (18+),772,95,true
2026 Fall,2026-09-01,SLC,FTB,Gridiron Youth League Association,Youth (U18),2464,688,true
2026 Fall,2026-09-01,SLC,FTB,Gridiron Youth League Association,Adult (18+),616,172,true
2026 Fall,2026-09-01,JAX,FTB,Gridiron Youth League Association,Youth (U18),4126,1050,true
2026 Fall,2026-09-01,JAX,FTB,Gridiron Youth League Association,Adult (18+),1031,262,true
2026 Fall,2026-09-01,BOI,FTB,Gridiron Youth League Association,Youth (U18),1590,444,true
2026 Fall,2026-09-01,BOI,FTB,Gridiron Youth League Association,Adult (18+),397,110,true
2026 Fall,2026-09-01,NYC,TEN,Community Tennis League of America,Youth (U18),11109,2501,true
2026 Fall,2026-09-01,NYC,TEN,Community Tennis League of America,Adult (18+),25920,5836,true
2026 Fall,2026-09-01,LAX,TEN,Community Tennis League of America,Youth (U18),7432,1901,true
2026 Fall,2026-09-01,LAX,TEN,Community Tennis League of America,Adult (18+),17340,4435,true
2026 Fall,2026-09-01,CHI,TEN,Community Tennis League of America,Youth (U18),5247,1494,true
2026 Fall,2026-09-01,CHI,TEN,Community Tennis League of America,Adult (18+),12243,3486,true
2026 Fall,2026-09-01,DFW,TEN,Community Tennis League of America,Youth (U18),4912,1321,true
2026 Fall,2026-09-01,DFW,TEN,Community Tennis League of America,Adult (18+),11461,3082,true
2026 Fall,2026-09-01,HOU,TEN,Community Tennis League of America,Youth (U18),4476,1147,true
2026 Fall,2026-09-01,HOU,TEN,Community Tennis League of America,Adult (18+),10443,2676,true
2026 Fall,2026-09-01,WAS,TEN,Community Tennis League of America,Youth (U18),3957,1282,true
2026 Fall,2026-09-01,WAS,TEN,Community Tennis League of America,Adult (18+),9232,2990,true
2026 Fall,2026-09-01,PHL,TEN,Community Tennis League of America,Youth (U18),3610,574,true
2026 Fall,2026-09-01,PHL,TEN,Community Tennis League of America,Adult (18+),8424,1342,true
2026 Fall,2026-09-01,ATL,TEN,Community Tennis League of America,Youth (U18),3958,1272,true
2026 Fall,2026-09-01,ATL,TEN,Community Tennis League of America,Adult (18+),9234,2967,true
2026 Fall,2026-09-01,MIA,TEN,Community Tennis League of America,Youth (U18),3300,848,true
2026 Fall,2026-09-01,MIA,TEN,Community Tennis League of America,Adult (18+),7701,1981,true
2026 Fall,2026-09-01,PHX,TEN,Community Tennis League of America,Youth (U18),2832,826,true
2026 Fall,2026-09-01,PHX,TEN,Community Tennis League of America,Adult (18+),6609,1928,true
2026 Fall,2026-09-01,BOS,TEN,Community Tennis League of America,Youth (U18),2963,560,true
2026 Fall,2026-09-01,BOS,TEN,Community Tennis League of America,Adult (18+),6914,1307,true
2026 Fall,2026-09-01,SFO,TEN,Community Tennis League of America,Youth (U18),2891,756,true
2026 Fall,2026-09-01,SFO,TEN,Community Tennis League of America,Adult (18+),6747,1766,true
2026 Fall,2026-09-01,SEA,TEN,Community Tennis League of America,Youth (U18),2669,698,true
2026 Fall,2026-09-01,SEA,TEN,Community Tennis League of America,Adult (18+),6227,1629,true
2026 Fall,2026-09-01,MSP,TEN,Community Tennis League of America,Youth (U18),2243,593,true
2026 Fall,2026-09-01,MSP,TEN,Community Tennis League of America,Adult (18+),5233,1385,true
2026 Fall,2026-09-01,SAN,TEN,Community Tennis League of America,Youth (U18),1846,436,true
2026 Fall,2026-09-01,SAN,TEN,Community Tennis League of America,Adult (18+),4307,1018,true
2026 Fall,2026-09-01,TPA,TEN,Community Tennis League of America,Youth (U18),1970,496,true
2026 Fall,2026-09-01,TPA,TEN,Community Tennis League of America,Adult (18+),4597,1158,true
2026 Fall,2026-09-01,DEN,TEN,Community Tennis League of America,Youth (U18),1868,564,true
2026 Fall,2026-09-01,DEN,TEN,Community Tennis League of America,Adult (18+),4360,1317,true
2026 Fall,2026-09-01,ORL,TEN,Community Tennis League of America,Youth (U18),1618,424,true
2026 Fall,2026-09-01,ORL,TEN,Community Tennis League of America,Adult (18+),3776,990,true
2026 Fall,2026-09-01,POR,TEN,Community Tennis League of America,Youth (U18),1696,673,true
2026 Fall,2026-09-01,POR,TEN,Community Tennis League of America,Adult (18+),3958,1571,true
2026 Fall,2026-09-01,DET,TEN,Community Tennis League of America,Youth (U18),2482,685,true
2026 Fall,2026-09-01,DET,TEN,Community Tennis League of America,Adult (18+),5792,1598,true
2026 Fall,2026-09-01,NSH,TEN,Community Tennis League of America,Youth (U18),1736,544,true
2026 Fall,2026-09-01,NSH,TEN,Community Tennis League of America,Adult (18+),4050,1269,true
2026 Fall,2026-09-01,AUS,TEN,Community Tennis League of America,Youth (U18),1978,636,true
2026 Fall,2026-09-01,AUS,TEN,Community Tennis League of America,Adult (18+),4615,1484,true
2026 Fall,2026-09-01,RDU,TEN,Community Tennis League of America,Youth (U18),1169,329,true
2026 Fall,2026-09-01,RDU,TEN,Community Tennis League of America,Adult (18+),2729,768,true
2026 Fall,2026-09-01,CLT,TEN,Community Tennis League of America,Youth (U18),1453,306,true
2026 Fall,2026-09-01,CLT,TEN,Community Tennis League of America,Adult (18+),3390,714,true
2026 Fall,2026-09-01,SAT,TEN,Community Tennis League of America,Youth (U18),1335,390,true
2026 Fall,2026-09-01,SAT,TEN,Community Tennis League of America,Adult (18+),3114,909,true
2026 Fall,2026-09-01,LAS,TEN,Community Tennis League of America,Youth (U18),1227,312,true
2026 Fall,2026-09-01,LAS,TEN,Community Tennis League of America,Adult (18+),2864,728,true
2026 Fall,2026-09-01,CMH,TEN,Community Tennis League of America,Youth (U18),1490,506,true
2026 Fall,2026-09-01,CMH,TEN,Community Tennis League of America,Adult (18+),3478,1181,true
2026 Fall,2026-09-01,MCI,TEN,Community Tennis League of America,Youth (U18),1341,338,true
2026 Fall,2026-09-01,MCI,TEN,Community Tennis League of America,Adult (18+),3129,788,true
2026 Fall,2026-09-01,SLC,TEN,Community Tennis League of America,Youth (U18),901,201,true
2026 Fall,2026-09-01,SLC,TEN,Community Tennis League of America,Adult (18+),2103,470,true
2026 Fall,2026-09-01,JAX,TEN,Community Tennis League of America,Youth (U18),922,191,true
2026 Fall,2026-09-01,JAX,TEN,Community Tennis League of America,Adult (18+),2152,448,true
2026 Fall,2026-09-01,BOI,TEN,Community Tennis League of America,Youth (U18),551,142,true
2026 Fall,2026-09-01,BOI,TEN,Community Tennis League of America,Adult (18+),1286,333,true
2026 Fall,2026-09-01,NYC,PKB,American Pickleball League Network,Youth (U18),2810,1267,true
2026 Fall,2026-09-01,NYC,PKB,American Pickleball League Network,Adult (18+),53387,24073,true
2026 Fall,2026-09-01,LAX,PKB,American Pickleball League Network,Youth (U18),1721,598,true
2026 Fall,2026-09-01,LAX,PKB,American Pickleball League Network,Adult (18+),32695,11349,true
2026 Fall,2026-09-01,CHI,PKB,American Pickleball League Network,Youth (U18),1256,564,true
2026 Fall,2026-09-01,CHI,PKB,American Pickleball League Network,Adult (18+),23864,10714,true
2026 Fall,2026-09-01,DFW,PKB,American Pickleball League Network,Youth (U18),2062,676,true
2026 Fall,2026-09-01,DFW,PKB,American Pickleball League Network,Adult (18+),39178,12847,true
2026 Fall,2026-09-01,HOU,PKB,American Pickleball League Network,Youth (U18),1972,801,true
2026 Fall,2026-09-01,HOU,PKB,American Pickleball League Network,Adult (18+),37460,15220,true
2026 Fall,2026-09-01,WAS,PKB,American Pickleball League Network,Youth (U18),900,366,true
2026 Fall,2026-09-01,WAS,PKB,American Pickleball League Network,Adult (18+),17093,6958,true
2026 Fall,2026-09-01,PHL,PKB,American Pickleball League Network,Youth (U18),855,314,true
2026 Fall,2026-09-01,PHL,PKB,American Pickleball League Network,Adult (18+),16247,5971,true
2026 Fall,2026-09-01,ATL,PKB,American Pickleball League Network,Youth (U18),1792,754,true
2026 Fall,2026-09-01,ATL,PKB,American Pickleball League Network,Adult (18+),34052,14345,true
2026 Fall,2026-09-01,MIA,PKB,American Pickleball League Network,Youth (U18),1688,553,true
2026 Fall,2026-09-01,MIA,PKB,American Pickleball League Network,Adult (18+),32081,10512,true
2026 Fall,2026-09-01,PHX,PKB,American Pickleball League Network,Youth (U18),1797,821,true
2026 Fall,2026-09-01,PHX,PKB,American Pickleball League Network,Adult (18+),34135,15604,true
2026 Fall,2026-09-01,BOS,PKB,American Pickleball League Network,Youth (U18),677,246,true
2026 Fall,2026-09-01,BOS,PKB,American Pickleball League Network,Adult (18+),12856,4667,true
2026 Fall,2026-09-01,SFO,PKB,American Pickleball League Network,Youth (U18),641,257,true
2026 Fall,2026-09-01,SFO,PKB,American Pickleball League Network,Adult (18+),12177,4873,true
2026 Fall,2026-09-01,SEA,PKB,American Pickleball League Network,Youth (U18),501,152,true
2026 Fall,2026-09-01,SEA,PKB,American Pickleball League Network,Adult (18+),9528,2890,true
2026 Fall,2026-09-01,MSP,PKB,American Pickleball League Network,Youth (U18),494,171,true
2026 Fall,2026-09-01,MSP,PKB,American Pickleball League Network,Adult (18+),9390,3267,true
2026 Fall,2026-09-01,SAN,PKB,American Pickleball League Network,Youth (U18),458,196,true
2026 Fall,2026-09-01,SAN,PKB,American Pickleball League Network,Adult (18+),8696,3714,true
2026 Fall,2026-09-01,TPA,PKB,American Pickleball League Network,Youth (U18),1121,439,true
2026 Fall,2026-09-01,TPA,PKB,American Pickleball League Network,Adult (18+),21307,8354,true
2026 Fall,2026-09-01,DEN,PKB,American Pickleball League Network,Youth (U18),492,201,true
2026 Fall,2026-09-01,DEN,PKB,American Pickleball League Network,Adult (18+),9357,3834,true
2026 Fall,2026-09-01,ORL,PKB,American Pickleball League Network,Youth (U18),883,311,true
2026 Fall,2026-09-01,ORL,PKB,American Pickleball League Network,Adult (18+),16786,5904,true
2026 Fall,2026-09-01,POR,PKB,American Pickleball League Network,Youth (U18),361,167,true
2026 Fall,2026-09-01,POR,PKB,American Pickleball League Network,Adult (18+),6861,3162,true
2026 Fall,2026-09-01,DET,PKB,American Pickleball League Network,Youth (U18),617,243,true
2026 Fall,2026-09-01,DET,PKB,American Pickleball League Network,Adult (18+),11723,4614,true
2026 Fall,2026-09-01,NSH,PKB,American Pickleball League Network,Youth (U18),911,444,true
2026 Fall,2026-09-01,NSH,PKB,American Pickleball League Network,Adult (18+),17311,8428,true
2026 Fall,2026-09-01,AUS,PKB,American Pickleball League Network,Youth (U18),924,397,true
2026 Fall,2026-09-01,AUS,PKB,American Pickleball League Network,Adult (18+),17559,7542,true
2026 Fall,2026-09-01,RDU,PKB,American Pickleball League Network,Youth (U18),630,285,true
2026 Fall,2026-09-01,RDU,PKB,American Pickleball League Network,Adult (18+),11970,5414,true
2026 Fall,2026-09-01,CLT,PKB,American Pickleball League Network,Youth (U18),797,241,true
2026 Fall,2026-09-01,CLT,PKB,American Pickleball League Network,Adult (18+),15137,4583,true
2026 Fall,2026-09-01,SAT,PKB,American Pickleball League Network,Youth (U18),679,252,true
2026 Fall,2026-09-01,SAT,PKB,American Pickleball League Network,Adult (18+),12902,4785,true
2026 Fall,2026-09-01,LAS,PKB,American Pickleball League Network,Youth (U18),803,376,true
2026 Fall,2026-09-01,LAS,PKB,American Pickleball League Network,Adult (18+),15264,7147,true
2026 Fall,2026-09-01,CMH,PKB,American Pickleball League Network,Youth (U18),305,121,true
2026 Fall,2026-09-01,CMH,PKB,American Pickleball League Network,Adult (18+),5793,2284,true
2026 Fall,2026-09-01,MCI,PKB,American Pickleball League Network,Youth (U18),296,102,true
2026 Fall,2026-09-01,MCI,PKB,American Pickleball League Network,Adult (18+),5622,1941,true
2026 Fall,2026-09-01,SLC,PKB,American Pickleball League Network,Youth (U18),242,112,true
2026 Fall,2026-09-01,SLC,PKB,American Pickleball League Network,Adult (18+),4601,2141,true
2026 Fall,2026-09-01,JAX,PKB,American Pickleball League Network,Youth (U18),513,197,true
2026 Fall,2026-09-01,JAX,PKB,American Pickleball League Network,Adult (18+),9751,3751,true
2026 Fall,2026-09-01,BOI,PKB,American Pickleball League Network,Youth (U18),135,46,true
2026 Fall,2026-09-01,BOI,PKB,American Pickleball League Network,Adult (18+),2556,867,true
2026 Fall,2026-09-01,NYC,PDL,US Padel Circuit,Youth (U18),624,236,true
2026 Fall,2026-09-01,NYC,PDL,US Padel Circuit,Adult (18+),11857,4487,true
2026 Fall,2026-09-01,LAX,PDL,US Padel Circuit,Youth (U18),376,192,true
2026 Fall,2026-09-01,LAX,PDL,US Padel Circuit,Adult (18+),7138,3655,true
2026 Fall,2026-09-01,CHI,PDL,US Padel Circuit,Youth (U18),39,17,true
2026 Fall,2026-09-01,CHI,PDL,US Padel Circuit,Adult (18+),745,335,true
2026 Fall,2026-09-01,DFW,PDL,US Padel Circuit,Youth (U18),211,112,true
2026 Fall,2026-09-01,DFW,PDL,US Padel Circuit,Adult (18+),4008,2114,true
2026 Fall,2026-09-01,HOU,PDL,US Padel Circuit,Youth (U18),156,77,true
2026 Fall,2026-09-01,HOU,PDL,US Padel Circuit,Adult (18+),2955,1449,true
2026 Fall,2026-09-01,WAS,PDL,US Padel Circuit,Youth (U18),24,10,true
2026 Fall,2026-09-01,WAS,PDL,US Padel Circuit,Adult (18+),458,182,true
2026 Fall,2026-09-01,PHL,PDL,US Padel Circuit,Youth (U18),26,11,true
2026 Fall,2026-09-01,PHL,PDL,US Padel Circuit,Adult (18+),487,205,true
2026 Fall,2026-09-01,ATL,PDL,US Padel Circuit,Youth (U18),31,16,true
2026 Fall,2026-09-01,ATL,PDL,US Padel Circuit,Adult (18+),593,311,true
2026 Fall,2026-09-01,MIA,PDL,US Padel Circuit,Youth (U18),382,180,true
2026 Fall,2026-09-01,MIA,PDL,US Padel Circuit,Adult (18+),7251,3414,true
2026 Fall,2026-09-01,PHX,PDL,US Padel Circuit,Youth (U18),23,9,true
2026 Fall,2026-09-01,PHX,PDL,US Padel Circuit,Adult (18+),445,181,true
2026 Fall,2026-09-01,BOS,PDL,US Padel Circuit,Youth (U18),21,9,true
2026 Fall,2026-09-01,BOS,PDL,US Padel Circuit,Adult (18+),394,174,true
2026 Fall,2026-09-01,SFO,PDL,US Padel Circuit,Youth (U18),22,11,true
2026 Fall,2026-09-01,SFO,PDL,US Padel Circuit,Adult (18+),416,205,true
2026 Fall,2026-09-01,SEA,PDL,US Padel Circuit,Youth (U18),18,9,true
2026 Fall,2026-09-01,SEA,PDL,US Padel Circuit,Adult (18+),343,168,true
2026 Fall,2026-09-01,MSP,PDL,US Padel Circuit,Youth (U18),16,7,true
2026 Fall,2026-09-01,MSP,PDL,US Padel Circuit,Adult (18+),303,129,true
2026 Fall,2026-09-01,SAN,PDL,US Padel Circuit,Youth (U18),50,22,true
2026 Fall,2026-09-01,SAN,PDL,US Padel Circuit,Adult (18+),955,422,true
2026 Fall,2026-09-01,TPA,PDL,US Padel Circuit,Youth (U18),17,8,true
2026 Fall,2026-09-01,TPA,PDL,US Padel Circuit,Adult (18+),324,158,true
2026 Fall,2026-09-01,DEN,PDL,US Padel Circuit,Youth (U18),13,5,true
2026 Fall,2026-09-01,DEN,PDL,US Padel Circuit,Adult (18+),254,107,true
2026 Fall,2026-09-01,ORL,PDL,US Padel Circuit,Youth (U18),13,5,true
2026 Fall,2026-09-01,ORL,PDL,US Padel Circuit,Adult (18+),248,103,true
2026 Fall,2026-09-01,POR,PDL,US Padel Circuit,Youth (U18),11,5,true
2026 Fall,2026-09-01,POR,PDL,US Padel Circuit,Adult (18+),211,106,true
2026 Fall,2026-09-01,DET,PDL,US Padel Circuit,Youth (U18),18,9,true
2026 Fall,2026-09-01,DET,PDL,US Padel Circuit,Adult (18+),343,163,true
2026 Fall,2026-09-01,NSH,PDL,US Padel Circuit,Youth (U18),58,31,true
2026 Fall,2026-09-01,NSH,PDL,US Padel Circuit,Adult (18+),1094,588,true
2026 Fall,2026-09-01,AUS,PDL,US Padel Circuit,Youth (U18),176,81,true
2026 Fall,2026-09-01,AUS,PDL,US Padel Circuit,Adult (18+),3338,1529,true
2026 Fall,2026-09-01,RDU,PDL,US Padel Circuit,Youth (U18),10,5,true
2026 Fall,2026-09-01,RDU,PDL,US Padel Circuit,Adult (18+),194,100,true
2026 Fall,2026-09-01,CLT,PDL,US Padel Circuit,Youth (U18),14,8,true
2026 Fall,2026-09-01,CLT,PDL,US Padel Circuit,Adult (18+),268,142,true
2026 Fall,2026-09-01,SAT,PDL,US Padel Circuit,Youth (U18),12,6,true
2026 Fall,2026-09-01,SAT,PDL,US Padel Circuit,Adult (18+),234,119,true
2026 Fall,2026-09-01,LAS,PDL,US Padel Circuit,Youth (U18),9,3,true
2026 Fall,2026-09-01,LAS,PDL,US Padel Circuit,Adult (18+),179,65,true
2026 Fall,2026-09-01,CMH,PDL,US Padel Circuit,Youth (U18),10,4,true
2026 Fall,2026-09-01,CMH,PDL,US Padel Circuit,Adult (18+),186,78,true
2026 Fall,2026-09-01,MCI,PDL,US Padel Circuit,Youth (U18),10,5,true
2026 Fall,2026-09-01,MCI,PDL,US Padel Circuit,Adult (18+),181,90,true
2026 Fall,2026-09-01,SLC,PDL,US Padel Circuit,Youth (U18),7,3,true
2026 Fall,2026-09-01,SLC,PDL,US Padel Circuit,Adult (18+),124,58,true
2026 Fall,2026-09-01,JAX,PDL,US Padel Circuit,Youth (U18),8,4,true
2026 Fall,2026-09-01,JAX,PDL,US Padel Circuit,Adult (18+),157,75,true
2026 Fall,2026-09-01,BOI,PDL,US Padel Circuit,Youth (U18),4,2,true
2026 Fall,2026-09-01,BOI,PDL,US Padel Circuit,Adult (18+),75,37,true
2026 Fall,2026-09-01,NYC,LAX,US Lacrosse Club Network,Youth (U18),6005,1771,true
2026 Fall,2026-09-01,NYC,LAX,US Lacrosse Club Network,Adult (18+),2574,760,true
2026 Fall,2026-09-01,LAX,LAX,US Lacrosse Club Network,Youth (U18),1392,447,true
2026 Fall,2026-09-01,LAX,LAX,US Lacrosse Club Network,Adult (18+),597,192,true
2026 Fall,2026-09-01,CHI,LAX,US Lacrosse Club Network,Youth (U18),1236,430,true
2026 Fall,2026-09-01,CHI,LAX,US Lacrosse Club Network,Adult (18+),530,184,true
2026 Fall,2026-09-01,DFW,LAX,US Lacrosse Club Network,Youth (U18),895,315,true
2026 Fall,2026-09-01,DFW,LAX,US Lacrosse Club Network,Adult (18+),384,136,true
2026 Fall,2026-09-01,HOU,LAX,US Lacrosse Club Network,Youth (U18),809,286,true
2026 Fall,2026-09-01,HOU,LAX,US Lacrosse Club Network,Adult (18+),347,123,true
2026 Fall,2026-09-01,WAS,LAX,US Lacrosse Club Network,Youth (U18),2702,813,true
2026 Fall,2026-09-01,WAS,LAX,US Lacrosse Club Network,Adult (18+),1158,348,true
2026 Fall,2026-09-01,PHL,LAX,US Lacrosse Club Network,Youth (U18),1739,453,true
2026 Fall,2026-09-01,PHL,LAX,US Lacrosse Club Network,Adult (18+),745,194,true
2026 Fall,2026-09-01,ATL,LAX,US Lacrosse Club Network,Youth (U18),1346,427,true
2026 Fall,2026-09-01,ATL,LAX,US Lacrosse Club Network,Adult (18+),577,183,true
2026 Fall,2026-09-01,MIA,LAX,US Lacrosse Club Network,Youth (U18),922,170,true
2026 Fall,2026-09-01,MIA,LAX,US Lacrosse Club Network,Adult (18+),395,72,true
2026 Fall,2026-09-01,PHX,LAX,US Lacrosse Club Network,Youth (U18),492,173,true
2026 Fall,2026-09-01,PHX,LAX,US Lacrosse Club Network,Adult (18+),211,74,true
2026 Fall,2026-09-01,BOS,LAX,US Lacrosse Club Network,Youth (U18),1860,545,true
2026 Fall,2026-09-01,BOS,LAX,US Lacrosse Club Network,Adult (18+),797,233,true
2026 Fall,2026-09-01,SFO,LAX,US Lacrosse Club Network,Youth (U18),497,167,true
2026 Fall,2026-09-01,SFO,LAX,US Lacrosse Club Network,Adult (18+),213,71,true
2026 Fall,2026-09-01,SEA,LAX,US Lacrosse Club Network,Youth (U18),417,115,true
2026 Fall,2026-09-01,SEA,LAX,US Lacrosse Club Network,Adult (18+),179,49,true
2026 Fall,2026-09-01,MSP,LAX,US Lacrosse Club Network,Youth (U18),468,153,true
2026 Fall,2026-09-01,MSP,LAX,US Lacrosse Club Network,Adult (18+),201,66,true
2026 Fall,2026-09-01,SAN,LAX,US Lacrosse Club Network,Youth (U18),368,135,true
2026 Fall,2026-09-01,SAN,LAX,US Lacrosse Club Network,Adult (18+),158,59,true
2026 Fall,2026-09-01,TPA,LAX,US Lacrosse Club Network,Youth (U18),626,191,true
2026 Fall,2026-09-01,TPA,LAX,US Lacrosse Club Network,Adult (18+),268,82,true
2026 Fall,2026-09-01,DEN,LAX,US Lacrosse Club Network,Youth (U18),855,289,true
2026 Fall,2026-09-01,DEN,LAX,US Lacrosse Club Network,Adult (18+),366,123,true
2026 Fall,2026-09-01,ORL,LAX,US Lacrosse Club Network,Youth (U18),533,206,true
2026 Fall,2026-09-01,ORL,LAX,US Lacrosse Club Network,Adult (18+),228,88,true
2026 Fall,2026-09-01,POR,LAX,US Lacrosse Club Network,Youth (U18),257,68,true
2026 Fall,2026-09-01,POR,LAX,US Lacrosse Club Network,Adult (18+),110,29,true
2026 Fall,2026-09-01,DET,LAX,US Lacrosse Club Network,Youth (U18),561,168,true
2026 Fall,2026-09-01,DET,LAX,US Lacrosse Club Network,Adult (18+),240,72,true
2026 Fall,2026-09-01,NSH,LAX,US Lacrosse Club Network,Youth (U18),911,275,true
2026 Fall,2026-09-01,NSH,LAX,US Lacrosse Club Network,Adult (18+),390,117,true
2026 Fall,2026-09-01,AUS,LAX,US Lacrosse Club Network,Youth (U18),391,161,true
2026 Fall,2026-09-01,AUS,LAX,US Lacrosse Club Network,Adult (18+),167,68,true
2026 Fall,2026-09-01,RDU,LAX,US Lacrosse Club Network,Youth (U18),741,268,true
2026 Fall,2026-09-01,RDU,LAX,US Lacrosse Club Network,Adult (18+),317,115,true
2026 Fall,2026-09-01,CLT,LAX,US Lacrosse Club Network,Youth (U18),685,212,true
2026 Fall,2026-09-01,CLT,LAX,US Lacrosse Club Network,Adult (18+),294,91,true
2026 Fall,2026-09-01,SAT,LAX,US Lacrosse Club Network,Youth (U18),286,86,true
2026 Fall,2026-09-01,SAT,LAX,US Lacrosse Club Network,Adult (18+),122,36,true
2026 Fall,2026-09-01,LAS,LAX,US Lacrosse Club Network,Youth (U18),209,66,true
2026 Fall,2026-09-01,LAS,LAX,US Lacrosse Club Network,Adult (18+),90,29,true
2026 Fall,2026-09-01,CMH,LAX,US Lacrosse Club Network,Youth (U18),321,108,true
2026 Fall,2026-09-01,CMH,LAX,US Lacrosse Club Network,Adult (18+),137,46,true
2026 Fall,2026-09-01,MCI,LAX,US Lacrosse Club Network,Youth (U18),313,119,true
2026 Fall,2026-09-01,MCI,LAX,US Lacrosse Club Network,Adult (18+),134,51,true
2026 Fall,2026-09-01,SLC,LAX,US Lacrosse Club Network,Youth (U18),346,116,true
2026 Fall,2026-09-01,SLC,LAX,US Lacrosse Club Network,Adult (18+),148,49,true
2026 Fall,2026-09-01,JAX,LAX,US Lacrosse Club Network,Youth (U18),345,148,true
2026 Fall,2026-09-01,JAX,LAX,US Lacrosse Club Network,Adult (18+),148,64,true
2026 Fall,2026-09-01,BOI,LAX,US Lacrosse Club Network,Youth (U18),203,69,true
2026 Fall,2026-09-01,BOI,LAX,US Lacrosse Club Network,Adult (18+),87,29,true
2026 Fall,2026-09-01,NYC,HKY,Amateur Hockey Federation,Youth (U18),19737,6641,true
2026 Fall,2026-09-01,NYC,HKY,Amateur Hockey Federation,Adult (18+),13158,4427,true
2026 Fall,2026-09-01,LAX,HKY,Amateur Hockey Federation,Youth (U18),5267,1272,true
2026 Fall,2026-09-01,LAX,HKY,Amateur Hockey Federation,Adult (18+),3511,847,true
2026 Fall,2026-09-01,CHI,HKY,Amateur Hockey Federation,Youth (U18),8832,2687,true
2026 Fall,2026-09-01,CHI,HKY,Amateur Hockey Federation,Adult (18+),5888,1791,true
2026 Fall,2026-09-01,DFW,HKY,Amateur Hockey Federation,Youth (U18),2207,644,true
2026 Fall,2026-09-01,DFW,HKY,Amateur Hockey Federation,Adult (18+),1471,429,true
2026 Fall,2026-09-01,HOU,HKY,Amateur Hockey Federation,Youth (U18),1992,667,true
2026 Fall,2026-09-01,HOU,HKY,Amateur Hockey Federation,Adult (18+),1328,445,true
2026 Fall,2026-09-01,WAS,HKY,Amateur Hockey Federation,Youth (U18),5707,1298,true
2026 Fall,2026-09-01,WAS,HKY,Amateur Hockey Federation,Adult (18+),3805,866,true
2026 Fall,2026-09-01,PHL,HKY,Amateur Hockey Federation,Youth (U18),5758,1940,true
2026 Fall,2026-09-01,PHL,HKY,Amateur Hockey Federation,Adult (18+),3838,1292,true
2026 Fall,2026-09-01,ATL,HKY,Amateur Hockey Federation,Youth (U18),1390,380,true
2026 Fall,2026-09-01,ATL,HKY,Amateur Hockey Federation,Adult (18+),926,252,true
2026 Fall,2026-09-01,MIA,HKY,Amateur Hockey Federation,Youth (U18),1206,291,true
2026 Fall,2026-09-01,MIA,HKY,Amateur Hockey Federation,Adult (18+),804,193,true
2026 Fall,2026-09-01,PHX,HKY,Amateur Hockey Federation,Youth (U18),1480,422,true
2026 Fall,2026-09-01,PHX,HKY,Amateur Hockey Federation,Adult (18+),987,281,true
2026 Fall,2026-09-01,BOS,HKY,Amateur Hockey Federation,Youth (U18),5907,1905,true
2026 Fall,2026-09-01,BOS,HKY,Amateur Hockey Federation,Adult (18+),3938,1270,true
2026 Fall,2026-09-01,SFO,HKY,Amateur Hockey Federation,Youth (U18),1938,634,true
2026 Fall,2026-09-01,SFO,HKY,Amateur Hockey Federation,Adult (18+),1292,423,true
2026 Fall,2026-09-01,SEA,HKY,Amateur Hockey Federation,Youth (U18),1554,324,true
2026 Fall,2026-09-01,SEA,HKY,Amateur Hockey Federation,Adult (18+),1036,216,true
2026 Fall,2026-09-01,MSP,HKY,Amateur Hockey Federation,Youth (U18),6213,1513,true
2026 Fall,2026-09-01,MSP,HKY,Amateur Hockey Federation,Adult (18+),4142,1009,true
2026 Fall,2026-09-01,SAN,HKY,Amateur Hockey Federation,Youth (U18),1390,412,true
2026 Fall,2026-09-01,SAN,HKY,Amateur Hockey Federation,Adult (18+),926,274,true
2026 Fall,2026-09-01,TPA,HKY,Amateur Hockey Federation,Youth (U18),801,242,true
2026 Fall,2026-09-01,TPA,HKY,Amateur Hockey Federation,Adult (18+),534,161,true
2026 Fall,2026-09-01,DEN,HKY,Amateur Hockey Federation,Youth (U18),1921,558,true
2026 Fall,2026-09-01,DEN,HKY,Amateur Hockey Federation,Adult (18+),1281,372,true
2026 Fall,2026-09-01,ORL,HKY,Amateur Hockey Federation,Youth (U18),611,176,true
2026 Fall,2026-09-01,ORL,HKY,Amateur Hockey Federation,Adult (18+),407,117,true
2026 Fall,2026-09-01,POR,HKY,Amateur Hockey Federation,Youth (U18),1123,421,true
2026 Fall,2026-09-01,POR,HKY,Amateur Hockey Federation,Adult (18+),749,281,true
2026 Fall,2026-09-01,DET,HKY,Amateur Hockey Federation,Youth (U18),5078,1209,true
2026 Fall,2026-09-01,DET,HKY,Amateur Hockey Federation,Adult (18+),3385,806,true
2026 Fall,2026-09-01,NSH,HKY,Amateur Hockey Federation,Youth (U18),624,205,true
2026 Fall,2026-09-01,NSH,HKY,Amateur Hockey Federation,Adult (18+),416,137,true
2026 Fall,2026-09-01,AUS,HKY,Amateur Hockey Federation,Youth (U18),1051,458,true
2026 Fall,2026-09-01,AUS,HKY,Amateur Hockey Federation,Adult (18+),701,306,true
2026 Fall,2026-09-01,RDU,HKY,Amateur Hockey Federation,Youth (U18),423,127,true
2026 Fall,2026-09-01,RDU,HKY,Amateur Hockey Federation,Adult (18+),282,85,true
2026 Fall,2026-09-01,CLT,HKY,Amateur Hockey Federation,Youth (U18),562,112,true
2026 Fall,2026-09-01,CLT,HKY,Amateur Hockey Federation,Adult (18+),375,75,true
2026 Fall,2026-09-01,SAT,HKY,Amateur Hockey Federation,Youth (U18),735,244,true
2026 Fall,2026-09-01,SAT,HKY,Amateur Hockey Federation,Adult (18+),490,162,true
2026 Fall,2026-09-01,LAS,HKY,Amateur Hockey Federation,Youth (U18),596,191,true
2026 Fall,2026-09-01,LAS,HKY,Amateur Hockey Federation,Adult (18+),397,127,true
2026 Fall,2026-09-01,CMH,HKY,Amateur Hockey Federation,Youth (U18),2166,701,true
2026 Fall,2026-09-01,CMH,HKY,Amateur Hockey Federation,Adult (18+),1444,467,true
2026 Fall,2026-09-01,MCI,HKY,Amateur Hockey Federation,Youth (U18),2090,632,true
2026 Fall,2026-09-01,MCI,HKY,Amateur Hockey Federation,Adult (18+),1393,421,true
2026 Fall,2026-09-01,SLC,HKY,Amateur Hockey Federation,Youth (U18),959,287,true
2026 Fall,2026-09-01,SLC,HKY,Amateur Hockey Federation,Adult (18+),640,191,true
2026 Fall,2026-09-01,JAX,HKY,Amateur Hockey Federation,Youth (U18),427,158,true
2026 Fall,2026-09-01,JAX,HKY,Amateur Hockey Federation,Adult (18+),285,106,true
2026 Fall,2026-09-01,BOI,HKY,Amateur Hockey Federation,Youth (U18),521,133,true
2026 Fall,2026-09-01,BOI,HKY,Amateur Hockey Federation,Adult (18+),347,89,true
2026 Fall,2026-09-01,NYC,VOL,National Volleyball Clubs Association,Youth (U18),43705,17174,true
2026 Fall,2026-09-01,NYC,VOL,National Volleyball Clubs Association,Adult (18+),35758,14051,true
2026 Fall,2026-09-01,LAX,VOL,National Volleyball Clubs Association,Youth (U18),26210,6770,true
2026 Fall,2026-09-01,LAX,VOL,National Volleyball Clubs Association,Adult (18+),21444,5538,true
2026 Fall,2026-09-01,CHI,VOL,National Volleyball Clubs Association,Youth (U18),20013,6994,true
2026 Fall,2026-09-01,CHI,VOL,National Volleyball Clubs Association,Adult (18+),16374,5722,true
2026 Fall,2026-09-01,DFW,VOL,National Volleyball Clubs Association,Youth (U18),21939,8475,true
2026 Fall,2026-09-01,DFW,VOL,National Volleyball Clubs Association,Adult (18+),17950,6934,true
2026 Fall,2026-09-01,HOU,VOL,National Volleyball Clubs Association,Youth (U18),18653,6821,true
2026 Fall,2026-09-01,HOU,VOL,National Volleyball Clubs Association,Adult (18+),15262,5581,true
2026 Fall,2026-09-01,WAS,VOL,National Volleyball Clubs Association,Youth (U18),12152,3819,true
2026 Fall,2026-09-01,WAS,VOL,National Volleyball Clubs Association,Adult (18+),9942,3124,true
2026 Fall,2026-09-01,PHL,VOL,National Volleyball Clubs Association,Youth (U18),12481,3922,true
2026 Fall,2026-09-01,PHL,VOL,National Volleyball Clubs Association,Adult (18+),10212,3209,true
2026 Fall,2026-09-01,ATL,VOL,National Volleyball Clubs Association,Youth (U18),13033,4494,true
2026 Fall,2026-09-01,ATL,VOL,National Volleyball Clubs Association,Adult (18+),10663,3676,true
2026 Fall,2026-09-01,MIA,VOL,National Volleyball Clubs Association,Youth (U18),12527,4136,true
2026 Fall,2026-09-01,MIA,VOL,National Volleyball Clubs Association,Adult (18+),10249,3384,true
2026 Fall,2026-09-01,PHX,VOL,National Volleyball Clubs Association,Youth (U18),11107,3703,true
2026 Fall,2026-09-01,PHX,VOL,National Volleyball Clubs Association,Adult (18+),9087,3029,true
2026 Fall,2026-09-01,BOS,VOL,National Volleyball Clubs Association,Youth (U18),9918,3566,true
2026 Fall,2026-09-01,BOS,VOL,National Volleyball Clubs Association,Adult (18+),8115,2918,true
2026 Fall,2026-09-01,SFO,VOL,National Volleyball Clubs Association,Youth (U18),9823,3371,true
2026 Fall,2026-09-01,SFO,VOL,National Volleyball Clubs Association,Adult (18+),8037,2758,true
2026 Fall,2026-09-01,SEA,VOL,National Volleyball Clubs Association,Youth (U18),9596,3840,true
2026 Fall,2026-09-01,SEA,VOL,National Volleyball Clubs Association,Adult (18+),7851,3141,true
2026 Fall,2026-09-01,MSP,VOL,National Volleyball Clubs Association,Youth (U18),8518,2747,true
2026 Fall,2026-09-01,MSP,VOL,National Volleyball Clubs Association,Adult (18+),6969,2248,true
2026 Fall,2026-09-01,SAN,VOL,National Volleyball Clubs Association,Youth (U18),7677,2635,true
2026 Fall,2026-09-01,SAN,VOL,National Volleyball Clubs Association,Adult (18+),6281,2155,true
2026 Fall,2026-09-01,TPA,VOL,National Volleyball Clubs Association,Youth (U18),7025,2074,true
2026 Fall,2026-09-01,TPA,VOL,National Volleyball Clubs Association,Adult (18+),5748,1697,true
2026 Fall,2026-09-01,DEN,VOL,National Volleyball Clubs Association,Youth (U18),6800,2564,true
2026 Fall,2026-09-01,DEN,VOL,National Volleyball Clubs Association,Adult (18+),5564,2099,true
2026 Fall,2026-09-01,ORL,VOL,National Volleyball Clubs Association,Youth (U18),6592,2718,true
2026 Fall,2026-09-01,ORL,VOL,National Volleyball Clubs Association,Adult (18+),5393,2223,true
2026 Fall,2026-09-01,POR,VOL,National Volleyball Clubs Association,Youth (U18),5544,1829,true
2026 Fall,2026-09-01,POR,VOL,National Volleyball Clubs Association,Adult (18+),4536,1496,true
2026 Fall,2026-09-01,DET,VOL,National Volleyball Clubs Association,Youth (U18),9745,3567,true
2026 Fall,2026-09-01,DET,VOL,National Volleyball Clubs Association,Adult (18+),7973,2918,true
2026 Fall,2026-09-01,NSH,VOL,National Volleyball Clubs Association,Youth (U18),6890,2756,true
2026 Fall,2026-09-01,NSH,VOL,National Volleyball Clubs Association,Adult (18+),5638,2256,true
2026 Fall,2026-09-01,AUS,VOL,National Volleyball Clubs Association,Youth (U18),9470,4008,true
2026 Fall,2026-09-01,AUS,VOL,National Volleyball Clubs Association,Adult (18+),7748,3280,true
2026 Fall,2026-09-01,RDU,VOL,National Volleyball Clubs Association,Youth (U18),4542,1794,true
2026 Fall,2026-09-01,RDU,VOL,National Volleyball Clubs Association,Adult (18+),3716,1468,true
2026 Fall,2026-09-01,CLT,VOL,National Volleyball Clubs Association,Youth (U18),6285,2618,true
2026 Fall,2026-09-01,CLT,VOL,National Volleyball Clubs Association,Adult (18+),5142,2142,true
2026 Fall,2026-09-01,SAT,VOL,National Volleyball Clubs Association,Youth (U18),6974,2375,true
2026 Fall,2026-09-01,SAT,VOL,National Volleyball Clubs Association,Adult (18+),5706,1943,true
2026 Fall,2026-09-01,LAS,VOL,National Volleyball Clubs Association,Youth (U18),4720,1551,true
2026 Fall,2026-09-01,LAS,VOL,National Volleyball Clubs Association,Adult (18+),3862,1269,true
2026 Fall,2026-09-01,CMH,VOL,National Volleyball Clubs Association,Youth (U18),5485,1924,true
2026 Fall,2026-09-01,CMH,VOL,National Volleyball Clubs Association,Adult (18+),4487,1573,true
2026 Fall,2026-09-01,MCI,VOL,National Volleyball Clubs Association,Youth (U18),5402,1996,true
2026 Fall,2026-09-01,MCI,VOL,National Volleyball Clubs Association,Adult (18+),4420,1634,true
2026 Fall,2026-09-01,SLC,VOL,National Volleyball Clubs Association,Youth (U18),3012,1151,true
2026 Fall,2026-09-01,SLC,VOL,National Volleyball Clubs Association,Adult (18+),2465,942,true
2026 Fall,2026-09-01,JAX,VOL,National Volleyball Clubs Association,Youth (U18),3938,1669,true
2026 Fall,2026-09-01,JAX,VOL,National Volleyball Clubs Association,Adult (18+),3222,1366,true
2026 Fall,2026-09-01,BOI,VOL,National Volleyball Clubs Association,Youth (U18),1862,661,true
2026 Fall,2026-09-01,BOI,VOL,National Volleyball Clubs Association,Adult (18+),1524,541,true
