quarter_start,quarter_label,metro_id,trend_rank,product_id,product_name,sport_id,units,units_same_q_prior_year,unit_change_yoy,pct_change_yoy,is_new_launch
2023-01-01,2023-Q1,NYC,1,PRUN02,Aerion Trail Runner GTX,RUN,58205,48423,9782,20.2,false
2023-01-01,2023-Q1,NYC,2,PRUN01,Kestrel Pro Tempo Road Shoe,RUN,79078,72329,6749,9.3,false
2023-01-01,2023-Q1,NYC,3,PPKB01,Kestrel Pro Carbon Paddle 16mm,PKB,18979,13335,5644,42.3,false
2023-01-01,2023-Q1,NYC,4,PBSB02,Ironpeak Fielding Glove 11.75,BSB,27055,22671,4384,19.3,false
2023-01-01,2023-Q1,NYC,5,PSOC02,Loftline FG Cleat Elite,SOC,29137,26134,3003,11.5,false
2023-01-01,2023-Q1,NYC,6,PBSK02,Courtcraft Court Shoe Low,BSK,21362,18411,2951,16.0,false
2023-01-01,2023-Q1,NYC,7,PPKB02,Aerion Outdoor Balls 6pk,PKB,12501,10545,1956,18.5,false
2023-01-01,2023-Q1,NYC,8,PTEN01,Bramble Tour Racquet 98,TEN,21305,19561,1744,8.9,false
2023-01-01,2023-Q1,NYC,9,PVOL02,Vela Knee Pads,VOL,7909,6191,1718,27.7,false
2023-01-01,2023-Q1,NYC,10,PBSB03,Kestrel Pro Batting Helmet,BSB,15386,13812,1574,11.4,false
2023-04-01,2023-Q2,NYC,1,PSOC01,Stridewell Match Ball Pro,SOC,57897,50140,7757,15.5,false
2023-04-01,2023-Q2,NYC,2,PSOC03,Kestrel Pro Shin Guard Lite,SOC,28953,22917,6036,26.3,false
2023-04-01,2023-Q2,NYC,3,PBSB02,Ironpeak Fielding Glove 11.75,BSB,22330,18162,4168,22.9,false
2023-04-01,2023-Q2,NYC,4,PSOC02,Loftline FG Cleat Elite,SOC,38503,34903,3600,10.3,false
2023-04-01,2023-Q2,NYC,5,PVOL01,Ironpeak Indoor Game Ball,VOL,16171,12856,3315,25.8,false
2023-04-01,2023-Q2,NYC,6,PRUN01,Kestrel Pro Tempo Road Shoe,RUN,77972,75150,2822,3.8,false
2023-04-01,2023-Q2,NYC,7,PPKB02,Aerion Outdoor Balls 6pk,PKB,14422,11687,2735,23.4,false
2023-04-01,2023-Q2,NYC,8,PPKB03,Kestrel Pro Court Shoe,PKB,10985,8618,2367,27.5,false
2023-04-01,2023-Q2,NYC,9,PVOL03,Kestrel Pro Beach Ball Pro,VOL,8484,6257,2227,35.6,false
2023-04-01,2023-Q2,NYC,10,PBSB03,Kestrel Pro Batting Helmet,BSB,15021,12885,2136,16.6,false
2023-07-01,2023-Q3,NYC,1,PSOC01,Stridewell Match Ball Pro,SOC,65703,57025,8678,15.2,false
2023-07-01,2023-Q3,NYC,2,PPKB01,Kestrel Pro Carbon Paddle 16mm,PKB,20067,13393,6674,49.8,false
2023-07-01,2023-Q3,NYC,3,PVOL02,Vela Knee Pads,VOL,15820,11418,4402,38.6,false
2023-07-01,2023-Q3,NYC,4,PGLF04,Aerion Launch Monitor Mini,GLF,4288,0,4288,,true
2023-07-01,2023-Q3,NYC,5,PSOC02,Loftline FG Cleat Elite,SOC,49391,45569,3822,8.4,false
2023-07-01,2023-Q3,NYC,6,PPKB02,Aerion Outdoor Balls 6pk,PKB,14078,10319,3759,36.4,false
2023-07-01,2023-Q3,NYC,7,PTEN01,Bramble Tour Racquet 98,TEN,22294,18537,3757,20.3,false
2023-07-01,2023-Q3,NYC,8,PVOL01,Ironpeak Indoor Game Ball,VOL,18503,15313,3190,20.8,false
2023-07-01,2023-Q3,NYC,9,PPKB03,Kestrel Pro Court Shoe,PKB,9568,6528,3040,46.6,false
2023-07-01,2023-Q3,NYC,10,PRUN01,Kestrel Pro Tempo Road Shoe,RUN,61040,58736,2304,3.9,false
2023-10-01,2023-Q4,NYC,1,PSOC03,Kestrel Pro Shin Guard Lite,SOC,33644,25501,8143,31.9,false
2023-10-01,2023-Q4,NYC,2,PSOC02,Loftline FG Cleat Elite,SOC,46628,39214,7414,18.9,false
2023-10-01,2023-Q4,NYC,3,PGLF04,Aerion Launch Monitor Mini,GLF,7383,0,7383,,true
2023-10-01,2023-Q4,NYC,4,PSOC01,Stridewell Match Ball Pro,SOC,61793,54557,7236,13.3,false
2023-10-01,2023-Q4,NYC,5,PBSB04,Bramble USSSA Composite Bat,BSB,5495,0,5495,,true
2023-10-01,2023-Q4,NYC,6,PBSK01,Loftline Indoor Game Ball,BSK,42411,37445,4966,13.3,false
2023-10-01,2023-Q4,NYC,7,PPKB02,Aerion Outdoor Balls 6pk,PKB,17234,13143,4091,31.1,false
2023-10-01,2023-Q4,NYC,8,PPKB03,Kestrel Pro Court Shoe,PKB,11088,7840,3248,41.4,false
2023-10-01,2023-Q4,NYC,9,PVOL01,Ironpeak Indoor Game Ball,VOL,16732,14434,2298,15.9,false
2023-10-01,2023-Q4,NYC,10,PCLM02,Ironpeak Chalk Bag,CLM,8212,6320,1892,29.9,false
2024-01-01,2024-Q1,NYC,1,PGLF04,Aerion Launch Monitor Mini,GLF,13363,0,13363,,true
2024-01-01,2024-Q1,NYC,2,PBSB04,Bramble USSSA Composite Bat,BSB,11550,0,11550,,true
2024-01-01,2024-Q1,NYC,3,PRUN02,Aerion Trail Runner GTX,RUN,65837,58205,7632,13.1,false
2024-01-01,2024-Q1,NYC,4,PRUN01,Kestrel Pro Tempo Road Shoe,RUN,86419,79078,7341,9.3,false
2024-01-01,2024-Q1,NYC,5,PPKB02,Aerion Outdoor Balls 6pk,PKB,19683,12501,7182,57.5,false
2024-01-01,2024-Q1,NYC,6,PPKB01,Kestrel Pro Carbon Paddle 16mm,PKB,23382,18979,4403,23.2,false
2024-01-01,2024-Q1,NYC,7,PSOC01,Stridewell Match Ball Pro,SOC,40366,36339,4027,11.1,false
2024-01-01,2024-Q1,NYC,8,PPKB03,Kestrel Pro Court Shoe,PKB,12116,8299,3817,46.0,false
2024-01-01,2024-Q1,NYC,9,PLAX01,Aerion Attack Complete Stick,LAX,16860,14290,2570,18.0,false
2024-01-01,2024-Q1,NYC,10,PVOL01,Ironpeak Indoor Game Ball,VOL,11353,8896,2457,27.6,false
2024-04-01,2024-Q2,NYC,1,PRUN03,Kestrel Pro Carbon Race Flat,RUN,17859,0,17859,,true
2024-04-01,2024-Q2,NYC,2,PGLF04,Aerion Launch Monitor Mini,GLF,15082,0,15082,,true
2024-04-01,2024-Q2,NYC,3,PBSB04,Bramble USSSA Composite Bat,BSB,11938,0,11938,,true
2024-04-01,2024-Q2,NYC,4,PPKB04,Loftline Thermoformed Pro Paddle,PKB,7015,0,7015,,true
2024-04-01,2024-Q2,NYC,5,PPKB01,Kestrel Pro Carbon Paddle 16mm,PKB,22576,19458,3118,16.0,false
2024-04-01,2024-Q2,NYC,6,PPKB02,Aerion Outdoor Balls 6pk,PKB,17011,14422,2589,18.0,false
2024-04-01,2024-Q2,NYC,7,PTEN01,Bramble Tour Racquet 98,TEN,24923,22720,2203,9.7,false
2024-04-01,2024-Q2,NYC,8,PPKB03,Kestrel Pro Court Shoe,PKB,13031,10985,2046,18.6,false
2024-04-01,2024-Q2,NYC,9,PCLM04,Bramble Harness Lite,CLM,1271,0,1271,,true
2024-04-01,2024-Q2,NYC,10,PFTB01,Ironpeak Youth Helmet,FTB,14326,13148,1178,9.0,false
2024-07-01,2024-Q3,NYC,1,PRUN03,Kestrel Pro Carbon Race Flat,RUN,37805,0,37805,,true
2024-07-01,2024-Q3,NYC,2,PPKB04,Loftline Thermoformed Pro Paddle,PKB,7966,0,7966,,true
2024-07-01,2024-Q3,NYC,3,PBSB04,Bramble USSSA Composite Bat,BSB,5961,0,5961,,true
2024-07-01,2024-Q3,NYC,4,PGLF04,Aerion Launch Monitor Mini,GLF,10225,4288,5937,138.5,false
2024-07-01,2024-Q3,NYC,5,PSOC01,Stridewell Match Ball Pro,SOC,71435,65703,5732,8.7,false
2024-07-01,2024-Q3,NYC,6,PBSK02,Courtcraft Court Shoe Low,BSK,24889,22037,2852,12.9,false
2024-07-01,2024-Q3,NYC,7,PBSK03,Kestrel Pro Portable Hoop 54in,BSK,17427,14590,2837,19.4,false
2024-07-01,2024-Q3,NYC,8,PSOC03,Kestrel Pro Shin Guard Lite,SOC,33343,30614,2729,8.9,false
2024-07-01,2024-Q3,NYC,9,PCLM04,Bramble Harness Lite,CLM,2724,0,2724,,true
2024-07-01,2024-Q3,NYC,10,PLAX01,Aerion Attack Complete Stick,LAX,8464,6470,1994,30.8,false
2024-10-01,2024-Q4,NYC,1,PRUN03,Kestrel Pro Carbon Race Flat,RUN,55432,0,55432,,true
2024-10-01,2024-Q4,NYC,2,PPKB04,Loftline Thermoformed Pro Paddle,PKB,11698,0,11698,,true
2024-10-01,2024-Q4,NYC,3,PSNW02,Courtcraft Snowboard Boot,SNW,35038,24365,10673,43.8,false
2024-10-01,2024-Q4,NYC,4,PSNW01,Loftline All-Mountain Ski,SNW,42312,31988,10324,32.3,false
2024-10-01,2024-Q4,NYC,5,PBSB04,Bramble USSSA Composite Bat,BSB,12714,5495,7219,131.4,false
2024-10-01,2024-Q4,NYC,6,PBSK02,Courtcraft Court Shoe Low,BSK,35646,29948,5698,19.0,false
2024-10-01,2024-Q4,NYC,7,PSNW03,Kestrel Pro Insulated Shell,SNW,21162,16134,5028,31.2,false
2024-10-01,2024-Q4,NYC,8,PCLM04,Bramble Harness Lite,CLM,4977,0,4977,,true
2024-10-01,2024-Q4,NYC,9,PBSK01,Loftline Indoor Game Ball,BSK,46682,42411,4271,10.1,false
2024-10-01,2024-Q4,NYC,10,PVOL04,Kestrel Pro Court Shoe Mid,VOL,4150,0,4150,,true
2025-01-01,2025-Q1,NYC,1,PRUN03,Kestrel Pro Carbon Race Flat,RUN,56006,0,56006,,true
2025-01-01,2025-Q1,NYC,2,PPKB04,Loftline Thermoformed Pro Paddle,PKB,12069,942,11127,1181.2,false
2025-01-01,2025-Q1,NYC,3,PSNW01,Loftline All-Mountain Ski,SNW,25990,15658,10332,66.0,false
2025-01-01,2025-Q1,NYC,4,PLAX04,Courtcraft Mesh Head Pro,LAX,6215,0,6215,,true
2025-01-01,2025-Q1,NYC,5,PSNW02,Courtcraft Snowboard Boot,SNW,18278,12806,5472,42.7,false
2025-01-01,2025-Q1,NYC,6,PSNW03,Kestrel Pro Insulated Shell,SNW,12069,7467,4602,61.6,false
2025-01-01,2025-Q1,NYC,7,PSOC01,Stridewell Match Ball Pro,SOC,44517,40366,4151,10.3,false
2025-01-01,2025-Q1,NYC,8,PCLM04,Bramble Harness Lite,CLM,4064,0,4064,,true
2025-01-01,2025-Q1,NYC,9,PVOL04,Kestrel Pro Court Shoe Mid,VOL,3944,0,3944,,true
2025-01-01,2025-Q1,NYC,10,PBSB04,Bramble USSSA Composite Bat,BSB,14719,11550,3169,27.4,false
2025-04-01,2025-Q2,NYC,1,PRUN03,Kestrel Pro Carbon Race Flat,RUN,57913,17859,40054,224.3,false
2025-04-01,2025-Q2,NYC,2,PVOL04,Kestrel Pro Court Shoe Mid,VOL,7770,0,7770,,true
2025-04-01,2025-Q2,NYC,3,PPKB04,Loftline Thermoformed Pro Paddle,PKB,13980,7015,6965,99.3,false
2025-04-01,2025-Q2,NYC,4,PLAX04,Courtcraft Mesh Head Pro,LAX,5416,0,5416,,true
2025-04-01,2025-Q2,NYC,5,PFTB04,Kestrel Pro Flag Football Set,FTB,5225,0,5225,,true
2025-04-01,2025-Q2,NYC,6,PBSK01,Loftline Indoor Game Ball,BSK,29960,24950,5010,20.1,false
2025-04-01,2025-Q2,NYC,7,PCLM04,Bramble Harness Lite,CLM,3534,1271,2263,178.0,false
2025-04-01,2025-Q2,NYC,8,PSOC02,Loftline FG Cleat Elite,SOC,40455,38601,1854,4.8,false
2025-04-01,2025-Q2,NYC,9,PSOC01,Stridewell Match Ball Pro,SOC,57794,56084,1710,3.0,false
2025-04-01,2025-Q2,NYC,10,PCYC04,Courtcraft Bib Short,CYC,8125,6988,1137,16.3,false
2025-07-01,2025-Q3,NYC,1,PRUN03,Kestrel Pro Carbon Race Flat,RUN,53603,37805,15798,41.8,false
2025-07-01,2025-Q3,NYC,2,PVOL04,Kestrel Pro Court Shoe Mid,VOL,10027,771,9256,1200.5,false
2025-07-01,2025-Q3,NYC,3,PSOC02,Loftline FG Cleat Elite,SOC,52394,44916,7478,16.6,false
2025-07-01,2025-Q3,NYC,4,PFTB04,Kestrel Pro Flag Football Set,FTB,7423,1886,5537,293.6,false
2025-07-01,2025-Q3,NYC,5,PPKB04,Loftline Thermoformed Pro Paddle,PKB,12859,7966,4893,61.4,false
2025-07-01,2025-Q3,NYC,6,PLAX04,Courtcraft Mesh Head Pro,LAX,3296,0,3296,,true
2025-07-01,2025-Q3,NYC,7,PTEN02,Kestrel Pro Pressurized Balls 3pk,TEN,15922,13056,2866,22.0,false
2025-07-01,2025-Q3,NYC,8,PPKB01,Kestrel Pro Carbon Paddle 16mm,PKB,21852,19014,2838,14.9,false
2025-07-01,2025-Q3,NYC,9,PBSK02,Courtcraft Court Shoe Low,BSK,26368,24889,1479,5.9,false
2025-07-01,2025-Q3,NYC,10,PPKB02,Aerion Outdoor Balls 6pk,PKB,15386,13941,1445,10.4,false
2025-10-01,2025-Q4,NYC,1,PPKB01,Kestrel Pro Carbon Paddle 16mm,PKB,29643,22738,6905,30.4,false
2025-10-01,2025-Q4,NYC,2,PLAX04,Courtcraft Mesh Head Pro,LAX,8997,3198,5799,181.3,false
2025-10-01,2025-Q4,NYC,3,PBSK03,Kestrel Pro Portable Hoop 54in,BSK,24903,19370,5533,28.6,false
2025-10-01,2025-Q4,NYC,4,PVOL04,Kestrel Pro Court Shoe Mid,VOL,9006,4150,4856,117.0,false
2025-10-01,2025-Q4,NYC,5,PCYC01,Aerion Gravel Bike 105,CYC,20746,16126,4620,28.6,false
2025-10-01,2025-Q4,NYC,6,PPKB04,Loftline Thermoformed Pro Paddle,PKB,15154,11698,3456,29.5,false
2025-10-01,2025-Q4,NYC,7,PSOC01,Stridewell Match Ball Pro,SOC,61883,58826,3057,5.2,false
2025-10-01,2025-Q4,NYC,8,PRUN03,Kestrel Pro Carbon Race Flat,RUN,57931,55432,2499,4.5,false
2025-10-01,2025-Q4,NYC,9,PSOC04,Ironpeak 2026 Host City Replica Ball,SOC,2362,0,2362,,true
2025-10-01,2025-Q4,NYC,10,PPKB02,Aerion Outdoor Balls 6pk,PKB,19784,17524,2260,12.9,false
2026-01-01,2026-Q1,NYC,1,PSOC04,Ironpeak 2026 Host City Replica Ball,SOC,10329,0,10329,,true
2026-01-01,2026-Q1,NYC,2,PRUN03,Kestrel Pro Carbon Race Flat,RUN,61901,56006,5895,10.5,false
2026-01-01,2026-Q1,NYC,3,PPKB02,Aerion Outdoor Balls 6pk,PKB,19719,15806,3913,24.8,false
2026-01-01,2026-Q1,NYC,4,PPKB03,Kestrel Pro Court Shoe,PKB,14822,11660,3162,27.1,false
2026-01-01,2026-Q1,NYC,5,PPKB01,Kestrel Pro Carbon Paddle 16mm,PKB,24267,21811,2456,11.3,false
2026-01-01,2026-Q1,NYC,6,PTEN01,Bramble Tour Racquet 98,TEN,20989,18541,2448,13.2,false
2026-01-01,2026-Q1,NYC,7,PLAX04,Courtcraft Mesh Head Pro,LAX,8373,6215,2158,34.7,false
2026-01-01,2026-Q1,NYC,8,PRUN04,Loftline Hydration Vest,RUN,14010,11930,2080,17.4,false
2026-01-01,2026-Q1,NYC,9,PGLF04,Aerion Launch Monitor Mini,GLF,12358,10507,1851,17.6,false
2026-01-01,2026-Q1,NYC,10,PBSK02,Courtcraft Court Shoe Low,BSK,22200,20477,1723,8.4,false
2026-04-01,2026-Q2,NYC,1,PSOC04,Ironpeak 2026 Host City Replica Ball,SOC,25403,0,25403,,true
2026-04-01,2026-Q2,NYC,2,PRUN01,Kestrel Pro Tempo Road Shoe,RUN,60102,48586,11516,23.7,false
2026-04-01,2026-Q2,NYC,3,PPKB01,Kestrel Pro Carbon Paddle 16mm,PKB,30815,22387,8428,37.6,false
2026-04-01,2026-Q2,NYC,4,PRUN02,Aerion Trail Runner GTX,RUN,45723,39723,6000,15.1,false
2026-04-01,2026-Q2,NYC,5,PPKB02,Aerion Outdoor Balls 6pk,PKB,21929,16904,5025,29.7,false
2026-04-01,2026-Q2,NYC,6,PRUN03,Kestrel Pro Carbon Race Flat,RUN,62676,57913,4763,8.2,false
2026-04-01,2026-Q2,NYC,7,PPKB03,Kestrel Pro Court Shoe,PKB,16212,11845,4367,36.9,false
2026-04-01,2026-Q2,NYC,8,PSOC02,Loftline FG Cleat Elite,SOC,44691,40455,4236,10.5,false
2026-04-01,2026-Q2,NYC,9,PCYC01,Aerion Gravel Bike 105,CYC,31059,26828,4231,15.8,false
2026-04-01,2026-Q2,NYC,10,PPKB04,Loftline Thermoformed Pro Paddle,PKB,17143,13980,3163,22.6,false
2023-01-01,2023-Q1,LAX,1,PRUN01,Kestrel Pro Tempo Road Shoe,RUN,54738,47007,7731,16.4,false
2023-01-01,2023-Q1,LAX,2,PRUN02,Aerion Trail Runner GTX,RUN,41822,37304,4518,12.1,false
2023-01-01,2023-Q1,LAX,3,PPKB02,Aerion Outdoor Balls 6pk,PKB,10672,7266,3406,46.9,false
2023-01-01,2023-Q1,LAX,4,PPKB01,Kestrel Pro Carbon Paddle 16mm,PKB,13326,10033,3293,32.8,false
2023-01-01,2023-Q1,LAX,5,PPKB03,Kestrel Pro Court Shoe,PKB,6999,5273,1726,32.7,false
2023-01-01,2023-Q1,LAX,6,PSNW02,Courtcraft Snowboard Boot,SNW,13728,12519,1209,9.7,false
2023-01-01,2023-Q1,LAX,7,PVOL02,Vela Knee Pads,VOL,5849,4728,1121,23.7,false
2023-01-01,2023-Q1,LAX,8,PBSK01,Loftline Indoor Game Ball,BSK,18904,17789,1115,6.3,false
2023-01-01,2023-Q1,LAX,9,PCLM02,Ironpeak Chalk Bag,CLM,7016,5958,1058,17.8,false
2023-01-01,2023-Q1,LAX,10,PBSK03,Kestrel Pro Portable Hoop 54in,BSK,9344,8354,990,11.9,false
2023-04-01,2023-Q2,LAX,1,PPKB02,Aerion Outdoor Balls 6pk,PKB,12261,7540,4721,62.6,false
2023-04-01,2023-Q2,LAX,2,PPKB03,Kestrel Pro Court Shoe,PKB,7379,5485,1894,34.5,false
2023-04-01,2023-Q2,LAX,3,PCLM01,Courtcraft Bouldering Shoe,CLM,8547,7108,1439,20.2,false
2023-04-01,2023-Q2,LAX,4,PBSK02,Courtcraft Court Shoe Low,BSK,12533,11234,1299,11.6,false
2023-04-01,2023-Q2,LAX,5,PPKB01,Kestrel Pro Carbon Paddle 16mm,PKB,13339,12051,1288,10.7,false
2023-04-01,2023-Q2,LAX,6,PCLM02,Ironpeak Chalk Bag,CLM,6239,5158,1081,21.0,false
2023-04-01,2023-Q2,LAX,7,PVOL03,Kestrel Pro Beach Ball Pro,VOL,6194,5147,1047,20.3,false
2023-04-01,2023-Q2,LAX,8,PBSB02,Ironpeak Fielding Glove 11.75,BSB,14155,13124,1031,7.9,false
2023-04-01,2023-Q2,LAX,9,PBSB01,Courtcraft BBCOR Alloy Bat,BSB,19168,18344,824,4.5,false
2023-04-01,2023-Q2,LAX,10,PRUN01,Kestrel Pro Tempo Road Shoe,RUN,55686,54942,744,1.4,false
2023-07-01,2023-Q3,LAX,1,PSOC01,Stridewell Match Ball Pro,SOC,43389,37873,5516,14.6,false
2023-07-01,2023-Q3,LAX,2,PSOC03,Kestrel Pro Shin Guard Lite,SOC,21650,17321,4329,25.0,false
2023-07-01,2023-Q3,LAX,3,PBSK01,Loftline Indoor Game Ball,BSK,23087,19611,3476,17.7,false
2023-07-01,2023-Q3,LAX,4,PBSK02,Courtcraft Court Shoe Low,BSK,17946,14484,3462,23.9,false
2023-07-01,2023-Q3,LAX,5,PGLF04,Aerion Launch Monitor Mini,GLF,2919,0,2919,,true
2023-07-01,2023-Q3,LAX,6,PVOL01,Ironpeak Indoor Game Ball,VOL,14007,11163,2844,25.5,false
2023-07-01,2023-Q3,LAX,7,PPKB01,Kestrel Pro Carbon Paddle 16mm,PKB,11797,9068,2729,30.1,false
2023-07-01,2023-Q3,LAX,8,PPKB02,Aerion Outdoor Balls 6pk,PKB,9848,7660,2188,28.6,false
2023-07-01,2023-Q3,LAX,9,PPKB03,Kestrel Pro Court Shoe,PKB,7010,4836,2174,45.0,false
2023-07-01,2023-Q3,LAX,10,PRUN04,Loftline Hydration Vest,RUN,11405,9841,1564,15.9,false
2023-10-01,2023-Q4,LAX,1,PGLF04,Aerion Launch Monitor Mini,GLF,5268,0,5268,,true
2023-10-01,2023-Q4,LAX,2,PRUN02,Aerion Trail Runner GTX,RUN,45405,41121,4284,10.4,false
2023-10-01,2023-Q4,LAX,3,PPKB01,Kestrel Pro Carbon Paddle 16mm,PKB,16212,12717,3495,27.5,false
2023-10-01,2023-Q4,LAX,4,PBSB04,Bramble USSSA Composite Bat,BSB,3205,0,3205,,true
2023-10-01,2023-Q4,LAX,5,PCLM01,Courtcraft Bouldering Shoe,CLM,11430,9667,1763,18.2,false
2023-10-01,2023-Q4,LAX,6,PRUN01,Kestrel Pro Tempo Road Shoe,RUN,56080,54529,1551,2.8,false
2023-10-01,2023-Q4,LAX,7,PSOC01,Stridewell Match Ball Pro,SOC,41879,40429,1450,3.6,false
2023-10-01,2023-Q4,LAX,8,PPKB03,Kestrel Pro Court Shoe,PKB,7749,6339,1410,22.2,false
2023-10-01,2023-Q4,LAX,9,PPKB02,Aerion Outdoor Balls 6pk,PKB,11026,9621,1405,14.6,false
2023-10-01,2023-Q4,LAX,10,PSOC03,Kestrel Pro Shin Guard Lite,SOC,21248,19876,1372,6.9,false
2024-01-01,2024-Q1,LAX,1,PGLF04,Aerion Launch Monitor Mini,GLF,8411,0,8411,,true
2024-01-01,2024-Q1,LAX,2,PBSB04,Bramble USSSA Composite Bat,BSB,6982,0,6982,,true
2024-01-01,2024-Q1,LAX,3,PBSK01,Loftline Indoor Game Ball,BSK,20909,18904,2005,10.6,false
2024-01-01,2024-Q1,LAX,4,PTEN03,Kestrel Pro All-Court Shoe,TEN,7772,6233,1539,24.7,false
2024-01-01,2024-Q1,LAX,5,PPKB01,Kestrel Pro Carbon Paddle 16mm,PKB,14777,13326,1451,10.9,false
2024-01-01,2024-Q1,LAX,6,PTEN01,Bramble Tour Racquet 98,TEN,14182,12759,1423,11.2,false
2024-01-01,2024-Q1,LAX,7,PCLM01,Courtcraft Bouldering Shoe,CLM,8708,7821,887,11.3,false
2024-01-01,2024-Q1,LAX,8,PSOC03,Kestrel Pro Shin Guard Lite,SOC,14001,13135,866,6.6,false
2024-01-01,2024-Q1,LAX,9,PTEN04,Stridewell String Reel,TEN,3866,3223,643,20.0,false
2024-01-01,2024-Q1,LAX,10,PVOL01,Ironpeak Indoor Game Ball,VOL,7781,7150,631,8.8,false
2024-04-01,2024-Q2,LAX,1,PRUN03,Kestrel Pro Carbon Race Flat,RUN,11505,0,11505,,true
2024-04-01,2024-Q2,LAX,2,PGLF04,Aerion Launch Monitor Mini,GLF,9308,0,9308,,true
2024-04-01,2024-Q2,LAX,3,PBSB04,Bramble USSSA Composite Bat,BSB,8031,0,8031,,true
2024-04-01,2024-Q2,LAX,4,PPKB04,Loftline Thermoformed Pro Paddle,PKB,4605,0,4605,,true
2024-04-01,2024-Q2,LAX,5,PSOC03,Kestrel Pro Shin Guard Lite,SOC,19493,16355,3138,19.2,false
2024-04-01,2024-Q2,LAX,6,PPKB01,Kestrel Pro Carbon Paddle 16mm,PKB,16338,13339,2999,22.5,false
2024-04-01,2024-Q2,LAX,7,PSOC01,Stridewell Match Ball Pro,SOC,39658,36920,2738,7.4,false
2024-04-01,2024-Q2,LAX,8,PTEN02,Kestrel Pro Pressurized Balls 3pk,TEN,13709,11215,2494,22.2,false
2024-04-01,2024-Q2,LAX,9,PSOC02,Loftline FG Cleat Elite,SOC,29126,27219,1907,7.0,false
2024-04-01,2024-Q2,LAX,10,PVOL01,Ironpeak Indoor Game Ball,VOL,12345,10820,1525,14.1,false
2024-07-01,2024-Q3,LAX,1,PRUN03,Kestrel Pro Carbon Race Flat,RUN,23212,0,23212,,true
2024-07-01,2024-Q3,LAX,2,PSOC02,Loftline FG Cleat Elite,SOC,36001,28967,7034,24.3,false
2024-07-01,2024-Q3,LAX,3,PPKB04,Loftline Thermoformed Pro Paddle,PKB,6129,0,6129,,true
2024-07-01,2024-Q3,LAX,4,PGLF04,Aerion Launch Monitor Mini,GLF,7598,2919,4679,160.3,false
2024-07-01,2024-Q3,LAX,5,PSNW01,Loftline All-Mountain Ski,SNW,14241,9983,4258,42.7,false
2024-07-01,2024-Q3,LAX,6,PBSB04,Bramble USSSA Composite Bat,BSB,4143,0,4143,,true
2024-07-01,2024-Q3,LAX,7,PCLM04,Bramble Harness Lite,CLM,2702,0,2702,,true
2024-07-01,2024-Q3,LAX,8,PSOC01,Stridewell Match Ball Pro,SOC,46049,43389,2660,6.1,false
2024-07-01,2024-Q3,LAX,9,PFTB04,Kestrel Pro Flag Football Set,FTB,1326,0,1326,,true
2024-07-01,2024-Q3,LAX,10,PVOL03,Kestrel Pro Beach Ball Pro,VOL,8072,6748,1324,19.6,false
2024-10-01,2024-Q4,LAX,1,PRUN03,Kestrel Pro Carbon Race Flat,RUN,34528,0,34528,,true
2024-10-01,2024-Q4,LAX,2,PPKB04,Loftline Thermoformed Pro Paddle,PKB,8448,0,8448,,true
2024-10-01,2024-Q4,LAX,3,PSNW02,Courtcraft Snowboard Boot,SNW,24470,18328,6142,33.5,false
2024-10-01,2024-Q4,LAX,4,PSNW01,Loftline All-Mountain Ski,SNW,30008,24634,5374,21.8,false
2024-10-01,2024-Q4,LAX,5,PCLM04,Bramble Harness Lite,CLM,4781,0,4781,,true
2024-10-01,2024-Q4,LAX,6,PBSB04,Bramble USSSA Composite Bat,BSB,7382,3205,4177,130.3,false
2024-10-01,2024-Q4,LAX,7,PVOL04,Kestrel Pro Court Shoe Mid,VOL,3287,0,3287,,true
2024-10-01,2024-Q4,LAX,8,PSOC02,Loftline FG Cleat Elite,SOC,31597,28834,2763,9.6,false
2024-10-01,2024-Q4,LAX,9,PSNW03,Kestrel Pro Insulated Shell,SNW,15752,13323,2429,18.2,false
2024-10-01,2024-Q4,LAX,10,PBSK01,Loftline Indoor Game Ball,BSK,30838,28535,2303,8.1,false
2025-01-01,2025-Q1,LAX,1,PRUN03,Kestrel Pro Carbon Race Flat,RUN,37886,0,37886,,true
2025-01-01,2025-Q1,LAX,2,PPKB04,Loftline Thermoformed Pro Paddle,PKB,7463,522,6941,1329.7,false
2025-01-01,2025-Q1,LAX,3,PSNW01,Loftline All-Mountain Ski,SNW,16142,10996,5146,46.8,false
2025-01-01,2025-Q1,LAX,4,PSNW02,Courtcraft Snowboard Boot,SNW,12501,8025,4476,55.8,false
2025-01-01,2025-Q1,LAX,5,PSOC01,Stridewell Match Ball Pro,SOC,29791,25412,4379,17.2,false
2025-01-01,2025-Q1,LAX,6,PCLM04,Bramble Harness Lite,CLM,4338,0,4338,,true
2025-01-01,2025-Q1,LAX,7,PBSB04,Bramble USSSA Composite Bat,BSB,11305,6982,4323,61.9,false
2025-01-01,2025-Q1,LAX,8,PVOL04,Kestrel Pro Court Shoe Mid,VOL,3632,0,3632,,true
2025-01-01,2025-Q1,LAX,9,PSNW03,Kestrel Pro Insulated Shell,SNW,8247,5501,2746,49.9,false
2025-01-01,2025-Q1,LAX,10,PBSB02,Ironpeak Fielding Glove 11.75,BSB,15450,12850,2600,20.2,false
2025-04-01,2025-Q2,LAX,1,PRUN03,Kestrel Pro Carbon Race Flat,RUN,36495,11505,24990,217.2,false
2025-04-01,2025-Q2,LAX,2,PVOL04,Kestrel Pro Court Shoe Mid,VOL,5694,0,5694,,true
2025-04-01,2025-Q2,LAX,3,PPKB04,Loftline Thermoformed Pro Paddle,PKB,10185,4605,5580,121.2,false
2025-04-01,2025-Q2,LAX,4,PFTB04,Kestrel Pro Flag Football Set,FTB,3587,0,3587,,true
2025-04-01,2025-Q2,LAX,5,PSOC02,Loftline FG Cleat Elite,SOC,31873,29126,2747,9.4,false
2025-04-01,2025-Q2,LAX,6,PCLM04,Bramble Harness Lite,CLM,3345,1324,2021,152.6,false
2025-04-01,2025-Q2,LAX,7,PBSK02,Courtcraft Court Shoe Low,BSK,13754,12184,1570,12.9,false
2025-04-01,2025-Q2,LAX,8,PTEN01,Bramble Tour Racquet 98,TEN,17096,15630,1466,9.4,false
2025-04-01,2025-Q2,LAX,9,PBSB01,Courtcraft BBCOR Alloy Bat,BSB,15509,14133,1376,9.7,false
2025-04-01,2025-Q2,LAX,10,PBSK01,Loftline Indoor Game Ball,BSK,18196,16846,1350,8.0,false
2025-07-01,2025-Q3,LAX,1,PRUN03,Kestrel Pro Carbon Race Flat,RUN,31374,23212,8162,35.2,false
2025-07-01,2025-Q3,LAX,2,PVOL04,Kestrel Pro Court Shoe Mid,VOL,7610,588,7022,1194.2,false
2025-07-01,2025-Q3,LAX,3,PSOC03,Kestrel Pro Shin Guard Lite,SOC,25954,22122,3832,17.3,false
2025-07-01,2025-Q3,LAX,4,PPKB01,Kestrel Pro Carbon Paddle 16mm,PKB,16036,12242,3794,31.0,false
2025-07-01,2025-Q3,LAX,5,PFTB04,Kestrel Pro Flag Football Set,FTB,5105,1326,3779,285.0,false
2025-07-01,2025-Q3,LAX,6,PPKB04,Loftline Thermoformed Pro Paddle,PKB,8673,6129,2544,41.5,false
2025-07-01,2025-Q3,LAX,7,PPKB02,Aerion Outdoor Balls 6pk,PKB,11542,9081,2461,27.1,false
2025-07-01,2025-Q3,LAX,8,PSOC01,Stridewell Match Ball Pro,SOC,48459,46049,2410,5.2,false
2025-07-01,2025-Q3,LAX,9,PTEN01,Bramble Tour Racquet 98,TEN,13983,12112,1871,15.4,false
2025-07-01,2025-Q3,LAX,10,PCYC01,Aerion Gravel Bike 105,CYC,14636,12924,1712,13.2,false
2025-10-01,2025-Q4,LAX,1,PRUN03,Kestrel Pro Carbon Race Flat,RUN,40121,34528,5593,16.2,false
2025-10-01,2025-Q4,LAX,2,PVOL04,Kestrel Pro Court Shoe Mid,VOL,7038,3287,3751,114.1,false
2025-10-01,2025-Q4,LAX,3,PRUN01,Kestrel Pro Tempo Road Shoe,RUN,38352,34764,3588,10.3,false
2025-10-01,2025-Q4,LAX,4,PBSK01,Loftline Indoor Game Ball,BSK,34263,30838,3425,11.1,false
2025-10-01,2025-Q4,LAX,5,PRUN02,Aerion Trail Runner GTX,RUN,30605,27228,3377,12.4,false
2025-10-01,2025-Q4,LAX,6,PSOC01,Stridewell Match Ball Pro,SOC,46041,42825,3216,7.5,false
2025-10-01,2025-Q4,LAX,7,PCLM01,Courtcraft Bouldering Shoe,CLM,11430,9238,2192,23.7,false
2025-10-01,2025-Q4,LAX,8,PSOC02,Loftline FG Cleat Elite,SOC,33493,31597,1896,6.0,false
2025-10-01,2025-Q4,LAX,9,PBSB01,Courtcraft BBCOR Alloy Bat,BSB,16536,14643,1893,12.9,false
2025-10-01,2025-Q4,LAX,10,PPKB04,Loftline Thermoformed Pro Paddle,PKB,10328,8448,1880,22.3,false
2026-01-01,2026-Q1,LAX,1,PSOC04,Ironpeak 2026 Host City Replica Ball,SOC,8488,0,8488,,true
2026-01-01,2026-Q1,LAX,2,PRUN03,Kestrel Pro Carbon Race Flat,RUN,43332,37886,5446,14.4,false
2026-01-01,2026-Q1,LAX,3,PPKB04,Loftline Thermoformed Pro Paddle,PKB,11031,7463,3568,47.8,false
2026-01-01,2026-Q1,LAX,4,PPKB01,Kestrel Pro Carbon Paddle 16mm,PKB,18929,15832,3097,19.6,false
2026-01-01,2026-Q1,LAX,5,PPKB03,Kestrel Pro Court Shoe,PKB,9001,7175,1826,25.4,false
2026-01-01,2026-Q1,LAX,6,PSNW01,Loftline All-Mountain Ski,SNW,17686,16142,1544,9.6,false
2026-01-01,2026-Q1,LAX,7,PBSK02,Courtcraft Court Shoe Low,BSK,15207,13795,1412,10.2,false
2026-01-01,2026-Q1,LAX,8,PBSB04,Bramble USSSA Composite Bat,BSB,12592,11305,1287,11.4,false
2026-01-01,2026-Q1,LAX,9,PCLM01,Courtcraft Bouldering Shoe,CLM,9146,7970,1176,14.8,false
2026-01-01,2026-Q1,LAX,10,PCLM02,Ironpeak Chalk Bag,CLM,6386,5303,1083,20.4,false
2026-04-01,2026-Q2,LAX,1,PSOC04,Ironpeak 2026 Host City Replica Ball,SOC,17287,0,17287,,true
2026-04-01,2026-Q2,LAX,2,PRUN01,Kestrel Pro Tempo Road Shoe,RUN,43341,34160,9181,26.9,false
2026-04-01,2026-Q2,LAX,3,PRUN03,Kestrel Pro Carbon Race Flat,RUN,42411,36495,5916,16.2,false
2026-04-01,2026-Q2,LAX,4,PPKB01,Kestrel Pro Carbon Paddle 16mm,PKB,19829,17480,2349,13.4,false
2026-04-01,2026-Q2,LAX,5,PPKB03,Kestrel Pro Court Shoe,PKB,10160,7819,2341,29.9,false
2026-04-01,2026-Q2,LAX,6,PRUN02,Aerion Trail Runner GTX,RUN,28724,26458,2266,8.6,false
2026-04-01,2026-Q2,LAX,7,PPKB02,Aerion Outdoor Balls 6pk,PKB,15037,12952,2085,16.1,false
2026-04-01,2026-Q2,LAX,8,PBSK01,Loftline Indoor Game Ball,BSK,20019,18196,1823,10.0,false
2026-04-01,2026-Q2,LAX,9,PVOL02,Vela Knee Pads,VOL,9111,7510,1601,21.3,false
2026-04-01,2026-Q2,LAX,10,PTEN03,Kestrel Pro All-Court Shoe,TEN,9084,7711,1373,17.8,false
2023-01-01,2023-Q1,CHI,1,PRUN01,Kestrel Pro Tempo Road Shoe,RUN,36526,32559,3967,12.2,false
2023-01-01,2023-Q1,CHI,2,PGLF01,Vela Game-Improvement Irons,GLF,14560,13181,1379,10.5,false
2023-01-01,2023-Q1,CHI,3,PPKB02,Aerion Outdoor Balls 6pk,PKB,6364,5059,1305,25.8,false
2023-01-01,2023-Q1,CHI,4,PPKB03,Kestrel Pro Court Shoe,PKB,4577,3330,1247,37.4,false
2023-01-01,2023-Q1,CHI,5,PTEN03,Kestrel Pro All-Court Shoe,TEN,5438,4260,1178,27.7,false
2023-01-01,2023-Q1,CHI,6,PPKB01,Kestrel Pro Carbon Paddle 16mm,PKB,9142,8079,1063,13.2,false
2023-01-01,2023-Q1,CHI,7,PCLM01,Courtcraft Bouldering Shoe,CLM,4540,3923,617,15.7,false
2023-01-01,2023-Q1,CHI,8,PCLM02,Ironpeak Chalk Bag,CLM,3240,2625,615,23.4,false
2023-01-01,2023-Q1,CHI,9,PBSK01,Loftline Indoor Game Ball,BSK,14362,13768,594,4.3,false
2023-01-01,2023-Q1,CHI,10,PVOL02,Vela Knee Pads,VOL,4544,4099,445,10.9,false
2023-04-01,2023-Q2,CHI,1,PSOC01,Stridewell Match Ball Pro,SOC,27735,22958,4777,20.8,false
2023-04-01,2023-Q2,CHI,2,PPKB01,Kestrel Pro Carbon Paddle 16mm,PKB,11120,7441,3679,49.4,false
2023-04-01,2023-Q2,CHI,3,PPKB02,Aerion Outdoor Balls 6pk,PKB,8787,5385,3402,63.2,false
2023-04-01,2023-Q2,CHI,4,PGLF01,Vela Game-Improvement Irons,GLF,19256,16939,2317,13.7,false
2023-04-01,2023-Q2,CHI,5,PSOC02,Loftline FG Cleat Elite,SOC,20048,18272,1776,9.7,false
2023-04-01,2023-Q2,CHI,6,PPKB03,Kestrel Pro Court Shoe,PKB,5677,4375,1302,29.8,false
2023-04-01,2023-Q2,CHI,7,PBSB02,Ironpeak Fielding Glove 11.75,BSB,10675,9411,1264,13.4,false
2023-04-01,2023-Q2,CHI,8,PGLF02,Bramble Distance Ball 12pk,GLF,13725,12773,952,7.5,false
2023-04-01,2023-Q2,CHI,9,PVOL03,Kestrel Pro Beach Ball Pro,VOL,4982,4376,606,13.8,false
2023-04-01,2023-Q2,CHI,10,PBSB03,Kestrel Pro Batting Helmet,BSB,6804,6233,571,9.2,false
2023-07-01,2023-Q3,CHI,1,PSOC02,Loftline FG Cleat Elite,SOC,25655,19335,6320,32.7,false
2023-07-01,2023-Q3,CHI,2,PBSK01,Loftline Indoor Game Ball,BSK,17735,14728,3007,20.4,false
2023-07-01,2023-Q3,CHI,3,PVOL01,Ironpeak Indoor Game Ball,VOL,11402,8587,2815,32.8,false
2023-07-01,2023-Q3,CHI,4,PGLF04,Aerion Launch Monitor Mini,GLF,2225,0,2225,,true
2023-07-01,2023-Q3,CHI,5,PPKB01,Kestrel Pro Carbon Paddle 16mm,PKB,9087,6952,2135,30.7,false
2023-07-01,2023-Q3,CHI,6,PSOC03,Kestrel Pro Shin Guard Lite,SOC,17215,15672,1543,9.8,false
2023-07-01,2023-Q3,CHI,7,PBSK02,Courtcraft Court Shoe Low,BSK,13462,12043,1419,11.8,false
2023-07-01,2023-Q3,CHI,8,PHKY02,Loftline Senior Skate,HKY,5727,4354,1373,31.5,false
2023-07-01,2023-Q3,CHI,9,PPKB02,Aerion Outdoor Balls 6pk,PKB,6834,5475,1359,24.8,false
2023-07-01,2023-Q3,CHI,10,PCYC01,Aerion Gravel Bike 105,CYC,11284,10082,1202,11.9,false
2023-10-01,2023-Q4,CHI,1,PRUN01,Kestrel Pro Tempo Road Shoe,RUN,42982,35916,7066,19.7,false
2023-10-01,2023-Q4,CHI,2,PGLF04,Aerion Launch Monitor Mini,GLF,3715,0,3715,,true
2023-10-01,2023-Q4,CHI,3,PTEN01,Bramble Tour Racquet 98,TEN,10727,7691,3036,39.5,false
2023-10-01,2023-Q4,CHI,4,PPKB01,Kestrel Pro Carbon Paddle 16mm,PKB,11715,8697,3018,34.7,false
2023-10-01,2023-Q4,CHI,5,PBSB04,Bramble USSSA Composite Bat,BSB,2501,0,2501,,true
2023-10-01,2023-Q4,CHI,6,PPKB03,Kestrel Pro Court Shoe,PKB,5791,4685,1106,23.6,false
2023-10-01,2023-Q4,CHI,7,PVOL03,Kestrel Pro Beach Ball Pro,VOL,5549,4574,975,21.3,false
2023-10-01,2023-Q4,CHI,8,PTEN03,Kestrel Pro All-Court Shoe,TEN,5099,4249,850,20.0,false
2023-10-01,2023-Q4,CHI,9,PTEN02,Kestrel Pro Pressurized Balls 3pk,TEN,7582,6855,727,10.6,false
2023-10-01,2023-Q4,CHI,10,PFTB02,Vela Receiver Gloves,FTB,5091,4396,695,15.8,false
2024-01-01,2024-Q1,CHI,1,PGLF04,Aerion Launch Monitor Mini,GLF,6034,0,6034,,true
2024-01-01,2024-Q1,CHI,2,PBSB04,Bramble USSSA Composite Bat,BSB,5473,0,5473,,true
2024-01-01,2024-Q1,CHI,3,PPKB02,Aerion Outdoor Balls 6pk,PKB,9760,6364,3396,53.4,false
2024-01-01,2024-Q1,CHI,4,PPKB01,Kestrel Pro Carbon Paddle 16mm,PKB,11816,9142,2674,29.2,false
2024-01-01,2024-Q1,CHI,5,PSOC02,Loftline FG Cleat Elite,SOC,15424,13082,2342,17.9,false
2024-01-01,2024-Q1,CHI,6,PTEN01,Bramble Tour Racquet 98,TEN,11391,9751,1640,16.8,false
2024-01-01,2024-Q1,CHI,7,PTEN02,Kestrel Pro Pressurized Balls 3pk,TEN,8702,7076,1626,23.0,false
2024-01-01,2024-Q1,CHI,8,PRUN02,Aerion Trail Runner GTX,RUN,28261,26704,1557,5.8,false
2024-01-01,2024-Q1,CHI,9,PSOC01,Stridewell Match Ball Pro,SOC,19323,18039,1284,7.1,false
2024-01-01,2024-Q1,CHI,10,PSOC03,Kestrel Pro Shin Guard Lite,SOC,9427,8185,1242,15.2,false
2024-04-01,2024-Q2,CHI,1,PRUN03,Kestrel Pro Carbon Race Flat,RUN,8466,0,8466,,true
2024-04-01,2024-Q2,CHI,2,PGLF04,Aerion Launch Monitor Mini,GLF,7545,0,7545,,true
2024-04-01,2024-Q2,CHI,3,PBSB04,Bramble USSSA Composite Bat,BSB,5493,0,5493,,true
2024-04-01,2024-Q2,CHI,4,PPKB04,Loftline Thermoformed Pro Paddle,PKB,3458,0,3458,,true
2024-04-01,2024-Q2,CHI,5,PRUN01,Kestrel Pro Tempo Road Shoe,RUN,42538,39406,3132,7.9,false
2024-04-01,2024-Q2,CHI,6,PSOC03,Kestrel Pro Shin Guard Lite,SOC,14239,11824,2415,20.4,false
2024-04-01,2024-Q2,CHI,7,PRUN02,Aerion Trail Runner GTX,RUN,29480,27310,2170,7.9,false
2024-04-01,2024-Q2,CHI,8,PTEN02,Kestrel Pro Pressurized Balls 3pk,TEN,9358,8030,1328,16.5,false
2024-04-01,2024-Q2,CHI,9,PBSK03,Kestrel Pro Portable Hoop 54in,BSK,6692,5395,1297,24.0,false
2024-04-01,2024-Q2,CHI,10,PPKB01,Kestrel Pro Carbon Paddle 16mm,PKB,12320,11120,1200,10.8,false
2024-07-01,2024-Q3,CHI,1,PRUN03,Kestrel Pro Carbon Race Flat,RUN,17004,0,17004,,true
2024-07-01,2024-Q3,CHI,2,PPKB04,Loftline Thermoformed Pro Paddle,PKB,4807,0,4807,,true
2024-07-01,2024-Q3,CHI,3,PBSB04,Bramble USSSA Composite Bat,BSB,3493,0,3493,,true
2024-07-01,2024-Q3,CHI,4,PGLF04,Aerion Launch Monitor Mini,GLF,5330,2225,3105,139.6,false
2024-07-01,2024-Q3,CHI,5,PCLM04,Bramble Harness Lite,CLM,1231,0,1231,,true
2024-07-01,2024-Q3,CHI,6,PSOC01,Stridewell Match Ball Pro,SOC,32909,31828,1081,3.4,false
2024-07-01,2024-Q3,CHI,7,PFTB04,Kestrel Pro Flag Football Set,FTB,944,0,944,,true
2024-07-01,2024-Q3,CHI,8,PVOL03,Kestrel Pro Beach Ball Pro,VOL,6130,5236,894,17.1,false
2024-07-01,2024-Q3,CHI,9,PPKB02,Aerion Outdoor Balls 6pk,PKB,7288,6834,454,6.6,false
2024-07-01,2024-Q3,CHI,10,PVOL01,Ironpeak Indoor Game Ball,VOL,11844,11402,442,3.9,false
2024-10-01,2024-Q4,CHI,1,PRUN03,Kestrel Pro Carbon Race Flat,RUN,27686,0,27686,,true
2024-10-01,2024-Q4,CHI,2,PPKB04,Loftline Thermoformed Pro Paddle,PKB,6958,0,6958,,true
2024-10-01,2024-Q4,CHI,3,PSOC02,Loftline FG Cleat Elite,SOC,25957,20435,5522,27.0,false
2024-10-01,2024-Q4,CHI,4,PSOC01,Stridewell Match Ball Pro,SOC,30451,26103,4348,16.7,false
2024-10-01,2024-Q4,CHI,5,PBSB04,Bramble USSSA Composite Bat,BSB,6067,2501,3566,142.6,false
2024-10-01,2024-Q4,CHI,6,PSNW01,Loftline All-Mountain Ski,SNW,13519,9986,3533,35.4,false
2024-10-01,2024-Q4,CHI,7,PCLM04,Bramble Harness Lite,CLM,2712,0,2712,,true
2024-10-01,2024-Q4,CHI,8,PSOC03,Kestrel Pro Shin Guard Lite,SOC,15307,12674,2633,20.8,false
2024-10-01,2024-Q4,CHI,9,PBSK01,Loftline Indoor Game Ball,BSK,24171,21825,2346,10.7,false
2024-10-01,2024-Q4,CHI,10,PVOL04,Kestrel Pro Court Shoe Mid,VOL,2310,0,2310,,true
2025-01-01,2025-Q1,CHI,1,PRUN03,Kestrel Pro Carbon Race Flat,RUN,29537,0,29537,,true
2025-01-01,2025-Q1,CHI,2,PPKB04,Loftline Thermoformed Pro Paddle,PKB,6144,381,5763,1512.6,false
2025-01-01,2025-Q1,CHI,3,PVOL04,Kestrel Pro Court Shoe Mid,VOL,2970,0,2970,,true
2025-01-01,2025-Q1,CHI,4,PBSB04,Bramble USSSA Composite Bat,BSB,7553,5473,2080,38.0,false
2025-01-01,2025-Q1,CHI,5,PSNW01,Loftline All-Mountain Ski,SNW,7488,5674,1814,32.0,false
2025-01-01,2025-Q1,CHI,6,PCLM04,Bramble Harness Lite,CLM,1770,0,1770,,true
2025-01-01,2025-Q1,CHI,7,PLAX04,Courtcraft Mesh Head Pro,LAX,1395,0,1395,,true
2025-01-01,2025-Q1,CHI,8,PFTB04,Kestrel Pro Flag Football Set,FTB,1345,0,1345,,true
2025-01-01,2025-Q1,CHI,9,PSOC01,Stridewell Match Ball Pro,SOC,20583,19323,1260,6.5,false
2025-01-01,2025-Q1,CHI,10,PSNW03,Kestrel Pro Insulated Shell,SNW,4406,3149,1257,39.9,false
2025-04-01,2025-Q2,CHI,1,PRUN03,Kestrel Pro Carbon Race Flat,RUN,28127,8466,19661,232.2,false
2025-04-01,2025-Q2,CHI,2,PVOL04,Kestrel Pro Court Shoe Mid,VOL,4947,0,4947,,true
2025-04-01,2025-Q2,CHI,3,PSOC01,Stridewell Match Ball Pro,SOC,28467,25137,3330,13.2,false
2025-04-01,2025-Q2,CHI,4,PPKB04,Loftline Thermoformed Pro Paddle,PKB,6588,3458,3130,90.5,false
2025-04-01,2025-Q2,CHI,5,PFTB04,Kestrel Pro Flag Football Set,FTB,2892,0,2892,,true
2025-04-01,2025-Q2,CHI,6,PTEN01,Bramble Tour Racquet 98,TEN,13523,10801,2722,25.2,false
2025-04-01,2025-Q2,CHI,7,PSOC02,Loftline FG Cleat Elite,SOC,21602,19953,1649,8.3,false
2025-04-01,2025-Q2,CHI,8,PBSB01,Courtcraft BBCOR Alloy Bat,BSB,11176,9703,1473,15.2,false
2025-04-01,2025-Q2,CHI,9,PCLM04,Bramble Harness Lite,CLM,1861,583,1278,219.2,false
2025-04-01,2025-Q2,CHI,10,PLAX04,Courtcraft Mesh Head Pro,LAX,1180,0,1180,,true
2025-07-01,2025-Q3,CHI,1,PRUN03,Kestrel Pro Carbon Race Flat,RUN,25989,17004,8985,52.8,false
2025-07-01,2025-Q3,CHI,2,PVOL04,Kestrel Pro Court Shoe Mid,VOL,5708,393,5315,1352.4,false
2025-07-01,2025-Q3,CHI,3,PFTB04,Kestrel Pro Flag Football Set,FTB,3329,944,2385,252.6,false
2025-07-01,2025-Q3,CHI,4,PSOC01,Stridewell Match Ball Pro,SOC,34626,32909,1717,5.2,false
2025-07-01,2025-Q3,CHI,5,PPKB04,Loftline Thermoformed Pro Paddle,PKB,6227,4807,1420,29.5,false
2025-07-01,2025-Q3,CHI,6,PTEN01,Bramble Tour Racquet 98,TEN,9981,8837,1144,12.9,false
2025-07-01,2025-Q3,CHI,7,PPKB01,Kestrel Pro Carbon Paddle 16mm,PKB,10447,9434,1013,10.7,false
2025-07-01,2025-Q3,CHI,8,PLAX04,Courtcraft Mesh Head Pro,LAX,743,0,743,,true
2025-07-01,2025-Q3,CHI,9,PPKB03,Kestrel Pro Court Shoe,PKB,5344,4647,697,15.0,false
2025-07-01,2025-Q3,CHI,10,PCYC01,Aerion Gravel Bike 105,CYC,9602,8931,671,7.5,false
2025-10-01,2025-Q4,CHI,1,PVOL04,Kestrel Pro Court Shoe Mid,VOL,5200,2310,2890,125.1,false
2025-10-01,2025-Q4,CHI,2,PPKB02,Aerion Outdoor Balls 6pk,PKB,10032,8230,1802,21.9,false
2025-10-01,2025-Q4,CHI,3,PPKB01,Kestrel Pro Carbon Paddle 16mm,PKB,12354,10559,1795,17.0,false
2025-10-01,2025-Q4,CHI,4,PCYC01,Aerion Gravel Bike 105,CYC,10044,8604,1440,16.7,false
2025-10-01,2025-Q4,CHI,5,PLAX04,Courtcraft Mesh Head Pro,LAX,1809,595,1214,204.0,false
2025-10-01,2025-Q4,CHI,6,PSOC04,Ironpeak 2026 Host City Replica Ball,SOC,1023,0,1023,,true
2025-10-01,2025-Q4,CHI,7,PSOC03,Kestrel Pro Shin Guard Lite,SOC,16190,15307,883,5.8,false
2025-10-01,2025-Q4,CHI,8,PRUN01,Kestrel Pro Tempo Road Shoe,RUN,27857,27033,824,3.0,false
2025-10-01,2025-Q4,CHI,9,PSOC01,Stridewell Match Ball Pro,SOC,31245,30451,794,2.6,false
2025-10-01,2025-Q4,CHI,10,PPKB03,Kestrel Pro Court Shoe,PKB,6194,5491,703,12.8,false
2026-01-01,2026-Q1,CHI,1,PSOC04,Ironpeak 2026 Host City Replica Ball,SOC,5516,0,5516,,true
2026-01-01,2026-Q1,CHI,2,PRUN01,Kestrel Pro Tempo Road Shoe,RUN,26960,25232,1728,6.8,false
2026-01-01,2026-Q1,CHI,3,PRUN03,Kestrel Pro Carbon Race Flat,RUN,31180,29537,1643,5.6,false
2026-01-01,2026-Q1,CHI,4,PPKB01,Kestrel Pro Carbon Paddle 16mm,PKB,12924,11418,1506,13.2,false
2026-01-01,2026-Q1,CHI,5,PPKB04,Loftline Thermoformed Pro Paddle,PKB,7355,6144,1211,19.7,false
2026-01-01,2026-Q1,CHI,6,PTEN01,Bramble Tour Racquet 98,TEN,10187,8982,1205,13.4,false
2026-01-01,2026-Q1,CHI,7,PRUN04,Loftline Hydration Vest,RUN,7123,6013,1110,18.5,false
2026-01-01,2026-Q1,CHI,8,PPKB02,Aerion Outdoor Balls 6pk,PKB,9775,8692,1083,12.5,false
2026-01-01,2026-Q1,CHI,9,PGLF03,Kestrel Pro Stand Bag,GLF,5542,4625,917,19.8,false
2026-01-01,2026-Q1,CHI,10,PPKB03,Kestrel Pro Court Shoe,PKB,6854,6080,774,12.7,false
2026-04-01,2026-Q2,CHI,1,PSOC04,Ironpeak 2026 Host City Replica Ball,SOC,13192,0,13192,,true
2026-04-01,2026-Q2,CHI,2,PPKB01,Kestrel Pro Carbon Paddle 16mm,PKB,14170,11662,2508,21.5,false
2026-04-01,2026-Q2,CHI,3,PPKB02,Aerion Outdoor Balls 6pk,PKB,10759,8853,1906,21.5,false
2026-04-01,2026-Q2,CHI,4,PPKB03,Kestrel Pro Court Shoe,PKB,7578,5986,1592,26.6,false
2026-04-01,2026-Q2,CHI,5,PVOL01,Ironpeak Indoor Game Ball,VOL,10068,8622,1446,16.8,false
2026-04-01,2026-Q2,CHI,6,PRUN01,Kestrel Pro Tempo Road Shoe,RUN,25357,24076,1281,5.3,false
2026-04-01,2026-Q2,CHI,7,PPKB04,Loftline Thermoformed Pro Paddle,PKB,7787,6588,1199,18.2,false
2026-04-01,2026-Q2,CHI,8,PCYC03,Kestrel Pro Smart Trainer,CYC,7490,6439,1051,16.3,false
2026-04-01,2026-Q2,CHI,9,PBSB04,Bramble USSSA Composite Bat,BSB,6366,5576,790,14.2,false
2026-04-01,2026-Q2,CHI,10,PHKY02,Loftline Senior Skate,HKY,3118,2377,741,31.2,false
2023-01-01,2023-Q1,DFW,1,PRUN01,Kestrel Pro Tempo Road Shoe,RUN,37098,32996,4102,12.4,false
2023-01-01,2023-Q1,DFW,2,PBSB02,Ironpeak Fielding Glove 11.75,BSB,15359,12261,3098,25.3,false
2023-01-01,2023-Q1,DFW,3,PPKB02,Aerion Outdoor Balls 6pk,PKB,8836,6325,2511,39.7,false
2023-01-01,2023-Q1,DFW,4,PPKB01,Kestrel Pro Carbon Paddle 16mm,PKB,11824,9349,2475,26.5,false
2023-01-01,2023-Q1,DFW,5,PBSB01,Courtcraft BBCOR Alloy Bat,BSB,17064,15024,2040,13.6,false
2023-01-01,2023-Q1,DFW,6,PPKB03,Kestrel Pro Court Shoe,PKB,5936,4463,1473,33.0,false
2023-01-01,2023-Q1,DFW,7,PSOC02,Loftline FG Cleat Elite,SOC,14009,12690,1319,10.4,false
2023-01-01,2023-Q1,DFW,8,PBSK01,Loftline Indoor Game Ball,BSK,14727,13855,872,6.3,false
2023-01-01,2023-Q1,DFW,9,PGLF01,Vela Game-Improvement Irons,GLF,16832,16031,801,5.0,false
2023-01-01,2023-Q1,DFW,10,PBSK02,Courtcraft Court Shoe Low,BSK,10774,10076,698,6.9,false
2023-04-01,2023-Q2,DFW,1,PSOC01,Stridewell Match Ball Pro,SOC,23668,19173,4495,23.4,false
2023-04-01,2023-Q2,DFW,2,PVOL02,Vela Knee Pads,VOL,7660,5320,2340,44.0,false
2023-04-01,2023-Q2,DFW,3,PPKB01,Kestrel Pro Carbon Paddle 16mm,PKB,12988,10652,2336,21.9,false
2023-04-01,2023-Q2,DFW,4,PGLF01,Vela Game-Improvement Irons,GLF,21725,19848,1877,9.5,false
2023-04-01,2023-Q2,DFW,5,PPKB02,Aerion Outdoor Balls 6pk,PKB,9122,7310,1812,24.8,false
2023-04-01,2023-Q2,DFW,6,PPKB03,Kestrel Pro Court Shoe,PKB,6962,5179,1783,34.4,false
2023-04-01,2023-Q2,DFW,7,PBSB02,Ironpeak Fielding Glove 11.75,BSB,12830,11194,1636,14.6,false
2023-04-01,2023-Q2,DFW,8,PRUN04,Loftline Hydration Vest,RUN,10107,8580,1527,17.8,false
2023-04-01,2023-Q2,DFW,9,PBSK02,Courtcraft Court Shoe Low,BSK,8972,7676,1296,16.9,false
2023-04-01,2023-Q2,DFW,10,PFTB02,Vela Receiver Gloves,FTB,8178,6909,1269,18.4,false
2023-07-01,2023-Q3,DFW,1,PSOC01,Stridewell Match Ball Pro,SOC,30247,25818,4429,17.2,false
2023-07-01,2023-Q3,DFW,2,PSOC03,Kestrel Pro Shin Guard Lite,SOC,16693,13472,3221,23.9,false
2023-07-01,2023-Q3,DFW,3,PSOC02,Loftline FG Cleat Elite,SOC,21563,18368,3195,17.4,false
2023-07-01,2023-Q3,DFW,4,PPKB01,Kestrel Pro Carbon Paddle 16mm,PKB,11974,8794,3180,36.2,false
2023-07-01,2023-Q3,DFW,5,PGLF04,Aerion Launch Monitor Mini,GLF,2811,0,2811,,true
2023-07-01,2023-Q3,DFW,6,PPKB02,Aerion Outdoor Balls 6pk,PKB,8806,6008,2798,46.6,false
2023-07-01,2023-Q3,DFW,7,PVOL01,Ironpeak Indoor Game Ball,VOL,10563,9203,1360,14.8,false
2023-07-01,2023-Q3,DFW,8,PPKB03,Kestrel Pro Court Shoe,PKB,5244,4242,1002,23.6,false
2023-07-01,2023-Q3,DFW,9,PVOL03,Kestrel Pro Beach Ball Pro,VOL,5599,4674,925,19.8,false
2023-07-01,2023-Q3,DFW,10,PBSK04,Vela Compression Sleeve,BSK,3910,3057,853,27.9,false
2023-10-01,2023-Q4,DFW,1,PPKB01,Kestrel Pro Carbon Paddle 16mm,PKB,14422,9894,4528,45.8,false
2023-10-01,2023-Q4,DFW,2,PRUN01,Kestrel Pro Tempo Road Shoe,RUN,41372,37046,4326,11.7,false
2023-10-01,2023-Q4,DFW,3,PGLF04,Aerion Launch Monitor Mini,GLF,4031,0,4031,,true
2023-10-01,2023-Q4,DFW,4,PPKB02,Aerion Outdoor Balls 6pk,PKB,11055,8239,2816,34.2,false
2023-10-01,2023-Q4,DFW,5,PBSB04,Bramble USSSA Composite Bat,BSB,2782,0,2782,,true
2023-10-01,2023-Q4,DFW,6,PSOC01,Stridewell Match Ball Pro,SOC,27291,24565,2726,11.1,false
2023-10-01,2023-Q4,DFW,7,PPKB03,Kestrel Pro Court Shoe,PKB,7044,5435,1609,29.6,false
2023-10-01,2023-Q4,DFW,8,PVOL03,Kestrel Pro Beach Ball Pro,VOL,5162,3831,1331,34.7,false
2023-10-01,2023-Q4,DFW,9,PVOL01,Ironpeak Indoor Game Ball,VOL,9182,8074,1108,13.7,false
2023-10-01,2023-Q4,DFW,10,PTEN01,Bramble Tour Racquet 98,TEN,8599,7821,778,9.9,false
2024-01-01,2024-Q1,DFW,1,PGLF04,Aerion Launch Monitor Mini,GLF,7025,0,7025,,true
2024-01-01,2024-Q1,DFW,2,PBSB04,Bramble USSSA Composite Bat,BSB,6901,0,6901,,true
2024-01-01,2024-Q1,DFW,3,PPKB02,Aerion Outdoor Balls 6pk,PKB,10881,8836,2045,23.1,false
2024-01-01,2024-Q1,DFW,4,PPKB03,Kestrel Pro Court Shoe,PKB,7624,5936,1688,28.4,false
2024-01-01,2024-Q1,DFW,5,PPKB01,Kestrel Pro Carbon Paddle 16mm,PKB,13352,11824,1528,12.9,false
2024-01-01,2024-Q1,DFW,6,PRUN02,Aerion Trail Runner GTX,RUN,26382,25054,1328,5.3,false
2024-01-01,2024-Q1,DFW,7,PTEN01,Bramble Tour Racquet 98,TEN,9381,8268,1113,13.5,false
2024-01-01,2024-Q1,DFW,8,PBSK03,Kestrel Pro Portable Hoop 54in,BSK,6937,5913,1024,17.3,false
2024-01-01,2024-Q1,DFW,9,PVOL02,Vela Knee Pads,VOL,5179,4185,994,23.8,false
2024-01-01,2024-Q1,DFW,10,PVOL01,Ironpeak Indoor Game Ball,VOL,6251,5370,881,16.4,false
2024-04-01,2024-Q2,DFW,1,PGLF04,Aerion Launch Monitor Mini,GLF,10289,0,10289,,true
2024-04-01,2024-Q2,DFW,2,PBSB04,Bramble USSSA Composite Bat,BSB,7849,0,7849,,true
2024-04-01,2024-Q2,DFW,3,PRUN03,Kestrel Pro Carbon Race Flat,RUN,7006,0,7006,,true
2024-04-01,2024-Q2,DFW,4,PPKB04,Loftline Thermoformed Pro Paddle,PKB,3712,0,3712,,true
2024-04-01,2024-Q2,DFW,5,PSOC01,Stridewell Match Ball Pro,SOC,25511,23668,1843,7.8,false
2024-04-01,2024-Q2,DFW,6,PVOL01,Ironpeak Indoor Game Ball,VOL,9799,7976,1823,22.9,false
2024-04-01,2024-Q2,DFW,7,PBSK01,Loftline Indoor Game Ball,BSK,12982,11213,1769,15.8,false
2024-04-01,2024-Q2,DFW,8,PPKB02,Aerion Outdoor Balls 6pk,PKB,10757,9122,1635,17.9,false
2024-04-01,2024-Q2,DFW,9,PVOL03,Kestrel Pro Beach Ball Pro,VOL,5308,3942,1366,34.7,false
2024-04-01,2024-Q2,DFW,10,PCYC02,Stridewell Road Helmet MIPS,CYC,10030,9079,951,10.5,false
2024-07-01,2024-Q3,DFW,1,PRUN03,Kestrel Pro Carbon Race Flat,RUN,17554,0,17554,,true
2024-07-01,2024-Q3,DFW,2,PPKB04,Loftline Thermoformed Pro Paddle,PKB,5241,0,5241,,true
2024-07-01,2024-Q3,DFW,3,PBSB04,Bramble USSSA Composite Bat,BSB,4021,0,4021,,true
2024-07-01,2024-Q3,DFW,4,PBSK01,Loftline Indoor Game Ball,BSK,16570,13885,2685,19.3,false
2024-07-01,2024-Q3,DFW,5,PGLF04,Aerion Launch Monitor Mini,GLF,5300,2811,2489,88.5,false
2024-07-01,2024-Q3,DFW,6,PFTB04,Kestrel Pro Flag Football Set,FTB,1275,0,1275,,true
2024-07-01,2024-Q3,DFW,7,PBSK02,Courtcraft Court Shoe Low,BSK,11879,10643,1236,11.6,false
2024-07-01,2024-Q3,DFW,8,PVOL02,Vela Knee Pads,VOL,8477,7276,1201,16.5,false
2024-07-01,2024-Q3,DFW,9,PCLM04,Bramble Harness Lite,CLM,1164,0,1164,,true
2024-07-01,2024-Q3,DFW,10,PSOC02,Loftline FG Cleat Elite,SOC,22324,21563,761,3.5,false
2024-10-01,2024-Q4,DFW,1,PRUN03,Kestrel Pro Carbon Race Flat,RUN,27536,0,27536,,true
2024-10-01,2024-Q4,DFW,2,PPKB04,Loftline Thermoformed Pro Paddle,PKB,7225,0,7225,,true
2024-10-01,2024-Q4,DFW,3,PSOC02,Loftline FG Cleat Elite,SOC,22763,17678,5085,28.8,false
2024-10-01,2024-Q4,DFW,4,PBSB04,Bramble USSSA Composite Bat,BSB,7345,2782,4563,164.0,false
2024-10-01,2024-Q4,DFW,5,PFTB04,Kestrel Pro Flag Football Set,FTB,2609,0,2609,,true
2024-10-01,2024-Q4,DFW,6,PCLM04,Bramble Harness Lite,CLM,2527,0,2527,,true
2024-10-01,2024-Q4,DFW,7,PBSK01,Loftline Indoor Game Ball,BSK,21650,19140,2510,13.1,false
2024-10-01,2024-Q4,DFW,8,PVOL04,Kestrel Pro Court Shoe Mid,VOL,2341,0,2341,,true
2024-10-01,2024-Q4,DFW,9,PSNW01,Loftline All-Mountain Ski,SNW,5076,3544,1532,43.2,false
2024-10-01,2024-Q4,DFW,10,PGLF04,Aerion Launch Monitor Mini,GLF,5359,4031,1328,32.9,false
2025-01-01,2025-Q1,DFW,1,PRUN03,Kestrel Pro Carbon Race Flat,RUN,29836,0,29836,,true
2025-01-01,2025-Q1,DFW,2,PPKB04,Loftline Thermoformed Pro Paddle,PKB,7819,522,7297,1397.9,false
2025-01-01,2025-Q1,DFW,3,PSOC01,Stridewell Match Ball Pro,SOC,19498,16329,3169,19.4,false
2025-01-01,2025-Q1,DFW,4,PVOL04,Kestrel Pro Court Shoe Mid,VOL,2903,0,2903,,true
2025-01-01,2025-Q1,DFW,5,PBSK02,Courtcraft Court Shoe Low,BSK,11841,9850,1991,20.2,false
2025-01-01,2025-Q1,DFW,6,PBSB04,Bramble USSSA Composite Bat,BSB,8852,6901,1951,28.3,false
2025-01-01,2025-Q1,DFW,7,PCLM04,Bramble Harness Lite,CLM,1871,0,1871,,true
2025-01-01,2025-Q1,DFW,8,PSOC03,Kestrel Pro Shin Guard Lite,SOC,10581,8729,1852,21.2,false
2025-01-01,2025-Q1,DFW,9,PFTB04,Kestrel Pro Flag Football Set,FTB,1755,0,1755,,true
2025-01-01,2025-Q1,DFW,10,PBSK01,Loftline Indoor Game Ball,BSK,15267,13914,1353,9.7,false
2025-04-01,2025-Q2,DFW,1,PRUN03,Kestrel Pro Carbon Race Flat,RUN,29724,7006,22718,324.3,false
2025-04-01,2025-Q2,DFW,2,PSOC01,Stridewell Match Ball Pro,SOC,32073,25511,6562,25.7,false
2025-04-01,2025-Q2,DFW,3,PVOL04,Kestrel Pro Court Shoe Mid,VOL,4925,0,4925,,true
2025-04-01,2025-Q2,DFW,4,PPKB04,Loftline Thermoformed Pro Paddle,PKB,7843,3712,4131,111.3,false
2025-04-01,2025-Q2,DFW,5,PFTB04,Kestrel Pro Flag Football Set,FTB,3853,0,3853,,true
2025-04-01,2025-Q2,DFW,6,PSOC03,Kestrel Pro Shin Guard Lite,SOC,14654,12081,2573,21.3,false
2025-04-01,2025-Q2,DFW,7,PSOC02,Loftline FG Cleat Elite,SOC,19488,17478,2010,11.5,false
2025-04-01,2025-Q2,DFW,8,PBSB01,Courtcraft BBCOR Alloy Bat,BSB,14457,12909,1548,12.0,false
2025-04-01,2025-Q2,DFW,9,PPKB02,Aerion Outdoor Balls 6pk,PKB,12085,10757,1328,12.3,false
2025-04-01,2025-Q2,DFW,10,PCLM04,Bramble Harness Lite,CLM,1681,659,1022,155.1,false
2025-07-01,2025-Q3,DFW,1,PRUN03,Kestrel Pro Carbon Race Flat,RUN,24067,17554,6513,37.1,false
2025-07-01,2025-Q3,DFW,2,PSOC02,Loftline FG Cleat Elite,SOC,28247,22324,5923,26.5,false
2025-07-01,2025-Q3,DFW,3,PFTB04,Kestrel Pro Flag Football Set,FTB,6448,1275,5173,405.7,false
2025-07-01,2025-Q3,DFW,4,PVOL04,Kestrel Pro Court Shoe Mid,VOL,5273,420,4853,1155.5,false
2025-07-01,2025-Q3,DFW,5,PSOC03,Kestrel Pro Shin Guard Lite,SOC,18735,14386,4349,30.2,false
2025-07-01,2025-Q3,DFW,6,PCYC01,Aerion Gravel Bike 105,CYC,11867,8237,3630,44.1,false
2025-07-01,2025-Q3,DFW,7,PBSK03,Kestrel Pro Portable Hoop 54in,BSK,9049,7323,1726,23.6,false
2025-07-01,2025-Q3,DFW,8,PSOC01,Stridewell Match Ball Pro,SOC,32026,30683,1343,4.4,false
2025-07-01,2025-Q3,DFW,9,PPKB02,Aerion Outdoor Balls 6pk,PKB,9403,8113,1290,15.9,false
2025-07-01,2025-Q3,DFW,10,PBSK01,Loftline Indoor Game Ball,BSK,17840,16570,1270,7.7,false
2025-10-01,2025-Q4,DFW,1,PSOC01,Stridewell Match Ball Pro,SOC,32282,27042,5240,19.4,false
2025-10-01,2025-Q4,DFW,2,PPKB01,Kestrel Pro Carbon Paddle 16mm,PKB,15475,12149,3326,27.4,false
2025-10-01,2025-Q4,DFW,3,PVOL04,Kestrel Pro Court Shoe Mid,VOL,5177,2341,2836,121.1,false
2025-10-01,2025-Q4,DFW,4,PPKB04,Loftline Thermoformed Pro Paddle,PKB,8836,7225,1611,22.3,false
2025-10-01,2025-Q4,DFW,5,PSOC03,Kestrel Pro Shin Guard Lite,SOC,13670,12212,1458,11.9,false
2025-10-01,2025-Q4,DFW,6,PCYC02,Stridewell Road Helmet MIPS,CYC,7330,5956,1374,23.1,false
2025-10-01,2025-Q4,DFW,7,PBSK02,Courtcraft Court Shoe Low,BSK,16429,15129,1300,8.6,false
2025-10-01,2025-Q4,DFW,8,PRUN04,Loftline Hydration Vest,RUN,6684,5387,1297,24.1,false
2025-10-01,2025-Q4,DFW,9,PSOC04,Ironpeak 2026 Host City Replica Ball,SOC,1207,0,1207,,true
2025-10-01,2025-Q4,DFW,10,PFTB04,Kestrel Pro Flag Football Set,FTB,3505,2609,896,34.3,false
2026-01-01,2026-Q1,DFW,1,PSOC04,Ironpeak 2026 Host City Replica Ball,SOC,4612,0,4612,,true
2026-01-01,2026-Q1,DFW,2,PCYC01,Aerion Gravel Bike 105,CYC,11923,9568,2355,24.6,false
2026-01-01,2026-Q1,DFW,3,PRUN02,Aerion Trail Runner GTX,RUN,20313,18257,2056,11.3,false
2026-01-01,2026-Q1,DFW,4,PRUN03,Kestrel Pro Carbon Race Flat,RUN,31357,29836,1521,5.1,false
2026-01-01,2026-Q1,DFW,5,PBSB03,Kestrel Pro Batting Helmet,BSB,8789,7356,1433,19.5,false
2026-01-01,2026-Q1,DFW,6,PCYC03,Kestrel Pro Smart Trainer,CYC,6050,4675,1375,29.4,false
2026-01-01,2026-Q1,DFW,7,PBSB04,Bramble USSSA Composite Bat,BSB,10187,8852,1335,15.1,false
2026-01-01,2026-Q1,DFW,8,PBSB01,Courtcraft BBCOR Alloy Bat,BSB,17472,16307,1165,7.1,false
2026-01-01,2026-Q1,DFW,9,PBSK01,Loftline Indoor Game Ball,BSK,16296,15267,1029,6.7,false
2026-01-01,2026-Q1,DFW,10,PBSB02,Ironpeak Fielding Glove 11.75,BSB,12463,11714,749,6.4,false
2026-04-01,2026-Q2,DFW,1,PSOC04,Ironpeak 2026 Host City Replica Ball,SOC,12249,0,12249,,true
2026-04-01,2026-Q2,DFW,2,PPKB01,Kestrel Pro Carbon Paddle 16mm,PKB,15784,13887,1897,13.7,false
2026-04-01,2026-Q2,DFW,3,PBSK02,Courtcraft Court Shoe Low,BSK,11320,9547,1773,18.6,false
2026-04-01,2026-Q2,DFW,4,PVOL01,Ironpeak Indoor Game Ball,VOL,9992,8275,1717,20.7,false
2026-04-01,2026-Q2,DFW,5,PBSK01,Loftline Indoor Game Ball,BSK,13769,12128,1641,13.5,false
2026-04-01,2026-Q2,DFW,6,PRUN01,Kestrel Pro Tempo Road Shoe,RUN,28801,27325,1476,5.4,false
2026-04-01,2026-Q2,DFW,7,PVOL04,Kestrel Pro Court Shoe Mid,VOL,6089,4925,1164,23.6,false
2026-04-01,2026-Q2,DFW,8,PPKB04,Loftline Thermoformed Pro Paddle,PKB,8924,7843,1081,13.8,false
2026-04-01,2026-Q2,DFW,9,PRUN02,Aerion Trail Runner GTX,RUN,20575,19856,719,3.6,false
2026-04-01,2026-Q2,DFW,10,PCYC01,Aerion Gravel Bike 105,CYC,12907,12324,583,4.7,false
2023-01-01,2023-Q1,HOU,1,PPKB01,Kestrel Pro Carbon Paddle 16mm,PKB,10335,7587,2748,36.2,false
2023-01-01,2023-Q1,HOU,2,PPKB02,Aerion Outdoor Balls 6pk,PKB,7724,5026,2698,53.7,false
2023-01-01,2023-Q1,HOU,3,PPKB03,Kestrel Pro Court Shoe,PKB,5191,3896,1295,33.2,false
2023-01-01,2023-Q1,HOU,4,PBSK01,Loftline Indoor Game Ball,BSK,10527,9318,1209,13.0,false
2023-01-01,2023-Q1,HOU,5,PSOC01,Stridewell Match Ball Pro,SOC,14935,13869,1066,7.7,false
2023-01-01,2023-Q1,HOU,6,PBSK03,Kestrel Pro Portable Hoop 54in,BSK,5734,4788,946,19.8,false
2023-01-01,2023-Q1,HOU,7,PGLF02,Bramble Distance Ball 12pk,GLF,10447,9708,739,7.6,false
2023-01-01,2023-Q1,HOU,8,PSOC03,Kestrel Pro Shin Guard Lite,SOC,6866,6145,721,11.7,false
2023-01-01,2023-Q1,HOU,9,PTEN01,Bramble Tour Racquet 98,TEN,8334,7675,659,8.6,false
2023-01-01,2023-Q1,HOU,10,PVOL01,Ironpeak Indoor Game Ball,VOL,4773,4145,628,15.2,false
2023-04-01,2023-Q2,HOU,1,PSOC01,Stridewell Match Ball Pro,SOC,24181,19381,4800,24.8,false
2023-04-01,2023-Q2,HOU,2,PPKB01,Kestrel Pro Carbon Paddle 16mm,PKB,10969,7607,3362,44.2,false
2023-04-01,2023-Q2,HOU,3,PPKB02,Aerion Outdoor Balls 6pk,PKB,9080,6127,2953,48.2,false
2023-04-01,2023-Q2,HOU,4,PCYC01,Aerion Gravel Bike 105,CYC,14167,12222,1945,15.9,false
2023-04-01,2023-Q2,HOU,5,PPKB03,Kestrel Pro Court Shoe,PKB,5571,4168,1403,33.7,false
2023-04-01,2023-Q2,HOU,6,PCYC03,Kestrel Pro Smart Trainer,CYC,7341,6359,982,15.4,false
2023-04-01,2023-Q2,HOU,7,PGLF02,Bramble Distance Ball 12pk,GLF,14522,13584,938,6.9,false
2023-04-01,2023-Q2,HOU,8,PVOL02,Vela Knee Pads,VOL,5805,5190,615,11.8,false
2023-04-01,2023-Q2,HOU,9,PGLF03,Kestrel Pro Stand Bag,GLF,9654,9146,508,5.6,false
2023-04-01,2023-Q2,HOU,10,PVOL01,Ironpeak Indoor Game Ball,VOL,7829,7387,442,6.0,false
2023-07-01,2023-Q3,HOU,1,PSOC02,Loftline FG Cleat Elite,SOC,22030,17068,4962,29.1,false
2023-07-01,2023-Q3,HOU,2,PSOC01,Stridewell Match Ball Pro,SOC,26349,23762,2587,10.9,false
2023-07-01,2023-Q3,HOU,3,PSOC03,Kestrel Pro Shin Guard Lite,SOC,13306,11219,2087,18.6,false
2023-07-01,2023-Q3,HOU,4,PGLF04,Aerion Launch Monitor Mini,GLF,2029,0,2029,,true
2023-07-01,2023-Q3,HOU,5,PVOL02,Vela Knee Pads,VOL,7884,5987,1897,31.7,false
2023-07-01,2023-Q3,HOU,6,PPKB02,Aerion Outdoor Balls 6pk,PKB,7483,5945,1538,25.9,false
2023-07-01,2023-Q3,HOU,7,PRUN01,Kestrel Pro Tempo Road Shoe,RUN,28220,27066,1154,4.3,false
2023-07-01,2023-Q3,HOU,8,PCYC01,Aerion Gravel Bike 105,CYC,9737,8839,898,10.2,false
2023-07-01,2023-Q3,HOU,9,PBSB01,Courtcraft BBCOR Alloy Bat,BSB,7778,7121,657,9.2,false
2023-07-01,2023-Q3,HOU,10,PRUN02,Aerion Trail Runner GTX,RUN,20063,19494,569,2.9,false
2023-10-01,2023-Q4,HOU,1,PGLF04,Aerion Launch Monitor Mini,GLF,3921,0,3921,,true
2023-10-01,2023-Q4,HOU,2,PPKB02,Aerion Outdoor Balls 6pk,PKB,10455,6906,3549,51.4,false
2023-10-01,2023-Q4,HOU,3,PPKB01,Kestrel Pro Carbon Paddle 16mm,PKB,13090,9575,3515,36.7,false
2023-10-01,2023-Q4,HOU,4,PBSK01,Loftline Indoor Game Ball,BSK,19426,16063,3363,20.9,false
2023-10-01,2023-Q4,HOU,5,PRUN01,Kestrel Pro Tempo Road Shoe,RUN,30914,27824,3090,11.1,false
2023-10-01,2023-Q4,HOU,6,PSOC02,Loftline FG Cleat Elite,SOC,21114,18392,2722,14.8,false
2023-10-01,2023-Q4,HOU,7,PBSB04,Bramble USSSA Composite Bat,BSB,2533,0,2533,,true
2023-10-01,2023-Q4,HOU,8,PRUN02,Aerion Trail Runner GTX,RUN,24462,22669,1793,7.9,false
2023-10-01,2023-Q4,HOU,9,PPKB03,Kestrel Pro Court Shoe,PKB,6125,4760,1365,28.7,false
2023-10-01,2023-Q4,HOU,10,PSOC01,Stridewell Match Ball Pro,SOC,25876,24668,1208,4.9,false
2024-01-01,2024-Q1,HOU,1,PGLF04,Aerion Launch Monitor Mini,GLF,5771,0,5771,,true
2024-01-01,2024-Q1,HOU,2,PBSB04,Bramble USSSA Composite Bat,BSB,5713,0,5713,,true
2024-01-01,2024-Q1,HOU,3,PRUN02,Aerion Trail Runner GTX,RUN,25503,23514,1989,8.5,false
2024-01-01,2024-Q1,HOU,4,PSOC01,Stridewell Match Ball Pro,SOC,16655,14935,1720,11.5,false
2024-01-01,2024-Q1,HOU,5,PPKB02,Aerion Outdoor Balls 6pk,PKB,9268,7724,1544,20.0,false
2024-01-01,2024-Q1,HOU,6,PPKB01,Kestrel Pro Carbon Paddle 16mm,PKB,11844,10335,1509,14.6,false
2024-01-01,2024-Q1,HOU,7,PPKB03,Kestrel Pro Court Shoe,PKB,6497,5191,1306,25.2,false
2024-01-01,2024-Q1,HOU,8,PSOC02,Loftline FG Cleat Elite,SOC,12031,10881,1150,10.6,false
2024-01-01,2024-Q1,HOU,9,PSOC03,Kestrel Pro Shin Guard Lite,SOC,7879,6866,1013,14.8,false
2024-01-01,2024-Q1,HOU,10,PVOL01,Ironpeak Indoor Game Ball,VOL,5542,4773,769,16.1,false
2024-04-01,2024-Q2,HOU,1,PGLF04,Aerion Launch Monitor Mini,GLF,7670,0,7670,,true
2024-04-01,2024-Q2,HOU,2,PRUN03,Kestrel Pro Carbon Race Flat,RUN,6362,0,6362,,true
2024-04-01,2024-Q2,HOU,3,PBSB04,Bramble USSSA Composite Bat,BSB,6337,0,6337,,true
2024-04-01,2024-Q2,HOU,4,PPKB04,Loftline Thermoformed Pro Paddle,PKB,2785,0,2785,,true
2024-04-01,2024-Q2,HOU,5,PVOL01,Ironpeak Indoor Game Ball,VOL,8883,7829,1054,13.5,false
2024-04-01,2024-Q2,HOU,6,PTEN03,Kestrel Pro All-Court Shoe,TEN,4849,4011,838,20.9,false
2024-04-01,2024-Q2,HOU,7,PSOC01,Stridewell Match Ball Pro,SOC,25012,24181,831,3.4,false
2024-04-01,2024-Q2,HOU,8,PBSK01,Loftline Indoor Game Ball,BSK,9959,9278,681,7.3,false
2024-04-01,2024-Q2,HOU,9,PCLM04,Bramble Harness Lite,CLM,533,0,533,,true
2024-04-01,2024-Q2,HOU,10,PTEN02,Kestrel Pro Pressurized Balls 3pk,TEN,7259,6727,532,7.9,false
2024-07-01,2024-Q3,HOU,1,PRUN03,Kestrel Pro Carbon Race Flat,RUN,15747,0,15747,,true
2024-07-01,2024-Q3,HOU,2,PPKB04,Loftline Thermoformed Pro Paddle,PKB,4516,0,4516,,true
2024-07-01,2024-Q3,HOU,3,PGLF04,Aerion Launch Monitor Mini,GLF,5462,2029,3433,169.2,false
2024-07-01,2024-Q3,HOU,4,PBSB04,Bramble USSSA Composite Bat,BSB,3333,0,3333,,true
2024-07-01,2024-Q3,HOU,5,PBSK01,Loftline Indoor Game Ball,BSK,15201,12968,2233,17.2,false
2024-07-01,2024-Q3,HOU,6,PSOC01,Stridewell Match Ball Pro,SOC,28306,26349,1957,7.4,false
2024-07-01,2024-Q3,HOU,7,PPKB01,Kestrel Pro Carbon Paddle 16mm,PKB,11282,9669,1613,16.7,false
2024-07-01,2024-Q3,HOU,8,PFTB02,Vela Receiver Gloves,FTB,8949,7744,1205,15.6,false
2024-07-01,2024-Q3,HOU,9,PFTB04,Kestrel Pro Flag Football Set,FTB,1164,0,1164,,true
2024-07-01,2024-Q3,HOU,10,PCLM04,Bramble Harness Lite,CLM,1069,0,1069,,true
2024-10-01,2024-Q4,HOU,1,PRUN03,Kestrel Pro Carbon Race Flat,RUN,26138,0,26138,,true
2024-10-01,2024-Q4,HOU,2,PPKB04,Loftline Thermoformed Pro Paddle,PKB,6737,0,6737,,true
2024-10-01,2024-Q4,HOU,3,PBSB04,Bramble USSSA Composite Bat,BSB,6543,2533,4010,158.3,false
2024-10-01,2024-Q4,HOU,4,PFTB04,Kestrel Pro Flag Football Set,FTB,2272,0,2272,,true
2024-10-01,2024-Q4,HOU,5,PVOL04,Kestrel Pro Court Shoe Mid,VOL,2226,0,2226,,true
2024-10-01,2024-Q4,HOU,6,PCLM04,Bramble Harness Lite,CLM,1798,0,1798,,true
2024-10-01,2024-Q4,HOU,7,PVOL01,Ironpeak Indoor Game Ball,VOL,9804,8120,1684,20.7,false
2024-10-01,2024-Q4,HOU,8,PSNW01,Loftline All-Mountain Ski,SNW,4544,3074,1470,47.8,false
2024-10-01,2024-Q4,HOU,9,PVOL02,Vela Knee Pads,VOL,6986,5628,1358,24.1,false
2024-10-01,2024-Q4,HOU,10,PSNW02,Courtcraft Snowboard Boot,SNW,3390,2242,1148,51.2,false
2025-01-01,2025-Q1,HOU,1,PRUN03,Kestrel Pro Carbon Race Flat,RUN,23784,0,23784,,true
2025-01-01,2025-Q1,HOU,2,PPKB04,Loftline Thermoformed Pro Paddle,PKB,6117,419,5698,1359.9,false
2025-01-01,2025-Q1,HOU,3,PBSK01,Loftline Indoor Game Ball,BSK,13603,10888,2715,24.9,false
2025-01-01,2025-Q1,HOU,4,PBSB01,Courtcraft BBCOR Alloy Bat,BSB,16858,14214,2644,18.6,false
2025-01-01,2025-Q1,HOU,5,PBSB04,Bramble USSSA Composite Bat,BSB,8102,5713,2389,41.8,false
2025-01-01,2025-Q1,HOU,6,PVOL04,Kestrel Pro Court Shoe Mid,VOL,2344,0,2344,,true
2025-01-01,2025-Q1,HOU,7,PCLM04,Bramble Harness Lite,CLM,1850,0,1850,,true
2025-01-01,2025-Q1,HOU,8,PFTB04,Kestrel Pro Flag Football Set,FTB,1638,0,1638,,true
2025-01-01,2025-Q1,HOU,9,PBSB02,Ironpeak Fielding Glove 11.75,BSB,12611,11166,1445,12.9,false
2025-01-01,2025-Q1,HOU,10,PSOC02,Loftline FG Cleat Elite,SOC,13199,12031,1168,9.7,false
2025-04-01,2025-Q2,HOU,1,PRUN03,Kestrel Pro Carbon Race Flat,RUN,24663,6362,18301,287.7,false
2025-04-01,2025-Q2,HOU,2,PVOL04,Kestrel Pro Court Shoe Mid,VOL,4811,0,4811,,true
2025-04-01,2025-Q2,HOU,3,PPKB04,Loftline Thermoformed Pro Paddle,PKB,6937,2785,4152,149.1,false
2025-04-01,2025-Q2,HOU,4,PFTB04,Kestrel Pro Flag Football Set,FTB,3179,0,3179,,true
2025-04-01,2025-Q2,HOU,5,PSOC02,Loftline FG Cleat Elite,SOC,19134,16216,2918,18.0,false
2025-04-01,2025-Q2,HOU,6,PPKB01,Kestrel Pro Carbon Paddle 16mm,PKB,13281,10379,2902,28.0,false
2025-04-01,2025-Q2,HOU,7,PPKB02,Aerion Outdoor Balls 6pk,PKB,9814,7926,1888,23.8,false
2025-04-01,2025-Q2,HOU,8,PPKB03,Kestrel Pro Court Shoe,PKB,6898,5158,1740,33.7,false
2025-04-01,2025-Q2,HOU,9,PBSK02,Courtcraft Court Shoe Low,BSK,8187,6657,1530,23.0,false
2025-04-01,2025-Q2,HOU,10,PCLM04,Bramble Harness Lite,CLM,1444,533,911,170.9,false
2025-07-01,2025-Q3,HOU,1,PRUN03,Kestrel Pro Carbon Race Flat,RUN,20868,15747,5121,32.5,false
2025-07-01,2025-Q3,HOU,2,PVOL04,Kestrel Pro Court Shoe Mid,VOL,4426,346,4080,1179.2,false
2025-07-01,2025-Q3,HOU,3,PFTB04,Kestrel Pro Flag Football Set,FTB,4732,1164,3568,306.5,false
2025-07-01,2025-Q3,HOU,4,PSOC02,Loftline FG Cleat Elite,SOC,21999,19939,2060,10.3,false
2025-07-01,2025-Q3,HOU,5,PSOC03,Kestrel Pro Shin Guard Lite,SOC,14994,13344,1650,12.4,false
2025-07-01,2025-Q3,HOU,6,PBSK02,Courtcraft Court Shoe Low,BSK,11355,9939,1416,14.2,false
2025-07-01,2025-Q3,HOU,7,PTEN01,Bramble Tour Racquet 98,TEN,8398,7283,1115,15.3,false
2025-07-01,2025-Q3,HOU,8,PPKB02,Aerion Outdoor Balls 6pk,PKB,7957,6906,1051,15.2,false
2025-07-01,2025-Q3,HOU,9,PBSB02,Ironpeak Fielding Glove 11.75,BSB,5718,4857,861,17.7,false
2025-07-01,2025-Q3,HOU,10,PPKB04,Loftline Thermoformed Pro Paddle,PKB,5354,4516,838,18.6,false
2025-10-01,2025-Q4,HOU,1,PSOC01,Stridewell Match Ball Pro,SOC,31862,24187,7675,31.7,false
2025-10-01,2025-Q4,HOU,2,PVOL04,Kestrel Pro Court Shoe Mid,VOL,5104,2226,2878,129.3,false
2025-10-01,2025-Q4,HOU,3,PBSK01,Loftline Indoor Game Ball,BSK,19931,17522,2409,13.7,false
2025-10-01,2025-Q4,HOU,4,PRUN03,Kestrel Pro Carbon Race Flat,RUN,27810,26138,1672,6.4,false
2025-10-01,2025-Q4,HOU,5,PPKB01,Kestrel Pro Carbon Paddle 16mm,PKB,12392,10936,1456,13.3,false
2025-10-01,2025-Q4,HOU,6,PSOC03,Kestrel Pro Shin Guard Lite,SOC,13370,12356,1014,8.2,false
2025-10-01,2025-Q4,HOU,7,PFTB04,Kestrel Pro Flag Football Set,FTB,3223,2272,951,41.9,false
2025-10-01,2025-Q4,HOU,8,PSOC04,Ironpeak 2026 Host City Replica Ball,SOC,950,0,950,,true
2025-10-01,2025-Q4,HOU,9,PSOC02,Loftline FG Cleat Elite,SOC,19823,18932,891,4.7,false
2025-10-01,2025-Q4,HOU,10,PGLF03,Kestrel Pro Stand Bag,GLF,4526,3698,828,22.4,false
2026-01-01,2026-Q1,HOU,1,PSOC04,Ironpeak 2026 Host City Replica Ball,SOC,4144,0,4144,,true
2026-01-01,2026-Q1,HOU,2,PPKB04,Loftline Thermoformed Pro Paddle,PKB,7924,6117,1807,29.5,false
2026-01-01,2026-Q1,HOU,3,PGLF01,Vela Game-Improvement Irons,GLF,10794,9097,1697,18.7,false
2026-01-01,2026-Q1,HOU,4,PPKB02,Aerion Outdoor Balls 6pk,PKB,10250,8763,1487,17.0,false
2026-01-01,2026-Q1,HOU,5,PVOL01,Ironpeak Indoor Game Ball,VOL,5747,4503,1244,27.6,false
2026-01-01,2026-Q1,HOU,6,PTEN01,Bramble Tour Racquet 98,TEN,8236,7062,1174,16.6,false
2026-01-01,2026-Q1,HOU,7,PRUN03,Kestrel Pro Carbon Race Flat,RUN,24840,23784,1056,4.4,false
2026-01-01,2026-Q1,HOU,8,PPKB01,Kestrel Pro Carbon Paddle 16mm,PKB,11967,10924,1043,9.5,false
2026-01-01,2026-Q1,HOU,9,PGLF02,Bramble Distance Ball 12pk,GLF,8355,7317,1038,14.2,false
2026-01-01,2026-Q1,HOU,10,PBSK03,Kestrel Pro Portable Hoop 54in,BSK,6820,5890,930,15.8,false
2026-04-01,2026-Q2,HOU,1,PSOC04,Ironpeak 2026 Host City Replica Ball,SOC,10834,0,10834,,true
2026-04-01,2026-Q2,HOU,2,PRUN02,Aerion Trail Runner GTX,RUN,19547,15164,4383,28.9,false
2026-04-01,2026-Q2,HOU,3,PRUN01,Kestrel Pro Tempo Road Shoe,RUN,26620,24661,1959,7.9,false
2026-04-01,2026-Q2,HOU,4,PRUN03,Kestrel Pro Carbon Race Flat,RUN,26583,24663,1920,7.8,false
2026-04-01,2026-Q2,HOU,5,PBSB01,Courtcraft BBCOR Alloy Bat,BSB,12673,11062,1611,14.6,false
2026-04-01,2026-Q2,HOU,6,PVOL01,Ironpeak Indoor Game Ball,VOL,8988,7450,1538,20.6,false
2026-04-01,2026-Q2,HOU,7,PBSK01,Loftline Indoor Game Ball,BSK,11753,10546,1207,11.4,false
2026-04-01,2026-Q2,HOU,8,PFTB02,Vela Receiver Gloves,FTB,5293,4499,794,17.6,false
2026-04-01,2026-Q2,HOU,9,PRUN04,Loftline Hydration Vest,RUN,6319,5711,608,10.6,false
2026-04-01,2026-Q2,HOU,10,PCYC01,Aerion Gravel Bike 105,CYC,12792,12204,588,4.8,false
2023-01-01,2023-Q1,WAS,1,PPKB01,Kestrel Pro Carbon Paddle 16mm,PKB,7060,4573,2487,54.4,false
2023-01-01,2023-Q1,WAS,2,PLAX01,Aerion Attack Complete Stick,LAX,9129,7005,2124,30.3,false
2023-01-01,2023-Q1,WAS,3,PSOC01,Stridewell Match Ball Pro,SOC,13828,11841,1987,16.8,false
2023-01-01,2023-Q1,WAS,4,PPKB02,Aerion Outdoor Balls 6pk,PKB,5232,3329,1903,57.2,false
2023-01-01,2023-Q1,WAS,5,PPKB03,Kestrel Pro Court Shoe,PKB,3547,2289,1258,55.0,false
2023-01-01,2023-Q1,WAS,6,PBSB02,Ironpeak Fielding Glove 11.75,BSB,9551,8420,1131,13.4,false
2023-01-01,2023-Q1,WAS,7,PTEN01,Bramble Tour Racquet 98,TEN,7396,6660,736,11.1,false
2023-01-01,2023-Q1,WAS,8,PSNW01,Loftline All-Mountain Ski,SNW,7859,7278,581,8.0,false
2023-01-01,2023-Q1,WAS,9,PCYC02,Stridewell Road Helmet MIPS,CYC,6973,6556,417,6.4,false
2023-01-01,2023-Q1,WAS,10,PCLM02,Ironpeak Chalk Bag,CLM,2158,1741,417,24.0,false
2023-04-01,2023-Q2,WAS,1,PSOC01,Stridewell Match Ball Pro,SOC,20081,17525,2556,14.6,false
2023-04-01,2023-Q2,WAS,2,PPKB01,Kestrel Pro Carbon Paddle 16mm,PKB,7739,5279,2460,46.6,false
2023-04-01,2023-Q2,WAS,3,PPKB02,Aerion Outdoor Balls 6pk,PKB,5628,4198,1430,34.1,false
2023-04-01,2023-Q2,WAS,4,PBSK01,Loftline Indoor Game Ball,BSK,9148,7978,1170,14.7,false
2023-04-01,2023-Q2,WAS,5,PTEN03,Kestrel Pro All-Court Shoe,TEN,4936,4258,678,15.9,false
2023-04-01,2023-Q2,WAS,6,PPKB03,Kestrel Pro Court Shoe,PKB,3572,2936,636,21.7,false
2023-04-01,2023-Q2,WAS,7,PBSB02,Ironpeak Fielding Glove 11.75,BSB,7373,6766,607,9.0,false
2023-04-01,2023-Q2,WAS,8,PCYC02,Stridewell Road Helmet MIPS,CYC,8278,7723,555,7.2,false
2023-04-01,2023-Q2,WAS,9,PLAX02,Stridewell Lacrosse Helmet,LAX,4056,3683,373,10.1,false
2023-04-01,2023-Q2,WAS,10,PBSK02,Courtcraft Court Shoe Low,BSK,6795,6506,289,4.4,false
2023-07-01,2023-Q3,WAS,1,PSOC01,Stridewell Match Ball Pro,SOC,21576,20153,1423,7.1,false
2023-07-01,2023-Q3,WAS,2,PGLF04,Aerion Launch Monitor Mini,GLF,1382,0,1382,,true
2023-07-01,2023-Q3,WAS,3,PSOC02,Loftline FG Cleat Elite,SOC,17886,16508,1378,8.3,false
2023-07-01,2023-Q3,WAS,4,PBSK02,Courtcraft Court Shoe Low,BSK,8991,7901,1090,13.8,false
2023-07-01,2023-Q3,WAS,5,PVOL01,Ironpeak Indoor Game Ball,VOL,6442,5638,804,14.3,false
2023-07-01,2023-Q3,WAS,6,PPKB01,Kestrel Pro Carbon Paddle 16mm,PKB,5915,5149,766,14.9,false
2023-07-01,2023-Q3,WAS,7,PPKB02,Aerion Outdoor Balls 6pk,PKB,4670,4007,663,16.5,false
2023-07-01,2023-Q3,WAS,8,PPKB03,Kestrel Pro Court Shoe,PKB,3184,2598,586,22.6,false
2023-07-01,2023-Q3,WAS,9,PVOL02,Vela Knee Pads,VOL,4652,4125,527,12.8,false
2023-07-01,2023-Q3,WAS,10,PBSK04,Vela Compression Sleeve,BSK,3275,2771,504,18.2,false
2023-10-01,2023-Q4,WAS,1,PPKB01,Kestrel Pro Carbon Paddle 16mm,PKB,9033,6428,2605,40.5,false
2023-10-01,2023-Q4,WAS,2,PGLF04,Aerion Launch Monitor Mini,GLF,2552,0,2552,,true
2023-10-01,2023-Q4,WAS,3,PPKB02,Aerion Outdoor Balls 6pk,PKB,6486,4976,1510,30.3,false
2023-10-01,2023-Q4,WAS,4,PBSB04,Bramble USSSA Composite Bat,BSB,1489,0,1489,,true
2023-10-01,2023-Q4,WAS,5,PBSK02,Courtcraft Court Shoe Low,BSK,10882,9731,1151,11.8,false
2023-10-01,2023-Q4,WAS,6,PSOC03,Kestrel Pro Shin Guard Lite,SOC,9904,8798,1106,12.6,false
2023-10-01,2023-Q4,WAS,7,PVOL02,Vela Knee Pads,VOL,4585,3749,836,22.3,false
2023-10-01,2023-Q4,WAS,8,PVOL01,Ironpeak Indoor Game Ball,VOL,5921,5131,790,15.4,false
2023-10-01,2023-Q4,WAS,9,PBSK04,Vela Compression Sleeve,BSK,4090,3399,691,20.3,false
2023-10-01,2023-Q4,WAS,10,PPKB03,Kestrel Pro Court Shoe,PKB,4362,3705,657,17.7,false
2024-01-01,2024-Q1,WAS,1,PGLF04,Aerion Launch Monitor Mini,GLF,4492,0,4492,,true
2024-01-01,2024-Q1,WAS,2,PBSB04,Bramble USSSA Composite Bat,BSB,3836,0,3836,,true
2024-01-01,2024-Q1,WAS,3,PSOC02,Loftline FG Cleat Elite,SOC,11524,9218,2306,25.0,false
2024-01-01,2024-Q1,WAS,4,PPKB02,Aerion Outdoor Balls 6pk,PKB,6724,5232,1492,28.5,false
2024-01-01,2024-Q1,WAS,5,PSOC03,Kestrel Pro Shin Guard Lite,SOC,7457,6025,1432,23.8,false
2024-01-01,2024-Q1,WAS,6,PCLM01,Courtcraft Bouldering Shoe,CLM,2927,2266,661,29.2,false
2024-01-01,2024-Q1,WAS,7,PRUN02,Aerion Trail Runner GTX,RUN,18427,17783,644,3.6,false
2024-01-01,2024-Q1,WAS,8,PVOL01,Ironpeak Indoor Game Ball,VOL,3737,3110,627,20.2,false
2024-01-01,2024-Q1,WAS,9,PLAX02,Stridewell Lacrosse Helmet,LAX,6117,5597,520,9.3,false
2024-01-01,2024-Q1,WAS,10,PLAX03,Kestrel Pro Arm Guards,LAX,4431,3944,487,12.3,false
2024-04-01,2024-Q2,WAS,1,PRUN03,Kestrel Pro Carbon Race Flat,RUN,5794,0,5794,,true
2024-04-01,2024-Q2,WAS,2,PGLF04,Aerion Launch Monitor Mini,GLF,5124,0,5124,,true
2024-04-01,2024-Q2,WAS,3,PBSB04,Bramble USSSA Composite Bat,BSB,4273,0,4273,,true
2024-04-01,2024-Q2,WAS,4,PSOC03,Kestrel Pro Shin Guard Lite,SOC,10721,8781,1940,22.1,false
2024-04-01,2024-Q2,WAS,5,PPKB04,Loftline Thermoformed Pro Paddle,PKB,1911,0,1911,,true
2024-04-01,2024-Q2,WAS,6,PPKB01,Kestrel Pro Carbon Paddle 16mm,PKB,9131,7739,1392,18.0,false
2024-04-01,2024-Q2,WAS,7,PRUN02,Aerion Trail Runner GTX,RUN,20358,19335,1023,5.3,false
2024-04-01,2024-Q2,WAS,8,PVOL01,Ironpeak Indoor Game Ball,VOL,6206,5213,993,19.0,false
2024-04-01,2024-Q2,WAS,9,PTEN01,Bramble Tour Racquet 98,TEN,8531,7660,871,11.4,false
2024-04-01,2024-Q2,WAS,10,PPKB02,Aerion Outdoor Balls 6pk,PKB,6482,5628,854,15.2,false
2024-07-01,2024-Q3,WAS,1,PRUN03,Kestrel Pro Carbon Race Flat,RUN,12080,0,12080,,true
2024-07-01,2024-Q3,WAS,2,PPKB04,Loftline Thermoformed Pro Paddle,PKB,3270,0,3270,,true
2024-07-01,2024-Q3,WAS,3,PBSB04,Bramble USSSA Composite Bat,BSB,2240,0,2240,,true
2024-07-01,2024-Q3,WAS,4,PGLF04,Aerion Launch Monitor Mini,GLF,3585,1382,2203,159.4,false
2024-07-01,2024-Q3,WAS,5,PSOC01,Stridewell Match Ball Pro,SOC,23625,21576,2049,9.5,false
2024-07-01,2024-Q3,WAS,6,PPKB01,Kestrel Pro Carbon Paddle 16mm,PKB,7318,5915,1403,23.7,false
2024-07-01,2024-Q3,WAS,7,PBSK01,Loftline Indoor Game Ball,BSK,12633,11379,1254,11.0,false
2024-07-01,2024-Q3,WAS,8,PPKB02,Aerion Outdoor Balls 6pk,PKB,5728,4670,1058,22.7,false
2024-07-01,2024-Q3,WAS,9,PFTB02,Vela Receiver Gloves,FTB,5397,4348,1049,24.1,false
2024-07-01,2024-Q3,WAS,10,PCLM04,Bramble Harness Lite,CLM,921,0,921,,true
2024-10-01,2024-Q4,WAS,1,PRUN03,Kestrel Pro Carbon Race Flat,RUN,21523,0,21523,,true
2024-10-01,2024-Q4,WAS,2,PPKB04,Loftline Thermoformed Pro Paddle,PKB,5031,0,5031,,true
2024-10-01,2024-Q4,WAS,3,PBSB04,Bramble USSSA Composite Bat,BSB,4624,1489,3135,210.5,false
2024-10-01,2024-Q4,WAS,4,PSOC01,Stridewell Match Ball Pro,SOC,22919,20166,2753,13.7,false
2024-10-01,2024-Q4,WAS,5,PSOC03,Kestrel Pro Shin Guard Lite,SOC,12553,9904,2649,26.7,false
2024-10-01,2024-Q4,WAS,6,PSNW03,Kestrel Pro Insulated Shell,SNW,7695,5290,2405,45.5,false
2024-10-01,2024-Q4,WAS,7,PSNW01,Loftline All-Mountain Ski,SNW,14072,11694,2378,20.3,false
2024-10-01,2024-Q4,WAS,8,PVOL04,Kestrel Pro Court Shoe Mid,VOL,1739,0,1739,,true
2024-10-01,2024-Q4,WAS,9,PCLM04,Bramble Harness Lite,CLM,1707,0,1707,,true
2024-10-01,2024-Q4,WAS,10,PSNW04,Vela Ski Helmet MIPS,SNW,4152,2539,1613,63.5,false
2025-01-01,2025-Q1,WAS,1,PRUN03,Kestrel Pro Carbon Race Flat,RUN,19322,0,19322,,true
2025-01-01,2025-Q1,WAS,2,PPKB04,Loftline Thermoformed Pro Paddle,PKB,4704,314,4390,1398.1,false
2025-01-01,2025-Q1,WAS,3,PLAX04,Courtcraft Mesh Head Pro,LAX,3050,0,3050,,true
2025-01-01,2025-Q1,WAS,4,PSNW01,Loftline All-Mountain Ski,SNW,8322,5826,2496,42.8,false
2025-01-01,2025-Q1,WAS,5,PBSB04,Bramble USSSA Composite Bat,BSB,5878,3836,2042,53.2,false
2025-01-01,2025-Q1,WAS,6,PVOL04,Kestrel Pro Court Shoe Mid,VOL,1657,0,1657,,true
2025-01-01,2025-Q1,WAS,7,PSNW02,Courtcraft Snowboard Boot,SNW,5495,4088,1407,34.4,false
2025-01-01,2025-Q1,WAS,8,PCLM04,Bramble Harness Lite,CLM,1361,0,1361,,true
2025-01-01,2025-Q1,WAS,9,PFTB04,Kestrel Pro Flag Football Set,FTB,970,0,970,,true
2025-01-01,2025-Q1,WAS,10,PSNW03,Kestrel Pro Insulated Shell,SNW,3645,2855,790,27.7,false
2025-04-01,2025-Q2,WAS,1,PRUN03,Kestrel Pro Carbon Race Flat,RUN,22140,5794,16346,282.1,false
2025-04-01,2025-Q2,WAS,2,PPKB04,Loftline Thermoformed Pro Paddle,PKB,4722,1911,2811,147.1,false
2025-04-01,2025-Q2,WAS,3,PVOL04,Kestrel Pro Court Shoe Mid,VOL,2779,0,2779,,true
2025-04-01,2025-Q2,WAS,4,PLAX04,Courtcraft Mesh Head Pro,LAX,2575,0,2575,,true
2025-04-01,2025-Q2,WAS,5,PSOC01,Stridewell Match Ball Pro,SOC,21756,19597,2159,11.0,false
2025-04-01,2025-Q2,WAS,6,PFTB04,Kestrel Pro Flag Football Set,FTB,2035,0,2035,,true
2025-04-01,2025-Q2,WAS,7,PSOC03,Kestrel Pro Shin Guard Lite,SOC,12310,10721,1589,14.8,false
2025-04-01,2025-Q2,WAS,8,PBSB01,Courtcraft BBCOR Alloy Bat,BSB,8350,6947,1403,20.2,false
2025-04-01,2025-Q2,WAS,9,PBSK02,Courtcraft Court Shoe Low,BSK,7031,6215,816,13.1,false
2025-04-01,2025-Q2,WAS,10,PCLM04,Bramble Harness Lite,CLM,1235,421,814,193.3,false
2025-07-01,2025-Q3,WAS,1,PRUN03,Kestrel Pro Carbon Race Flat,RUN,17409,12080,5329,44.1,false
2025-07-01,2025-Q3,WAS,2,PVOL04,Kestrel Pro Court Shoe Mid,VOL,3492,233,3259,1398.7,false
2025-07-01,2025-Q3,WAS,3,PSOC02,Loftline FG Cleat Elite,SOC,21114,17865,3249,18.2,false
2025-07-01,2025-Q3,WAS,4,PFTB04,Kestrel Pro Flag Football Set,FTB,2723,846,1877,221.9,false
2025-07-01,2025-Q3,WAS,5,PLAX04,Courtcraft Mesh Head Pro,LAX,1774,0,1774,,true
2025-07-01,2025-Q3,WAS,6,PSOC03,Kestrel Pro Shin Guard Lite,SOC,12946,11824,1122,9.5,false
2025-07-01,2025-Q3,WAS,7,PPKB04,Loftline Thermoformed Pro Paddle,PKB,4134,3270,864,26.4,false
2025-07-01,2025-Q3,WAS,8,PTEN02,Kestrel Pro Pressurized Balls 3pk,TEN,5306,4486,820,18.3,false
2025-07-01,2025-Q3,WAS,9,PTEN01,Bramble Tour Racquet 98,TEN,6657,5969,688,11.5,false
2025-07-01,2025-Q3,WAS,10,PHKY01,Stridewell Composite Stick,HKY,4718,4066,652,16.0,false
2025-10-01,2025-Q4,WAS,1,PLAX04,Courtcraft Mesh Head Pro,LAX,4762,1485,3277,220.7,false
2025-10-01,2025-Q4,WAS,2,PSNW02,Courtcraft Snowboard Boot,SNW,11263,9541,1722,18.0,false
2025-10-01,2025-Q4,WAS,3,PBSK01,Loftline Indoor Game Ball,BSK,17714,16055,1659,10.3,false
2025-10-01,2025-Q4,WAS,4,PVOL04,Kestrel Pro Court Shoe Mid,VOL,2977,1739,1238,71.2,false
2025-10-01,2025-Q4,WAS,5,PPKB02,Aerion Outdoor Balls 6pk,PKB,6740,5544,1196,21.6,false
2025-10-01,2025-Q4,WAS,6,PPKB03,Kestrel Pro Court Shoe,PKB,5207,4231,976,23.1,false
2025-10-01,2025-Q4,WAS,7,PSNW01,Loftline All-Mountain Ski,SNW,15023,14072,951,6.8,false
2025-10-01,2025-Q4,WAS,8,PPKB01,Kestrel Pro Carbon Paddle 16mm,PKB,9498,8586,912,10.6,false
2025-10-01,2025-Q4,WAS,9,PSOC04,Ironpeak 2026 Host City Replica Ball,SOC,773,0,773,,true
2025-10-01,2025-Q4,WAS,10,PFTB04,Kestrel Pro Flag Football Set,FTB,1947,1294,653,50.5,false
2026-01-01,2026-Q1,WAS,1,PSOC04,Ironpeak 2026 Host City Replica Ball,SOC,3225,0,3225,,true
2026-01-01,2026-Q1,WAS,2,PRUN03,Kestrel Pro Carbon Race Flat,RUN,20994,19322,1672,8.7,false
2026-01-01,2026-Q1,WAS,3,PPKB01,Kestrel Pro Carbon Paddle 16mm,PKB,9553,8127,1426,17.5,false
2026-01-01,2026-Q1,WAS,4,PPKB02,Aerion Outdoor Balls 6pk,PKB,6992,5770,1222,21.2,false
2026-01-01,2026-Q1,WAS,5,PLAX04,Courtcraft Mesh Head Pro,LAX,4191,3050,1141,37.4,false
2026-01-01,2026-Q1,WAS,6,PRUN02,Aerion Trail Runner GTX,RUN,14530,13395,1135,8.5,false
2026-01-01,2026-Q1,WAS,7,PSNW02,Courtcraft Snowboard Boot,SNW,6351,5495,856,15.6,false
2026-01-01,2026-Q1,WAS,8,PBSB01,Courtcraft BBCOR Alloy Bat,BSB,9470,8633,837,9.7,false
2026-01-01,2026-Q1,WAS,9,PCYC02,Stridewell Road Helmet MIPS,CYC,6394,5647,747,13.2,false
2026-01-01,2026-Q1,WAS,10,PSOC02,Loftline FG Cleat Elite,SOC,9993,9430,563,6.0,false
2026-04-01,2026-Q2,WAS,1,PSOC04,Ironpeak 2026 Host City Replica Ball,SOC,8762,0,8762,,true
2026-04-01,2026-Q2,WAS,2,PRUN01,Kestrel Pro Tempo Road Shoe,RUN,21637,19403,2234,11.5,false
2026-04-01,2026-Q2,WAS,3,PPKB01,Kestrel Pro Carbon Paddle 16mm,PKB,10555,8672,1883,21.7,false
2026-04-01,2026-Q2,WAS,4,PPKB02,Aerion Outdoor Balls 6pk,PKB,7687,6383,1304,20.4,false
2026-04-01,2026-Q2,WAS,5,PRUN03,Kestrel Pro Carbon Race Flat,RUN,23305,22140,1165,5.3,false
2026-04-01,2026-Q2,WAS,6,PBSK01,Loftline Indoor Game Ball,BSK,9898,8780,1118,12.7,false
2026-04-01,2026-Q2,WAS,7,PPKB04,Loftline Thermoformed Pro Paddle,PKB,5773,4722,1051,22.3,false
2026-04-01,2026-Q2,WAS,8,PVOL01,Ironpeak Indoor Game Ball,VOL,5693,4698,995,21.2,false
2026-04-01,2026-Q2,WAS,9,PCYC02,Stridewell Road Helmet MIPS,CYC,8121,7276,845,11.6,false
2026-04-01,2026-Q2,WAS,10,PBSK03,Kestrel Pro Portable Hoop 54in,BSK,5130,4285,845,19.7,false
2023-01-01,2023-Q1,PHL,1,PPKB02,Aerion Outdoor Balls 6pk,PKB,4728,3321,1407,42.4,false
2023-01-01,2023-Q1,PHL,2,PPKB01,Kestrel Pro Carbon Paddle 16mm,PKB,5957,4576,1381,30.2,false
2023-01-01,2023-Q1,PHL,3,PLAX01,Aerion Attack Complete Stick,LAX,5283,4286,997,23.3,false
2023-01-01,2023-Q1,PHL,4,PRUN01,Kestrel Pro Tempo Road Shoe,RUN,23408,22490,918,4.1,false
2023-01-01,2023-Q1,PHL,5,PPKB03,Kestrel Pro Court Shoe,PKB,3129,2343,786,33.5,false
2023-01-01,2023-Q1,PHL,6,PBSB01,Courtcraft BBCOR Alloy Bat,BSB,10984,10597,387,3.7,false
2023-01-01,2023-Q1,PHL,7,PGLF01,Vela Game-Improvement Irons,GLF,9205,8843,362,4.1,false
2023-01-01,2023-Q1,PHL,8,PCLM01,Courtcraft Bouldering Shoe,CLM,2628,2275,353,15.5,false
2023-01-01,2023-Q1,PHL,9,PBSK01,Loftline Indoor Game Ball,BSK,8688,8363,325,3.9,false
2023-01-01,2023-Q1,PHL,10,PHKY02,Loftline Senior Skate,HKY,1610,1333,277,20.8,false
2023-04-01,2023-Q2,PHL,1,PPKB01,Kestrel Pro Carbon Paddle 16mm,PKB,7134,5045,2089,41.4,false
2023-04-01,2023-Q2,PHL,2,PPKB02,Aerion Outdoor Balls 6pk,PKB,5419,3858,1561,40.5,false
2023-04-01,2023-Q2,PHL,3,PGLF01,Vela Game-Improvement Irons,GLF,12236,10876,1360,12.5,false
2023-04-01,2023-Q2,PHL,4,PCYC01,Aerion Gravel Bike 105,CYC,11452,10411,1041,10.0,false
2023-04-01,2023-Q2,PHL,5,PPKB03,Kestrel Pro Court Shoe,PKB,3492,2610,882,33.8,false
2023-04-01,2023-Q2,PHL,6,PSOC01,Stridewell Match Ball Pro,SOC,17382,16747,635,3.8,false
2023-04-01,2023-Q2,PHL,7,PVOL01,Ironpeak Indoor Game Ball,VOL,5140,4593,547,11.9,false
2023-04-01,2023-Q2,PHL,8,PVOL02,Vela Knee Pads,VOL,3711,3170,541,17.1,false
2023-04-01,2023-Q2,PHL,9,PVOL03,Kestrel Pro Beach Ball Pro,VOL,2573,2035,538,26.4,false
2023-04-01,2023-Q2,PHL,10,PCLM01,Courtcraft Bouldering Shoe,CLM,2198,1844,354,19.2,false
2023-07-01,2023-Q3,PHL,1,PSOC02,Loftline FG Cleat Elite,SOC,16411,13189,3222,24.4,false
2023-07-01,2023-Q3,PHL,2,PPKB01,Kestrel Pro Carbon Paddle 16mm,PKB,6521,4138,2383,57.6,false
2023-07-01,2023-Q3,PHL,3,PRUN02,Aerion Trail Runner GTX,RUN,18255,16054,2201,13.7,false
2023-07-01,2023-Q3,PHL,4,PGLF04,Aerion Launch Monitor Mini,GLF,1396,0,1396,,true
2023-07-01,2023-Q3,PHL,5,PVOL01,Ironpeak Indoor Game Ball,VOL,6424,5230,1194,22.8,false
2023-07-01,2023-Q3,PHL,6,PPKB02,Aerion Outdoor Balls 6pk,PKB,4240,3376,864,25.6,false
2023-07-01,2023-Q3,PHL,7,PBSK01,Loftline Indoor Game Ball,BSK,10971,10234,737,7.2,false
2023-07-01,2023-Q3,PHL,8,PFTB02,Vela Receiver Gloves,FTB,4696,4272,424,9.9,false
2023-07-01,2023-Q3,PHL,9,PHKY02,Loftline Senior Skate,HKY,3171,2796,375,13.4,false
2023-07-01,2023-Q3,PHL,10,PPKB03,Kestrel Pro Court Shoe,PKB,2535,2175,360,16.6,false
2023-10-01,2023-Q4,PHL,1,PGLF04,Aerion Launch Monitor Mini,GLF,2503,0,2503,,true
2023-10-01,2023-Q4,PHL,2,PPKB01,Kestrel Pro Carbon Paddle 16mm,PKB,8342,6084,2258,37.1,false
2023-10-01,2023-Q4,PHL,3,PPKB02,Aerion Outdoor Balls 6pk,PKB,6253,4066,2187,53.8,false
2023-10-01,2023-Q4,PHL,4,PBSB04,Bramble USSSA Composite Bat,BSB,1666,0,1666,,true
2023-10-01,2023-Q4,PHL,5,PLAX02,Stridewell Lacrosse Helmet,LAX,4580,3174,1406,44.3,false
2023-10-01,2023-Q4,PHL,6,PSOC01,Stridewell Match Ball Pro,SOC,19088,17763,1325,7.5,false
2023-10-01,2023-Q4,PHL,7,PLAX01,Aerion Attack Complete Stick,LAX,5926,4761,1165,24.5,false
2023-10-01,2023-Q4,PHL,8,PVOL01,Ironpeak Indoor Game Ball,VOL,5423,4686,737,15.7,false
2023-10-01,2023-Q4,PHL,9,PCYC02,Stridewell Road Helmet MIPS,CYC,4978,4261,717,16.8,false
2023-10-01,2023-Q4,PHL,10,PBSK02,Courtcraft Court Shoe Low,BSK,10646,10009,637,6.4,false
2024-01-01,2024-Q1,PHL,1,PGLF04,Aerion Launch Monitor Mini,GLF,4356,0,4356,,true
2024-01-01,2024-Q1,PHL,2,PBSB04,Bramble USSSA Composite Bat,BSB,3784,0,3784,,true
2024-01-01,2024-Q1,PHL,3,PRUN01,Kestrel Pro Tempo Road Shoe,RUN,25707,23408,2299,9.8,false
2024-01-01,2024-Q1,PHL,4,PPKB01,Kestrel Pro Carbon Paddle 16mm,PKB,7400,5957,1443,24.2,false
2024-01-01,2024-Q1,PHL,5,PRUN02,Aerion Trail Runner GTX,RUN,18019,16690,1329,8.0,false
2024-01-01,2024-Q1,PHL,6,PLAX02,Stridewell Lacrosse Helmet,LAX,4205,3485,720,20.7,false
2024-01-01,2024-Q1,PHL,7,PSOC01,Stridewell Match Ball Pro,SOC,12224,11527,697,6.0,false
2024-01-01,2024-Q1,PHL,8,PPKB03,Kestrel Pro Court Shoe,PKB,3667,3129,538,17.2,false
2024-01-01,2024-Q1,PHL,9,PSOC02,Loftline FG Cleat Elite,SOC,8641,8136,505,6.2,false
2024-01-01,2024-Q1,PHL,10,PPKB02,Aerion Outdoor Balls 6pk,PKB,5195,4728,467,9.9,false
2024-04-01,2024-Q2,PHL,1,PRUN03,Kestrel Pro Carbon Race Flat,RUN,5600,0,5600,,true
2024-04-01,2024-Q2,PHL,2,PGLF04,Aerion Launch Monitor Mini,GLF,4513,0,4513,,true
2024-04-01,2024-Q2,PHL,3,PBSB04,Bramble USSSA Composite Bat,BSB,3953,0,3953,,true
2024-04-01,2024-Q2,PHL,4,PRUN02,Aerion Trail Runner GTX,RUN,20375,17745,2630,14.8,false
2024-04-01,2024-Q2,PHL,5,PPKB04,Loftline Thermoformed Pro Paddle,PKB,2115,0,2115,,true
2024-04-01,2024-Q2,PHL,6,PSOC02,Loftline FG Cleat Elite,SOC,13326,11948,1378,11.5,false
2024-04-01,2024-Q2,PHL,7,PPKB01,Kestrel Pro Carbon Paddle 16mm,PKB,8356,7134,1222,17.1,false
2024-04-01,2024-Q2,PHL,8,PRUN01,Kestrel Pro Tempo Road Shoe,RUN,25171,24012,1159,4.8,false
2024-04-01,2024-Q2,PHL,9,PSOC01,Stridewell Match Ball Pro,SOC,18389,17382,1007,5.8,false
2024-04-01,2024-Q2,PHL,10,PTEN01,Bramble Tour Racquet 98,TEN,7921,7207,714,9.9,false
2024-07-01,2024-Q3,PHL,1,PRUN03,Kestrel Pro Carbon Race Flat,RUN,10494,0,10494,,true
2024-07-01,2024-Q3,PHL,2,PSOC01,Stridewell Match Ball Pro,SOC,23331,18164,5167,28.4,false
2024-07-01,2024-Q3,PHL,3,PPKB04,Loftline Thermoformed Pro Paddle,PKB,2997,0,2997,,true
2024-07-01,2024-Q3,PHL,4,PSOC03,Kestrel Pro Shin Guard Lite,SOC,11814,9588,2226,23.2,false
2024-07-01,2024-Q3,PHL,5,PGLF04,Aerion Launch Monitor Mini,GLF,3464,1396,2068,148.1,false
2024-07-01,2024-Q3,PHL,6,PBSB04,Bramble USSSA Composite Bat,BSB,1946,0,1946,,true
2024-07-01,2024-Q3,PHL,7,PVOL03,Kestrel Pro Beach Ball Pro,VOL,3767,2721,1046,38.4,false
2024-07-01,2024-Q3,PHL,8,PCLM04,Bramble Harness Lite,CLM,874,0,874,,true
2024-07-01,2024-Q3,PHL,9,PFTB04,Kestrel Pro Flag Football Set,FTB,678,0,678,,true
2024-07-01,2024-Q3,PHL,10,PVOL02,Vela Knee Pads,VOL,4659,4091,568,13.9,false
2024-10-01,2024-Q4,PHL,1,PRUN03,Kestrel Pro Carbon Race Flat,RUN,19402,0,19402,,true
2024-10-01,2024-Q4,PHL,2,PPKB04,Loftline Thermoformed Pro Paddle,PKB,4259,0,4259,,true
2024-10-01,2024-Q4,PHL,3,PSNW01,Loftline All-Mountain Ski,SNW,13919,11227,2692,24.0,false
2024-10-01,2024-Q4,PHL,4,PBSB04,Bramble USSSA Composite Bat,BSB,3786,1666,2120,127.3,false
2024-10-01,2024-Q4,PHL,5,PCLM04,Bramble Harness Lite,CLM,1585,0,1585,,true
2024-10-01,2024-Q4,PHL,6,PVOL04,Kestrel Pro Court Shoe Mid,VOL,1422,0,1422,,true
2024-10-01,2024-Q4,PHL,7,PSNW02,Courtcraft Snowboard Boot,SNW,9420,8110,1310,16.2,false
2024-10-01,2024-Q4,PHL,8,PFTB04,Kestrel Pro Flag Football Set,FTB,1068,0,1068,,true
2024-10-01,2024-Q4,PHL,9,PSNW03,Kestrel Pro Insulated Shell,SNW,6233,5209,1024,19.7,false
2024-10-01,2024-Q4,PHL,10,PLAX04,Courtcraft Mesh Head Pro,LAX,966,0,966,,true
2025-01-01,2025-Q1,PHL,1,PRUN03,Kestrel Pro Carbon Race Flat,RUN,19311,0,19311,,true
2025-01-01,2025-Q1,PHL,2,PPKB04,Loftline Thermoformed Pro Paddle,PKB,3932,227,3705,1632.2,false
2025-01-01,2025-Q1,PHL,3,PSOC02,Loftline FG Cleat Elite,SOC,11423,8641,2782,32.2,false
2025-01-01,2025-Q1,PHL,4,PSNW01,Loftline All-Mountain Ski,SNW,7068,4748,2320,48.9,false
2025-01-01,2025-Q1,PHL,5,PLAX04,Courtcraft Mesh Head Pro,LAX,2001,0,2001,,true
2025-01-01,2025-Q1,PHL,6,PSNW02,Courtcraft Snowboard Boot,SNW,5678,3812,1866,49.0,false
2025-01-01,2025-Q1,PHL,7,PTEN01,Bramble Tour Racquet 98,TEN,6994,5422,1572,29.0,false
2025-01-01,2025-Q1,PHL,8,PVOL04,Kestrel Pro Court Shoe Mid,VOL,1543,0,1543,,true
2025-01-01,2025-Q1,PHL,9,PCLM04,Bramble Harness Lite,CLM,1237,0,1237,,true
2025-01-01,2025-Q1,PHL,10,PBSK01,Loftline Indoor Game Ball,BSK,9666,8463,1203,14.2,false
2025-04-01,2025-Q2,PHL,1,PRUN03,Kestrel Pro Carbon Race Flat,RUN,18626,5600,13026,232.6,false
2025-04-01,2025-Q2,PHL,2,PVOL04,Kestrel Pro Court Shoe Mid,VOL,2654,0,2654,,true
2025-04-01,2025-Q2,PHL,3,PPKB04,Loftline Thermoformed Pro Paddle,PKB,4570,2115,2455,116.1,false
2025-04-01,2025-Q2,PHL,4,PFTB04,Kestrel Pro Flag Football Set,FTB,2077,0,2077,,true
2025-04-01,2025-Q2,PHL,5,PLAX04,Courtcraft Mesh Head Pro,LAX,1750,0,1750,,true
2025-04-01,2025-Q2,PHL,6,PSOC02,Loftline FG Cleat Elite,SOC,15015,13326,1689,12.7,false
2025-04-01,2025-Q2,PHL,7,PBSK02,Courtcraft Court Shoe Low,BSK,7141,6188,953,15.4,false
2025-04-01,2025-Q2,PHL,8,PBSK01,Loftline Indoor Game Ball,BSK,8205,7317,888,12.1,false
2025-04-01,2025-Q2,PHL,9,PCLM04,Bramble Harness Lite,CLM,1109,401,708,176.6,false
2025-04-01,2025-Q2,PHL,10,PGLF02,Bramble Distance Ball 12pk,GLF,6413,5752,661,11.5,false
2025-07-01,2025-Q3,PHL,1,PRUN03,Kestrel Pro Carbon Race Flat,RUN,15937,10494,5443,51.9,false
2025-07-01,2025-Q3,PHL,2,PVOL04,Kestrel Pro Court Shoe Mid,VOL,2974,210,2764,1316.2,false
2025-07-01,2025-Q3,PHL,3,PFTB04,Kestrel Pro Flag Football Set,FTB,2343,678,1665,245.6,false
2025-07-01,2025-Q3,PHL,4,PLAX04,Courtcraft Mesh Head Pro,LAX,1164,0,1164,,true
2025-07-01,2025-Q3,PHL,5,PBSK02,Courtcraft Court Shoe Low,BSK,8769,7607,1162,15.3,false
2025-07-01,2025-Q3,PHL,6,PPKB01,Kestrel Pro Carbon Paddle 16mm,PKB,7095,6112,983,16.1,false
2025-07-01,2025-Q3,PHL,7,PTEN02,Kestrel Pro Pressurized Balls 3pk,TEN,5021,4152,869,20.9,false
2025-07-01,2025-Q3,PHL,8,PPKB04,Loftline Thermoformed Pro Paddle,PKB,3776,2997,779,26.0,false
2025-07-01,2025-Q3,PHL,9,PCYC02,Stridewell Road Helmet MIPS,CYC,5380,4831,549,11.4,false
2025-07-01,2025-Q3,PHL,10,PPKB03,Kestrel Pro Court Shoe,PKB,3486,3016,470,15.6,false
2025-10-01,2025-Q4,PHL,1,PSOC01,Stridewell Match Ball Pro,SOC,22224,18584,3640,19.6,false
2025-10-01,2025-Q4,PHL,2,PPKB01,Kestrel Pro Carbon Paddle 16mm,PKB,9863,7365,2498,33.9,false
2025-10-01,2025-Q4,PHL,3,PSNW01,Loftline All-Mountain Ski,SNW,15649,13919,1730,12.4,false
2025-10-01,2025-Q4,PHL,4,PBSK01,Loftline Indoor Game Ball,BSK,15933,14302,1631,11.4,false
2025-10-01,2025-Q4,PHL,5,PLAX04,Courtcraft Mesh Head Pro,LAX,2589,966,1623,168.0,false
2025-10-01,2025-Q4,PHL,6,PRUN02,Aerion Trail Runner GTX,RUN,14156,12600,1556,12.3,false
2025-10-01,2025-Q4,PHL,7,PVOL04,Kestrel Pro Court Shoe Mid,VOL,2973,1422,1551,109.1,false
2025-10-01,2025-Q4,PHL,8,PSOC02,Loftline FG Cleat Elite,SOC,15240,13942,1298,9.3,false
2025-10-01,2025-Q4,PHL,9,PPKB04,Loftline Thermoformed Pro Paddle,PKB,5335,4259,1076,25.3,false
2025-10-01,2025-Q4,PHL,10,PBSK03,Kestrel Pro Portable Hoop 54in,BSK,7513,6641,872,13.1,false
2026-01-01,2026-Q1,PHL,1,PSOC04,Ironpeak 2026 Host City Replica Ball,SOC,3390,0,3390,,true
2026-01-01,2026-Q1,PHL,2,PPKB01,Kestrel Pro Carbon Paddle 16mm,PKB,9035,7135,1900,26.6,false
2026-01-01,2026-Q1,PHL,3,PPKB02,Aerion Outdoor Balls 6pk,PKB,6550,4895,1655,33.8,false
2026-01-01,2026-Q1,PHL,4,PLAX01,Aerion Attack Complete Stick,LAX,5262,4249,1013,23.8,false
2026-01-01,2026-Q1,PHL,5,PRUN02,Aerion Trail Runner GTX,RUN,12899,11897,1002,8.4,false
2026-01-01,2026-Q1,PHL,6,PPKB04,Loftline Thermoformed Pro Paddle,PKB,4895,3932,963,24.5,false
2026-01-01,2026-Q1,PHL,7,PBSK02,Courtcraft Court Shoe Low,BSK,8334,7415,919,12.4,false
2026-01-01,2026-Q1,PHL,8,PBSK01,Loftline Indoor Game Ball,BSK,10475,9666,809,8.4,false
2026-01-01,2026-Q1,PHL,9,PCYC01,Aerion Gravel Bike 105,CYC,7606,6837,769,11.2,false
2026-01-01,2026-Q1,PHL,10,PBSB01,Courtcraft BBCOR Alloy Bat,BSB,8632,7958,674,8.5,false
2026-04-01,2026-Q2,PHL,1,PSOC04,Ironpeak 2026 Host City Replica Ball,SOC,8749,0,8749,,true
2026-04-01,2026-Q2,PHL,2,PRUN02,Aerion Trail Runner GTX,RUN,17591,13425,4166,31.0,false
2026-04-01,2026-Q2,PHL,3,PCYC01,Aerion Gravel Bike 105,CYC,9538,8258,1280,15.5,false
2026-04-01,2026-Q2,PHL,4,PPKB04,Loftline Thermoformed Pro Paddle,PKB,5799,4570,1229,26.9,false
2026-04-01,2026-Q2,PHL,5,PPKB01,Kestrel Pro Carbon Paddle 16mm,PKB,9151,7954,1197,15.0,false
2026-04-01,2026-Q2,PHL,6,PPKB02,Aerion Outdoor Balls 6pk,PKB,7001,5879,1122,19.1,false
2026-04-01,2026-Q2,PHL,7,PBSB01,Courtcraft BBCOR Alloy Bat,BSB,7563,6485,1078,16.6,false
2026-04-01,2026-Q2,PHL,8,PBSB02,Ironpeak Fielding Glove 11.75,BSB,6178,5159,1019,19.8,false
2026-04-01,2026-Q2,PHL,9,PPKB03,Kestrel Pro Court Shoe,PKB,4993,4123,870,21.1,false
2026-04-01,2026-Q2,PHL,10,PCYC03,Kestrel Pro Smart Trainer,CYC,5238,4438,800,18.0,false
2023-01-01,2023-Q1,ATL,1,PRUN01,Kestrel Pro Tempo Road Shoe,RUN,28175,24439,3736,15.3,false
2023-01-01,2023-Q1,ATL,2,PSOC01,Stridewell Match Ball Pro,SOC,13416,10771,2645,24.6,false
2023-01-01,2023-Q1,ATL,3,PPKB02,Aerion Outdoor Balls 6pk,PKB,7570,5049,2521,49.9,false
2023-01-01,2023-Q1,ATL,4,PPKB01,Kestrel Pro Carbon Paddle 16mm,PKB,8794,7047,1747,24.8,false
2023-01-01,2023-Q1,ATL,5,PRUN02,Aerion Trail Runner GTX,RUN,21429,19919,1510,7.6,false
2023-01-01,2023-Q1,ATL,6,PSOC02,Loftline FG Cleat Elite,SOC,10324,9117,1207,13.2,false
2023-01-01,2023-Q1,ATL,7,PBSK01,Loftline Indoor Game Ball,BSK,9411,8352,1059,12.7,false
2023-01-01,2023-Q1,ATL,8,PPKB03,Kestrel Pro Court Shoe,PKB,4441,3410,1031,30.2,false
2023-01-01,2023-Q1,ATL,9,PBSB03,Kestrel Pro Batting Helmet,BSB,7615,6733,882,13.1,false
2023-01-01,2023-Q1,ATL,10,PGLF01,Vela Game-Improvement Irons,GLF,13695,12961,734,5.7,false
2023-04-01,2023-Q2,ATL,1,PPKB02,Aerion Outdoor Balls 6pk,PKB,7979,5443,2536,46.6,false
2023-04-01,2023-Q2,ATL,2,PPKB01,Kestrel Pro Carbon Paddle 16mm,PKB,10865,8511,2354,27.7,false
2023-04-01,2023-Q2,ATL,3,PSOC02,Loftline FG Cleat Elite,SOC,14539,12608,1931,15.3,false
2023-04-01,2023-Q2,ATL,4,PBSB01,Courtcraft BBCOR Alloy Bat,BSB,12640,11149,1491,13.4,false
2023-04-01,2023-Q2,ATL,5,PPKB03,Kestrel Pro Court Shoe,PKB,5482,4205,1277,30.4,false
2023-04-01,2023-Q2,ATL,6,PBSK03,Kestrel Pro Portable Hoop 54in,BSK,4653,3405,1248,36.7,false
2023-04-01,2023-Q2,ATL,7,PVOL01,Ironpeak Indoor Game Ball,VOL,6043,4917,1126,22.9,false
2023-04-01,2023-Q2,ATL,8,PFTB01,Ironpeak Youth Helmet,FTB,7464,6401,1063,16.6,false
2023-04-01,2023-Q2,ATL,9,PRUN01,Kestrel Pro Tempo Road Shoe,RUN,29033,28016,1017,3.6,false
2023-04-01,2023-Q2,ATL,10,PSOC01,Stridewell Match Ball Pro,SOC,19519,18601,918,4.9,false
2023-07-01,2023-Q3,ATL,1,PBSK01,Loftline Indoor Game Ball,BSK,11940,9405,2535,27.0,false
2023-07-01,2023-Q3,ATL,2,PPKB02,Aerion Outdoor Balls 6pk,PKB,7156,4793,2363,49.3,false
2023-07-01,2023-Q3,ATL,3,PGLF04,Aerion Launch Monitor Mini,GLF,1827,0,1827,,true
2023-07-01,2023-Q3,ATL,4,PPKB03,Kestrel Pro Court Shoe,PKB,4897,3335,1562,46.8,false
2023-07-01,2023-Q3,ATL,5,PSOC02,Loftline FG Cleat Elite,SOC,17788,16618,1170,7.0,false
2023-07-01,2023-Q3,ATL,6,PPKB01,Kestrel Pro Carbon Paddle 16mm,PKB,8473,7549,924,12.2,false
2023-07-01,2023-Q3,ATL,7,PBSB01,Courtcraft BBCOR Alloy Bat,BSB,7261,6541,720,11.0,false
2023-07-01,2023-Q3,ATL,8,PBSK02,Courtcraft Court Shoe Low,BSK,8487,8026,461,5.7,false
2023-07-01,2023-Q3,ATL,9,PBSB02,Ironpeak Fielding Glove 11.75,BSB,5117,4659,458,9.8,false
2023-07-01,2023-Q3,ATL,10,PBSK03,Kestrel Pro Portable Hoop 54in,BSK,5251,4962,289,5.8,false
2023-10-01,2023-Q4,ATL,1,PGLF04,Aerion Launch Monitor Mini,GLF,3556,0,3556,,true
2023-10-01,2023-Q4,ATL,2,PPKB01,Kestrel Pro Carbon Paddle 16mm,PKB,12733,9368,3365,35.9,false
2023-10-01,2023-Q4,ATL,3,PBSB04,Bramble USSSA Composite Bat,BSB,2128,0,2128,,true
2023-10-01,2023-Q4,ATL,4,PPKB02,Aerion Outdoor Balls 6pk,PKB,8745,7137,1608,22.5,false
2023-10-01,2023-Q4,ATL,5,PVOL01,Ironpeak Indoor Game Ball,VOL,6086,4692,1394,29.7,false
2023-10-01,2023-Q4,ATL,6,PVOL02,Vela Knee Pads,VOL,4788,3580,1208,33.7,false
2023-10-01,2023-Q4,ATL,7,PFTB01,Ironpeak Youth Helmet,FTB,6592,5768,824,14.3,false
2023-10-01,2023-Q4,ATL,8,PSOC03,Kestrel Pro Shin Guard Lite,SOC,11030,10255,775,7.6,false
2023-10-01,2023-Q4,ATL,9,PPKB03,Kestrel Pro Court Shoe,PKB,5373,4704,669,14.2,false
2023-10-01,2023-Q4,ATL,10,PLAX02,Stridewell Lacrosse Helmet,LAX,3147,2592,555,21.4,false
2024-01-01,2024-Q1,ATL,1,PBSB04,Bramble USSSA Composite Bat,BSB,5651,0,5651,,true
2024-01-01,2024-Q1,ATL,2,PGLF04,Aerion Launch Monitor Mini,GLF,5625,0,5625,,true
2024-01-01,2024-Q1,ATL,3,PSOC01,Stridewell Match Ball Pro,SOC,16469,13416,3053,22.8,false
2024-01-01,2024-Q1,ATL,4,PPKB01,Kestrel Pro Carbon Paddle 16mm,PKB,11514,8794,2720,30.9,false
2024-01-01,2024-Q1,ATL,5,PRUN01,Kestrel Pro Tempo Road Shoe,RUN,30748,28175,2573,9.1,false
2024-01-01,2024-Q1,ATL,6,PPKB03,Kestrel Pro Court Shoe,PKB,5578,4441,1137,25.6,false
2024-01-01,2024-Q1,ATL,7,PBSB02,Ironpeak Fielding Glove 11.75,BSB,10672,9745,927,9.5,false
2024-01-01,2024-Q1,ATL,8,PBSK03,Kestrel Pro Portable Hoop 54in,BSK,5044,4256,788,18.5,false
2024-01-01,2024-Q1,ATL,9,PBSK02,Courtcraft Court Shoe Low,BSK,7603,6849,754,11.0,false
2024-01-01,2024-Q1,ATL,10,PBSK01,Loftline Indoor Game Ball,BSK,10123,9411,712,7.6,false
2024-04-01,2024-Q2,ATL,1,PGLF04,Aerion Launch Monitor Mini,GLF,6556,0,6556,,true
2024-04-01,2024-Q2,ATL,2,PRUN03,Kestrel Pro Carbon Race Flat,RUN,5837,0,5837,,true
2024-04-01,2024-Q2,ATL,3,PBSB04,Bramble USSSA Composite Bat,BSB,5580,0,5580,,true
2024-04-01,2024-Q2,ATL,4,PPKB04,Loftline Thermoformed Pro Paddle,PKB,2853,0,2853,,true
2024-04-01,2024-Q2,ATL,5,PSOC02,Loftline FG Cleat Elite,SOC,15960,14539,1421,9.8,false
2024-04-01,2024-Q2,ATL,6,PSOC01,Stridewell Match Ball Pro,SOC,20650,19519,1131,5.8,false
2024-04-01,2024-Q2,ATL,7,PSOC03,Kestrel Pro Shin Guard Lite,SOC,11272,10450,822,7.9,false
2024-04-01,2024-Q2,ATL,8,PFTB02,Vela Receiver Gloves,FTB,5604,4846,758,15.6,false
2024-04-01,2024-Q2,ATL,9,PVOL02,Vela Knee Pads,VOL,4615,3870,745,19.3,false
2024-04-01,2024-Q2,ATL,10,PCLM04,Bramble Harness Lite,CLM,532,0,532,,true
2024-07-01,2024-Q3,ATL,1,PRUN03,Kestrel Pro Carbon Race Flat,RUN,12410,0,12410,,true
2024-07-01,2024-Q3,ATL,2,PPKB04,Loftline Thermoformed Pro Paddle,PKB,4242,0,4242,,true
2024-07-01,2024-Q3,ATL,3,PBSB04,Bramble USSSA Composite Bat,BSB,3356,0,3356,,true
2024-07-01,2024-Q3,ATL,4,PGLF04,Aerion Launch Monitor Mini,GLF,4772,1827,2945,161.2,false
2024-07-01,2024-Q3,ATL,5,PSOC03,Kestrel Pro Shin Guard Lite,SOC,13517,10603,2914,27.5,false
2024-07-01,2024-Q3,ATL,6,PSOC01,Stridewell Match Ball Pro,SOC,23265,20479,2786,13.6,false
2024-07-01,2024-Q3,ATL,7,PFTB04,Kestrel Pro Flag Football Set,FTB,1065,0,1065,,true
2024-07-01,2024-Q3,ATL,8,PVOL02,Vela Knee Pads,VOL,5754,4737,1017,21.5,false
2024-07-01,2024-Q3,ATL,9,PTEN01,Bramble Tour Racquet 98,TEN,7330,6397,933,14.6,false
2024-07-01,2024-Q3,ATL,10,PCLM04,Bramble Harness Lite,CLM,808,0,808,,true
2024-10-01,2024-Q4,ATL,1,PRUN03,Kestrel Pro Carbon Race Flat,RUN,22743,0,22743,,true
2024-10-01,2024-Q4,ATL,2,PPKB04,Loftline Thermoformed Pro Paddle,PKB,6425,0,6425,,true
2024-10-01,2024-Q4,ATL,3,PBSB04,Bramble USSSA Composite Bat,BSB,5772,2128,3644,171.2,false
2024-10-01,2024-Q4,ATL,4,PSOC02,Loftline FG Cleat Elite,SOC,18733,15736,2997,19.0,false
2024-10-01,2024-Q4,ATL,5,PFTB04,Kestrel Pro Flag Football Set,FTB,1931,0,1931,,true
2024-10-01,2024-Q4,ATL,6,PCLM04,Bramble Harness Lite,CLM,1779,0,1779,,true
2024-10-01,2024-Q4,ATL,7,PVOL04,Kestrel Pro Court Shoe Mid,VOL,1557,0,1557,,true
2024-10-01,2024-Q4,ATL,8,PSOC01,Stridewell Match Ball Pro,SOC,22078,20903,1175,5.6,false
2024-10-01,2024-Q4,ATL,9,PBSK01,Loftline Indoor Game Ball,BSK,15851,14841,1010,6.8,false
2024-10-01,2024-Q4,ATL,10,PBSK04,Vela Compression Sleeve,BSK,4189,3276,913,27.9,false
2025-01-01,2025-Q1,ATL,1,PRUN03,Kestrel Pro Carbon Race Flat,RUN,20823,0,20823,,true
2025-01-01,2025-Q1,ATL,2,PPKB04,Loftline Thermoformed Pro Paddle,PKB,6995,400,6595,1648.8,false
2025-01-01,2025-Q1,ATL,3,PVOL04,Kestrel Pro Court Shoe Mid,VOL,1771,0,1771,,true
2025-01-01,2025-Q1,ATL,4,PFTB04,Kestrel Pro Flag Football Set,FTB,1466,0,1466,,true
2025-01-01,2025-Q1,ATL,5,PCLM04,Bramble Harness Lite,CLM,1466,0,1466,,true
2025-01-01,2025-Q1,ATL,6,PLAX04,Courtcraft Mesh Head Pro,LAX,1434,0,1434,,true
2025-01-01,2025-Q1,ATL,7,PCYC01,Aerion Gravel Bike 105,CYC,8468,7300,1168,16.0,false
2025-01-01,2025-Q1,ATL,8,PBSB04,Bramble USSSA Composite Bat,BSB,6506,5651,855,15.1,false
2025-01-01,2025-Q1,ATL,9,PSOC03,Kestrel Pro Shin Guard Lite,SOC,7505,6804,701,10.3,false
2025-01-01,2025-Q1,ATL,10,PSNW01,Loftline All-Mountain Ski,SNW,1758,1137,621,54.6,false
2025-04-01,2025-Q2,ATL,1,PRUN03,Kestrel Pro Carbon Race Flat,RUN,23708,5837,17871,306.2,false
2025-04-01,2025-Q2,ATL,2,PPKB04,Loftline Thermoformed Pro Paddle,PKB,6495,2853,3642,127.7,false
2025-04-01,2025-Q2,ATL,3,PFTB04,Kestrel Pro Flag Football Set,FTB,3094,0,3094,,true
2025-04-01,2025-Q2,ATL,4,PVOL04,Kestrel Pro Court Shoe Mid,VOL,2683,0,2683,,true
2025-04-01,2025-Q2,ATL,5,PSOC02,Loftline FG Cleat Elite,SOC,18104,15960,2144,13.4,false
2025-04-01,2025-Q2,ATL,6,PPKB01,Kestrel Pro Carbon Paddle 16mm,PKB,11774,9921,1853,18.7,false
2025-04-01,2025-Q2,ATL,7,PLAX04,Courtcraft Mesh Head Pro,LAX,1378,0,1378,,true
2025-04-01,2025-Q2,ATL,8,PPKB03,Kestrel Pro Court Shoe,PKB,6032,5068,964,19.0,false
2025-04-01,2025-Q2,ATL,9,PCLM04,Bramble Harness Lite,CLM,1317,532,785,147.6,false
2025-04-01,2025-Q2,ATL,10,PBSK01,Loftline Indoor Game Ball,BSK,8734,8041,693,8.6,false
2025-07-01,2025-Q3,ATL,1,PVOL04,Kestrel Pro Court Shoe Mid,VOL,3841,263,3578,1360.5,false
2025-07-01,2025-Q3,ATL,2,PRUN03,Kestrel Pro Carbon Race Flat,RUN,15259,12410,2849,23.0,false
2025-07-01,2025-Q3,ATL,3,PFTB04,Kestrel Pro Flag Football Set,FTB,3859,1065,2794,262.3,false
2025-07-01,2025-Q3,ATL,4,PBSK01,Loftline Indoor Game Ball,BSK,11856,10564,1292,12.2,false
2025-07-01,2025-Q3,ATL,5,PCYC01,Aerion Gravel Bike 105,CYC,7974,7016,958,13.7,false
2025-07-01,2025-Q3,ATL,6,PPKB04,Loftline Thermoformed Pro Paddle,PKB,5175,4242,933,22.0,false
2025-07-01,2025-Q3,ATL,7,PLAX04,Courtcraft Mesh Head Pro,LAX,852,0,852,,true
2025-07-01,2025-Q3,ATL,8,PPKB02,Aerion Outdoor Balls 6pk,PKB,7275,6583,692,10.5,false
2025-07-01,2025-Q3,ATL,9,PPKB01,Kestrel Pro Carbon Paddle 16mm,PKB,9484,8937,547,6.1,false
2025-07-01,2025-Q3,ATL,10,PSOC01,Stridewell Match Ball Pro,SOC,23804,23265,539,2.3,false
2025-10-01,2025-Q4,ATL,1,PPKB01,Kestrel Pro Carbon Paddle 16mm,PKB,12919,10746,2173,20.2,false
2025-10-01,2025-Q4,ATL,2,PRUN02,Aerion Trail Runner GTX,RUN,16821,14841,1980,13.3,false
2025-10-01,2025-Q4,ATL,3,PSOC01,Stridewell Match Ball Pro,SOC,23980,22078,1902,8.6,false
2025-10-01,2025-Q4,ATL,4,PVOL04,Kestrel Pro Court Shoe Mid,VOL,3435,1557,1878,120.6,false
2025-10-01,2025-Q4,ATL,5,PPKB02,Aerion Outdoor Balls 6pk,PKB,9531,7928,1603,20.2,false
2025-10-01,2025-Q4,ATL,6,PBSK01,Loftline Indoor Game Ball,BSK,17304,15851,1453,9.2,false
2025-10-01,2025-Q4,ATL,7,PBSK02,Courtcraft Court Shoe Low,BSK,12923,11564,1359,11.8,false
2025-10-01,2025-Q4,ATL,8,PPKB03,Kestrel Pro Court Shoe,PKB,6846,5536,1310,23.7,false
2025-10-01,2025-Q4,ATL,9,PLAX04,Courtcraft Mesh Head Pro,LAX,2074,797,1277,160.2,false
2025-10-01,2025-Q4,ATL,10,PGLF01,Vela Game-Improvement Irons,GLF,8483,7254,1229,16.9,false
2026-01-01,2026-Q1,ATL,1,PRUN01,Kestrel Pro Tempo Road Shoe,RUN,20730,16368,4362,26.6,false
2026-01-01,2026-Q1,ATL,2,PSOC04,Ironpeak 2026 Host City Replica Ball,SOC,3714,0,3714,,true
2026-01-01,2026-Q1,ATL,3,PRUN03,Kestrel Pro Carbon Race Flat,RUN,22779,20823,1956,9.4,false
2026-01-01,2026-Q1,ATL,4,PBSK01,Loftline Indoor Game Ball,BSK,11779,10199,1580,15.5,false
2026-01-01,2026-Q1,ATL,5,PBSB01,Courtcraft BBCOR Alloy Bat,BSB,12989,11682,1307,11.2,false
2026-01-01,2026-Q1,ATL,6,PPKB02,Aerion Outdoor Balls 6pk,PKB,8472,7374,1098,14.9,false
2026-01-01,2026-Q1,ATL,7,PLAX04,Courtcraft Mesh Head Pro,LAX,2474,1434,1040,72.5,false
2026-01-01,2026-Q1,ATL,8,PBSK02,Courtcraft Court Shoe Low,BSK,8527,7629,898,11.8,false
2026-01-01,2026-Q1,ATL,9,PBSB04,Bramble USSSA Composite Bat,BSB,7311,6506,805,12.4,false
2026-01-01,2026-Q1,ATL,10,PRUN02,Aerion Trail Runner GTX,RUN,14459,13780,679,4.9,false
2026-04-01,2026-Q2,ATL,1,PSOC04,Ironpeak 2026 Host City Replica Ball,SOC,11735,0,11735,,true
2026-04-01,2026-Q2,ATL,2,PBSK01,Loftline Indoor Game Ball,BSK,10903,8734,2169,24.8,false
2026-04-01,2026-Q2,ATL,3,PBSB01,Courtcraft BBCOR Alloy Bat,BSB,10633,8826,1807,20.5,false
2026-04-01,2026-Q2,ATL,4,PRUN01,Kestrel Pro Tempo Road Shoe,RUN,19787,18110,1677,9.3,false
2026-04-01,2026-Q2,ATL,5,PGLF01,Vela Game-Improvement Irons,GLF,12268,10613,1655,15.6,false
2026-04-01,2026-Q2,ATL,6,PPKB04,Loftline Thermoformed Pro Paddle,PKB,7887,6495,1392,21.4,false
2026-04-01,2026-Q2,ATL,7,PGLF03,Kestrel Pro Stand Bag,GLF,6476,5184,1292,24.9,false
2026-04-01,2026-Q2,ATL,8,PRUN02,Aerion Trail Runner GTX,RUN,14781,13536,1245,9.2,false
2026-04-01,2026-Q2,ATL,9,PPKB02,Aerion Outdoor Balls 6pk,PKB,9505,8294,1211,14.6,false
2026-04-01,2026-Q2,ATL,10,PVOL01,Ironpeak Indoor Game Ball,VOL,6538,5345,1193,22.3,false
2023-01-01,2023-Q1,MIA,1,PPKB02,Aerion Outdoor Balls 6pk,PKB,7552,5248,2304,43.9,false
2023-01-01,2023-Q1,MIA,2,PPKB01,Kestrel Pro Carbon Paddle 16mm,PKB,9380,7178,2202,30.7,false
2023-01-01,2023-Q1,MIA,3,PBSB01,Courtcraft BBCOR Alloy Bat,BSB,15652,14075,1577,11.2,false
2023-01-01,2023-Q1,MIA,4,PPKB03,Kestrel Pro Court Shoe,PKB,4974,3671,1303,35.5,false
2023-01-01,2023-Q1,MIA,5,PSOC01,Stridewell Match Ball Pro,SOC,13303,12008,1295,10.8,false
2023-01-01,2023-Q1,MIA,6,PCYC01,Aerion Gravel Bike 105,CYC,9148,8485,663,7.8,false
2023-01-01,2023-Q1,MIA,7,PBSK03,Kestrel Pro Portable Hoop 54in,BSK,5035,4407,628,14.3,false
2023-01-01,2023-Q1,MIA,8,PVOL02,Vela Knee Pads,VOL,2673,2125,548,25.8,false
2023-01-01,2023-Q1,MIA,9,PRUN02,Aerion Trail Runner GTX,RUN,19045,18622,423,2.3,false
2023-01-01,2023-Q1,MIA,10,PLAX02,Stridewell Lacrosse Helmet,LAX,2249,1838,411,22.4,false
2023-04-01,2023-Q2,MIA,1,PPKB01,Kestrel Pro Carbon Paddle 16mm,PKB,13594,9325,4269,45.8,false
2023-04-01,2023-Q2,MIA,2,PPKB02,Aerion Outdoor Balls 6pk,PKB,9709,5794,3915,67.6,false
2023-04-01,2023-Q2,MIA,3,PPKB03,Kestrel Pro Court Shoe,PKB,6731,4605,2126,46.2,false
2023-04-01,2023-Q2,MIA,4,PSOC02,Loftline FG Cleat Elite,SOC,14259,13128,1131,8.6,false
2023-04-01,2023-Q2,MIA,5,PBSB01,Courtcraft BBCOR Alloy Bat,BSB,12836,11731,1105,9.4,false
2023-04-01,2023-Q2,MIA,6,PRUN01,Kestrel Pro Tempo Road Shoe,RUN,28602,27688,914,3.3,false
2023-04-01,2023-Q2,MIA,7,PVOL01,Ironpeak Indoor Game Ball,VOL,5491,4688,803,17.1,false
2023-04-01,2023-Q2,MIA,8,PBSK01,Loftline Indoor Game Ball,BSK,9481,8735,746,8.5,false
2023-04-01,2023-Q2,MIA,9,PBSB03,Kestrel Pro Batting Helmet,BSB,6341,5595,746,13.3,false
2023-04-01,2023-Q2,MIA,10,PVOL02,Vela Knee Pads,VOL,4183,3659,524,14.3,false
2023-07-01,2023-Q3,MIA,1,PPKB02,Aerion Outdoor Balls 6pk,PKB,8902,5507,3395,61.6,false
2023-07-01,2023-Q3,MIA,2,PSOC01,Stridewell Match Ball Pro,SOC,24424,21064,3360,16.0,false
2023-07-01,2023-Q3,MIA,3,PPKB01,Kestrel Pro Carbon Paddle 16mm,PKB,11961,8741,3220,36.8,false
2023-07-01,2023-Q3,MIA,4,PRUN01,Kestrel Pro Tempo Road Shoe,RUN,23664,21721,1943,8.9,false
2023-07-01,2023-Q3,MIA,5,PGLF04,Aerion Launch Monitor Mini,GLF,1932,0,1932,,true
2023-07-01,2023-Q3,MIA,6,PBSB01,Courtcraft BBCOR Alloy Bat,BSB,7173,5603,1570,28.0,false
2023-07-01,2023-Q3,MIA,7,PPKB03,Kestrel Pro Court Shoe,PKB,5451,3934,1517,38.6,false
2023-07-01,2023-Q3,MIA,8,PBSK01,Loftline Indoor Game Ball,BSK,11336,10230,1106,10.8,false
2023-07-01,2023-Q3,MIA,9,PRUN04,Loftline Hydration Vest,RUN,6860,5788,1072,18.5,false
2023-07-01,2023-Q3,MIA,10,PBSB03,Kestrel Pro Batting Helmet,BSB,3644,2876,768,26.7,false
2023-10-01,2023-Q4,MIA,1,PPKB01,Kestrel Pro Carbon Paddle 16mm,PKB,15677,11119,4558,41.0,false
2023-10-01,2023-Q4,MIA,2,PPKB02,Aerion Outdoor Balls 6pk,PKB,11727,7734,3993,51.6,false
2023-10-01,2023-Q4,MIA,3,PGLF04,Aerion Launch Monitor Mini,GLF,3293,0,3293,,true
2023-10-01,2023-Q4,MIA,4,PPKB03,Kestrel Pro Court Shoe,PKB,8487,5562,2925,52.6,false
2023-10-01,2023-Q4,MIA,5,PRUN02,Aerion Trail Runner GTX,RUN,21742,19225,2517,13.1,false
2023-10-01,2023-Q4,MIA,6,PBSB04,Bramble USSSA Composite Bat,BSB,1922,0,1922,,true
2023-10-01,2023-Q4,MIA,7,PSOC02,Loftline FG Cleat Elite,SOC,16059,14298,1761,12.3,false
2023-10-01,2023-Q4,MIA,8,PBSK03,Kestrel Pro Portable Hoop 54in,BSK,7969,7039,930,13.2,false
2023-10-01,2023-Q4,MIA,9,PVOL01,Ironpeak Indoor Game Ball,VOL,5920,5142,778,15.1,false
2023-10-01,2023-Q4,MIA,10,PBSK02,Courtcraft Court Shoe Low,BSK,11407,10654,753,7.1,false
2024-01-01,2024-Q1,MIA,1,PPKB01,Kestrel Pro Carbon Paddle 16mm,PKB,15391,9380,6011,64.1,false
2024-01-01,2024-Q1,MIA,2,PGLF04,Aerion Launch Monitor Mini,GLF,5798,0,5798,,true
2024-01-01,2024-Q1,MIA,3,PBSB04,Bramble USSSA Composite Bat,BSB,4792,0,4792,,true
2024-01-01,2024-Q1,MIA,4,PPKB02,Aerion Outdoor Balls 6pk,PKB,10986,7552,3434,45.5,false
2024-01-01,2024-Q1,MIA,5,PPKB03,Kestrel Pro Court Shoe,PKB,7908,4974,2934,59.0,false
2024-01-01,2024-Q1,MIA,6,PSOC01,Stridewell Match Ball Pro,SOC,14791,13303,1488,11.2,false
2024-01-01,2024-Q1,MIA,7,PBSK02,Courtcraft Court Shoe Low,BSK,7729,6433,1296,20.1,false
2024-01-01,2024-Q1,MIA,8,PRUN01,Kestrel Pro Tempo Road Shoe,RUN,24607,23322,1285,5.5,false
2024-01-01,2024-Q1,MIA,9,PSOC02,Loftline FG Cleat Elite,SOC,10240,9134,1106,12.1,false
2024-01-01,2024-Q1,MIA,10,PRUN04,Loftline Hydration Vest,RUN,6763,5669,1094,19.3,false
2024-04-01,2024-Q2,MIA,1,PGLF04,Aerion Launch Monitor Mini,GLF,7081,0,7081,,true
2024-04-01,2024-Q2,MIA,2,PRUN03,Kestrel Pro Carbon Race Flat,RUN,6144,0,6144,,true
2024-04-01,2024-Q2,MIA,3,PBSB04,Bramble USSSA Composite Bat,BSB,4791,0,4791,,true
2024-04-01,2024-Q2,MIA,4,PPKB04,Loftline Thermoformed Pro Paddle,PKB,3853,0,3853,,true
2024-04-01,2024-Q2,MIA,5,PPKB01,Kestrel Pro Carbon Paddle 16mm,PKB,15675,13594,2081,15.3,false
2024-04-01,2024-Q2,MIA,6,PPKB02,Aerion Outdoor Balls 6pk,PKB,11492,9709,1783,18.4,false
2024-04-01,2024-Q2,MIA,7,PSOC03,Kestrel Pro Shin Guard Lite,SOC,10416,8836,1580,17.9,false
2024-04-01,2024-Q2,MIA,8,PSOC01,Stridewell Match Ball Pro,SOC,18783,17371,1412,8.1,false
2024-04-01,2024-Q2,MIA,9,PPKB03,Kestrel Pro Court Shoe,PKB,7691,6731,960,14.3,false
2024-04-01,2024-Q2,MIA,10,PRUN02,Aerion Trail Runner GTX,RUN,20272,19467,805,4.1,false
2024-07-01,2024-Q3,MIA,1,PRUN03,Kestrel Pro Carbon Race Flat,RUN,11115,0,11115,,true
2024-07-01,2024-Q3,MIA,2,PPKB04,Loftline Thermoformed Pro Paddle,PKB,5368,0,5368,,true
2024-07-01,2024-Q3,MIA,3,PBSB04,Bramble USSSA Composite Bat,BSB,3068,0,3068,,true
2024-07-01,2024-Q3,MIA,4,PGLF04,Aerion Launch Monitor Mini,GLF,4346,1932,2414,124.9,false
2024-07-01,2024-Q3,MIA,5,PSOC02,Loftline FG Cleat Elite,SOC,17359,15592,1767,11.3,false
2024-07-01,2024-Q3,MIA,6,PPKB01,Kestrel Pro Carbon Paddle 16mm,PKB,13656,11961,1695,14.2,false
2024-07-01,2024-Q3,MIA,7,PSOC03,Kestrel Pro Shin Guard Lite,SOC,11699,10163,1536,15.1,false
2024-07-01,2024-Q3,MIA,8,PFTB04,Kestrel Pro Flag Football Set,FTB,1164,0,1164,,true
2024-07-01,2024-Q3,MIA,9,PCLM04,Bramble Harness Lite,CLM,901,0,901,,true
2024-07-01,2024-Q3,MIA,10,PFTB02,Vela Receiver Gloves,FTB,6961,6247,714,11.4,false
2024-10-01,2024-Q4,MIA,1,PRUN03,Kestrel Pro Carbon Race Flat,RUN,19800,0,19800,,true
2024-10-01,2024-Q4,MIA,2,PPKB04,Loftline Thermoformed Pro Paddle,PKB,8201,0,8201,,true
2024-10-01,2024-Q4,MIA,3,PBSB04,Bramble USSSA Composite Bat,BSB,5774,1922,3852,200.4,false
2024-10-01,2024-Q4,MIA,4,PSOC01,Stridewell Match Ball Pro,SOC,24330,21159,3171,15.0,false
2024-10-01,2024-Q4,MIA,5,PBSK01,Loftline Indoor Game Ball,BSK,16286,13381,2905,21.7,false
2024-10-01,2024-Q4,MIA,6,PBSK02,Courtcraft Court Shoe Low,BSK,13459,11407,2052,18.0,false
2024-10-01,2024-Q4,MIA,7,PFTB04,Kestrel Pro Flag Football Set,FTB,1896,0,1896,,true
2024-10-01,2024-Q4,MIA,8,PCLM04,Bramble Harness Lite,CLM,1695,0,1695,,true
2024-10-01,2024-Q4,MIA,9,PVOL04,Kestrel Pro Court Shoe Mid,VOL,1507,0,1507,,true
2024-10-01,2024-Q4,MIA,10,PSNW01,Loftline All-Mountain Ski,SNW,2882,2203,679,30.8,false
2025-01-01,2025-Q1,MIA,1,PRUN03,Kestrel Pro Carbon Race Flat,RUN,19774,0,19774,,true
2025-01-01,2025-Q1,MIA,2,PPKB04,Loftline Thermoformed Pro Paddle,PKB,7846,539,7307,1355.7,false
2025-01-01,2025-Q1,MIA,3,PBSB04,Bramble USSSA Composite Bat,BSB,7597,4792,2805,58.5,false
2025-01-01,2025-Q1,MIA,4,PVOL04,Kestrel Pro Court Shoe Mid,VOL,1611,0,1611,,true
2025-01-01,2025-Q1,MIA,5,PCLM04,Bramble Harness Lite,CLM,1262,0,1262,,true
2025-01-01,2025-Q1,MIA,6,PLAX04,Courtcraft Mesh Head Pro,LAX,1213,0,1213,,true
2025-01-01,2025-Q1,MIA,7,PFTB04,Kestrel Pro Flag Football Set,FTB,1200,0,1200,,true
2025-01-01,2025-Q1,MIA,8,PBSB02,Ironpeak Fielding Glove 11.75,BSB,9211,8584,627,7.3,false
2025-01-01,2025-Q1,MIA,9,PSOC02,Loftline FG Cleat Elite,SOC,10853,10240,613,6.0,false
2025-01-01,2025-Q1,MIA,10,PCYC03,Kestrel Pro Smart Trainer,CYC,4160,3754,406,10.8,false
2025-04-01,2025-Q2,MIA,1,PRUN03,Kestrel Pro Carbon Race Flat,RUN,21140,6144,14996,244.1,false
2025-04-01,2025-Q2,MIA,2,PPKB04,Loftline Thermoformed Pro Paddle,PKB,9270,3853,5417,140.6,false
2025-04-01,2025-Q2,MIA,3,PVOL04,Kestrel Pro Court Shoe Mid,VOL,2873,0,2873,,true
2025-04-01,2025-Q2,MIA,4,PFTB04,Kestrel Pro Flag Football Set,FTB,2702,0,2702,,true
2025-04-01,2025-Q2,MIA,5,PSOC01,Stridewell Match Ball Pro,SOC,21430,18783,2647,14.1,false
2025-04-01,2025-Q2,MIA,6,PPKB02,Aerion Outdoor Balls 6pk,PKB,13323,11492,1831,15.9,false
2025-04-01,2025-Q2,MIA,7,PPKB03,Kestrel Pro Court Shoe,PKB,9250,7691,1559,20.3,false
2025-04-01,2025-Q2,MIA,8,PSOC02,Loftline FG Cleat Elite,SOC,14880,13676,1204,8.8,false
2025-04-01,2025-Q2,MIA,9,PBSB02,Ironpeak Fielding Glove 11.75,BSB,8181,7018,1163,16.6,false
2025-04-01,2025-Q2,MIA,10,PGLF01,Vela Game-Improvement Irons,GLF,12366,11396,970,8.5,false
2025-07-01,2025-Q3,MIA,1,PRUN03,Kestrel Pro Carbon Race Flat,RUN,16332,11115,5217,46.9,false
2025-07-01,2025-Q3,MIA,2,PVOL04,Kestrel Pro Court Shoe Mid,VOL,3876,241,3635,1508.3,false
2025-07-01,2025-Q3,MIA,3,PPKB04,Loftline Thermoformed Pro Paddle,PKB,8079,5368,2711,50.5,false
2025-07-01,2025-Q3,MIA,4,PFTB04,Kestrel Pro Flag Football Set,FTB,3511,1164,2347,201.6,false
2025-07-01,2025-Q3,MIA,5,PPKB02,Aerion Outdoor Balls 6pk,PKB,11248,9326,1922,20.6,false
2025-07-01,2025-Q3,MIA,6,PBSK02,Courtcraft Court Shoe Low,BSK,9671,8163,1508,18.5,false
2025-07-01,2025-Q3,MIA,7,PSOC01,Stridewell Match Ball Pro,SOC,26088,24673,1415,5.7,false
2025-07-01,2025-Q3,MIA,8,PPKB03,Kestrel Pro Court Shoe,PKB,7311,5986,1325,22.1,false
2025-07-01,2025-Q3,MIA,9,PBSB01,Courtcraft BBCOR Alloy Bat,BSB,6014,5032,982,19.5,false
2025-07-01,2025-Q3,MIA,10,PLAX04,Courtcraft Mesh Head Pro,LAX,697,0,697,,true
2025-10-01,2025-Q4,MIA,1,PPKB01,Kestrel Pro Carbon Paddle 16mm,PKB,19112,15213,3899,25.6,false
2025-10-01,2025-Q4,MIA,2,PPKB02,Aerion Outdoor Balls 6pk,PKB,13592,11668,1924,16.5,false
2025-10-01,2025-Q4,MIA,3,PSOC02,Loftline FG Cleat Elite,SOC,17104,15205,1899,12.5,false
2025-10-01,2025-Q4,MIA,4,PPKB04,Loftline Thermoformed Pro Paddle,PKB,9962,8201,1761,21.5,false
2025-10-01,2025-Q4,MIA,5,PRUN03,Kestrel Pro Carbon Race Flat,RUN,21547,19800,1747,8.8,false
2025-10-01,2025-Q4,MIA,6,PVOL04,Kestrel Pro Court Shoe Mid,VOL,3157,1507,1650,109.5,false
2025-10-01,2025-Q4,MIA,7,PSOC03,Kestrel Pro Shin Guard Lite,SOC,11643,10374,1269,12.2,false
2025-10-01,2025-Q4,MIA,8,PVOL01,Ironpeak Indoor Game Ball,VOL,6284,5163,1121,21.7,false
2025-10-01,2025-Q4,MIA,9,PPKB03,Kestrel Pro Court Shoe,PKB,8829,7756,1073,13.8,false
2025-10-01,2025-Q4,MIA,10,PLAX04,Courtcraft Mesh Head Pro,LAX,1524,546,978,179.1,false
2026-01-01,2026-Q1,MIA,1,PPKB01,Kestrel Pro Carbon Paddle 16mm,PKB,18059,12509,5550,44.4,false
2026-01-01,2026-Q1,MIA,2,PPKB02,Aerion Outdoor Balls 6pk,PKB,16578,11173,5405,48.4,false
2026-01-01,2026-Q1,MIA,3,PPKB04,Loftline Thermoformed Pro Paddle,PKB,11747,7846,3901,49.7,false
2026-01-01,2026-Q1,MIA,4,PSOC04,Ironpeak 2026 Host City Replica Ball,SOC,3530,0,3530,,true
2026-01-01,2026-Q1,MIA,5,PPKB03,Kestrel Pro Court Shoe,PKB,9641,7123,2518,35.4,false
2026-01-01,2026-Q1,MIA,6,PBSK02,Courtcraft Court Shoe Low,BSK,7472,6294,1178,18.7,false
2026-01-01,2026-Q1,MIA,7,PBSK01,Loftline Indoor Game Ball,BSK,9712,8758,954,10.9,false
2026-01-01,2026-Q1,MIA,8,PTEN01,Bramble Tour Racquet 98,TEN,6481,5686,795,14.0,false
2026-01-01,2026-Q1,MIA,9,PRUN03,Kestrel Pro Carbon Race Flat,RUN,20526,19774,752,3.8,false
2026-01-01,2026-Q1,MIA,10,PCLM01,Courtcraft Bouldering Shoe,CLM,2822,2238,584,26.1,false
2026-04-01,2026-Q2,MIA,1,PSOC04,Ironpeak 2026 Host City Replica Ball,SOC,9765,0,9765,,true
2026-04-01,2026-Q2,MIA,2,PPKB01,Kestrel Pro Carbon Paddle 16mm,PKB,21230,16389,4841,29.5,false
2026-04-01,2026-Q2,MIA,3,PPKB04,Loftline Thermoformed Pro Paddle,PKB,12680,9270,3410,36.8,false
2026-04-01,2026-Q2,MIA,4,PPKB02,Aerion Outdoor Balls 6pk,PKB,15509,13323,2186,16.4,false
2026-04-01,2026-Q2,MIA,5,PPKB03,Kestrel Pro Court Shoe,PKB,10915,9250,1665,18.0,false
2026-04-01,2026-Q2,MIA,6,PCYC01,Aerion Gravel Bike 105,CYC,9730,8352,1378,16.5,false
2026-04-01,2026-Q2,MIA,7,PVOL01,Ironpeak Indoor Game Ball,VOL,5976,4675,1301,27.8,false
2026-04-01,2026-Q2,MIA,8,PCYC02,Stridewell Road Helmet MIPS,CYC,7744,6743,1001,14.8,false
2026-04-01,2026-Q2,MIA,9,PRUN02,Aerion Trail Runner GTX,RUN,13512,12768,744,5.8,false
2026-04-01,2026-Q2,MIA,10,PBSB04,Bramble USSSA Composite Bat,BSB,5619,4928,691,14.0,false
2023-01-01,2023-Q1,PHX,1,PPKB01,Kestrel Pro Carbon Paddle 16mm,PKB,10698,6772,3926,58.0,false
2023-01-01,2023-Q1,PHX,2,PRUN01,Kestrel Pro Tempo Road Shoe,RUN,25738,22258,3480,15.6,false
2023-01-01,2023-Q1,PHX,3,PPKB02,Aerion Outdoor Balls 6pk,PKB,7173,5306,1867,35.2,false
2023-01-01,2023-Q1,PHX,4,PPKB03,Kestrel Pro Court Shoe,PKB,4849,3548,1301,36.7,false
2023-01-01,2023-Q1,PHX,5,PGLF01,Vela Game-Improvement Irons,GLF,12958,11670,1288,11.0,false
2023-01-01,2023-Q1,PHX,6,PBSK01,Loftline Indoor Game Ball,BSK,8316,7247,1069,14.8,false
2023-01-01,2023-Q1,PHX,7,PBSB03,Kestrel Pro Batting Helmet,BSB,5718,5011,707,14.1,false
2023-01-01,2023-Q1,PHX,8,PTEN02,Kestrel Pro Pressurized Balls 3pk,TEN,4530,3967,563,14.2,false
2023-01-01,2023-Q1,PHX,9,PSOC02,Loftline FG Cleat Elite,SOC,8081,7533,548,7.3,false
2023-01-01,2023-Q1,PHX,10,PSOC03,Kestrel Pro Shin Guard Lite,SOC,5718,5223,495,9.5,false
2023-04-01,2023-Q2,PHX,1,PPKB01,Kestrel Pro Carbon Paddle 16mm,PKB,11002,8580,2422,28.2,false
2023-04-01,2023-Q2,PHX,2,PRUN01,Kestrel Pro Tempo Road Shoe,RUN,23368,21657,1711,7.9,false
2023-04-01,2023-Q2,PHX,3,PPKB02,Aerion Outdoor Balls 6pk,PKB,7811,6130,1681,27.4,false
2023-04-01,2023-Q2,PHX,4,PSOC01,Stridewell Match Ball Pro,SOC,16733,15266,1467,9.6,false
2023-04-01,2023-Q2,PHX,5,PBSB01,Courtcraft BBCOR Alloy Bat,BSB,9837,8832,1005,11.4,false
2023-04-01,2023-Q2,PHX,6,PTEN01,Bramble Tour Racquet 98,TEN,7108,6435,673,10.5,false
2023-04-01,2023-Q2,PHX,7,PPKB03,Kestrel Pro Court Shoe,PKB,4768,4201,567,13.5,false
2023-04-01,2023-Q2,PHX,8,PVOL02,Vela Knee Pads,VOL,3369,2817,552,19.6,false
2023-04-01,2023-Q2,PHX,9,PCLM01,Courtcraft Bouldering Shoe,CLM,2125,1757,368,20.9,false
2023-04-01,2023-Q2,PHX,10,PGLF02,Bramble Distance Ball 12pk,GLF,11365,11027,338,3.1,false
2023-07-01,2023-Q3,PHX,1,PPKB01,Kestrel Pro Carbon Paddle 16mm,PKB,9491,6431,3060,47.6,false
2023-07-01,2023-Q3,PHX,2,PPKB02,Aerion Outdoor Balls 6pk,PKB,7990,5715,2275,39.8,false
2023-07-01,2023-Q3,PHX,3,PGLF04,Aerion Launch Monitor Mini,GLF,1701,0,1701,,true
2023-07-01,2023-Q3,PHX,4,PPKB03,Kestrel Pro Court Shoe,PKB,5079,3604,1475,40.9,false
2023-07-01,2023-Q3,PHX,5,PSOC03,Kestrel Pro Shin Guard Lite,SOC,9461,8319,1142,13.7,false
2023-07-01,2023-Q3,PHX,6,PBSK02,Courtcraft Court Shoe Low,BSK,7256,6626,630,9.5,false
2023-07-01,2023-Q3,PHX,7,PVOL02,Vela Knee Pads,VOL,4712,4140,572,13.8,false
2023-07-01,2023-Q3,PHX,8,PVOL03,Kestrel Pro Beach Ball Pro,VOL,2956,2450,506,20.7,false
2023-07-01,2023-Q3,PHX,9,PCLM01,Courtcraft Bouldering Shoe,CLM,2260,1821,439,24.1,false
2023-07-01,2023-Q3,PHX,10,PBSB01,Courtcraft BBCOR Alloy Bat,BSB,5518,5112,406,7.9,false
2023-10-01,2023-Q4,PHX,1,PGLF04,Aerion Launch Monitor Mini,GLF,3578,0,3578,,true
2023-10-01,2023-Q4,PHX,2,PSOC03,Kestrel Pro Shin Guard Lite,SOC,10652,7437,3215,43.2,false
2023-10-01,2023-Q4,PHX,3,PSOC01,Stridewell Match Ball Pro,SOC,18309,15887,2422,15.2,false
2023-10-01,2023-Q4,PHX,4,PPKB02,Aerion Outdoor Balls 6pk,PKB,8813,6509,2304,35.4,false
2023-10-01,2023-Q4,PHX,5,PPKB01,Kestrel Pro Carbon Paddle 16mm,PKB,12136,9857,2279,23.1,false
2023-10-01,2023-Q4,PHX,6,PRUN01,Kestrel Pro Tempo Road Shoe,RUN,25811,23867,1944,8.1,false
2023-10-01,2023-Q4,PHX,7,PPKB03,Kestrel Pro Court Shoe,PKB,6037,4484,1553,34.6,false
2023-10-01,2023-Q4,PHX,8,PBSB04,Bramble USSSA Composite Bat,BSB,1449,0,1449,,true
2023-10-01,2023-Q4,PHX,9,PBSB02,Ironpeak Fielding Glove 11.75,BSB,7458,6502,956,14.7,false
2023-10-01,2023-Q4,PHX,10,PRUN02,Aerion Trail Runner GTX,RUN,18712,18134,578,3.2,false
2024-01-01,2024-Q1,PHX,1,PGLF04,Aerion Launch Monitor Mini,GLF,5295,0,5295,,true
2024-01-01,2024-Q1,PHX,2,PBSB04,Bramble USSSA Composite Bat,BSB,4431,0,4431,,true
2024-01-01,2024-Q1,PHX,3,PPKB02,Aerion Outdoor Balls 6pk,PKB,8703,7173,1530,21.3,false
2024-01-01,2024-Q1,PHX,4,PRUN02,Aerion Trail Runner GTX,RUN,18165,16849,1316,7.8,false
2024-01-01,2024-Q1,PHX,5,PPKB01,Kestrel Pro Carbon Paddle 16mm,PKB,11686,10698,988,9.2,false
2024-01-01,2024-Q1,PHX,6,PPKB03,Kestrel Pro Court Shoe,PKB,5830,4849,981,20.2,false
2024-01-01,2024-Q1,PHX,7,PSOC02,Loftline FG Cleat Elite,SOC,8991,8081,910,11.3,false
2024-01-01,2024-Q1,PHX,8,PVOL01,Ironpeak Indoor Game Ball,VOL,3603,2857,746,26.1,false
2024-01-01,2024-Q1,PHX,9,PPKB04,Loftline Thermoformed Pro Paddle,PKB,446,0,446,,true
2024-01-01,2024-Q1,PHX,10,PTEN01,Bramble Tour Racquet 98,TEN,5664,5284,380,7.2,false
2024-04-01,2024-Q2,PHX,1,PGLF04,Aerion Launch Monitor Mini,GLF,5599,0,5599,,true
2024-04-01,2024-Q2,PHX,2,PRUN03,Kestrel Pro Carbon Race Flat,RUN,5403,0,5403,,true
2024-04-01,2024-Q2,PHX,3,PBSB04,Bramble USSSA Composite Bat,BSB,3976,0,3976,,true
2024-04-01,2024-Q2,PHX,4,PPKB04,Loftline Thermoformed Pro Paddle,PKB,2813,0,2813,,true
2024-04-01,2024-Q2,PHX,5,PSOC01,Stridewell Match Ball Pro,SOC,19481,16733,2748,16.4,false
2024-04-01,2024-Q2,PHX,6,PSOC02,Loftline FG Cleat Elite,SOC,14377,12340,2037,16.5,false
2024-04-01,2024-Q2,PHX,7,PPKB02,Aerion Outdoor Balls 6pk,PKB,9736,7811,1925,24.6,false
2024-04-01,2024-Q2,PHX,8,PSOC03,Kestrel Pro Shin Guard Lite,SOC,9824,8076,1748,21.6,false
2024-04-01,2024-Q2,PHX,9,PBSK01,Loftline Indoor Game Ball,BSK,8568,6876,1692,24.6,false
2024-04-01,2024-Q2,PHX,10,PPKB03,Kestrel Pro Court Shoe,PKB,6278,4768,1510,31.7,false
2024-07-01,2024-Q3,PHX,1,PRUN03,Kestrel Pro Carbon Race Flat,RUN,11072,0,11072,,true
2024-07-01,2024-Q3,PHX,2,PPKB04,Loftline Thermoformed Pro Paddle,PKB,4472,0,4472,,true
2024-07-01,2024-Q3,PHX,3,PSOC01,Stridewell Match Ball Pro,SOC,20442,16727,3715,22.2,false
2024-07-01,2024-Q3,PHX,4,PBSB04,Bramble USSSA Composite Bat,BSB,2445,0,2445,,true
2024-07-01,2024-Q3,PHX,5,PGLF04,Aerion Launch Monitor Mini,GLF,4040,1701,2339,137.5,false
2024-07-01,2024-Q3,PHX,6,PVOL01,Ironpeak Indoor Game Ball,VOL,6919,5799,1120,19.3,false
2024-07-01,2024-Q3,PHX,7,PSOC02,Loftline FG Cleat Elite,SOC,14801,13866,935,6.7,false
2024-07-01,2024-Q3,PHX,8,PSOC03,Kestrel Pro Shin Guard Lite,SOC,10275,9461,814,8.6,false
2024-07-01,2024-Q3,PHX,9,PBSK03,Kestrel Pro Portable Hoop 54in,BSK,5513,4766,747,15.7,false
2024-07-01,2024-Q3,PHX,10,PCLM04,Bramble Harness Lite,CLM,701,0,701,,true
2024-10-01,2024-Q4,PHX,1,PRUN03,Kestrel Pro Carbon Race Flat,RUN,20663,0,20663,,true
2024-10-01,2024-Q4,PHX,2,PPKB04,Loftline Thermoformed Pro Paddle,PKB,6602,0,6602,,true
2024-10-01,2024-Q4,PHX,3,PBSB04,Bramble USSSA Composite Bat,BSB,4517,1449,3068,211.7,false
2024-10-01,2024-Q4,PHX,4,PSNW01,Loftline All-Mountain Ski,SNW,5352,3718,1634,43.9,false
2024-10-01,2024-Q4,PHX,5,PVOL04,Kestrel Pro Court Shoe Mid,VOL,1453,0,1453,,true
2024-10-01,2024-Q4,PHX,6,PCLM04,Bramble Harness Lite,CLM,1406,0,1406,,true
2024-10-01,2024-Q4,PHX,7,PVOL01,Ironpeak Indoor Game Ball,VOL,5892,4606,1286,27.9,false
2024-10-01,2024-Q4,PHX,8,PSOC02,Loftline FG Cleat Elite,SOC,13843,12645,1198,9.5,false
2024-10-01,2024-Q4,PHX,9,PFTB04,Kestrel Pro Flag Football Set,FTB,1060,0,1060,,true
2024-10-01,2024-Q4,PHX,10,PBSK01,Loftline Indoor Game Ball,BSK,13829,12912,917,7.1,false
2025-01-01,2025-Q1,PHX,1,PRUN03,Kestrel Pro Carbon Race Flat,RUN,18436,0,18436,,true
2025-01-01,2025-Q1,PHX,2,PPKB04,Loftline Thermoformed Pro Paddle,PKB,6000,446,5554,1245.3,false
2025-01-01,2025-Q1,PHX,3,PSOC01,Stridewell Match Ball Pro,SOC,12864,10918,1946,17.8,false
2025-01-01,2025-Q1,PHX,4,PVOL04,Kestrel Pro Court Shoe Mid,VOL,1630,0,1630,,true
2025-01-01,2025-Q1,PHX,5,PBSB04,Bramble USSSA Composite Bat,BSB,5718,4431,1287,29.0,false
2025-01-01,2025-Q1,PHX,6,PBSK02,Courtcraft Court Shoe Low,BSK,6965,5704,1261,22.1,false
2025-01-01,2025-Q1,PHX,7,PCLM04,Bramble Harness Lite,CLM,1143,0,1143,,true
2025-01-01,2025-Q1,PHX,8,PBSB01,Courtcraft BBCOR Alloy Bat,BSB,10593,9639,954,9.9,false
2025-01-01,2025-Q1,PHX,9,PSNW01,Loftline All-Mountain Ski,SNW,2811,1868,943,50.5,false
2025-01-01,2025-Q1,PHX,10,PBSB02,Ironpeak Fielding Glove 11.75,BSB,7816,6878,938,13.6,false
2025-04-01,2025-Q2,PHX,1,PRUN03,Kestrel Pro Carbon Race Flat,RUN,17660,5403,12257,226.9,false
2025-04-01,2025-Q2,PHX,2,PPKB04,Loftline Thermoformed Pro Paddle,PKB,6661,2813,3848,136.8,false
2025-04-01,2025-Q2,PHX,3,PVOL04,Kestrel Pro Court Shoe Mid,VOL,2354,0,2354,,true
2025-04-01,2025-Q2,PHX,4,PCYC01,Aerion Gravel Bike 105,CYC,10536,8582,1954,22.8,false
2025-04-01,2025-Q2,PHX,5,PFTB04,Kestrel Pro Flag Football Set,FTB,1908,0,1908,,true
2025-04-01,2025-Q2,PHX,6,PBSK02,Courtcraft Court Shoe Low,BSK,6676,5112,1564,30.6,false
2025-04-01,2025-Q2,PHX,7,PGLF01,Vela Game-Improvement Irons,GLF,11193,10017,1176,11.7,false
2025-04-01,2025-Q2,PHX,8,PBSB01,Courtcraft BBCOR Alloy Bat,BSB,8248,7335,913,12.4,false
2025-04-01,2025-Q2,PHX,9,PCLM04,Bramble Harness Lite,CLM,984,361,623,172.6,false
2025-04-01,2025-Q2,PHX,10,PLAX04,Courtcraft Mesh Head Pro,LAX,426,0,426,,true
2025-07-01,2025-Q3,PHX,1,PSOC01,Stridewell Match Ball Pro,SOC,23808,20442,3366,16.5,false
2025-07-01,2025-Q3,PHX,2,PRUN03,Kestrel Pro Carbon Race Flat,RUN,14422,11072,3350,30.3,false
2025-07-01,2025-Q3,PHX,3,PVOL04,Kestrel Pro Court Shoe Mid,VOL,3008,235,2773,1180.0,false
2025-07-01,2025-Q3,PHX,4,PFTB04,Kestrel Pro Flag Football Set,FTB,2732,583,2149,368.6,false
2025-07-01,2025-Q3,PHX,5,PPKB01,Kestrel Pro Carbon Paddle 16mm,PKB,11033,9521,1512,15.9,false
2025-07-01,2025-Q3,PHX,6,PSOC02,Loftline FG Cleat Elite,SOC,15921,14801,1120,7.6,false
2025-07-01,2025-Q3,PHX,7,PPKB04,Loftline Thermoformed Pro Paddle,PKB,5253,4472,781,17.5,false
2025-07-01,2025-Q3,PHX,8,PGLF01,Vela Game-Improvement Irons,GLF,8565,7798,767,9.8,false
2025-07-01,2025-Q3,PHX,9,PGLF04,Aerion Launch Monitor Mini,GLF,4761,4040,721,17.8,false
2025-07-01,2025-Q3,PHX,10,PPKB02,Aerion Outdoor Balls 6pk,PKB,7702,6981,721,10.3,false
2025-10-01,2025-Q4,PHX,1,PBSK03,Kestrel Pro Portable Hoop 54in,BSK,8206,6503,1703,26.2,false
2025-10-01,2025-Q4,PHX,2,PPKB02,Aerion Outdoor Balls 6pk,PKB,9500,7822,1678,21.5,false
2025-10-01,2025-Q4,PHX,3,PVOL04,Kestrel Pro Court Shoe Mid,VOL,2942,1453,1489,102.5,false
2025-10-01,2025-Q4,PHX,4,PPKB01,Kestrel Pro Carbon Paddle 16mm,PKB,12680,11340,1340,11.8,false
2025-10-01,2025-Q4,PHX,5,PPKB03,Kestrel Pro Court Shoe,PKB,6666,5392,1274,23.6,false
2025-10-01,2025-Q4,PHX,6,PSOC03,Kestrel Pro Shin Guard Lite,SOC,10341,9114,1227,13.5,false
2025-10-01,2025-Q4,PHX,7,PSOC02,Loftline FG Cleat Elite,SOC,15025,13843,1182,8.5,false
2025-10-01,2025-Q4,PHX,8,PBSK01,Loftline Indoor Game Ball,BSK,14736,13829,907,6.6,false
2025-10-01,2025-Q4,PHX,9,PVOL02,Vela Knee Pads,VOL,4362,3480,882,25.3,false
2025-10-01,2025-Q4,PHX,10,PGLF02,Bramble Distance Ball 12pk,GLF,5846,5064,782,15.4,false
2026-01-01,2026-Q1,PHX,1,PSOC04,Ironpeak 2026 Host City Replica Ball,SOC,3369,0,3369,,true
2026-01-01,2026-Q1,PHX,2,PPKB01,Kestrel Pro Carbon Paddle 16mm,PKB,12334,10171,2163,21.3,false
2026-01-01,2026-Q1,PHX,3,PRUN01,Kestrel Pro Tempo Road Shoe,RUN,16586,15372,1214,7.9,false
2026-01-01,2026-Q1,PHX,4,PPKB03,Kestrel Pro Court Shoe,PKB,6094,5218,876,16.8,false
2026-01-01,2026-Q1,PHX,5,PCLM01,Courtcraft Bouldering Shoe,CLM,2638,1865,773,41.4,false
2026-01-01,2026-Q1,PHX,6,PRUN04,Loftline Hydration Vest,RUN,4538,3971,567,14.3,false
2026-01-01,2026-Q1,PHX,7,PCYC01,Aerion Gravel Bike 105,CYC,7593,7031,562,8.0,false
2026-01-01,2026-Q1,PHX,8,PPKB02,Aerion Outdoor Balls 6pk,PKB,8563,8039,524,6.5,false
2026-01-01,2026-Q1,PHX,9,PVOL02,Vela Knee Pads,VOL,2783,2283,500,21.9,false
2026-01-01,2026-Q1,PHX,10,PSOC01,Stridewell Match Ball Pro,SOC,13293,12864,429,3.3,false
2026-04-01,2026-Q2,PHX,1,PSOC04,Ironpeak 2026 Host City Replica Ball,SOC,8459,0,8459,,true
2026-04-01,2026-Q2,PHX,2,PRUN02,Aerion Trail Runner GTX,RUN,16222,11151,5071,45.5,false
2026-04-01,2026-Q2,PHX,3,PRUN03,Kestrel Pro Carbon Race Flat,RUN,21855,17660,4195,23.8,false
2026-04-01,2026-Q2,PHX,4,PPKB01,Kestrel Pro Carbon Paddle 16mm,PKB,13988,11078,2910,26.3,false
2026-04-01,2026-Q2,PHX,5,PPKB02,Aerion Outdoor Balls 6pk,PKB,10653,8855,1798,20.3,false
2026-04-01,2026-Q2,PHX,6,PVOL01,Ironpeak Indoor Game Ball,VOL,5852,4395,1457,33.2,false
2026-04-01,2026-Q2,PHX,7,PVOL03,Kestrel Pro Beach Ball Pro,VOL,3089,2168,921,42.5,false
2026-04-01,2026-Q2,PHX,8,PGLF04,Aerion Launch Monitor Mini,GLF,6105,5308,797,15.0,false
2026-04-01,2026-Q2,PHX,9,PVOL04,Kestrel Pro Court Shoe Mid,VOL,3117,2354,763,32.4,false
2026-04-01,2026-Q2,PHX,10,PTEN03,Kestrel Pro All-Court Shoe,TEN,3873,3149,724,23.0,false
2023-01-01,2023-Q1,BOS,1,PSOC03,Kestrel Pro Shin Guard Lite,SOC,5468,3977,1491,37.5,false
2023-01-01,2023-Q1,BOS,2,PSOC01,Stridewell Match Ball Pro,SOC,9802,8369,1433,17.1,false
2023-01-01,2023-Q1,BOS,3,PSOC02,Loftline FG Cleat Elite,SOC,7692,6320,1372,21.7,false
2023-01-01,2023-Q1,BOS,4,PPKB02,Aerion Outdoor Balls 6pk,PKB,3914,2554,1360,53.2,false
2023-01-01,2023-Q1,BOS,5,PLAX02,Stridewell Lacrosse Helmet,LAX,4325,3424,901,26.3,false
2023-01-01,2023-Q1,BOS,6,PPKB01,Kestrel Pro Carbon Paddle 16mm,PKB,4588,3856,732,19.0,false
2023-01-01,2023-Q1,BOS,7,PPKB03,Kestrel Pro Court Shoe,PKB,2510,1888,622,32.9,false
2023-01-01,2023-Q1,BOS,8,PLAX01,Aerion Attack Complete Stick,LAX,4793,4180,613,14.7,false
2023-01-01,2023-Q1,BOS,9,PSNW02,Courtcraft Snowboard Boot,SNW,4745,4140,605,14.6,false
2023-01-01,2023-Q1,BOS,10,PLAX03,Kestrel Pro Arm Guards,LAX,2527,2031,496,24.4,false
2023-04-01,2023-Q2,BOS,1,PSOC01,Stridewell Match Ball Pro,SOC,15258,13243,2015,15.2,false
2023-04-01,2023-Q2,BOS,2,PRUN02,Aerion Trail Runner GTX,RUN,16048,14873,1175,7.9,false
2023-04-01,2023-Q2,BOS,3,PPKB01,Kestrel Pro Carbon Paddle 16mm,PKB,5141,4332,809,18.7,false
2023-04-01,2023-Q2,BOS,4,PBSB01,Courtcraft BBCOR Alloy Bat,BSB,7492,6741,751,11.1,false
2023-04-01,2023-Q2,BOS,5,PSOC02,Loftline FG Cleat Elite,SOC,10203,9505,698,7.3,false
2023-04-01,2023-Q2,BOS,6,PVOL01,Ironpeak Indoor Game Ball,VOL,4479,3821,658,17.2,false
2023-04-01,2023-Q2,BOS,7,PBSK01,Loftline Indoor Game Ball,BSK,6798,6193,605,9.8,false
2023-04-01,2023-Q2,BOS,8,PPKB03,Kestrel Pro Court Shoe,PKB,2520,1921,599,31.2,false
2023-04-01,2023-Q2,BOS,9,PRUN04,Loftline Hydration Vest,RUN,5992,5416,576,10.6,false
2023-04-01,2023-Q2,BOS,10,PPKB02,Aerion Outdoor Balls 6pk,PKB,3840,3312,528,15.9,false
2023-07-01,2023-Q3,BOS,1,PSOC01,Stridewell Match Ball Pro,SOC,14174,13086,1088,8.3,false
2023-07-01,2023-Q3,BOS,2,PGLF04,Aerion Launch Monitor Mini,GLF,1080,0,1080,,true
2023-07-01,2023-Q3,BOS,3,PHKY01,Stridewell Composite Stick,HKY,4341,3413,928,27.2,false
2023-07-01,2023-Q3,BOS,4,PSOC03,Kestrel Pro Shin Guard Lite,SOC,8244,7338,906,12.3,false
2023-07-01,2023-Q3,BOS,5,PRUN02,Aerion Trail Runner GTX,RUN,13083,12269,814,6.6,false
2023-07-01,2023-Q3,BOS,6,PVOL01,Ironpeak Indoor Game Ball,VOL,5207,4485,722,16.1,false
2023-07-01,2023-Q3,BOS,7,PPKB01,Kestrel Pro Carbon Paddle 16mm,PKB,4768,4113,655,15.9,false
2023-07-01,2023-Q3,BOS,8,PFTB01,Ironpeak Youth Helmet,FTB,5580,4927,653,13.3,false
2023-07-01,2023-Q3,BOS,9,PPKB03,Kestrel Pro Court Shoe,PKB,2610,1981,629,31.8,false
2023-07-01,2023-Q3,BOS,10,PPKB02,Aerion Outdoor Balls 6pk,PKB,3463,2843,620,21.8,false
2023-10-01,2023-Q4,BOS,1,PPKB01,Kestrel Pro Carbon Paddle 16mm,PKB,6673,4411,2262,51.3,false
2023-10-01,2023-Q4,BOS,2,PGLF04,Aerion Launch Monitor Mini,GLF,1994,0,1994,,true
2023-10-01,2023-Q4,BOS,3,PSOC01,Stridewell Match Ball Pro,SOC,15430,13440,1990,14.8,false
2023-10-01,2023-Q4,BOS,4,PPKB02,Aerion Outdoor Balls 6pk,PKB,4860,3422,1438,42.0,false
2023-10-01,2023-Q4,BOS,5,PRUN01,Kestrel Pro Tempo Road Shoe,RUN,21656,20272,1384,6.8,false
2023-10-01,2023-Q4,BOS,6,PBSB04,Bramble USSSA Composite Bat,BSB,1240,0,1240,,true
2023-10-01,2023-Q4,BOS,7,PRUN02,Aerion Trail Runner GTX,RUN,15910,14889,1021,6.9,false
2023-10-01,2023-Q4,BOS,8,PPKB03,Kestrel Pro Court Shoe,PKB,2939,2146,793,37.0,false
2023-10-01,2023-Q4,BOS,9,PSOC02,Loftline FG Cleat Elite,SOC,11091,10356,735,7.1,false
2023-10-01,2023-Q4,BOS,10,PSOC03,Kestrel Pro Shin Guard Lite,SOC,7830,7181,649,9.0,false
2024-01-01,2024-Q1,BOS,1,PGLF04,Aerion Launch Monitor Mini,GLF,3319,0,3319,,true
2024-01-01,2024-Q1,BOS,2,PBSB04,Bramble USSSA Composite Bat,BSB,3174,0,3174,,true
2024-01-01,2024-Q1,BOS,3,PBSK01,Loftline Indoor Game Ball,BSK,8126,6177,1949,31.6,false
2024-01-01,2024-Q1,BOS,4,PPKB01,Kestrel Pro Carbon Paddle 16mm,PKB,6042,4588,1454,31.7,false
2024-01-01,2024-Q1,BOS,5,PBSK02,Courtcraft Court Shoe Low,BSK,6120,4960,1160,23.4,false
2024-01-01,2024-Q1,BOS,6,PBSK03,Kestrel Pro Portable Hoop 54in,BSK,4290,3555,735,20.7,false
2024-01-01,2024-Q1,BOS,7,PSOC03,Kestrel Pro Shin Guard Lite,SOC,6099,5468,631,11.5,false
2024-01-01,2024-Q1,BOS,8,PPKB03,Kestrel Pro Court Shoe,PKB,3131,2510,621,24.7,false
2024-01-01,2024-Q1,BOS,9,PPKB02,Aerion Outdoor Balls 6pk,PKB,4485,3914,571,14.6,false
2024-01-01,2024-Q1,BOS,10,PRUN02,Aerion Trail Runner GTX,RUN,14518,14051,467,3.3,false
2024-04-01,2024-Q2,BOS,1,PRUN03,Kestrel Pro Carbon Race Flat,RUN,4598,0,4598,,true
2024-04-01,2024-Q2,BOS,2,PGLF04,Aerion Launch Monitor Mini,GLF,4291,0,4291,,true
2024-04-01,2024-Q2,BOS,3,PBSB04,Bramble USSSA Composite Bat,BSB,2943,0,2943,,true
2024-04-01,2024-Q2,BOS,4,PPKB04,Loftline Thermoformed Pro Paddle,PKB,1528,0,1528,,true
2024-04-01,2024-Q2,BOS,5,PSOC03,Kestrel Pro Shin Guard Lite,SOC,7878,6758,1120,16.6,false
2024-04-01,2024-Q2,BOS,6,PLAX01,Aerion Attack Complete Stick,LAX,4328,3226,1102,34.2,false
2024-04-01,2024-Q2,BOS,7,PPKB01,Kestrel Pro Carbon Paddle 16mm,PKB,6057,5141,916,17.8,false
2024-04-01,2024-Q2,BOS,8,PPKB02,Aerion Outdoor Balls 6pk,PKB,4485,3840,645,16.8,false
2024-04-01,2024-Q2,BOS,9,PVOL03,Kestrel Pro Beach Ball Pro,VOL,2417,1861,556,29.9,false
2024-04-01,2024-Q2,BOS,10,PBSK03,Kestrel Pro Portable Hoop 54in,BSK,3572,3054,518,17.0,false
2024-07-01,2024-Q3,BOS,1,PRUN03,Kestrel Pro Carbon Race Flat,RUN,9021,0,9021,,true
2024-07-01,2024-Q3,BOS,2,PSOC01,Stridewell Match Ball Pro,SOC,17433,14174,3259,23.0,false
2024-07-01,2024-Q3,BOS,3,PPKB04,Loftline Thermoformed Pro Paddle,PKB,2173,0,2173,,true
2024-07-01,2024-Q3,BOS,4,PGLF04,Aerion Launch Monitor Mini,GLF,2712,1080,1632,151.1,false
2024-07-01,2024-Q3,BOS,5,PBSB04,Bramble USSSA Composite Bat,BSB,1552,0,1552,,true
2024-07-01,2024-Q3,BOS,6,PSOC02,Loftline FG Cleat Elite,SOC,13044,11618,1426,12.3,false
2024-07-01,2024-Q3,BOS,7,PSOC03,Kestrel Pro Shin Guard Lite,SOC,9182,8244,938,11.4,false
2024-07-01,2024-Q3,BOS,8,PBSK01,Loftline Indoor Game Ball,BSK,9161,8355,806,9.6,false
2024-07-01,2024-Q3,BOS,9,PHKY02,Loftline Senior Skate,HKY,3390,2739,651,23.8,false
2024-07-01,2024-Q3,BOS,10,PCLM04,Bramble Harness Lite,CLM,635,0,635,,true
2024-10-01,2024-Q4,BOS,1,PRUN03,Kestrel Pro Carbon Race Flat,RUN,16381,0,16381,,true
2024-10-01,2024-Q4,BOS,2,PPKB04,Loftline Thermoformed Pro Paddle,PKB,3281,0,3281,,true
2024-10-01,2024-Q4,BOS,3,PSOC02,Loftline FG Cleat Elite,SOC,13532,11091,2441,22.0,false
2024-10-01,2024-Q4,BOS,4,PSNW01,Loftline All-Mountain Ski,SNW,10780,8483,2297,27.1,false
2024-10-01,2024-Q4,BOS,5,PBSB04,Bramble USSSA Composite Bat,BSB,3506,1240,2266,182.7,false
2024-10-01,2024-Q4,BOS,6,PSNW02,Courtcraft Snowboard Boot,SNW,8521,6628,1893,28.6,false
2024-10-01,2024-Q4,BOS,7,PSNW03,Kestrel Pro Insulated Shell,SNW,5559,4293,1266,29.5,false
2024-10-01,2024-Q4,BOS,8,PSOC01,Stridewell Match Ball Pro,SOC,16664,15430,1234,8.0,false
2024-10-01,2024-Q4,BOS,9,PCLM04,Bramble Harness Lite,CLM,1206,0,1206,,true
2024-10-01,2024-Q4,BOS,10,PVOL04,Kestrel Pro Court Shoe Mid,VOL,1150,0,1150,,true
2025-01-01,2025-Q1,BOS,1,PRUN03,Kestrel Pro Carbon Race Flat,RUN,14859,0,14859,,true
2025-01-01,2025-Q1,BOS,2,PPKB04,Loftline Thermoformed Pro Paddle,PKB,3717,214,3503,1636.9,false
2025-01-01,2025-Q1,BOS,3,PLAX04,Courtcraft Mesh Head Pro,LAX,2038,0,2038,,true
2025-01-01,2025-Q1,BOS,4,PSOC01,Stridewell Match Ball Pro,SOC,11984,10097,1887,18.7,false
2025-01-01,2025-Q1,BOS,5,PSNW01,Loftline All-Mountain Ski,SNW,5897,4335,1562,36.0,false
2025-01-01,2025-Q1,BOS,6,PVOL04,Kestrel Pro Court Shoe Mid,VOL,1367,0,1367,,true
2025-01-01,2025-Q1,BOS,7,PSNW02,Courtcraft Snowboard Boot,SNW,4222,2947,1275,43.3,false
2025-01-01,2025-Q1,BOS,8,PSNW03,Kestrel Pro Insulated Shell,SNW,3347,2127,1220,57.4,false
2025-01-01,2025-Q1,BOS,9,PBSB04,Bramble USSSA Composite Bat,BSB,4304,3174,1130,35.6,false
2025-01-01,2025-Q1,BOS,10,PCYC01,Aerion Gravel Bike 105,CYC,6186,5133,1053,20.5,false
2025-04-01,2025-Q2,BOS,1,PRUN03,Kestrel Pro Carbon Race Flat,RUN,15526,4598,10928,237.7,false
2025-04-01,2025-Q2,BOS,2,PVOL04,Kestrel Pro Court Shoe Mid,VOL,1980,0,1980,,true
2025-04-01,2025-Q2,BOS,3,PPKB04,Loftline Thermoformed Pro Paddle,PKB,3427,1528,1899,124.3,false
2025-04-01,2025-Q2,BOS,4,PLAX04,Courtcraft Mesh Head Pro,LAX,1595,0,1595,,true
2025-04-01,2025-Q2,BOS,5,PFTB04,Kestrel Pro Flag Football Set,FTB,1510,0,1510,,true
2025-04-01,2025-Q2,BOS,6,PTEN01,Bramble Tour Racquet 98,TEN,7373,6549,824,12.6,false
2025-04-01,2025-Q2,BOS,7,PBSB01,Courtcraft BBCOR Alloy Bat,BSB,5935,5183,752,14.5,false
2025-04-01,2025-Q2,BOS,8,PPKB01,Kestrel Pro Carbon Paddle 16mm,PKB,6794,6057,737,12.2,false
2025-04-01,2025-Q2,BOS,9,PPKB03,Kestrel Pro Court Shoe,PKB,3279,2670,609,22.8,false
2025-04-01,2025-Q2,BOS,10,PSOC02,Loftline FG Cleat Elite,SOC,11011,10413,598,5.7,false
2025-07-01,2025-Q3,BOS,1,PRUN03,Kestrel Pro Carbon Race Flat,RUN,14136,9021,5115,56.7,false
2025-07-01,2025-Q3,BOS,2,PVOL04,Kestrel Pro Court Shoe Mid,VOL,2596,175,2421,1383.4,false
2025-07-01,2025-Q3,BOS,3,PFTB04,Kestrel Pro Flag Football Set,FTB,1792,516,1276,247.3,false
2025-07-01,2025-Q3,BOS,4,PLAX04,Courtcraft Mesh Head Pro,LAX,1204,0,1204,,true
2025-07-01,2025-Q3,BOS,5,PRUN02,Aerion Trail Runner GTX,RUN,10273,9475,798,8.4,false
2025-07-01,2025-Q3,BOS,6,PSOC01,Stridewell Match Ball Pro,SOC,18191,17433,758,4.3,false
2025-07-01,2025-Q3,BOS,7,PPKB01,Kestrel Pro Carbon Paddle 16mm,PKB,5557,4875,682,14.0,false
2025-07-01,2025-Q3,BOS,8,PPKB04,Loftline Thermoformed Pro Paddle,PKB,2855,2173,682,31.4,false
2025-07-01,2025-Q3,BOS,9,PSOC02,Loftline FG Cleat Elite,SOC,13592,13044,548,4.2,false
2025-07-01,2025-Q3,BOS,10,PPKB02,Aerion Outdoor Balls 6pk,PKB,4347,3856,491,12.7,false
2025-10-01,2025-Q4,BOS,1,PLAX04,Courtcraft Mesh Head Pro,LAX,2761,1032,1729,167.5,false
2025-10-01,2025-Q4,BOS,2,PBSK02,Courtcraft Court Shoe Low,BSK,9839,8202,1637,20.0,false
2025-10-01,2025-Q4,BOS,3,PVOL04,Kestrel Pro Court Shoe Mid,VOL,2658,1150,1508,131.1,false
2025-10-01,2025-Q4,BOS,4,PPKB03,Kestrel Pro Court Shoe,PKB,3955,2813,1142,40.6,false
2025-10-01,2025-Q4,BOS,5,PRUN02,Aerion Trail Runner GTX,RUN,10970,10157,813,8.0,false
2025-10-01,2025-Q4,BOS,6,PSOC04,Ironpeak 2026 Host City Replica Ball,SOC,654,0,654,,true
2025-10-01,2025-Q4,BOS,7,PSOC02,Loftline FG Cleat Elite,SOC,14167,13532,635,4.7,false
2025-10-01,2025-Q4,BOS,8,PPKB01,Kestrel Pro Carbon Paddle 16mm,PKB,6680,6059,621,10.2,false
2025-10-01,2025-Q4,BOS,9,PPKB04,Loftline Thermoformed Pro Paddle,PKB,3896,3281,615,18.7,false
2025-10-01,2025-Q4,BOS,10,PBSB02,Ironpeak Fielding Glove 11.75,BSB,4665,4100,565,13.8,false
2026-01-01,2026-Q1,BOS,1,PSOC04,Ironpeak 2026 Host City Replica Ball,SOC,2668,0,2668,,true
2026-01-01,2026-Q1,BOS,2,PRUN02,Aerion Trail Runner GTX,RUN,10870,9473,1397,14.7,false
2026-01-01,2026-Q1,BOS,3,PPKB02,Aerion Outdoor Balls 6pk,PKB,5887,4514,1373,30.4,false
2026-01-01,2026-Q1,BOS,4,PPKB01,Kestrel Pro Carbon Paddle 16mm,PKB,7334,6248,1086,17.4,false
2026-01-01,2026-Q1,BOS,5,PLAX02,Stridewell Lacrosse Helmet,LAX,3834,3054,780,25.5,false
2026-01-01,2026-Q1,BOS,6,PRUN01,Kestrel Pro Tempo Road Shoe,RUN,14744,14047,697,5.0,false
2026-01-01,2026-Q1,BOS,7,PLAX04,Courtcraft Mesh Head Pro,LAX,2689,2038,651,31.9,false
2026-01-01,2026-Q1,BOS,8,PRUN03,Kestrel Pro Carbon Race Flat,RUN,15501,14859,642,4.3,false
2026-01-01,2026-Q1,BOS,9,PPKB04,Loftline Thermoformed Pro Paddle,PKB,4227,3717,510,13.7,false
2026-01-01,2026-Q1,BOS,10,PBSB01,Courtcraft BBCOR Alloy Bat,BSB,7172,6793,379,5.6,false
2026-04-01,2026-Q2,BOS,1,PSOC04,Ironpeak 2026 Host City Replica Ball,SOC,7297,0,7297,,true
2026-04-01,2026-Q2,BOS,2,PPKB01,Kestrel Pro Carbon Paddle 16mm,PKB,8114,6794,1320,19.4,false
2026-04-01,2026-Q2,BOS,3,PPKB02,Aerion Outdoor Balls 6pk,PKB,6099,5034,1065,21.2,false
2026-04-01,2026-Q2,BOS,4,PRUN02,Aerion Trail Runner GTX,RUN,11990,11025,965,8.8,false
2026-04-01,2026-Q2,BOS,5,PPKB04,Loftline Thermoformed Pro Paddle,PKB,4366,3427,939,27.4,false
2026-04-01,2026-Q2,BOS,6,PRUN01,Kestrel Pro Tempo Road Shoe,RUN,14801,13881,920,6.6,false
2026-04-01,2026-Q2,BOS,7,PRUN03,Kestrel Pro Carbon Race Flat,RUN,16332,15526,806,5.2,false
2026-04-01,2026-Q2,BOS,8,PPKB03,Kestrel Pro Court Shoe,PKB,4081,3279,802,24.5,false
2026-04-01,2026-Q2,BOS,9,PBSK01,Loftline Indoor Game Ball,BSK,6523,5923,600,10.1,false
2026-04-01,2026-Q2,BOS,10,PVOL02,Vela Knee Pads,VOL,3355,2832,523,18.5,false
2023-01-01,2023-Q1,SFO,1,PPKB01,Kestrel Pro Carbon Paddle 16mm,PKB,4304,3572,732,20.5,false
2023-01-01,2023-Q1,SFO,2,PPKB03,Kestrel Pro Court Shoe,PKB,2215,1698,517,30.4,false
2023-01-01,2023-Q1,SFO,3,PVOL01,Ironpeak Indoor Game Ball,VOL,2648,2211,437,19.8,false
2023-01-01,2023-Q1,SFO,4,PPKB02,Aerion Outdoor Balls 6pk,PKB,2874,2560,314,12.3,false
2023-01-01,2023-Q1,SFO,5,PBSK03,Kestrel Pro Portable Hoop 54in,BSK,3460,3170,290,9.1,false
2023-01-01,2023-Q1,SFO,6,PBSK01,Loftline Indoor Game Ball,BSK,6518,6307,211,3.3,false
2023-01-01,2023-Q1,SFO,7,PCLM03,Kestrel Pro Crash Pad,CLM,1436,1234,202,16.4,false
2023-01-01,2023-Q1,SFO,8,PCLM02,Ironpeak Chalk Bag,CLM,2162,2062,100,4.8,false
2023-01-01,2023-Q1,SFO,9,PBSB01,Courtcraft BBCOR Alloy Bat,BSB,9091,9020,71,0.8,false
2023-01-01,2023-Q1,SFO,10,PVOL03,Kestrel Pro Beach Ball Pro,VOL,1272,1213,59,4.9,false
2023-04-01,2023-Q2,SFO,1,PSOC01,Stridewell Match Ball Pro,SOC,13451,11535,1916,16.6,false
2023-04-01,2023-Q2,SFO,2,PRUN01,Kestrel Pro Tempo Road Shoe,RUN,20986,19802,1184,6.0,false
2023-04-01,2023-Q2,SFO,3,PPKB01,Kestrel Pro Carbon Paddle 16mm,PKB,4578,3764,814,21.6,false
2023-04-01,2023-Q2,SFO,4,PPKB02,Aerion Outdoor Balls 6pk,PKB,3611,3094,517,16.7,false
2023-04-01,2023-Q2,SFO,5,PVOL01,Ironpeak Indoor Game Ball,VOL,3936,3449,487,14.1,false
2023-04-01,2023-Q2,SFO,6,PSOC02,Loftline FG Cleat Elite,SOC,9913,9474,439,4.6,false
2023-04-01,2023-Q2,SFO,7,PBSK01,Loftline Indoor Game Ball,BSK,6258,5829,429,7.4,false
2023-04-01,2023-Q2,SFO,8,PPKB03,Kestrel Pro Court Shoe,PKB,2484,2113,371,17.6,false
2023-04-01,2023-Q2,SFO,9,PRUN04,Loftline Hydration Vest,RUN,4708,4374,334,7.6,false
2023-04-01,2023-Q2,SFO,10,PBSB03,Kestrel Pro Batting Helmet,BSB,3405,3164,241,7.6,false
2023-07-01,2023-Q3,SFO,1,PGLF04,Aerion Launch Monitor Mini,GLF,955,0,955,,true
2023-07-01,2023-Q3,SFO,2,PBSK02,Courtcraft Court Shoe Low,BSK,5887,5198,689,13.3,false
2023-07-01,2023-Q3,SFO,3,PVOL01,Ironpeak Indoor Game Ball,VOL,4565,3970,595,15.0,false
2023-07-01,2023-Q3,SFO,4,PPKB01,Kestrel Pro Carbon Paddle 16mm,PKB,4007,3551,456,12.8,false
2023-07-01,2023-Q3,SFO,5,PCLM01,Courtcraft Bouldering Shoe,CLM,2696,2349,347,14.8,false
2023-07-01,2023-Q3,SFO,6,PBSB01,Courtcraft BBCOR Alloy Bat,BSB,3416,3148,268,8.5,false
2023-07-01,2023-Q3,SFO,7,PBSK03,Kestrel Pro Portable Hoop 54in,BSK,4047,3793,254,6.7,false
2023-07-01,2023-Q3,SFO,8,PPKB03,Kestrel Pro Court Shoe,PKB,2058,1807,251,13.9,false
2023-07-01,2023-Q3,SFO,9,PVOL03,Kestrel Pro Beach Ball Pro,VOL,2386,2151,235,10.9,false
2023-07-01,2023-Q3,SFO,10,PTEN02,Kestrel Pro Pressurized Balls 3pk,TEN,3258,3081,177,5.7,false
2023-10-01,2023-Q4,SFO,1,PGLF04,Aerion Launch Monitor Mini,GLF,1895,0,1895,,true
2023-10-01,2023-Q4,SFO,2,PBSB04,Bramble USSSA Composite Bat,BSB,948,0,948,,true
2023-10-01,2023-Q4,SFO,3,PPKB02,Aerion Outdoor Balls 6pk,PKB,4028,3161,867,27.4,false
2023-10-01,2023-Q4,SFO,4,PPKB01,Kestrel Pro Carbon Paddle 16mm,PKB,5184,4433,751,16.9,false
2023-10-01,2023-Q4,SFO,5,PVOL03,Kestrel Pro Beach Ball Pro,VOL,2420,1873,547,29.2,false
2023-10-01,2023-Q4,SFO,6,PPKB03,Kestrel Pro Court Shoe,PKB,2506,2032,474,23.3,false
2023-10-01,2023-Q4,SFO,7,PVOL01,Ironpeak Indoor Game Ball,VOL,4299,3848,451,11.7,false
2023-10-01,2023-Q4,SFO,8,PVOL02,Vela Knee Pads,VOL,3360,2922,438,15.0,false
2023-10-01,2023-Q4,SFO,9,PCLM03,Kestrel Pro Crash Pad,CLM,1916,1636,280,17.1,false
2023-10-01,2023-Q4,SFO,10,PSOC03,Kestrel Pro Shin Guard Lite,SOC,7220,7116,104,1.5,false
2024-01-01,2024-Q1,SFO,1,PBSB04,Bramble USSSA Composite Bat,BSB,2573,0,2573,,true
2024-01-01,2024-Q1,SFO,2,PGLF04,Aerion Launch Monitor Mini,GLF,2476,0,2476,,true
2024-01-01,2024-Q1,SFO,3,PPKB01,Kestrel Pro Carbon Paddle 16mm,PKB,6009,4304,1705,39.6,false
2024-01-01,2024-Q1,SFO,4,PPKB02,Aerion Outdoor Balls 6pk,PKB,4139,2874,1265,44.0,false
2024-01-01,2024-Q1,SFO,5,PCYC01,Aerion Gravel Bike 105,CYC,5764,5069,695,13.7,false
2024-01-01,2024-Q1,SFO,6,PBSK02,Courtcraft Court Shoe Low,BSK,4964,4285,679,15.8,false
2024-01-01,2024-Q1,SFO,7,PPKB03,Kestrel Pro Court Shoe,PKB,2586,2215,371,16.7,false
2024-01-01,2024-Q1,SFO,8,PLAX02,Stridewell Lacrosse Helmet,LAX,1030,805,225,28.0,false
2024-01-01,2024-Q1,SFO,9,PVOL02,Vela Knee Pads,VOL,2021,1803,218,12.1,false
2024-01-01,2024-Q1,SFO,10,PBSK01,Loftline Indoor Game Ball,BSK,6691,6518,173,2.7,false
2024-04-01,2024-Q2,SFO,1,PRUN03,Kestrel Pro Carbon Race Flat,RUN,3912,0,3912,,true
2024-04-01,2024-Q2,SFO,2,PGLF04,Aerion Launch Monitor Mini,GLF,3245,0,3245,,true
2024-04-01,2024-Q2,SFO,3,PBSB04,Bramble USSSA Composite Bat,BSB,2758,0,2758,,true
2024-04-01,2024-Q2,SFO,4,PPKB04,Loftline Thermoformed Pro Paddle,PKB,1314,0,1314,,true
2024-04-01,2024-Q2,SFO,5,PPKB01,Kestrel Pro Carbon Paddle 16mm,PKB,5170,4578,592,12.9,false
2024-04-01,2024-Q2,SFO,6,PPKB02,Aerion Outdoor Balls 6pk,PKB,4172,3611,561,15.5,false
2024-04-01,2024-Q2,SFO,7,PPKB03,Kestrel Pro Court Shoe,PKB,3029,2484,545,21.9,false
2024-04-01,2024-Q2,SFO,8,PCLM04,Bramble Harness Lite,CLM,410,0,410,,true
2024-04-01,2024-Q2,SFO,9,PBSK02,Courtcraft Court Shoe Low,BSK,4491,4087,404,9.9,false
2024-04-01,2024-Q2,SFO,10,PVOL01,Ironpeak Indoor Game Ball,VOL,4280,3936,344,8.7,false
2024-07-01,2024-Q3,SFO,1,PRUN03,Kestrel Pro Carbon Race Flat,RUN,6988,0,6988,,true
2024-07-01,2024-Q3,SFO,2,PPKB04,Loftline Thermoformed Pro Paddle,PKB,1802,0,1802,,true
2024-07-01,2024-Q3,SFO,3,PSOC02,Loftline FG Cleat Elite,SOC,11468,9793,1675,17.1,false
2024-07-01,2024-Q3,SFO,4,PSOC03,Kestrel Pro Shin Guard Lite,SOC,8518,6924,1594,23.0,false
2024-07-01,2024-Q3,SFO,5,PBSB04,Bramble USSSA Composite Bat,BSB,1417,0,1417,,true
2024-07-01,2024-Q3,SFO,6,PGLF04,Aerion Launch Monitor Mini,GLF,2212,955,1257,131.6,false
2024-07-01,2024-Q3,SFO,7,PCLM04,Bramble Harness Lite,CLM,831,0,831,,true
2024-07-01,2024-Q3,SFO,8,PTEN01,Bramble Tour Racquet 98,TEN,4437,3765,672,17.8,false
2024-07-01,2024-Q3,SFO,9,PSOC01,Stridewell Match Ball Pro,SOC,15302,14693,609,4.1,false
2024-07-01,2024-Q3,SFO,10,PVOL01,Ironpeak Indoor Game Ball,VOL,5090,4565,525,11.5,false
2024-10-01,2024-Q4,SFO,1,PRUN03,Kestrel Pro Carbon Race Flat,RUN,13188,0,13188,,true
2024-10-01,2024-Q4,SFO,2,PPKB04,Loftline Thermoformed Pro Paddle,PKB,2928,0,2928,,true
2024-10-01,2024-Q4,SFO,3,PSNW01,Loftline All-Mountain Ski,SNW,9810,7315,2495,34.1,false
2024-10-01,2024-Q4,SFO,4,PCLM04,Bramble Harness Lite,CLM,1836,0,1836,,true
2024-10-01,2024-Q4,SFO,5,PBSB04,Bramble USSSA Composite Bat,BSB,2430,948,1482,156.3,false
2024-10-01,2024-Q4,SFO,6,PSNW02,Courtcraft Snowboard Boot,SNW,6704,5514,1190,21.6,false
2024-10-01,2024-Q4,SFO,7,PVOL04,Kestrel Pro Court Shoe Mid,VOL,1081,0,1081,,true
2024-10-01,2024-Q4,SFO,8,PSNW04,Vela Ski Helmet MIPS,SNW,2501,1679,822,49.0,false
2024-10-01,2024-Q4,SFO,9,PFTB04,Kestrel Pro Flag Football Set,FTB,804,0,804,,true
2024-10-01,2024-Q4,SFO,10,PBSK02,Courtcraft Court Shoe Low,BSK,6915,6292,623,9.9,false
2025-01-01,2025-Q1,SFO,1,PRUN03,Kestrel Pro Carbon Race Flat,RUN,11467,0,11467,,true
2025-01-01,2025-Q1,SFO,2,PPKB04,Loftline Thermoformed Pro Paddle,PKB,2861,168,2693,1603.0,false
2025-01-01,2025-Q1,SFO,3,PSNW01,Loftline All-Mountain Ski,SNW,5783,3877,1906,49.2,false
2025-01-01,2025-Q1,SFO,4,PCLM04,Bramble Harness Lite,CLM,1344,0,1344,,true
2025-01-01,2025-Q1,SFO,5,PSNW02,Courtcraft Snowboard Boot,SNW,3842,2634,1208,45.9,false
2025-01-01,2025-Q1,SFO,6,PVOL04,Kestrel Pro Court Shoe Mid,VOL,1174,0,1174,,true
2025-01-01,2025-Q1,SFO,7,PSNW03,Kestrel Pro Insulated Shell,SNW,2781,1929,852,44.2,false
2025-01-01,2025-Q1,SFO,8,PBSB04,Bramble USSSA Composite Bat,BSB,3151,2573,578,22.5,false
2025-01-01,2025-Q1,SFO,9,PFTB04,Kestrel Pro Flag Football Set,FTB,571,0,571,,true
2025-01-01,2025-Q1,SFO,10,PLAX04,Courtcraft Mesh Head Pro,LAX,420,0,420,,true
2025-04-01,2025-Q2,SFO,1,PRUN03,Kestrel Pro Carbon Race Flat,RUN,12567,3912,8655,221.2,false
2025-04-01,2025-Q2,SFO,2,PVOL04,Kestrel Pro Court Shoe Mid,VOL,1958,0,1958,,true
2025-04-01,2025-Q2,SFO,3,PPKB04,Loftline Thermoformed Pro Paddle,PKB,2815,1314,1501,114.2,false
2025-04-01,2025-Q2,SFO,4,PFTB04,Kestrel Pro Flag Football Set,FTB,1311,0,1311,,true
2025-04-01,2025-Q2,SFO,5,PCLM04,Bramble Harness Lite,CLM,1160,410,750,182.9,false
2025-04-01,2025-Q2,SFO,6,PTEN02,Kestrel Pro Pressurized Balls 3pk,TEN,4290,3853,437,11.3,false
2025-04-01,2025-Q2,SFO,7,PLAX04,Courtcraft Mesh Head Pro,LAX,414,0,414,,true
2025-04-01,2025-Q2,SFO,8,PGLF04,Aerion Launch Monitor Mini,GLF,3473,3245,228,7.0,false
2025-04-01,2025-Q2,SFO,9,PSOC02,Loftline FG Cleat Elite,SOC,9203,9000,203,2.3,false
2025-04-01,2025-Q2,SFO,10,PSOC03,Kestrel Pro Shin Guard Lite,SOC,6170,6022,148,2.5,false
2025-07-01,2025-Q3,SFO,1,PRUN03,Kestrel Pro Carbon Race Flat,RUN,9566,6988,2578,36.9,false
2025-07-01,2025-Q3,SFO,2,PVOL04,Kestrel Pro Court Shoe Mid,VOL,2373,183,2190,1196.7,false
2025-07-01,2025-Q3,SFO,3,PFTB04,Kestrel Pro Flag Football Set,FTB,1528,388,1140,293.8,false
2025-07-01,2025-Q3,SFO,4,PPKB04,Loftline Thermoformed Pro Paddle,PKB,2540,1802,738,41.0,false
2025-07-01,2025-Q3,SFO,5,PBSK03,Kestrel Pro Portable Hoop 54in,BSK,3755,3086,669,21.7,false
2025-07-01,2025-Q3,SFO,6,PPKB02,Aerion Outdoor Balls 6pk,PKB,3284,2932,352,12.0,false
2025-07-01,2025-Q3,SFO,7,PCLM04,Bramble Harness Lite,CLM,1171,831,340,40.9,false
2025-07-01,2025-Q3,SFO,8,PCLM01,Courtcraft Bouldering Shoe,CLM,2358,2021,337,16.7,false
2025-07-01,2025-Q3,SFO,9,PRUN04,Loftline Hydration Vest,RUN,2834,2533,301,11.9,false
2025-07-01,2025-Q3,SFO,10,PPKB03,Kestrel Pro Court Shoe,PKB,2237,1963,274,14.0,false
2025-10-01,2025-Q4,SFO,1,PBSK01,Loftline Indoor Game Ball,BSK,10760,9284,1476,15.9,false
2025-10-01,2025-Q4,SFO,2,PPKB02,Aerion Outdoor Balls 6pk,PKB,4306,3431,875,25.5,false
2025-10-01,2025-Q4,SFO,3,PSNW02,Courtcraft Snowboard Boot,SNW,7345,6704,641,9.6,false
2025-10-01,2025-Q4,SFO,4,PCLM01,Courtcraft Bouldering Shoe,CLM,3317,2695,622,23.1,false
2025-10-01,2025-Q4,SFO,5,PVOL04,Kestrel Pro Court Shoe Mid,VOL,1677,1081,596,55.1,false
2025-10-01,2025-Q4,SFO,6,PSNW01,Loftline All-Mountain Ski,SNW,10381,9810,571,5.8,false
2025-10-01,2025-Q4,SFO,7,PSNW03,Kestrel Pro Insulated Shell,SNW,4753,4263,490,11.5,false
2025-10-01,2025-Q4,SFO,8,PSOC04,Ironpeak 2026 Host City Replica Ball,SOC,431,0,431,,true
2025-10-01,2025-Q4,SFO,9,PLAX04,Courtcraft Mesh Head Pro,LAX,580,211,369,174.9,false
2025-10-01,2025-Q4,SFO,10,PSOC03,Kestrel Pro Shin Guard Lite,SOC,6784,6427,357,5.6,false
2026-01-01,2026-Q1,SFO,1,PSOC04,Ironpeak 2026 Host City Replica Ball,SOC,2028,0,2028,,true
2026-01-01,2026-Q1,SFO,2,PRUN01,Kestrel Pro Tempo Road Shoe,RUN,11069,9856,1213,12.3,false
2026-01-01,2026-Q1,SFO,3,PPKB01,Kestrel Pro Carbon Paddle 16mm,PKB,5792,5163,629,12.2,false
2026-01-01,2026-Q1,SFO,4,PRUN02,Aerion Trail Runner GTX,RUN,8850,8244,606,7.4,false
2026-01-01,2026-Q1,SFO,5,PPKB04,Loftline Thermoformed Pro Paddle,PKB,3253,2861,392,13.7,false
2026-01-01,2026-Q1,SFO,6,PVOL04,Kestrel Pro Court Shoe Mid,VOL,1373,1174,199,17.0,false
2026-01-01,2026-Q1,SFO,7,PPKB02,Aerion Outdoor Balls 6pk,PKB,3945,3785,160,4.2,false
2026-01-01,2026-Q1,SFO,8,PSNW02,Courtcraft Snowboard Boot,SNW,3991,3842,149,3.9,false
2026-01-01,2026-Q1,SFO,9,PLAX04,Courtcraft Mesh Head Pro,LAX,560,420,140,33.3,false
2026-01-01,2026-Q1,SFO,10,PPKB03,Kestrel Pro Court Shoe,PKB,3017,2892,125,4.3,false
2026-04-01,2026-Q2,SFO,1,PSOC04,Ironpeak 2026 Host City Replica Ball,SOC,5410,0,5410,,true
2026-04-01,2026-Q2,SFO,2,PRUN02,Aerion Trail Runner GTX,RUN,8668,7734,934,12.1,false
2026-04-01,2026-Q2,SFO,3,PPKB04,Loftline Thermoformed Pro Paddle,PKB,3705,2815,890,31.6,false
2026-04-01,2026-Q2,SFO,4,PPKB03,Kestrel Pro Court Shoe,PKB,3342,2540,802,31.6,false
2026-04-01,2026-Q2,SFO,5,PPKB01,Kestrel Pro Carbon Paddle 16mm,PKB,5888,5118,770,15.0,false
2026-04-01,2026-Q2,SFO,6,PVOL02,Vela Knee Pads,VOL,3043,2406,637,26.5,false
2026-04-01,2026-Q2,SFO,7,PPKB02,Aerion Outdoor Balls 6pk,PKB,4795,4194,601,14.3,false
2026-04-01,2026-Q2,SFO,8,PCLM01,Courtcraft Bouldering Shoe,CLM,2200,1776,424,23.9,false
2026-04-01,2026-Q2,SFO,9,PVOL01,Ironpeak Indoor Game Ball,VOL,3765,3455,310,9.0,false
2026-04-01,2026-Q2,SFO,10,PSOC01,Stridewell Match Ball Pro,SOC,11083,10829,254,2.3,false
2023-01-01,2023-Q1,SEA,1,PPKB01,Kestrel Pro Carbon Paddle 16mm,PKB,4355,3046,1309,43.0,false
2023-01-01,2023-Q1,SEA,2,PRUN02,Aerion Trail Runner GTX,RUN,12762,11766,996,8.5,false
2023-01-01,2023-Q1,SEA,3,PSNW02,Courtcraft Snowboard Boot,SNW,6176,5362,814,15.2,false
2023-01-01,2023-Q1,SEA,4,PPKB02,Aerion Outdoor Balls 6pk,PKB,3418,2773,645,23.3,false
2023-01-01,2023-Q1,SEA,5,PRUN01,Kestrel Pro Tempo Road Shoe,RUN,17487,16847,640,3.8,false
2023-01-01,2023-Q1,SEA,6,PBSB01,Courtcraft BBCOR Alloy Bat,BSB,7709,7157,552,7.7,false
2023-01-01,2023-Q1,SEA,7,PBSK02,Courtcraft Court Shoe Low,BSK,4321,3859,462,12.0,false
2023-01-01,2023-Q1,SEA,8,PTEN02,Kestrel Pro Pressurized Balls 3pk,TEN,3479,3061,418,13.7,false
2023-01-01,2023-Q1,SEA,9,PBSK03,Kestrel Pro Portable Hoop 54in,BSK,3193,2783,410,14.7,false
2023-01-01,2023-Q1,SEA,10,PBSK01,Loftline Indoor Game Ball,BSK,5307,4980,327,6.6,false
2023-04-01,2023-Q2,SEA,1,PRUN01,Kestrel Pro Tempo Road Shoe,RUN,18952,15826,3126,19.8,false
2023-04-01,2023-Q2,SEA,2,PPKB01,Kestrel Pro Carbon Paddle 16mm,PKB,5195,3760,1435,38.2,false
2023-04-01,2023-Q2,SEA,3,PRUN02,Aerion Trail Runner GTX,RUN,12974,11771,1203,10.2,false
2023-04-01,2023-Q2,SEA,4,PPKB02,Aerion Outdoor Balls 6pk,PKB,3796,2779,1017,36.6,false
2023-04-01,2023-Q2,SEA,5,PPKB03,Kestrel Pro Court Shoe,PKB,2603,1901,702,36.9,false
2023-04-01,2023-Q2,SEA,6,PRUN04,Loftline Hydration Vest,RUN,4911,4214,697,16.5,false
2023-04-01,2023-Q2,SEA,7,PBSB02,Ironpeak Fielding Glove 11.75,BSB,4876,4274,602,14.1,false
2023-04-01,2023-Q2,SEA,8,PCLM01,Courtcraft Bouldering Shoe,CLM,2534,2130,404,19.0,false
2023-04-01,2023-Q2,SEA,9,PGLF01,Vela Game-Improvement Irons,GLF,7831,7438,393,5.3,false
2023-04-01,2023-Q2,SEA,10,PVOL01,Ironpeak Indoor Game Ball,VOL,3732,3441,291,8.5,false
2023-07-01,2023-Q3,SEA,1,PSOC01,Stridewell Match Ball Pro,SOC,13884,11638,2246,19.3,false
2023-07-01,2023-Q3,SEA,2,PRUN01,Kestrel Pro Tempo Road Shoe,RUN,16706,15707,999,6.4,false
2023-07-01,2023-Q3,SEA,3,PPKB01,Kestrel Pro Carbon Paddle 16mm,PKB,4155,3228,927,28.7,false
2023-07-01,2023-Q3,SEA,4,PGLF04,Aerion Launch Monitor Mini,GLF,916,0,916,,true
2023-07-01,2023-Q3,SEA,5,PBSB02,Ironpeak Fielding Glove 11.75,BSB,2690,1963,727,37.0,false
2023-07-01,2023-Q3,SEA,6,PVOL03,Kestrel Pro Beach Ball Pro,VOL,2711,2011,700,34.8,false
2023-07-01,2023-Q3,SEA,7,PVOL02,Vela Knee Pads,VOL,3800,3157,643,20.4,false
2023-07-01,2023-Q3,SEA,8,PVOL01,Ironpeak Indoor Game Ball,VOL,4850,4210,640,15.2,false
2023-07-01,2023-Q3,SEA,9,PSOC02,Loftline FG Cleat Elite,SOC,10316,9734,582,6.0,false
2023-07-01,2023-Q3,SEA,10,PPKB02,Aerion Outdoor Balls 6pk,PKB,2934,2421,513,21.2,false
2023-10-01,2023-Q4,SEA,1,PSOC01,Stridewell Match Ball Pro,SOC,13078,10871,2207,20.3,false
2023-10-01,2023-Q4,SEA,2,PGLF04,Aerion Launch Monitor Mini,GLF,1820,0,1820,,true
2023-10-01,2023-Q4,SEA,3,PSOC03,Kestrel Pro Shin Guard Lite,SOC,6949,5609,1340,23.9,false
2023-10-01,2023-Q4,SEA,4,PPKB01,Kestrel Pro Carbon Paddle 16mm,PKB,5499,4258,1241,29.1,false
2023-10-01,2023-Q4,SEA,5,PBSK03,Kestrel Pro Portable Hoop 54in,BSK,5034,4050,984,24.3,false
2023-10-01,2023-Q4,SEA,6,PBSB04,Bramble USSSA Composite Bat,BSB,947,0,947,,true
2023-10-01,2023-Q4,SEA,7,PRUN04,Loftline Hydration Vest,RUN,4819,4153,666,16.0,false
2023-10-01,2023-Q4,SEA,8,PSOC02,Loftline FG Cleat Elite,SOC,10466,9905,561,5.7,false
2023-10-01,2023-Q4,SEA,9,PCLM01,Courtcraft Bouldering Shoe,CLM,3877,3328,549,16.5,false
2023-10-01,2023-Q4,SEA,10,PPKB02,Aerion Outdoor Balls 6pk,PKB,4003,3501,502,14.3,false
2024-01-01,2024-Q1,SEA,1,PGLF04,Aerion Launch Monitor Mini,GLF,2741,0,2741,,true
2024-01-01,2024-Q1,SEA,2,PBSB04,Bramble USSSA Composite Bat,BSB,2334,0,2334,,true
2024-01-01,2024-Q1,SEA,3,PBSK02,Courtcraft Court Shoe Low,BSK,5498,4321,1177,27.2,false
2024-01-01,2024-Q1,SEA,4,PBSK01,Loftline Indoor Game Ball,BSK,6391,5307,1084,20.4,false
2024-01-01,2024-Q1,SEA,5,PPKB01,Kestrel Pro Carbon Paddle 16mm,PKB,5302,4355,947,21.7,false
2024-01-01,2024-Q1,SEA,6,PPKB02,Aerion Outdoor Balls 6pk,PKB,4242,3418,824,24.1,false
2024-01-01,2024-Q1,SEA,7,PSOC03,Kestrel Pro Shin Guard Lite,SOC,4343,3536,807,22.8,false
2024-01-01,2024-Q1,SEA,8,PTEN01,Bramble Tour Racquet 98,TEN,4790,4088,702,17.2,false
2024-01-01,2024-Q1,SEA,9,PCLM02,Ironpeak Chalk Bag,CLM,2360,1891,469,24.8,false
2024-01-01,2024-Q1,SEA,10,PPKB03,Kestrel Pro Court Shoe,PKB,2587,2160,427,19.8,false
2024-04-01,2024-Q2,SEA,1,PRUN03,Kestrel Pro Carbon Race Flat,RUN,4081,0,4081,,true
2024-04-01,2024-Q2,SEA,2,PGLF04,Aerion Launch Monitor Mini,GLF,3400,0,3400,,true
2024-04-01,2024-Q2,SEA,3,PSOC01,Stridewell Match Ball Pro,SOC,14152,11456,2696,23.5,false
2024-04-01,2024-Q2,SEA,4,PBSB04,Bramble USSSA Composite Bat,BSB,2568,0,2568,,true
2024-04-01,2024-Q2,SEA,5,PPKB04,Loftline Thermoformed Pro Paddle,PKB,1321,0,1321,,true
2024-04-01,2024-Q2,SEA,6,PSOC02,Loftline FG Cleat Elite,SOC,8815,7546,1269,16.8,false
2024-04-01,2024-Q2,SEA,7,PBSK01,Loftline Indoor Game Ball,BSK,6158,5417,741,13.7,false
2024-04-01,2024-Q2,SEA,8,PVOL01,Ironpeak Indoor Game Ball,VOL,4262,3732,530,14.2,false
2024-04-01,2024-Q2,SEA,9,PCLM04,Bramble Harness Lite,CLM,489,0,489,,true
2024-04-01,2024-Q2,SEA,10,PTEN02,Kestrel Pro Pressurized Balls 3pk,TEN,4590,4173,417,10.0,false
2024-07-01,2024-Q3,SEA,1,PRUN03,Kestrel Pro Carbon Race Flat,RUN,8659,0,8659,,true
2024-07-01,2024-Q3,SEA,2,PPKB04,Loftline Thermoformed Pro Paddle,PKB,1884,0,1884,,true
2024-07-01,2024-Q3,SEA,3,PBSB04,Bramble USSSA Composite Bat,BSB,1481,0,1481,,true
2024-07-01,2024-Q3,SEA,4,PGLF04,Aerion Launch Monitor Mini,GLF,2287,916,1371,149.7,false
2024-07-01,2024-Q3,SEA,5,PCLM04,Bramble Harness Lite,CLM,985,0,985,,true
2024-07-01,2024-Q3,SEA,6,PSOC02,Loftline FG Cleat Elite,SOC,11134,10316,818,7.9,false
2024-07-01,2024-Q3,SEA,7,PPKB02,Aerion Outdoor Balls 6pk,PKB,3447,2934,513,17.5,false
2024-07-01,2024-Q3,SEA,8,PSOC03,Kestrel Pro Shin Guard Lite,SOC,7161,6728,433,6.4,false
2024-07-01,2024-Q3,SEA,9,PFTB04,Kestrel Pro Flag Football Set,FTB,410,0,410,,true
2024-07-01,2024-Q3,SEA,10,PSNW02,Courtcraft Snowboard Boot,SNW,3776,3367,409,12.1,false
2024-10-01,2024-Q4,SEA,1,PRUN03,Kestrel Pro Carbon Race Flat,RUN,14546,0,14546,,true
2024-10-01,2024-Q4,SEA,2,PSNW01,Loftline All-Mountain Ski,SNW,14207,9436,4771,50.6,false
2024-10-01,2024-Q4,SEA,3,PPKB04,Loftline Thermoformed Pro Paddle,PKB,2865,0,2865,,true
2024-10-01,2024-Q4,SEA,4,PCLM04,Bramble Harness Lite,CLM,1796,0,1796,,true
2024-10-01,2024-Q4,SEA,5,PBSB04,Bramble USSSA Composite Bat,BSB,2711,947,1764,186.3,false
2024-10-01,2024-Q4,SEA,6,PSNW03,Kestrel Pro Insulated Shell,SNW,6354,5067,1287,25.4,false
2024-10-01,2024-Q4,SEA,7,PSNW02,Courtcraft Snowboard Boot,SNW,9148,7912,1236,15.6,false
2024-10-01,2024-Q4,SEA,8,PSOC01,Stridewell Match Ball Pro,SOC,14197,13078,1119,8.6,false
2024-10-01,2024-Q4,SEA,9,PBSK01,Loftline Indoor Game Ball,BSK,10321,9238,1083,11.7,false
2024-10-01,2024-Q4,SEA,10,PTEN01,Bramble Tour Racquet 98,TEN,4746,3684,1062,28.8,false
2025-01-01,2025-Q1,SEA,1,PRUN03,Kestrel Pro Carbon Race Flat,RUN,12613,0,12613,,true
2025-01-01,2025-Q1,SEA,2,PPKB04,Loftline Thermoformed Pro Paddle,PKB,2643,182,2461,1352.2,false
2025-01-01,2025-Q1,SEA,3,PSNW01,Loftline All-Mountain Ski,SNW,7894,5763,2131,37.0,false
2025-01-01,2025-Q1,SEA,4,PSNW02,Courtcraft Snowboard Boot,SNW,5912,4259,1653,38.8,false
2025-01-01,2025-Q1,SEA,5,PCLM04,Bramble Harness Lite,CLM,1346,0,1346,,true
2025-01-01,2025-Q1,SEA,6,PVOL04,Kestrel Pro Court Shoe Mid,VOL,1257,0,1257,,true
2025-01-01,2025-Q1,SEA,7,PSNW03,Kestrel Pro Insulated Shell,SNW,3420,2539,881,34.7,false
2025-01-01,2025-Q1,SEA,8,PBSB04,Bramble USSSA Composite Bat,BSB,3101,2334,767,32.9,false
2025-01-01,2025-Q1,SEA,9,PSOC01,Stridewell Match Ball Pro,SOC,8775,8060,715,8.9,false
2025-01-01,2025-Q1,SEA,10,PCYC01,Aerion Gravel Bike 105,CYC,5642,4948,694,14.0,false
2025-04-01,2025-Q2,SEA,1,PRUN03,Kestrel Pro Carbon Race Flat,RUN,14102,4081,10021,245.6,false
2025-04-01,2025-Q2,SEA,2,PPKB04,Loftline Thermoformed Pro Paddle,PKB,3685,1321,2364,179.0,false
2025-04-01,2025-Q2,SEA,3,PVOL04,Kestrel Pro Court Shoe Mid,VOL,1906,0,1906,,true
2025-04-01,2025-Q2,SEA,4,PFTB04,Kestrel Pro Flag Football Set,FTB,1388,0,1388,,true
2025-04-01,2025-Q2,SEA,5,PSOC02,Loftline FG Cleat Elite,SOC,9914,8815,1099,12.5,false
2025-04-01,2025-Q2,SEA,6,PCLM04,Bramble Harness Lite,CLM,1379,489,890,182.0,false
2025-04-01,2025-Q2,SEA,7,PPKB03,Kestrel Pro Court Shoe,PKB,3291,2605,686,26.3,false
2025-04-01,2025-Q2,SEA,8,PSOC03,Kestrel Pro Shin Guard Lite,SOC,6579,5933,646,10.9,false
2025-04-01,2025-Q2,SEA,9,PCYC01,Aerion Gravel Bike 105,CYC,7127,6578,549,8.3,false
2025-04-01,2025-Q2,SEA,10,PBSB01,Courtcraft BBCOR Alloy Bat,BSB,5129,4679,450,9.6,false
2025-07-01,2025-Q3,SEA,1,PSOC01,Stridewell Match Ball Pro,SOC,16584,13939,2645,19.0,false
2025-07-01,2025-Q3,SEA,2,PVOL04,Kestrel Pro Court Shoe Mid,VOL,2819,177,2642,1492.7,false
2025-07-01,2025-Q3,SEA,3,PRUN03,Kestrel Pro Carbon Race Flat,RUN,10995,8659,2336,27.0,false
2025-07-01,2025-Q3,SEA,4,PFTB04,Kestrel Pro Flag Football Set,FTB,1838,410,1428,348.3,false
2025-07-01,2025-Q3,SEA,5,PPKB04,Loftline Thermoformed Pro Paddle,PKB,3028,1884,1144,60.7,false
2025-07-01,2025-Q3,SEA,6,PSOC02,Loftline FG Cleat Elite,SOC,12143,11134,1009,9.1,false
2025-07-01,2025-Q3,SEA,7,PSOC03,Kestrel Pro Shin Guard Lite,SOC,7928,7161,767,10.7,false
2025-07-01,2025-Q3,SEA,8,PPKB01,Kestrel Pro Carbon Paddle 16mm,PKB,4867,4208,659,15.7,false
2025-07-01,2025-Q3,SEA,9,PCLM04,Bramble Harness Lite,CLM,1447,985,462,46.9,false
2025-07-01,2025-Q3,SEA,10,PPKB03,Kestrel Pro Court Shoe,PKB,2534,2149,385,17.9,false
2025-10-01,2025-Q4,SEA,1,PPKB01,Kestrel Pro Carbon Paddle 16mm,PKB,6861,5191,1670,32.2,false
2025-10-01,2025-Q4,SEA,2,PSOC01,Stridewell Match Ball Pro,SOC,15687,14197,1490,10.5,false
2025-10-01,2025-Q4,SEA,3,PBSK02,Courtcraft Court Shoe Low,BSK,8798,7310,1488,20.4,false
2025-10-01,2025-Q4,SEA,4,PSNW02,Courtcraft Snowboard Boot,SNW,10527,9148,1379,15.1,false
2025-10-01,2025-Q4,SEA,5,PVOL04,Kestrel Pro Court Shoe Mid,VOL,2297,1037,1260,121.5,false
2025-10-01,2025-Q4,SEA,6,PRUN03,Kestrel Pro Carbon Race Flat,RUN,15735,14546,1189,8.2,false
2025-10-01,2025-Q4,SEA,7,PSNW03,Kestrel Pro Insulated Shell,SNW,7095,6354,741,11.7,false
2025-10-01,2025-Q4,SEA,8,PSOC04,Ironpeak 2026 Host City Replica Ball,SOC,561,0,561,,true
2025-10-01,2025-Q4,SEA,9,PRUN01,Kestrel Pro Tempo Road Shoe,RUN,13194,12639,555,4.4,false
2025-10-01,2025-Q4,SEA,10,PBSB02,Ironpeak Fielding Glove 11.75,BSB,4091,3551,540,15.2,false
2026-01-01,2026-Q1,SEA,1,PSOC04,Ironpeak 2026 Host City Replica Ball,SOC,2613,0,2613,,true
2026-01-01,2026-Q1,SEA,2,PPKB02,Aerion Outdoor Balls 6pk,PKB,4845,3615,1230,34.0,false
2026-01-01,2026-Q1,SEA,3,PRUN03,Kestrel Pro Carbon Race Flat,RUN,13792,12613,1179,9.3,false
2026-01-01,2026-Q1,SEA,4,PPKB01,Kestrel Pro Carbon Paddle 16mm,PKB,6223,5267,956,18.2,false
2026-01-01,2026-Q1,SEA,5,PRUN01,Kestrel Pro Tempo Road Shoe,RUN,12544,11668,876,7.5,false
2026-01-01,2026-Q1,SEA,6,PPKB04,Loftline Thermoformed Pro Paddle,PKB,3392,2643,749,28.3,false
2026-01-01,2026-Q1,SEA,7,PVOL01,Ironpeak Indoor Game Ball,VOL,3153,2467,686,27.8,false
2026-01-01,2026-Q1,SEA,8,PPKB03,Kestrel Pro Court Shoe,PKB,3124,2452,672,27.4,false
2026-01-01,2026-Q1,SEA,9,PCYC02,Stridewell Road Helmet MIPS,CYC,4498,3887,611,15.7,false
2026-01-01,2026-Q1,SEA,10,PCYC03,Kestrel Pro Smart Trainer,CYC,2855,2302,553,24.0,false
2026-04-01,2026-Q2,SEA,1,PSOC04,Ironpeak 2026 Host City Replica Ball,SOC,6323,0,6323,,true
2026-04-01,2026-Q2,SEA,2,PPKB01,Kestrel Pro Carbon Paddle 16mm,PKB,7686,5202,2484,47.8,false
2026-04-01,2026-Q2,SEA,3,PRUN01,Kestrel Pro Tempo Road Shoe,RUN,13205,11444,1761,15.4,false
2026-04-01,2026-Q2,SEA,4,PPKB02,Aerion Outdoor Balls 6pk,PKB,5312,4079,1233,30.2,false
2026-04-01,2026-Q2,SEA,5,PRUN02,Aerion Trail Runner GTX,RUN,9943,9068,875,9.6,false
2026-04-01,2026-Q2,SEA,6,PBSK01,Loftline Indoor Game Ball,BSK,5901,5242,659,12.6,false
2026-04-01,2026-Q2,SEA,7,PBSK02,Courtcraft Court Shoe Low,BSK,4972,4378,594,13.6,false
2026-04-01,2026-Q2,SEA,8,PBSK03,Kestrel Pro Portable Hoop 54in,BSK,3478,2888,590,20.4,false
2026-04-01,2026-Q2,SEA,9,PBSB04,Bramble USSSA Composite Bat,BSB,3155,2637,518,19.6,false
2026-04-01,2026-Q2,SEA,10,PTEN01,Bramble Tour Racquet 98,TEN,5625,5121,504,9.8,false
2023-01-01,2023-Q1,MSP,1,PRUN01,Kestrel Pro Tempo Road Shoe,RUN,17205,15297,1908,12.5,false
2023-01-01,2023-Q1,MSP,2,PTEN01,Bramble Tour Racquet 98,TEN,4839,3656,1183,32.4,false
2023-01-01,2023-Q1,MSP,3,PRUN04,Loftline Hydration Vest,RUN,4712,3545,1167,32.9,false
2023-01-01,2023-Q1,MSP,4,PPKB02,Aerion Outdoor Balls 6pk,PKB,3373,2358,1015,43.0,false
2023-01-01,2023-Q1,MSP,5,PBSB01,Courtcraft BBCOR Alloy Bat,BSB,7598,6620,978,14.8,false
2023-01-01,2023-Q1,MSP,6,PBSB03,Kestrel Pro Batting Helmet,BSB,3936,2966,970,32.7,false
2023-01-01,2023-Q1,MSP,7,PPKB01,Kestrel Pro Carbon Paddle 16mm,PKB,3753,2882,871,30.2,false
2023-01-01,2023-Q1,MSP,8,PTEN02,Kestrel Pro Pressurized Balls 3pk,TEN,3702,3076,626,20.4,false
2023-01-01,2023-Q1,MSP,9,PPKB03,Kestrel Pro Court Shoe,PKB,2030,1458,572,39.2,false
2023-01-01,2023-Q1,MSP,10,PSOC01,Stridewell Match Ball Pro,SOC,7715,7248,467,6.4,false
2023-04-01,2023-Q2,MSP,1,PPKB01,Kestrel Pro Carbon Paddle 16mm,PKB,4622,3373,1249,37.0,false
2023-04-01,2023-Q2,MSP,2,PPKB02,Aerion Outdoor Balls 6pk,PKB,3271,2300,971,42.2,false
2023-04-01,2023-Q2,MSP,3,PPKB03,Kestrel Pro Court Shoe,PKB,2533,1649,884,53.6,false
2023-04-01,2023-Q2,MSP,4,PVOL01,Ironpeak Indoor Game Ball,VOL,3733,3090,643,20.8,false
2023-04-01,2023-Q2,MSP,5,PTEN01,Bramble Tour Racquet 98,TEN,5299,4720,579,12.3,false
2023-04-01,2023-Q2,MSP,6,PBSK02,Courtcraft Court Shoe Low,BSK,4202,3858,344,8.9,false
2023-04-01,2023-Q2,MSP,7,PSOC03,Kestrel Pro Shin Guard Lite,SOC,5845,5627,218,3.9,false
2023-04-01,2023-Q2,MSP,8,PVOL03,Kestrel Pro Beach Ball Pro,VOL,1867,1669,198,11.9,false
2023-04-01,2023-Q2,MSP,9,PVOL02,Vela Knee Pads,VOL,2875,2699,176,6.5,false
2023-04-01,2023-Q2,MSP,10,PHKY01,Stridewell Composite Stick,HKY,2491,2327,164,7.0,false
2023-07-01,2023-Q3,MSP,1,PRUN01,Kestrel Pro Tempo Road Shoe,RUN,14556,12534,2022,16.1,false
2023-07-01,2023-Q3,MSP,2,PGLF04,Aerion Launch Monitor Mini,GLF,878,0,878,,true
2023-07-01,2023-Q3,MSP,3,PPKB01,Kestrel Pro Carbon Paddle 16mm,PKB,3628,2851,777,27.3,false
2023-07-01,2023-Q3,MSP,4,PPKB02,Aerion Outdoor Balls 6pk,PKB,2789,2129,660,31.0,false
2023-07-01,2023-Q3,MSP,5,PPKB03,Kestrel Pro Court Shoe,PKB,2061,1528,533,34.9,false
2023-07-01,2023-Q3,MSP,6,PSOC03,Kestrel Pro Shin Guard Lite,SOC,6745,6313,432,6.8,false
2023-07-01,2023-Q3,MSP,7,PCYC01,Aerion Gravel Bike 105,CYC,5128,4698,430,9.2,false
2023-07-01,2023-Q3,MSP,8,PVOL02,Vela Knee Pads,VOL,3718,3312,406,12.3,false
2023-07-01,2023-Q3,MSP,9,PHKY02,Loftline Senior Skate,HKY,3562,3158,404,12.8,false
2023-07-01,2023-Q3,MSP,10,PSOC01,Stridewell Match Ball Pro,SOC,12633,12230,403,3.3,false
2023-10-01,2023-Q4,MSP,1,PSOC01,Stridewell Match Ball Pro,SOC,13349,9818,3531,36.0,false
2023-10-01,2023-Q4,MSP,2,PGLF04,Aerion Launch Monitor Mini,GLF,1579,0,1579,,true
2023-10-01,2023-Q4,MSP,3,PPKB01,Kestrel Pro Carbon Paddle 16mm,PKB,5177,3716,1461,39.3,false
2023-10-01,2023-Q4,MSP,4,PPKB02,Aerion Outdoor Balls 6pk,PKB,3939,2833,1106,39.0,false
2023-10-01,2023-Q4,MSP,5,PSOC02,Loftline FG Cleat Elite,SOC,9164,8259,905,11.0,false
2023-10-01,2023-Q4,MSP,6,PBSB04,Bramble USSSA Composite Bat,BSB,904,0,904,,true
2023-10-01,2023-Q4,MSP,7,PCYC01,Aerion Gravel Bike 105,CYC,4343,3739,604,16.2,false
2023-10-01,2023-Q4,MSP,8,PSOC03,Kestrel Pro Shin Guard Lite,SOC,6378,5847,531,9.1,false
2023-10-01,2023-Q4,MSP,9,PPKB03,Kestrel Pro Court Shoe,PKB,2408,1949,459,23.6,false
2023-10-01,2023-Q4,MSP,10,PBSK02,Courtcraft Court Shoe Low,BSK,7140,6728,412,6.1,false
2024-01-01,2024-Q1,MSP,1,PGLF04,Aerion Launch Monitor Mini,GLF,2571,0,2571,,true
2024-01-01,2024-Q1,MSP,2,PBSB04,Bramble USSSA Composite Bat,BSB,2410,0,2410,,true
2024-01-01,2024-Q1,MSP,3,PSOC01,Stridewell Match Ball Pro,SOC,8397,7715,682,8.8,false
2024-01-01,2024-Q1,MSP,4,PPKB01,Kestrel Pro Carbon Paddle 16mm,PKB,4418,3753,665,17.7,false
2024-01-01,2024-Q1,MSP,5,PBSK03,Kestrel Pro Portable Hoop 54in,BSK,3243,2625,618,23.5,false
2024-01-01,2024-Q1,MSP,6,PVOL01,Ironpeak Indoor Game Ball,VOL,2963,2362,601,25.4,false
2024-01-01,2024-Q1,MSP,7,PSOC02,Loftline FG Cleat Elite,SOC,6407,5814,593,10.2,false
2024-01-01,2024-Q1,MSP,8,PRUN02,Aerion Trail Runner GTX,RUN,12484,12128,356,2.9,false
2024-01-01,2024-Q1,MSP,9,PLAX02,Stridewell Lacrosse Helmet,LAX,1162,891,271,30.4,false
2024-01-01,2024-Q1,MSP,10,PPKB03,Kestrel Pro Court Shoe,PKB,2283,2030,253,12.5,false
2024-04-01,2024-Q2,MSP,1,PRUN03,Kestrel Pro Carbon Race Flat,RUN,3515,0,3515,,true
2024-04-01,2024-Q2,MSP,2,PGLF04,Aerion Launch Monitor Mini,GLF,3269,0,3269,,true
2024-04-01,2024-Q2,MSP,3,PBSB04,Bramble USSSA Composite Bat,BSB,2461,0,2461,,true
2024-04-01,2024-Q2,MSP,4,PSOC02,Loftline FG Cleat Elite,SOC,9344,7683,1661,21.6,false
2024-04-01,2024-Q2,MSP,5,PPKB04,Loftline Thermoformed Pro Paddle,PKB,1337,0,1337,,true
2024-04-01,2024-Q2,MSP,6,PSOC01,Stridewell Match Ball Pro,SOC,11230,10532,698,6.6,false
2024-04-01,2024-Q2,MSP,7,PBSK01,Loftline Indoor Game Ball,BSK,5188,4578,610,13.3,false
2024-04-01,2024-Q2,MSP,8,PPKB02,Aerion Outdoor Balls 6pk,PKB,3783,3271,512,15.7,false
2024-04-01,2024-Q2,MSP,9,PPKB01,Kestrel Pro Carbon Paddle 16mm,PKB,5077,4622,455,9.8,false
2024-04-01,2024-Q2,MSP,10,PFTB01,Ironpeak Youth Helmet,FTB,2847,2401,446,18.6,false
2024-07-01,2024-Q3,MSP,1,PRUN03,Kestrel Pro Carbon Race Flat,RUN,6413,0,6413,,true
2024-07-01,2024-Q3,MSP,2,PSOC01,Stridewell Match Ball Pro,SOC,14965,12633,2332,18.5,false
2024-07-01,2024-Q3,MSP,3,PPKB04,Loftline Thermoformed Pro Paddle,PKB,2032,0,2032,,true
2024-07-01,2024-Q3,MSP,4,PBSB04,Bramble USSSA Composite Bat,BSB,1404,0,1404,,true
2024-07-01,2024-Q3,MSP,5,PGLF04,Aerion Launch Monitor Mini,GLF,2163,878,1285,146.4,false
2024-07-01,2024-Q3,MSP,6,PHKY01,Stridewell Composite Stick,HKY,5383,4271,1112,26.0,false
2024-07-01,2024-Q3,MSP,7,PBSK01,Loftline Indoor Game Ball,BSK,6958,6152,806,13.1,false
2024-07-01,2024-Q3,MSP,8,PVOL03,Kestrel Pro Beach Ball Pro,VOL,2878,2182,696,31.9,false
2024-07-01,2024-Q3,MSP,9,PCLM04,Bramble Harness Lite,CLM,578,0,578,,true
2024-07-01,2024-Q3,MSP,10,PFTB04,Kestrel Pro Flag Football Set,FTB,373,0,373,,true
2024-10-01,2024-Q4,MSP,1,PRUN03,Kestrel Pro Carbon Race Flat,RUN,12644,0,12644,,true
2024-10-01,2024-Q4,MSP,2,PPKB04,Loftline Thermoformed Pro Paddle,PKB,2930,0,2930,,true
2024-10-01,2024-Q4,MSP,3,PSNW01,Loftline All-Mountain Ski,SNW,10187,8147,2040,25.0,false
2024-10-01,2024-Q4,MSP,4,PSNW02,Courtcraft Snowboard Boot,SNW,8283,6696,1587,23.7,false
2024-10-01,2024-Q4,MSP,5,PBSB04,Bramble USSSA Composite Bat,BSB,2262,904,1358,150.2,false
2024-10-01,2024-Q4,MSP,6,PSNW03,Kestrel Pro Insulated Shell,SNW,5462,4129,1333,32.3,false
2024-10-01,2024-Q4,MSP,7,PBSK01,Loftline Indoor Game Ball,BSK,9053,7787,1266,16.3,false
2024-10-01,2024-Q4,MSP,8,PCLM04,Bramble Harness Lite,CLM,1034,0,1034,,true
2024-10-01,2024-Q4,MSP,9,PVOL04,Kestrel Pro Court Shoe Mid,VOL,1022,0,1022,,true
2024-10-01,2024-Q4,MSP,10,PFTB04,Kestrel Pro Flag Football Set,FTB,858,0,858,,true
2025-01-01,2025-Q1,MSP,1,PRUN03,Kestrel Pro Carbon Race Flat,RUN,12141,0,12141,,true
2025-01-01,2025-Q1,MSP,2,PPKB04,Loftline Thermoformed Pro Paddle,PKB,2785,182,2603,1430.2,false
2025-01-01,2025-Q1,MSP,3,PSNW01,Loftline All-Mountain Ski,SNW,5472,4083,1389,34.0,false
2025-01-01,2025-Q1,MSP,4,PVOL04,Kestrel Pro Court Shoe Mid,VOL,1246,0,1246,,true
2025-01-01,2025-Q1,MSP,5,PSNW02,Courtcraft Snowboard Boot,SNW,4359,3291,1068,32.5,false
2025-01-01,2025-Q1,MSP,6,PPKB01,Kestrel Pro Carbon Paddle 16mm,PKB,5443,4418,1025,23.2,false
2025-01-01,2025-Q1,MSP,7,PCLM04,Bramble Harness Lite,CLM,796,0,796,,true
2025-01-01,2025-Q1,MSP,8,PSOC01,Stridewell Match Ball Pro,SOC,9192,8397,795,9.5,false
2025-01-01,2025-Q1,MSP,9,PSNW03,Kestrel Pro Insulated Shell,SNW,2840,2124,716,33.7,false
2025-01-01,2025-Q1,MSP,10,PBSB04,Bramble USSSA Composite Bat,BSB,3103,2410,693,28.8,false
2025-04-01,2025-Q2,MSP,1,PRUN03,Kestrel Pro Carbon Race Flat,RUN,12831,3515,9316,265.0,false
2025-04-01,2025-Q2,MSP,2,PSOC01,Stridewell Match Ball Pro,SOC,13643,11230,2413,21.5,false
2025-04-01,2025-Q2,MSP,3,PVOL04,Kestrel Pro Court Shoe Mid,VOL,2156,0,2156,,true
2025-04-01,2025-Q2,MSP,4,PPKB04,Loftline Thermoformed Pro Paddle,PKB,2929,1337,1592,119.1,false
2025-04-01,2025-Q2,MSP,5,PFTB04,Kestrel Pro Flag Football Set,FTB,1259,0,1259,,true
2025-04-01,2025-Q2,MSP,6,PSOC02,Loftline FG Cleat Elite,SOC,10286,9344,942,10.1,false
2025-04-01,2025-Q2,MSP,7,PPKB01,Kestrel Pro Carbon Paddle 16mm,PKB,5600,5077,523,10.3,false
2025-04-01,2025-Q2,MSP,8,PLAX04,Courtcraft Mesh Head Pro,LAX,474,0,474,,true
2025-04-01,2025-Q2,MSP,9,PCLM04,Bramble Harness Lite,CLM,736,270,466,172.6,false
2025-04-01,2025-Q2,MSP,10,PHKY01,Stridewell Composite Stick,HKY,2682,2304,378,16.4,false
2025-07-01,2025-Q3,MSP,1,PRUN03,Kestrel Pro Carbon Race Flat,RUN,9802,6413,3389,52.8,false
2025-07-01,2025-Q3,MSP,2,PSOC02,Loftline FG Cleat Elite,SOC,11915,9237,2678,29.0,false
2025-07-01,2025-Q3,MSP,3,PVOL04,Kestrel Pro Court Shoe Mid,VOL,2298,199,2099,1054.8,false
2025-07-01,2025-Q3,MSP,4,PFTB04,Kestrel Pro Flag Football Set,FTB,1711,373,1338,358.7,false
2025-07-01,2025-Q3,MSP,5,PSOC01,Stridewell Match Ball Pro,SOC,15936,14965,971,6.5,false
2025-07-01,2025-Q3,MSP,6,PSOC03,Kestrel Pro Shin Guard Lite,SOC,7857,6939,918,13.2,false
2025-07-01,2025-Q3,MSP,7,PPKB01,Kestrel Pro Carbon Paddle 16mm,PKB,4317,3572,745,20.9,false
2025-07-01,2025-Q3,MSP,8,PPKB04,Loftline Thermoformed Pro Paddle,PKB,2759,2032,727,35.8,false
2025-07-01,2025-Q3,MSP,9,PPKB02,Aerion Outdoor Balls 6pk,PKB,3434,2923,511,17.5,false
2025-07-01,2025-Q3,MSP,10,PPKB03,Kestrel Pro Court Shoe,PKB,2434,1968,466,23.7,false
2025-10-01,2025-Q4,MSP,1,PPKB01,Kestrel Pro Carbon Paddle 16mm,PKB,5901,4435,1466,33.1,false
2025-10-01,2025-Q4,MSP,2,PBSK02,Courtcraft Court Shoe Low,BSK,7195,5991,1204,20.1,false
2025-10-01,2025-Q4,MSP,3,PSNW02,Courtcraft Snowboard Boot,SNW,9169,8283,886,10.7,false
2025-10-01,2025-Q4,MSP,4,PVOL04,Kestrel Pro Court Shoe Mid,VOL,1860,1022,838,82.0,false
2025-10-01,2025-Q4,MSP,5,PBSK04,Vela Compression Sleeve,BSK,2763,2032,731,36.0,false
2025-10-01,2025-Q4,MSP,6,PHKY02,Loftline Senior Skate,HKY,4297,3649,648,17.8,false
2025-10-01,2025-Q4,MSP,7,PPKB03,Kestrel Pro Court Shoe,PKB,2725,2161,564,26.1,false
2025-10-01,2025-Q4,MSP,8,PLAX04,Courtcraft Mesh Head Pro,LAX,775,263,512,194.7,false
2025-10-01,2025-Q4,MSP,9,PSOC04,Ironpeak 2026 Host City Replica Ball,SOC,509,0,509,,true
2025-10-01,2025-Q4,MSP,10,PSOC02,Loftline FG Cleat Elite,SOC,9449,8942,507,5.7,false
2026-01-01,2026-Q1,MSP,1,PSOC04,Ironpeak 2026 Host City Replica Ball,SOC,2302,0,2302,,true
2026-01-01,2026-Q1,MSP,2,PCYC01,Aerion Gravel Bike 105,CYC,5198,4058,1140,28.1,false
2026-01-01,2026-Q1,MSP,3,PPKB02,Aerion Outdoor Balls 6pk,PKB,4367,3612,755,20.9,false
2026-01-01,2026-Q1,MSP,4,PPKB01,Kestrel Pro Carbon Paddle 16mm,PKB,6073,5443,630,11.6,false
2026-01-01,2026-Q1,MSP,5,PRUN03,Kestrel Pro Carbon Race Flat,RUN,12762,12141,621,5.1,false
2026-01-01,2026-Q1,MSP,6,PGLF01,Vela Game-Improvement Irons,GLF,4358,3749,609,16.2,false
2026-01-01,2026-Q1,MSP,7,PPKB03,Kestrel Pro Court Shoe,PKB,2782,2330,452,19.4,false
2026-01-01,2026-Q1,MSP,8,PPKB04,Loftline Thermoformed Pro Paddle,PKB,3180,2785,395,14.2,false
2026-01-01,2026-Q1,MSP,9,PSNW01,Loftline All-Mountain Ski,SNW,5866,5472,394,7.2,false
2026-01-01,2026-Q1,MSP,10,PGLF03,Kestrel Pro Stand Bag,GLF,2175,1801,374,20.8,false
2026-04-01,2026-Q2,MSP,1,PSOC04,Ironpeak 2026 Host City Replica Ball,SOC,5507,0,5507,,true
2026-04-01,2026-Q2,MSP,2,PRUN01,Kestrel Pro Tempo Road Shoe,RUN,12252,10679,1573,14.7,false
2026-04-01,2026-Q2,MSP,3,PPKB04,Loftline Thermoformed Pro Paddle,PKB,3514,2929,585,20.0,false
2026-04-01,2026-Q2,MSP,4,PVOL02,Vela Knee Pads,VOL,3567,3001,566,18.9,false
2026-04-01,2026-Q2,MSP,5,PPKB01,Kestrel Pro Carbon Paddle 16mm,PKB,6152,5600,552,9.9,false
2026-04-01,2026-Q2,MSP,6,PVOL01,Ironpeak Indoor Game Ball,VOL,4126,3614,512,14.2,false
2026-04-01,2026-Q2,MSP,7,PPKB02,Aerion Outdoor Balls 6pk,PKB,4210,3716,494,13.3,false
2026-04-01,2026-Q2,MSP,8,PBSK02,Courtcraft Court Shoe Low,BSK,4469,3992,477,11.9,false
2026-04-01,2026-Q2,MSP,9,PBSK01,Loftline Indoor Game Ball,BSK,5739,5327,412,7.7,false
2026-04-01,2026-Q2,MSP,10,PPKB03,Kestrel Pro Court Shoe,PKB,2845,2570,275,10.7,false
2023-01-01,2023-Q1,SAN,1,PPKB02,Aerion Outdoor Balls 6pk,PKB,2770,2055,715,34.8,false
2023-01-01,2023-Q1,SAN,2,PPKB01,Kestrel Pro Carbon Paddle 16mm,PKB,3786,3076,710,23.1,false
2023-01-01,2023-Q1,SAN,3,PTEN03,Kestrel Pro All-Court Shoe,TEN,2160,1747,413,23.6,false
2023-01-01,2023-Q1,SAN,4,PPKB03,Kestrel Pro Court Shoe,PKB,1704,1300,404,31.1,false
2023-01-01,2023-Q1,SAN,5,PBSK03,Kestrel Pro Portable Hoop 54in,BSK,2744,2363,381,16.1,false
2023-01-01,2023-Q1,SAN,6,PBSB02,Ironpeak Fielding Glove 11.75,BSB,4785,4420,365,8.3,false
2023-01-01,2023-Q1,SAN,7,PVOL01,Ironpeak Indoor Game Ball,VOL,2197,1834,363,19.8,false
2023-01-01,2023-Q1,SAN,8,PBSK04,Vela Compression Sleeve,BSK,1495,1208,287,23.8,false
2023-01-01,2023-Q1,SAN,9,PCLM01,Courtcraft Bouldering Shoe,CLM,2527,2254,273,12.1,false
2023-01-01,2023-Q1,SAN,10,PVOL03,Kestrel Pro Beach Ball Pro,VOL,1026,878,148,16.9,false
2023-04-01,2023-Q2,SAN,1,PSOC02,Loftline FG Cleat Elite,SOC,8254,7055,1199,17.0,false
2023-04-01,2023-Q2,SAN,2,PPKB01,Kestrel Pro Carbon Paddle 16mm,PKB,4270,3226,1044,32.4,false
2023-04-01,2023-Q2,SAN,3,PSOC01,Stridewell Match Ball Pro,SOC,11174,10230,944,9.2,false
2023-04-01,2023-Q2,SAN,4,PGLF01,Vela Game-Improvement Irons,GLF,7332,6559,773,11.8,false
2023-04-01,2023-Q2,SAN,5,PPKB02,Aerion Outdoor Balls 6pk,PKB,3192,2426,766,31.6,false
2023-04-01,2023-Q2,SAN,6,PGLF02,Bramble Distance Ball 12pk,GLF,6127,5575,552,9.9,false
2023-04-01,2023-Q2,SAN,7,PVOL01,Ironpeak Indoor Game Ball,VOL,3240,2691,549,20.4,false
2023-04-01,2023-Q2,SAN,8,PBSK02,Courtcraft Court Shoe Low,BSK,3624,3235,389,12.0,false
2023-04-01,2023-Q2,SAN,9,PBSK03,Kestrel Pro Portable Hoop 54in,BSK,2624,2247,377,16.8,false
2023-04-01,2023-Q2,SAN,10,PVOL03,Kestrel Pro Beach Ball Pro,VOL,1668,1317,351,26.7,false
2023-07-01,2023-Q3,SAN,1,PRUN01,Kestrel Pro Tempo Road Shoe,RUN,13746,12013,1733,14.4,false
2023-07-01,2023-Q3,SAN,2,PVOL01,Ironpeak Indoor Game Ball,VOL,4435,3459,976,28.2,false
2023-07-01,2023-Q3,SAN,3,PPKB01,Kestrel Pro Carbon Paddle 16mm,PKB,3802,2833,969,34.2,false
2023-07-01,2023-Q3,SAN,4,PGLF04,Aerion Launch Monitor Mini,GLF,863,0,863,,true
2023-07-01,2023-Q3,SAN,5,PRUN02,Aerion Trail Runner GTX,RUN,9324,8522,802,9.4,false
2023-07-01,2023-Q3,SAN,6,PBSK02,Courtcraft Court Shoe Low,BSK,4681,4040,641,15.9,false
2023-07-01,2023-Q3,SAN,7,PBSK01,Loftline Indoor Game Ball,BSK,6652,6110,542,8.9,false
2023-07-01,2023-Q3,SAN,8,PCLM02,Ironpeak Chalk Bag,CLM,1861,1378,483,35.1,false
2023-07-01,2023-Q3,SAN,9,PPKB02,Aerion Outdoor Balls 6pk,PKB,2546,2099,447,21.3,false
2023-07-01,2023-Q3,SAN,10,PVOL02,Vela Knee Pads,VOL,3017,2575,442,17.2,false
2023-10-01,2023-Q4,SAN,1,PRUN01,Kestrel Pro Tempo Road Shoe,RUN,16315,13808,2507,18.2,false
2023-10-01,2023-Q4,SAN,2,PGLF04,Aerion Launch Monitor Mini,GLF,1554,0,1554,,true
2023-10-01,2023-Q4,SAN,3,PRUN02,Aerion Trail Runner GTX,RUN,11806,10465,1341,12.8,false
2023-10-01,2023-Q4,SAN,4,PBSB04,Bramble USSSA Composite Bat,BSB,909,0,909,,true
2023-10-01,2023-Q4,SAN,5,PSOC01,Stridewell Match Ball Pro,SOC,11383,10523,860,8.2,false
2023-10-01,2023-Q4,SAN,6,PVOL01,Ironpeak Indoor Game Ball,VOL,3995,3264,731,22.4,false
2023-10-01,2023-Q4,SAN,7,PRUN04,Loftline Hydration Vest,RUN,4225,3552,673,18.9,false
2023-10-01,2023-Q4,SAN,8,PPKB03,Kestrel Pro Court Shoe,PKB,2241,1725,516,29.9,false
2023-10-01,2023-Q4,SAN,9,PPKB01,Kestrel Pro Carbon Paddle 16mm,PKB,4492,4114,378,9.2,false
2023-10-01,2023-Q4,SAN,10,PSOC02,Loftline FG Cleat Elite,SOC,8509,8236,273,3.3,false
2024-01-01,2024-Q1,SAN,1,PGLF04,Aerion Launch Monitor Mini,GLF,2382,0,2382,,true
2024-01-01,2024-Q1,SAN,2,PRUN01,Kestrel Pro Tempo Road Shoe,RUN,15538,13351,2187,16.4,false
2024-01-01,2024-Q1,SAN,3,PBSB04,Bramble USSSA Composite Bat,BSB,2118,0,2118,,true
2024-01-01,2024-Q1,SAN,4,PSOC02,Loftline FG Cleat Elite,SOC,6682,5029,1653,32.9,false
2024-01-01,2024-Q1,SAN,5,PSOC01,Stridewell Match Ball Pro,SOC,8026,7106,920,12.9,false
2024-01-01,2024-Q1,SAN,6,PPKB01,Kestrel Pro Carbon Paddle 16mm,PKB,4665,3786,879,23.2,false
2024-01-01,2024-Q1,SAN,7,PPKB02,Aerion Outdoor Balls 6pk,PKB,3611,2770,841,30.4,false
2024-01-01,2024-Q1,SAN,8,PSOC03,Kestrel Pro Shin Guard Lite,SOC,3986,3356,630,18.8,false
2024-01-01,2024-Q1,SAN,9,PRUN04,Loftline Hydration Vest,RUN,3904,3370,534,15.8,false
2024-01-01,2024-Q1,SAN,10,PTEN01,Bramble Tour Racquet 98,TEN,4167,3784,383,10.1,false
2024-04-01,2024-Q2,SAN,1,PRUN03,Kestrel Pro Carbon Race Flat,RUN,3178,0,3178,,true
2024-04-01,2024-Q2,SAN,2,PGLF04,Aerion Launch Monitor Mini,GLF,2849,0,2849,,true
2024-04-01,2024-Q2,SAN,3,PBSB04,Bramble USSSA Composite Bat,BSB,2526,0,2526,,true
2024-04-01,2024-Q2,SAN,4,PPKB04,Loftline Thermoformed Pro Paddle,PKB,1240,0,1240,,true
2024-04-01,2024-Q2,SAN,5,PSOC02,Loftline FG Cleat Elite,SOC,9093,8254,839,10.2,false
2024-04-01,2024-Q2,SAN,6,PPKB03,Kestrel Pro Court Shoe,PKB,2633,1935,698,36.1,false
2024-04-01,2024-Q2,SAN,7,PPKB01,Kestrel Pro Carbon Paddle 16mm,PKB,4929,4270,659,15.4,false
2024-04-01,2024-Q2,SAN,8,PPKB02,Aerion Outdoor Balls 6pk,PKB,3776,3192,584,18.3,false
2024-04-01,2024-Q2,SAN,9,PBSK01,Loftline Indoor Game Ball,BSK,5322,4794,528,11.0,false
2024-04-01,2024-Q2,SAN,10,PVOL02,Vela Knee Pads,VOL,2922,2419,503,20.8,false
2024-07-01,2024-Q3,SAN,1,PRUN03,Kestrel Pro Carbon Race Flat,RUN,7641,0,7641,,true
2024-07-01,2024-Q3,SAN,2,PPKB04,Loftline Thermoformed Pro Paddle,PKB,1735,0,1735,,true
2024-07-01,2024-Q3,SAN,3,PSOC03,Kestrel Pro Shin Guard Lite,SOC,6564,4989,1575,31.6,false
2024-07-01,2024-Q3,SAN,4,PSOC01,Stridewell Match Ball Pro,SOC,12744,11235,1509,13.4,false
2024-07-01,2024-Q3,SAN,5,PGLF04,Aerion Launch Monitor Mini,GLF,2151,863,1288,149.2,false
2024-07-01,2024-Q3,SAN,6,PBSB04,Bramble USSSA Composite Bat,BSB,1251,0,1251,,true
2024-07-01,2024-Q3,SAN,7,PCLM04,Bramble Harness Lite,CLM,850,0,850,,true
2024-07-01,2024-Q3,SAN,8,PSOC02,Loftline FG Cleat Elite,SOC,9922,9235,687,7.4,false
2024-07-01,2024-Q3,SAN,9,PFTB04,Kestrel Pro Flag Football Set,FTB,346,0,346,,true
2024-07-01,2024-Q3,SAN,10,PCYC01,Aerion Gravel Bike 105,CYC,4286,4079,207,5.1,false
2024-10-01,2024-Q4,SAN,1,PRUN03,Kestrel Pro Carbon Race Flat,RUN,11004,0,11004,,true
2024-10-01,2024-Q4,SAN,2,PPKB04,Loftline Thermoformed Pro Paddle,PKB,2466,0,2466,,true
2024-10-01,2024-Q4,SAN,3,PSNW02,Courtcraft Snowboard Boot,SNW,7038,5161,1877,36.4,false
2024-10-01,2024-Q4,SAN,4,PSNW01,Loftline All-Mountain Ski,SNW,8367,6500,1867,28.7,false
2024-10-01,2024-Q4,SAN,5,PBSK01,Loftline Indoor Game Ball,BSK,9282,7431,1851,24.9,false
2024-10-01,2024-Q4,SAN,6,PSNW03,Kestrel Pro Insulated Shell,SNW,4793,3126,1667,53.3,false
2024-10-01,2024-Q4,SAN,7,PCLM04,Bramble Harness Lite,CLM,1376,0,1376,,true
2024-10-01,2024-Q4,SAN,8,PBSB04,Bramble USSSA Composite Bat,BSB,2196,909,1287,141.6,false
2024-10-01,2024-Q4,SAN,9,PBSK02,Courtcraft Court Shoe Low,BSK,7513,6292,1221,19.4,false
2024-10-01,2024-Q4,SAN,10,PBSK03,Kestrel Pro Portable Hoop 54in,BSK,5215,4059,1156,28.5,false
2025-01-01,2025-Q1,SAN,1,PRUN03,Kestrel Pro Carbon Race Flat,RUN,10548,0,10548,,true
2025-01-01,2025-Q1,SAN,2,PPKB04,Loftline Thermoformed Pro Paddle,PKB,2751,155,2596,1674.8,false
2025-01-01,2025-Q1,SAN,3,PCLM04,Bramble Harness Lite,CLM,1184,0,1184,,true
2025-01-01,2025-Q1,SAN,4,PVOL04,Kestrel Pro Court Shoe Mid,VOL,992,0,992,,true
2025-01-01,2025-Q1,SAN,5,PSNW02,Courtcraft Snowboard Boot,SNW,3561,2626,935,35.6,false
2025-01-01,2025-Q1,SAN,6,PBSB04,Bramble USSSA Composite Bat,BSB,3041,2118,923,43.6,false
2025-01-01,2025-Q1,SAN,7,PSNW01,Loftline All-Mountain Ski,SNW,4267,3485,782,22.4,false
2025-01-01,2025-Q1,SAN,8,PSNW03,Kestrel Pro Insulated Shell,SNW,2283,1574,709,45.0,false
2025-01-01,2025-Q1,SAN,9,PBSK01,Loftline Indoor Game Ball,BSK,5559,4906,653,13.3,false
2025-01-01,2025-Q1,SAN,10,PFTB04,Kestrel Pro Flag Football Set,FTB,549,0,549,,true
2025-04-01,2025-Q2,SAN,1,PRUN03,Kestrel Pro Carbon Race Flat,RUN,12207,3178,9029,284.1,false
2025-04-01,2025-Q2,SAN,2,PSOC01,Stridewell Match Ball Pro,SOC,12570,9496,3074,32.4,false
2025-04-01,2025-Q2,SAN,3,PVOL04,Kestrel Pro Court Shoe Mid,VOL,1855,0,1855,,true
2025-04-01,2025-Q2,SAN,4,PPKB04,Loftline Thermoformed Pro Paddle,PKB,2583,1240,1343,108.3,false
2025-04-01,2025-Q2,SAN,5,PFTB04,Kestrel Pro Flag Football Set,FTB,1010,0,1010,,true
2025-04-01,2025-Q2,SAN,6,PSOC03,Kestrel Pro Shin Guard Lite,SOC,5959,5214,745,14.3,false
2025-04-01,2025-Q2,SAN,7,PCLM04,Bramble Harness Lite,CLM,1037,439,598,136.2,false
2025-04-01,2025-Q2,SAN,8,PBSB02,Ironpeak Fielding Glove 11.75,BSB,3385,2804,581,20.7,false
2025-04-01,2025-Q2,SAN,9,PLAX04,Courtcraft Mesh Head Pro,LAX,376,0,376,,true
2025-04-01,2025-Q2,SAN,10,PBSK03,Kestrel Pro Portable Hoop 54in,BSK,2713,2432,281,11.6,false
2025-07-01,2025-Q3,SAN,1,PRUN03,Kestrel Pro Carbon Race Flat,RUN,10099,7641,2458,32.2,false
2025-07-01,2025-Q3,SAN,2,PVOL04,Kestrel Pro Court Shoe Mid,VOL,2116,140,1976,1411.4,false
2025-07-01,2025-Q3,SAN,3,PFTB04,Kestrel Pro Flag Football Set,FTB,1708,346,1362,393.6,false
2025-07-01,2025-Q3,SAN,4,PSOC01,Stridewell Match Ball Pro,SOC,14105,12744,1361,10.7,false
2025-07-01,2025-Q3,SAN,5,PPKB02,Aerion Outdoor Balls 6pk,PKB,3294,2444,850,34.8,false
2025-07-01,2025-Q3,SAN,6,PSOC02,Loftline FG Cleat Elite,SOC,10760,9922,838,8.4,false
2025-07-01,2025-Q3,SAN,7,PPKB04,Loftline Thermoformed Pro Paddle,PKB,2546,1735,811,46.7,false
2025-07-01,2025-Q3,SAN,8,PSNW01,Loftline All-Mountain Ski,SNW,3503,2925,578,19.8,false
2025-07-01,2025-Q3,SAN,9,PPKB03,Kestrel Pro Court Shoe,PKB,2171,1669,502,30.1,false
2025-07-01,2025-Q3,SAN,10,PSNW03,Kestrel Pro Insulated Shell,SNW,1846,1491,355,23.8,false
2025-10-01,2025-Q4,SAN,1,PSOC01,Stridewell Match Ball Pro,SOC,14018,12014,2004,16.7,false
2025-10-01,2025-Q4,SAN,2,PPKB01,Kestrel Pro Carbon Paddle 16mm,PKB,5575,4170,1405,33.7,false
2025-10-01,2025-Q4,SAN,3,PBSK01,Loftline Indoor Game Ball,BSK,10213,9282,931,10.0,false
2025-10-01,2025-Q4,SAN,4,PVOL04,Kestrel Pro Court Shoe Mid,VOL,1699,972,727,74.8,false
2025-10-01,2025-Q4,SAN,5,PSOC02,Loftline FG Cleat Elite,SOC,9647,9057,590,6.5,false
2025-10-01,2025-Q4,SAN,6,PSOC03,Kestrel Pro Shin Guard Lite,SOC,6272,5689,583,10.2,false
2025-10-01,2025-Q4,SAN,7,PPKB04,Loftline Thermoformed Pro Paddle,PKB,3027,2466,561,22.7,false
2025-10-01,2025-Q4,SAN,8,PTEN02,Kestrel Pro Pressurized Balls 3pk,TEN,3141,2644,497,18.8,false
2025-10-01,2025-Q4,SAN,9,PSOC04,Ironpeak 2026 Host City Replica Ball,SOC,485,0,485,,true
2025-10-01,2025-Q4,SAN,10,PPKB02,Aerion Outdoor Balls 6pk,PKB,3868,3414,454,13.3,false
2026-01-01,2026-Q1,SAN,1,PSOC04,Ironpeak 2026 Host City Replica Ball,SOC,2244,0,2244,,true
2026-01-01,2026-Q1,SAN,2,PPKB01,Kestrel Pro Carbon Paddle 16mm,PKB,5149,4032,1117,27.7,false
2026-01-01,2026-Q1,SAN,3,PSOC01,Stridewell Match Ball Pro,SOC,7583,6724,859,12.8,false
2026-01-01,2026-Q1,SAN,4,PSNW02,Courtcraft Snowboard Boot,SNW,4274,3561,713,20.0,false
2026-01-01,2026-Q1,SAN,5,PGLF01,Vela Game-Improvement Irons,GLF,4066,3385,681,20.1,false
2026-01-01,2026-Q1,SAN,6,PRUN01,Kestrel Pro Tempo Road Shoe,RUN,10858,10230,628,6.1,false
2026-01-01,2026-Q1,SAN,7,PPKB03,Kestrel Pro Court Shoe,PKB,2778,2301,477,20.7,false
2026-01-01,2026-Q1,SAN,8,PPKB02,Aerion Outdoor Balls 6pk,PKB,3873,3464,409,11.8,false
2026-01-01,2026-Q1,SAN,9,PBSK02,Courtcraft Court Shoe Low,BSK,4162,3824,338,8.8,false
2026-01-01,2026-Q1,SAN,10,PSNW03,Kestrel Pro Insulated Shell,SNW,2592,2283,309,13.5,false
2026-04-01,2026-Q2,SAN,1,PSOC04,Ironpeak 2026 Host City Replica Ball,SOC,4721,0,4721,,true
2026-04-01,2026-Q2,SAN,2,PRUN02,Aerion Trail Runner GTX,RUN,9063,7650,1413,18.5,false
2026-04-01,2026-Q2,SAN,3,PPKB01,Kestrel Pro Carbon Paddle 16mm,PKB,5759,4509,1250,27.7,false
2026-04-01,2026-Q2,SAN,4,PRUN01,Kestrel Pro Tempo Road Shoe,RUN,12458,11223,1235,11.0,false
2026-04-01,2026-Q2,SAN,5,PPKB02,Aerion Outdoor Balls 6pk,PKB,4281,3545,736,20.8,false
2026-04-01,2026-Q2,SAN,6,PVOL02,Vela Knee Pads,VOL,2776,2173,603,27.7,false
2026-04-01,2026-Q2,SAN,7,PPKB04,Loftline Thermoformed Pro Paddle,PKB,3128,2583,545,21.1,false
2026-04-01,2026-Q2,SAN,8,PPKB03,Kestrel Pro Court Shoe,PKB,2632,2162,470,21.7,false
2026-04-01,2026-Q2,SAN,9,PBSK02,Courtcraft Court Shoe Low,BSK,3908,3443,465,13.5,false
2026-04-01,2026-Q2,SAN,10,PVOL03,Kestrel Pro Beach Ball Pro,VOL,1953,1529,424,27.7,false
2023-01-01,2023-Q1,TPA,1,PPKB01,Kestrel Pro Carbon Paddle 16mm,PKB,5839,4546,1293,28.4,false
2023-01-01,2023-Q1,TPA,2,PSOC01,Stridewell Match Ball Pro,SOC,7382,6332,1050,16.6,false
2023-01-01,2023-Q1,TPA,3,PPKB02,Aerion Outdoor Balls 6pk,PKB,4302,3369,933,27.7,false
2023-01-01,2023-Q1,TPA,4,PPKB03,Kestrel Pro Court Shoe,PKB,2848,2172,676,31.1,false
2023-01-01,2023-Q1,TPA,5,PSOC02,Loftline FG Cleat Elite,SOC,5116,4529,587,13.0,false
2023-01-01,2023-Q1,TPA,6,PBSK03,Kestrel Pro Portable Hoop 54in,BSK,2984,2520,464,18.4,false
2023-01-01,2023-Q1,TPA,7,PLAX01,Aerion Attack Complete Stick,LAX,1621,1337,284,21.2,false
2023-01-01,2023-Q1,TPA,8,PVOL01,Ironpeak Indoor Game Ball,VOL,2131,1848,283,15.3,false
2023-01-01,2023-Q1,TPA,9,PBSB02,Ironpeak Fielding Glove 11.75,BSB,5482,5228,254,4.9,false
2023-01-01,2023-Q1,TPA,10,PBSB01,Courtcraft BBCOR Alloy Bat,BSB,7704,7488,216,2.9,false
2023-04-01,2023-Q2,TPA,1,PPKB02,Aerion Outdoor Balls 6pk,PKB,5159,3759,1400,37.2,false
2023-04-01,2023-Q2,TPA,2,PPKB01,Kestrel Pro Carbon Paddle 16mm,PKB,6261,5423,838,15.5,false
2023-04-01,2023-Q2,TPA,3,PPKB03,Kestrel Pro Court Shoe,PKB,3270,2770,500,18.1,false
2023-04-01,2023-Q2,TPA,4,PSOC01,Stridewell Match Ball Pro,SOC,9965,9690,275,2.8,false
2023-04-01,2023-Q2,TPA,5,PBSK03,Kestrel Pro Portable Hoop 54in,BSK,2346,2074,272,13.1,false
2023-04-01,2023-Q2,TPA,6,PBSK04,Vela Compression Sleeve,BSK,1322,1058,264,25.0,false
2023-04-01,2023-Q2,TPA,7,PTEN02,Kestrel Pro Pressurized Balls 3pk,TEN,3460,3222,238,7.4,false
2023-04-01,2023-Q2,TPA,8,PSOC02,Loftline FG Cleat Elite,SOC,7798,7613,185,2.4,false
2023-04-01,2023-Q2,TPA,9,PTEN04,Stridewell String Reel,TEN,1167,1012,155,15.3,false
2023-04-01,2023-Q2,TPA,10,PLAX01,Aerion Attack Complete Stick,LAX,1150,1003,147,14.7,false
2023-07-01,2023-Q3,TPA,1,PRUN01,Kestrel Pro Tempo Road Shoe,RUN,15299,13762,1537,11.2,false
2023-07-01,2023-Q3,TPA,2,PGLF04,Aerion Launch Monitor Mini,GLF,1142,0,1142,,true
2023-07-01,2023-Q3,TPA,3,PSOC02,Loftline FG Cleat Elite,SOC,10217,9126,1091,12.0,false
2023-07-01,2023-Q3,TPA,4,PPKB02,Aerion Outdoor Balls 6pk,PKB,4435,3383,1052,31.1,false
2023-07-01,2023-Q3,TPA,5,PSOC01,Stridewell Match Ball Pro,SOC,13368,12336,1032,8.4,false
2023-07-01,2023-Q3,TPA,6,PPKB01,Kestrel Pro Carbon Paddle 16mm,PKB,5455,4453,1002,22.5,false
2023-07-01,2023-Q3,TPA,7,PPKB03,Kestrel Pro Court Shoe,PKB,3022,2095,927,44.2,false
2023-07-01,2023-Q3,TPA,8,PTEN01,Bramble Tour Racquet 98,TEN,4157,3556,601,16.9,false
2023-07-01,2023-Q3,TPA,9,PRUN02,Aerion Trail Runner GTX,RUN,10690,10136,554,5.5,false
2023-07-01,2023-Q3,TPA,10,PVOL01,Ironpeak Indoor Game Ball,VOL,3947,3428,519,15.1,false
2023-10-01,2023-Q4,TPA,1,PGLF04,Aerion Launch Monitor Mini,GLF,1673,0,1673,,true
2023-10-01,2023-Q4,TPA,2,PPKB01,Kestrel Pro Carbon Paddle 16mm,PKB,6823,5443,1380,25.4,false
2023-10-01,2023-Q4,TPA,3,PBSB04,Bramble USSSA Composite Bat,BSB,1275,0,1275,,true
2023-10-01,2023-Q4,TPA,4,PSOC01,Stridewell Match Ball Pro,SOC,12030,11047,983,8.9,false
2023-10-01,2023-Q4,TPA,5,PPKB03,Kestrel Pro Court Shoe,PKB,3773,2982,791,26.5,false
2023-10-01,2023-Q4,TPA,6,PBSK02,Courtcraft Court Shoe Low,BSK,6831,6072,759,12.5,false
2023-10-01,2023-Q4,TPA,7,PRUN04,Loftline Hydration Vest,RUN,4460,3788,672,17.7,false
2023-10-01,2023-Q4,TPA,8,PRUN01,Kestrel Pro Tempo Road Shoe,RUN,16326,15731,595,3.8,false
2023-10-01,2023-Q4,TPA,9,PVOL01,Ironpeak Indoor Game Ball,VOL,3622,3133,489,15.6,false
2023-10-01,2023-Q4,TPA,10,PBSK04,Vela Compression Sleeve,BSK,2278,1826,452,24.8,false
2024-01-01,2024-Q1,TPA,1,PGLF04,Aerion Launch Monitor Mini,GLF,2958,0,2958,,true
2024-01-01,2024-Q1,TPA,2,PBSB04,Bramble USSSA Composite Bat,BSB,2711,0,2711,,true
2024-01-01,2024-Q1,TPA,3,PPKB02,Aerion Outdoor Balls 6pk,PKB,6090,4302,1788,41.6,false
2024-01-01,2024-Q1,TPA,4,PRUN01,Kestrel Pro Tempo Road Shoe,RUN,16435,14901,1534,10.3,false
2024-01-01,2024-Q1,TPA,5,PSOC01,Stridewell Match Ball Pro,SOC,8709,7382,1327,18.0,false
2024-01-01,2024-Q1,TPA,6,PPKB01,Kestrel Pro Carbon Paddle 16mm,PKB,6998,5839,1159,19.8,false
2024-01-01,2024-Q1,TPA,7,PSOC02,Loftline FG Cleat Elite,SOC,6090,5116,974,19.0,false
2024-01-01,2024-Q1,TPA,8,PRUN02,Aerion Trail Runner GTX,RUN,11214,10313,901,8.7,false
2024-01-01,2024-Q1,TPA,9,PBSK01,Loftline Indoor Game Ball,BSK,5840,5124,716,14.0,false
2024-01-01,2024-Q1,TPA,10,PSOC03,Kestrel Pro Shin Guard Lite,SOC,4131,3645,486,13.3,false
2024-04-01,2024-Q2,TPA,1,PGLF04,Aerion Launch Monitor Mini,GLF,3898,0,3898,,true
2024-04-01,2024-Q2,TPA,2,PRUN03,Kestrel Pro Carbon Race Flat,RUN,3415,0,3415,,true
2024-04-01,2024-Q2,TPA,3,PBSB04,Bramble USSSA Composite Bat,BSB,2980,0,2980,,true
2024-04-01,2024-Q2,TPA,4,PPKB04,Loftline Thermoformed Pro Paddle,PKB,1782,0,1782,,true
2024-04-01,2024-Q2,TPA,5,PSOC02,Loftline FG Cleat Elite,SOC,9244,7798,1446,18.5,false
2024-04-01,2024-Q2,TPA,6,PSOC03,Kestrel Pro Shin Guard Lite,SOC,6055,4699,1356,28.9,false
2024-04-01,2024-Q2,TPA,7,PSOC01,Stridewell Match Ball Pro,SOC,10853,9965,888,8.9,false
2024-04-01,2024-Q2,TPA,8,PPKB01,Kestrel Pro Carbon Paddle 16mm,PKB,7106,6261,845,13.5,false
2024-04-01,2024-Q2,TPA,9,PBSK01,Loftline Indoor Game Ball,BSK,5144,4427,717,16.2,false
2024-04-01,2024-Q2,TPA,10,PPKB03,Kestrel Pro Court Shoe,PKB,3762,3270,492,15.0,false
2024-07-01,2024-Q3,TPA,1,PRUN03,Kestrel Pro Carbon Race Flat,RUN,5677,0,5677,,true
2024-07-01,2024-Q3,TPA,2,PPKB04,Loftline Thermoformed Pro Paddle,PKB,2936,0,2936,,true
2024-07-01,2024-Q3,TPA,3,PBSB04,Bramble USSSA Composite Bat,BSB,1827,0,1827,,true
2024-07-01,2024-Q3,TPA,4,PGLF04,Aerion Launch Monitor Mini,GLF,2585,1142,1443,126.4,false
2024-07-01,2024-Q3,TPA,5,PSOC03,Kestrel Pro Shin Guard Lite,SOC,7062,6030,1032,17.1,false
2024-07-01,2024-Q3,TPA,6,PBSK01,Loftline Indoor Game Ball,BSK,6578,5761,817,14.2,false
2024-07-01,2024-Q3,TPA,7,PFTB04,Kestrel Pro Flag Football Set,FTB,562,0,562,,true
2024-07-01,2024-Q3,TPA,8,PCLM04,Bramble Harness Lite,CLM,562,0,562,,true
2024-07-01,2024-Q3,TPA,9,PVOL01,Ironpeak Indoor Game Ball,VOL,4392,3947,445,11.3,false
2024-07-01,2024-Q3,TPA,10,PVOL02,Vela Knee Pads,VOL,3103,2769,334,12.1,false
2024-10-01,2024-Q4,TPA,1,PRUN03,Kestrel Pro Carbon Race Flat,RUN,11959,0,11959,,true
2024-10-01,2024-Q4,TPA,2,PPKB04,Loftline Thermoformed Pro Paddle,PKB,3915,0,3915,,true
2024-10-01,2024-Q4,TPA,3,PBSB04,Bramble USSSA Composite Bat,BSB,2945,1275,1670,131.0,false
2024-10-01,2024-Q4,TPA,4,PSOC01,Stridewell Match Ball Pro,SOC,13160,12030,1130,9.4,false
2024-10-01,2024-Q4,TPA,5,PSOC02,Loftline FG Cleat Elite,SOC,9361,8322,1039,12.5,false
2024-10-01,2024-Q4,TPA,6,PBSK01,Loftline Indoor Game Ball,BSK,8978,7959,1019,12.8,false
2024-10-01,2024-Q4,TPA,7,PPKB01,Kestrel Pro Carbon Paddle 16mm,PKB,7827,6823,1004,14.7,false
2024-10-01,2024-Q4,TPA,8,PFTB04,Kestrel Pro Flag Football Set,FTB,979,0,979,,true
2024-10-01,2024-Q4,TPA,9,PCLM04,Bramble Harness Lite,CLM,947,0,947,,true
2024-10-01,2024-Q4,TPA,10,PGLF04,Aerion Launch Monitor Mini,GLF,2556,1673,883,52.8,false
2025-01-01,2025-Q1,TPA,1,PRUN03,Kestrel Pro Carbon Race Flat,RUN,11938,0,11938,,true
2025-01-01,2025-Q1,TPA,2,PPKB04,Loftline Thermoformed Pro Paddle,PKB,3609,247,3362,1361.1,false
2025-01-01,2025-Q1,TPA,3,PVOL04,Kestrel Pro Court Shoe Mid,VOL,919,0,919,,true
2025-01-01,2025-Q1,TPA,4,PBSB04,Bramble USSSA Composite Bat,BSB,3576,2711,865,31.9,false
2025-01-01,2025-Q1,TPA,5,PGLF02,Bramble Distance Ball 12pk,GLF,4779,4040,739,18.3,false
2025-01-01,2025-Q1,TPA,6,PFTB04,Kestrel Pro Flag Football Set,FTB,731,0,731,,true
2025-01-01,2025-Q1,TPA,7,PCLM04,Bramble Harness Lite,CLM,696,0,696,,true
2025-01-01,2025-Q1,TPA,8,PLAX04,Courtcraft Mesh Head Pro,LAX,671,0,671,,true
2025-01-01,2025-Q1,TPA,9,PBSK02,Courtcraft Court Shoe Low,BSK,4875,4281,594,13.9,false
2025-01-01,2025-Q1,TPA,10,PCYC01,Aerion Gravel Bike 105,CYC,5041,4515,526,11.7,false
2025-04-01,2025-Q2,TPA,1,PRUN03,Kestrel Pro Carbon Race Flat,RUN,12352,3415,8937,261.7,false
2025-04-01,2025-Q2,TPA,2,PPKB04,Loftline Thermoformed Pro Paddle,PKB,4220,1782,2438,136.8,false
2025-04-01,2025-Q2,TPA,3,PFTB04,Kestrel Pro Flag Football Set,FTB,1711,0,1711,,true
2025-04-01,2025-Q2,TPA,4,PVOL04,Kestrel Pro Court Shoe Mid,VOL,1708,0,1708,,true
2025-04-01,2025-Q2,TPA,5,PGLF02,Bramble Distance Ball 12pk,GLF,6298,5039,1259,25.0,false
2025-04-01,2025-Q2,TPA,6,PPKB02,Aerion Outdoor Balls 6pk,PKB,6252,5412,840,15.5,false
2025-04-01,2025-Q2,TPA,7,PSOC02,Loftline FG Cleat Elite,SOC,9956,9244,712,7.7,false
2025-04-01,2025-Q2,TPA,8,PLAX04,Courtcraft Mesh Head Pro,LAX,581,0,581,,true
2025-04-01,2025-Q2,TPA,9,PGLF01,Vela Game-Improvement Irons,GLF,7171,6618,553,8.4,false
2025-04-01,2025-Q2,TPA,10,PBSB03,Kestrel Pro Batting Helmet,BSB,3193,2804,389,13.9,false
2025-07-01,2025-Q3,TPA,1,PRUN03,Kestrel Pro Carbon Race Flat,RUN,11583,5677,5906,104.0,false
2025-07-01,2025-Q3,TPA,2,PVOL04,Kestrel Pro Court Shoe Mid,VOL,1858,143,1715,1199.3,false
2025-07-01,2025-Q3,TPA,3,PFTB04,Kestrel Pro Flag Football Set,FTB,2274,562,1712,304.6,false
2025-07-01,2025-Q3,TPA,4,PSOC02,Loftline FG Cleat Elite,SOC,10809,9461,1348,14.2,false
2025-07-01,2025-Q3,TPA,5,PPKB01,Kestrel Pro Carbon Paddle 16mm,PKB,6643,5561,1082,19.5,false
2025-07-01,2025-Q3,TPA,6,PSOC01,Stridewell Match Ball Pro,SOC,13979,12935,1044,8.1,false
2025-07-01,2025-Q3,TPA,7,PRUN02,Aerion Trail Runner GTX,RUN,7562,6818,744,10.9,false
2025-07-01,2025-Q3,TPA,8,PPKB04,Loftline Thermoformed Pro Paddle,PKB,3549,2936,613,20.9,false
2025-07-01,2025-Q3,TPA,9,PTEN01,Bramble Tour Racquet 98,TEN,3702,3141,561,17.9,false
2025-07-01,2025-Q3,TPA,10,PBSB02,Ironpeak Fielding Glove 11.75,BSB,2676,2168,508,23.4,false
2025-10-01,2025-Q4,TPA,1,PBSK01,Loftline Indoor Game Ball,BSK,10164,8978,1186,13.2,false
2025-10-01,2025-Q4,TPA,2,PVOL04,Kestrel Pro Court Shoe Mid,VOL,1995,845,1150,136.1,false
2025-10-01,2025-Q4,TPA,3,PRUN03,Kestrel Pro Carbon Race Flat,RUN,12894,11959,935,7.8,false
2025-10-01,2025-Q4,TPA,4,PVOL01,Ironpeak Indoor Game Ball,VOL,3711,2923,788,27.0,false
2025-10-01,2025-Q4,TPA,5,PBSB02,Ironpeak Fielding Glove 11.75,BSB,4636,3894,742,19.1,false
2025-10-01,2025-Q4,TPA,6,PRUN04,Loftline Hydration Vest,RUN,3163,2528,635,25.1,false
2025-10-01,2025-Q4,TPA,7,PPKB02,Aerion Outdoor Balls 6pk,PKB,5489,4866,623,12.8,false
2025-10-01,2025-Q4,TPA,8,PFTB04,Kestrel Pro Flag Football Set,FTB,1572,979,593,60.6,false
2025-10-01,2025-Q4,TPA,9,PBSB01,Courtcraft BBCOR Alloy Bat,BSB,6199,5611,588,10.5,false
2025-10-01,2025-Q4,TPA,10,PLAX04,Courtcraft Mesh Head Pro,LAX,931,392,539,137.5,false
2026-01-01,2026-Q1,TPA,1,PSOC04,Ironpeak 2026 Host City Replica Ball,SOC,2099,0,2099,,true
2026-01-01,2026-Q1,TPA,2,PCYC02,Stridewell Road Helmet MIPS,CYC,3962,3305,657,19.9,false
2026-01-01,2026-Q1,TPA,3,PPKB04,Loftline Thermoformed Pro Paddle,PKB,4182,3609,573,15.9,false
2026-01-01,2026-Q1,TPA,4,PPKB02,Aerion Outdoor Balls 6pk,PKB,5492,4939,553,11.2,false
2026-01-01,2026-Q1,TPA,5,PSOC03,Kestrel Pro Shin Guard Lite,SOC,4580,4146,434,10.5,false
2026-01-01,2026-Q1,TPA,6,PSOC02,Loftline FG Cleat Elite,SOC,6409,5998,411,6.9,false
2026-01-01,2026-Q1,TPA,7,PPKB01,Kestrel Pro Carbon Paddle 16mm,PKB,6874,6494,380,5.9,false
2026-01-01,2026-Q1,TPA,8,PLAX04,Courtcraft Mesh Head Pro,LAX,1024,671,353,52.6,false
2026-01-01,2026-Q1,TPA,9,PPKB03,Kestrel Pro Court Shoe,PKB,3805,3460,345,10.0,false
2026-01-01,2026-Q1,TPA,10,PRUN02,Aerion Trail Runner GTX,RUN,7965,7650,315,4.1,false
2026-04-01,2026-Q2,TPA,1,PSOC04,Ironpeak 2026 Host City Replica Ball,SOC,5508,0,5508,,true
2026-04-01,2026-Q2,TPA,2,PCYC01,Aerion Gravel Bike 105,CYC,6750,5055,1695,33.5,false
2026-04-01,2026-Q2,TPA,3,PCYC02,Stridewell Road Helmet MIPS,CYC,5031,3983,1048,26.3,false
2026-04-01,2026-Q2,TPA,4,PPKB01,Kestrel Pro Carbon Paddle 16mm,PKB,8318,7273,1045,14.4,false
2026-04-01,2026-Q2,TPA,5,PRUN02,Aerion Trail Runner GTX,RUN,8888,7949,939,11.8,false
2026-04-01,2026-Q2,TPA,6,PPKB03,Kestrel Pro Court Shoe,PKB,4561,3681,880,23.9,false
2026-04-01,2026-Q2,TPA,7,PBSK01,Loftline Indoor Game Ball,BSK,5472,4640,832,17.9,false
2026-04-01,2026-Q2,TPA,8,PRUN03,Kestrel Pro Carbon Race Flat,RUN,13052,12352,700,5.7,false
2026-04-01,2026-Q2,TPA,9,PRUN01,Kestrel Pro Tempo Road Shoe,RUN,11602,11002,600,5.5,false
2026-04-01,2026-Q2,TPA,10,PBSK02,Courtcraft Court Shoe Low,BSK,4131,3531,600,17.0,false
2023-01-01,2023-Q1,DEN,1,PPKB02,Aerion Outdoor Balls 6pk,PKB,3034,1952,1082,55.4,false
2023-01-01,2023-Q1,DEN,2,PBSB01,Courtcraft BBCOR Alloy Bat,BSB,5915,4998,917,18.3,false
2023-01-01,2023-Q1,DEN,3,PSNW01,Loftline All-Mountain Ski,SNW,10933,10046,887,8.8,false
2023-01-01,2023-Q1,DEN,4,PGLF01,Vela Game-Improvement Irons,GLF,5986,5165,821,15.9,false
2023-01-01,2023-Q1,DEN,5,PRUN02,Aerion Trail Runner GTX,RUN,10234,9454,780,8.3,false
2023-01-01,2023-Q1,DEN,6,PBSB03,Kestrel Pro Batting Helmet,BSB,3340,2657,683,25.7,false
2023-01-01,2023-Q1,DEN,7,PSOC01,Stridewell Match Ball Pro,SOC,6768,6123,645,10.5,false
2023-01-01,2023-Q1,DEN,8,PTEN02,Kestrel Pro Pressurized Balls 3pk,TEN,2837,2338,499,21.3,false
2023-01-01,2023-Q1,DEN,9,PBSK02,Courtcraft Court Shoe Low,BSK,3677,3197,480,15.0,false
2023-01-01,2023-Q1,DEN,10,PPKB01,Kestrel Pro Carbon Paddle 16mm,PKB,3555,3114,441,14.2,false
2023-04-01,2023-Q2,DEN,1,PRUN02,Aerion Trail Runner GTX,RUN,12898,10347,2551,24.7,false
2023-04-01,2023-Q2,DEN,2,PSOC01,Stridewell Match Ball Pro,SOC,9788,8264,1524,18.4,false
2023-04-01,2023-Q2,DEN,3,PRUN01,Kestrel Pro Tempo Road Shoe,RUN,15972,14839,1133,7.6,false
2023-04-01,2023-Q2,DEN,4,PPKB01,Kestrel Pro Carbon Paddle 16mm,PKB,4119,3191,928,29.1,false
2023-04-01,2023-Q2,DEN,5,PPKB02,Aerion Outdoor Balls 6pk,PKB,3272,2382,890,37.4,false
2023-04-01,2023-Q2,DEN,6,PCYC03,Kestrel Pro Smart Trainer,CYC,3050,2415,635,26.3,false
2023-04-01,2023-Q2,DEN,7,PPKB03,Kestrel Pro Court Shoe,PKB,2220,1646,574,34.9,false
2023-04-01,2023-Q2,DEN,8,PTEN03,Kestrel Pro All-Court Shoe,TEN,2581,2143,438,20.4,false
2023-04-01,2023-Q2,DEN,9,PCLM02,Ironpeak Chalk Bag,CLM,2781,2351,430,18.3,false
2023-04-01,2023-Q2,DEN,10,PBSK01,Loftline Indoor Game Ball,BSK,4585,4170,415,10.0,false
2023-07-01,2023-Q3,DEN,1,PRUN01,Kestrel Pro Tempo Road Shoe,RUN,13414,11207,2207,19.7,false
2023-07-01,2023-Q3,DEN,2,PPKB01,Kestrel Pro Carbon Paddle 16mm,PKB,3722,2878,844,29.3,false
2023-07-01,2023-Q3,DEN,3,PSOC02,Loftline FG Cleat Elite,SOC,8998,8179,819,10.0,false
2023-07-01,2023-Q3,DEN,4,PGLF04,Aerion Launch Monitor Mini,GLF,780,0,780,,true
2023-07-01,2023-Q3,DEN,5,PBSK03,Kestrel Pro Portable Hoop 54in,BSK,3368,2637,731,27.7,false
2023-07-01,2023-Q3,DEN,6,PSNW02,Courtcraft Snowboard Boot,SNW,5491,4764,727,15.3,false
2023-07-01,2023-Q3,DEN,7,PRUN02,Aerion Trail Runner GTX,RUN,8887,8170,717,8.8,false
2023-07-01,2023-Q3,DEN,8,PPKB02,Aerion Outdoor Balls 6pk,PKB,2905,2217,688,31.0,false
2023-07-01,2023-Q3,DEN,9,PBSK01,Loftline Indoor Game Ball,BSK,5897,5327,570,10.7,false
2023-07-01,2023-Q3,DEN,10,PCYC02,Stridewell Road Helmet MIPS,CYC,3154,2645,509,19.2,false
2023-10-01,2023-Q4,DEN,1,PGLF04,Aerion Launch Monitor Mini,GLF,1336,0,1336,,true
2023-10-01,2023-Q4,DEN,2,PPKB01,Kestrel Pro Carbon Paddle 16mm,PKB,4462,3280,1182,36.0,false
2023-10-01,2023-Q4,DEN,3,PSOC01,Stridewell Match Ball Pro,SOC,11402,10262,1140,11.1,false
2023-10-01,2023-Q4,DEN,4,PRUN01,Kestrel Pro Tempo Road Shoe,RUN,16599,15531,1068,6.9,false
2023-10-01,2023-Q4,DEN,5,PPKB02,Aerion Outdoor Balls 6pk,PKB,3262,2276,986,43.3,false
2023-10-01,2023-Q4,DEN,6,PBSB04,Bramble USSSA Composite Bat,BSB,761,0,761,,true
2023-10-01,2023-Q4,DEN,7,PRUN02,Aerion Trail Runner GTX,RUN,10971,10220,751,7.3,false
2023-10-01,2023-Q4,DEN,8,PSOC03,Kestrel Pro Shin Guard Lite,SOC,5462,4980,482,9.7,false
2023-10-01,2023-Q4,DEN,9,PPKB03,Kestrel Pro Court Shoe,PKB,2323,1851,472,25.5,false
2023-10-01,2023-Q4,DEN,10,PCLM02,Ironpeak Chalk Bag,CLM,3718,3288,430,13.1,false
2024-01-01,2024-Q1,DEN,1,PGLF04,Aerion Launch Monitor Mini,GLF,2392,0,2392,,true
2024-01-01,2024-Q1,DEN,2,PBSB04,Bramble USSSA Composite Bat,BSB,2044,0,2044,,true
2024-01-01,2024-Q1,DEN,3,PBSK01,Loftline Indoor Game Ball,BSK,5846,4323,1523,35.2,false
2024-01-01,2024-Q1,DEN,4,PCLM01,Courtcraft Bouldering Shoe,CLM,4181,3199,982,30.7,false
2024-01-01,2024-Q1,DEN,5,PPKB01,Kestrel Pro Carbon Paddle 16mm,PKB,4472,3555,917,25.8,false
2024-01-01,2024-Q1,DEN,6,PPKB03,Kestrel Pro Court Shoe,PKB,2465,1731,734,42.4,false
2024-01-01,2024-Q1,DEN,7,PBSK02,Courtcraft Court Shoe Low,BSK,4381,3677,704,19.1,false
2024-01-01,2024-Q1,DEN,8,PPKB02,Aerion Outdoor Balls 6pk,PKB,3576,3034,542,17.9,false
2024-01-01,2024-Q1,DEN,9,PSOC02,Loftline FG Cleat Elite,SOC,4994,4522,472,10.4,false
2024-01-01,2024-Q1,DEN,10,PBSK03,Kestrel Pro Portable Hoop 54in,BSK,2739,2275,464,20.4,false
2024-04-01,2024-Q2,DEN,1,PRUN03,Kestrel Pro Carbon Race Flat,RUN,2826,0,2826,,true
2024-04-01,2024-Q2,DEN,2,PGLF04,Aerion Launch Monitor Mini,GLF,2478,0,2478,,true
2024-04-01,2024-Q2,DEN,3,PBSB04,Bramble USSSA Composite Bat,BSB,2264,0,2264,,true
2024-04-01,2024-Q2,DEN,4,PPKB04,Loftline Thermoformed Pro Paddle,PKB,1357,0,1357,,true
2024-04-01,2024-Q2,DEN,5,PCLM04,Bramble Harness Lite,CLM,616,0,616,,true
2024-04-01,2024-Q2,DEN,6,PPKB02,Aerion Outdoor Balls 6pk,PKB,3810,3272,538,16.4,false
2024-04-01,2024-Q2,DEN,7,PVOL01,Ironpeak Indoor Game Ball,VOL,3386,2898,488,16.8,false
2024-04-01,2024-Q2,DEN,8,PBSK02,Courtcraft Court Shoe Low,BSK,3810,3367,443,13.2,false
2024-04-01,2024-Q2,DEN,9,PLAX01,Aerion Attack Complete Stick,LAX,2078,1730,348,20.1,false
2024-04-01,2024-Q2,DEN,10,PPKB01,Kestrel Pro Carbon Paddle 16mm,PKB,4447,4119,328,8.0,false
2024-07-01,2024-Q3,DEN,1,PRUN03,Kestrel Pro Carbon Race Flat,RUN,6562,0,6562,,true
2024-07-01,2024-Q3,DEN,2,PPKB04,Loftline Thermoformed Pro Paddle,PKB,1923,0,1923,,true
2024-07-01,2024-Q3,DEN,3,PSNW01,Loftline All-Mountain Ski,SNW,7383,6013,1370,22.8,false
2024-07-01,2024-Q3,DEN,4,PCLM04,Bramble Harness Lite,CLM,1296,0,1296,,true
2024-07-01,2024-Q3,DEN,5,PGLF04,Aerion Launch Monitor Mini,GLF,1886,780,1106,141.8,false
2024-07-01,2024-Q3,DEN,6,PBSB04,Bramble USSSA Composite Bat,BSB,1100,0,1100,,true
2024-07-01,2024-Q3,DEN,7,PSOC03,Kestrel Pro Shin Guard Lite,SOC,6287,5558,729,13.1,false
2024-07-01,2024-Q3,DEN,8,PSOC02,Loftline FG Cleat Elite,SOC,9689,8998,691,7.7,false
2024-07-01,2024-Q3,DEN,9,PBSK02,Courtcraft Court Shoe Low,BSK,4561,4063,498,12.3,false
2024-07-01,2024-Q3,DEN,10,PBSK01,Loftline Indoor Game Ball,BSK,6386,5897,489,8.3,false
2024-10-01,2024-Q4,DEN,1,PRUN03,Kestrel Pro Carbon Race Flat,RUN,11139,0,11139,,true
2024-10-01,2024-Q4,DEN,2,PSNW01,Loftline All-Mountain Ski,SNW,20064,13987,6077,43.4,false
2024-10-01,2024-Q4,DEN,3,PPKB04,Loftline Thermoformed Pro Paddle,PKB,2641,0,2641,,true
2024-10-01,2024-Q4,DEN,4,PCLM04,Bramble Harness Lite,CLM,2312,0,2312,,true
2024-10-01,2024-Q4,DEN,5,PSOC01,Stridewell Match Ball Pro,SOC,13550,11402,2148,18.8,false
2024-10-01,2024-Q4,DEN,6,PSNW03,Kestrel Pro Insulated Shell,SNW,9575,7530,2045,27.2,false
2024-10-01,2024-Q4,DEN,7,PSNW02,Courtcraft Snowboard Boot,SNW,13999,12479,1520,12.2,false
2024-10-01,2024-Q4,DEN,8,PBSB04,Bramble USSSA Composite Bat,BSB,2173,761,1412,185.5,false
2024-10-01,2024-Q4,DEN,9,PSNW04,Vela Ski Helmet MIPS,SNW,5022,3720,1302,35.0,false
2024-10-01,2024-Q4,DEN,10,PSOC02,Loftline FG Cleat Elite,SOC,8934,7699,1235,16.0,false
2025-01-01,2025-Q1,DEN,1,PRUN03,Kestrel Pro Carbon Race Flat,RUN,10328,0,10328,,true
2025-01-01,2025-Q1,DEN,2,PPKB04,Loftline Thermoformed Pro Paddle,PKB,2848,174,2674,1536.8,false
2025-01-01,2025-Q1,DEN,3,PSNW01,Loftline All-Mountain Ski,SNW,10074,7400,2674,36.1,false
2025-01-01,2025-Q1,DEN,4,PCLM04,Bramble Harness Lite,CLM,2136,0,2136,,true
2025-01-01,2025-Q1,DEN,5,PSNW02,Courtcraft Snowboard Boot,SNW,7237,5554,1683,30.3,false
2025-01-01,2025-Q1,DEN,6,PSOC01,Stridewell Match Ball Pro,SOC,8135,6629,1506,22.7,false
2025-01-01,2025-Q1,DEN,7,PSNW03,Kestrel Pro Insulated Shell,SNW,4926,3502,1424,40.7,false
2025-01-01,2025-Q1,DEN,8,PLAX04,Courtcraft Mesh Head Pro,LAX,1067,0,1067,,true
2025-01-01,2025-Q1,DEN,9,PVOL04,Kestrel Pro Court Shoe Mid,VOL,1037,0,1037,,true
2025-01-01,2025-Q1,DEN,10,PSOC02,Loftline FG Cleat Elite,SOC,5991,4994,997,20.0,false
2025-04-01,2025-Q2,DEN,1,PRUN03,Kestrel Pro Carbon Race Flat,RUN,11888,2826,9062,320.7,false
2025-04-01,2025-Q2,DEN,2,PSOC01,Stridewell Match Ball Pro,SOC,11582,9146,2436,26.6,false
2025-04-01,2025-Q2,DEN,3,PPKB04,Loftline Thermoformed Pro Paddle,PKB,3423,1357,2066,152.2,false
2025-04-01,2025-Q2,DEN,4,PSOC02,Loftline FG Cleat Elite,SOC,8896,7316,1580,21.6,false
2025-04-01,2025-Q2,DEN,5,PVOL04,Kestrel Pro Court Shoe Mid,VOL,1474,0,1474,,true
2025-04-01,2025-Q2,DEN,6,PBSK01,Loftline Indoor Game Ball,BSK,5611,4304,1307,30.4,false
2025-04-01,2025-Q2,DEN,7,PFTB04,Kestrel Pro Flag Football Set,FTB,1116,0,1116,,true
2025-04-01,2025-Q2,DEN,8,PPKB01,Kestrel Pro Carbon Paddle 16mm,PKB,5439,4447,992,22.3,false
2025-04-01,2025-Q2,DEN,9,PLAX04,Courtcraft Mesh Head Pro,LAX,946,0,946,,true
2025-04-01,2025-Q2,DEN,10,PCLM04,Bramble Harness Lite,CLM,1514,616,898,145.8,false
2025-07-01,2025-Q3,DEN,1,PRUN03,Kestrel Pro Carbon Race Flat,RUN,8588,6562,2026,30.9,false
2025-07-01,2025-Q3,DEN,2,PVOL04,Kestrel Pro Court Shoe Mid,VOL,1875,135,1740,1288.9,false
2025-07-01,2025-Q3,DEN,3,PSOC01,Stridewell Match Ball Pro,SOC,12442,11225,1217,10.8,false
2025-07-01,2025-Q3,DEN,4,PSOC02,Loftline FG Cleat Elite,SOC,10873,9689,1184,12.2,false
2025-07-01,2025-Q3,DEN,5,PFTB04,Kestrel Pro Flag Football Set,FTB,1384,315,1069,339.4,false
2025-07-01,2025-Q3,DEN,6,PSOC03,Kestrel Pro Shin Guard Lite,SOC,7173,6287,886,14.1,false
2025-07-01,2025-Q3,DEN,7,PPKB02,Aerion Outdoor Balls 6pk,PKB,3269,2454,815,33.2,false
2025-07-01,2025-Q3,DEN,8,PPKB04,Loftline Thermoformed Pro Paddle,PKB,2663,1923,740,38.5,false
2025-07-01,2025-Q3,DEN,9,PLAX04,Courtcraft Mesh Head Pro,LAX,585,0,585,,true
2025-07-01,2025-Q3,DEN,10,PPKB03,Kestrel Pro Court Shoe,PKB,2313,1750,563,32.2,false
2025-10-01,2025-Q4,DEN,1,PSNW02,Courtcraft Snowboard Boot,SNW,15383,13999,1384,9.9,false
2025-10-01,2025-Q4,DEN,2,PBSK02,Courtcraft Court Shoe Low,BSK,6791,5685,1106,19.5,false
2025-10-01,2025-Q4,DEN,3,PVOL04,Kestrel Pro Court Shoe Mid,VOL,1730,719,1011,140.6,false
2025-10-01,2025-Q4,DEN,4,PBSK03,Kestrel Pro Portable Hoop 54in,BSK,4686,3724,962,25.8,false
2025-10-01,2025-Q4,DEN,5,PRUN01,Kestrel Pro Tempo Road Shoe,RUN,10843,9891,952,9.6,false
2025-10-01,2025-Q4,DEN,6,PLAX04,Courtcraft Mesh Head Pro,LAX,1389,503,886,176.1,false
2025-10-01,2025-Q4,DEN,7,PRUN03,Kestrel Pro Carbon Race Flat,RUN,12008,11139,869,7.8,false
2025-10-01,2025-Q4,DEN,8,PPKB01,Kestrel Pro Carbon Paddle 16mm,PKB,4981,4430,551,12.4,false
2025-10-01,2025-Q4,DEN,9,PSNW01,Loftline All-Mountain Ski,SNW,20607,20064,543,2.7,false
2025-10-01,2025-Q4,DEN,10,PCLM01,Courtcraft Bouldering Shoe,CLM,4614,4123,491,11.9,false
2026-01-01,2026-Q1,DEN,1,PSOC04,Ironpeak 2026 Host City Replica Ball,SOC,2196,0,2196,,true
2026-01-01,2026-Q1,DEN,2,PSNW02,Courtcraft Snowboard Boot,SNW,8840,7237,1603,22.2,false
2026-01-01,2026-Q1,DEN,3,PRUN02,Aerion Trail Runner GTX,RUN,7657,6372,1285,20.2,false
2026-01-01,2026-Q1,DEN,4,PRUN03,Kestrel Pro Carbon Race Flat,RUN,11460,10328,1132,11.0,false
2026-01-01,2026-Q1,DEN,5,PPKB01,Kestrel Pro Carbon Paddle 16mm,PKB,5642,4644,998,21.5,false
2026-01-01,2026-Q1,DEN,6,PSNW03,Kestrel Pro Insulated Shell,SNW,5705,4926,779,15.8,false
2026-01-01,2026-Q1,DEN,7,PPKB02,Aerion Outdoor Balls 6pk,PKB,3980,3267,713,21.8,false
2026-01-01,2026-Q1,DEN,8,PCLM01,Courtcraft Bouldering Shoe,CLM,4073,3363,710,21.1,false
2026-01-01,2026-Q1,DEN,9,PCLM02,Ironpeak Chalk Bag,CLM,3101,2484,617,24.8,false
2026-01-01,2026-Q1,DEN,10,PBSB04,Bramble USSSA Composite Bat,BSB,2971,2415,556,23.0,false
2026-04-01,2026-Q2,DEN,1,PSOC04,Ironpeak 2026 Host City Replica Ball,SOC,4855,0,4855,,true
2026-04-01,2026-Q2,DEN,2,PRUN01,Kestrel Pro Tempo Road Shoe,RUN,11287,10065,1222,12.1,false
2026-04-01,2026-Q2,DEN,3,PCYC02,Stridewell Road Helmet MIPS,CYC,4289,3638,651,17.9,false
2026-04-01,2026-Q2,DEN,4,PPKB02,Aerion Outdoor Balls 6pk,PKB,4592,4014,578,14.4,false
2026-04-01,2026-Q2,DEN,5,PVOL02,Vela Knee Pads,VOL,2497,2013,484,24.0,false
2026-04-01,2026-Q2,DEN,6,PVOL01,Ironpeak Indoor Game Ball,VOL,2895,2419,476,19.7,false
2026-04-01,2026-Q2,DEN,7,PPKB01,Kestrel Pro Carbon Paddle 16mm,PKB,5892,5439,453,8.3,false
2026-04-01,2026-Q2,DEN,8,PBSB02,Ironpeak Fielding Glove 11.75,BSB,3408,3065,343,11.2,false
2026-04-01,2026-Q2,DEN,9,PSNW02,Courtcraft Snowboard Boot,SNW,2007,1682,325,19.3,false
2026-04-01,2026-Q2,DEN,10,PCLM01,Courtcraft Bouldering Shoe,CLM,3359,3043,316,10.4,false
2023-01-01,2023-Q1,ORL,1,PPKB01,Kestrel Pro Carbon Paddle 16mm,PKB,4760,3620,1140,31.5,false
2023-01-01,2023-Q1,ORL,2,PBSK01,Loftline Indoor Game Ball,BSK,5021,4215,806,19.1,false
2023-01-01,2023-Q1,ORL,3,PPKB02,Aerion Outdoor Balls 6pk,PKB,3366,2575,791,30.7,false
2023-01-01,2023-Q1,ORL,4,PSOC01,Stridewell Match Ball Pro,SOC,6449,5742,707,12.3,false
2023-01-01,2023-Q1,ORL,5,PPKB03,Kestrel Pro Court Shoe,PKB,2286,1640,646,39.4,false
2023-01-01,2023-Q1,ORL,6,PBSB01,Courtcraft BBCOR Alloy Bat,BSB,7417,6825,592,8.7,false
2023-01-01,2023-Q1,ORL,7,PBSB02,Ironpeak Fielding Glove 11.75,BSB,6007,5541,466,8.4,false
2023-01-01,2023-Q1,ORL,8,PGLF03,Kestrel Pro Stand Bag,GLF,3439,3033,406,13.4,false
2023-01-01,2023-Q1,ORL,9,PRUN04,Loftline Hydration Vest,RUN,3129,2767,362,13.1,false
2023-01-01,2023-Q1,ORL,10,PVOL02,Vela Knee Pads,VOL,1309,967,342,35.4,false
2023-04-01,2023-Q2,ORL,1,PRUN01,Kestrel Pro Tempo Road Shoe,RUN,14555,12584,1971,15.7,false
2023-04-01,2023-Q2,ORL,2,PSOC01,Stridewell Match Ball Pro,SOC,9198,7634,1564,20.5,false
2023-04-01,2023-Q2,ORL,3,PPKB01,Kestrel Pro Carbon Paddle 16mm,PKB,5402,4073,1329,32.6,false
2023-04-01,2023-Q2,ORL,4,PGLF01,Vela Game-Improvement Irons,GLF,8531,7507,1024,13.6,false
2023-04-01,2023-Q2,ORL,5,PPKB02,Aerion Outdoor Balls 6pk,PKB,4034,3087,947,30.7,false
2023-04-01,2023-Q2,ORL,6,PPKB03,Kestrel Pro Court Shoe,PKB,2945,2078,867,41.7,false
2023-04-01,2023-Q2,ORL,7,PFTB01,Ironpeak Youth Helmet,FTB,3307,2580,727,28.2,false
2023-04-01,2023-Q2,ORL,8,PRUN02,Aerion Trail Runner GTX,RUN,10801,10284,517,5.0,false
2023-04-01,2023-Q2,ORL,9,PBSB01,Courtcraft BBCOR Alloy Bat,BSB,5823,5398,425,7.9,false
2023-04-01,2023-Q2,ORL,10,PFTB02,Vela Receiver Gloves,FTB,2633,2296,337,14.7,false
2023-07-01,2023-Q3,ORL,1,PSOC01,Stridewell Match Ball Pro,SOC,11588,9066,2522,27.8,false
2023-07-01,2023-Q3,ORL,2,PPKB01,Kestrel Pro Carbon Paddle 16mm,PKB,5017,4043,974,24.1,false
2023-07-01,2023-Q3,ORL,3,PGLF04,Aerion Launch Monitor Mini,GLF,907,0,907,,true
2023-07-01,2023-Q3,ORL,4,PPKB03,Kestrel Pro Court Shoe,PKB,2720,1973,747,37.9,false
2023-07-01,2023-Q3,ORL,5,PSOC02,Loftline FG Cleat Elite,SOC,8326,7619,707,9.3,false
2023-07-01,2023-Q3,ORL,6,PRUN01,Kestrel Pro Tempo Road Shoe,RUN,12341,11642,699,6.0,false
2023-07-01,2023-Q3,ORL,7,PPKB02,Aerion Outdoor Balls 6pk,PKB,3552,2860,692,24.2,false
2023-07-01,2023-Q3,ORL,8,PRUN02,Aerion Trail Runner GTX,RUN,8594,7927,667,8.4,false
2023-07-01,2023-Q3,ORL,9,PRUN04,Loftline Hydration Vest,RUN,3253,2599,654,25.2,false
2023-07-01,2023-Q3,ORL,10,PVOL03,Kestrel Pro Beach Ball Pro,VOL,1829,1320,509,38.6,false
2023-10-01,2023-Q4,ORL,1,PGLF04,Aerion Launch Monitor Mini,GLF,1760,0,1760,,true
2023-10-01,2023-Q4,ORL,2,PPKB01,Kestrel Pro Carbon Paddle 16mm,PKB,6062,4688,1374,29.3,false
2023-10-01,2023-Q4,ORL,3,PSOC02,Loftline FG Cleat Elite,SOC,8145,7062,1083,15.3,false
2023-10-01,2023-Q4,ORL,4,PBSB04,Bramble USSSA Composite Bat,BSB,974,0,974,,true
2023-10-01,2023-Q4,ORL,5,PRUN01,Kestrel Pro Tempo Road Shoe,RUN,14301,13537,764,5.6,false
2023-10-01,2023-Q4,ORL,6,PVOL01,Ironpeak Indoor Game Ball,VOL,3154,2435,719,29.5,false
2023-10-01,2023-Q4,ORL,7,PPKB02,Aerion Outdoor Balls 6pk,PKB,4192,3590,602,16.8,false
2023-10-01,2023-Q4,ORL,8,PBSK02,Courtcraft Court Shoe Low,BSK,6453,5928,525,8.9,false
2023-10-01,2023-Q4,ORL,9,PBSK01,Loftline Indoor Game Ball,BSK,7620,7125,495,6.9,false
2023-10-01,2023-Q4,ORL,10,PPKB03,Kestrel Pro Court Shoe,PKB,2923,2541,382,15.0,false
2024-01-01,2024-Q1,ORL,1,PBSB04,Bramble USSSA Composite Bat,BSB,2844,0,2844,,true
2024-01-01,2024-Q1,ORL,2,PGLF04,Aerion Launch Monitor Mini,GLF,2465,0,2465,,true
2024-01-01,2024-Q1,ORL,3,PPKB01,Kestrel Pro Carbon Paddle 16mm,PKB,6827,4760,2067,43.4,false
2024-01-01,2024-Q1,ORL,4,PRUN01,Kestrel Pro Tempo Road Shoe,RUN,14051,12007,2044,17.0,false
2024-01-01,2024-Q1,ORL,5,PRUN02,Aerion Trail Runner GTX,RUN,9936,8415,1521,18.1,false
2024-01-01,2024-Q1,ORL,6,PPKB02,Aerion Outdoor Balls 6pk,PKB,4827,3366,1461,43.4,false
2024-01-01,2024-Q1,ORL,7,PPKB03,Kestrel Pro Court Shoe,PKB,3352,2286,1066,46.6,false
2024-01-01,2024-Q1,ORL,8,PSOC02,Loftline FG Cleat Elite,SOC,5281,4628,653,14.1,false
2024-01-01,2024-Q1,ORL,9,PBSK02,Courtcraft Court Shoe Low,BSK,3741,3366,375,11.1,false
2024-01-01,2024-Q1,ORL,10,PLAX01,Aerion Attack Complete Stick,LAX,1942,1594,348,21.8,false
2024-04-01,2024-Q2,ORL,1,PGLF04,Aerion Launch Monitor Mini,GLF,3484,0,3484,,true
2024-04-01,2024-Q2,ORL,2,PRUN03,Kestrel Pro Carbon Race Flat,RUN,2883,0,2883,,true
2024-04-01,2024-Q2,ORL,3,PBSB04,Bramble USSSA Composite Bat,BSB,2629,0,2629,,true
2024-04-01,2024-Q2,ORL,4,PCYC01,Aerion Gravel Bike 105,CYC,5831,4301,1530,35.6,false
2024-04-01,2024-Q2,ORL,5,PPKB04,Loftline Thermoformed Pro Paddle,PKB,1505,0,1505,,true
2024-04-01,2024-Q2,ORL,6,PSOC01,Stridewell Match Ball Pro,SOC,10077,9198,879,9.6,false
2024-04-01,2024-Q2,ORL,7,PVOL01,Ironpeak Indoor Game Ball,VOL,3220,2451,769,31.4,false
2024-04-01,2024-Q2,ORL,8,PSOC02,Loftline FG Cleat Elite,SOC,7362,6957,405,5.8,false
2024-04-01,2024-Q2,ORL,9,PPKB02,Aerion Outdoor Balls 6pk,PKB,4427,4034,393,9.7,false
2024-04-01,2024-Q2,ORL,10,PBSK02,Courtcraft Court Shoe Low,BSK,3254,2885,369,12.8,false
2024-07-01,2024-Q3,ORL,1,PRUN03,Kestrel Pro Carbon Race Flat,RUN,5912,0,5912,,true
2024-07-01,2024-Q3,ORL,2,PPKB04,Loftline Thermoformed Pro Paddle,PKB,2245,0,2245,,true
2024-07-01,2024-Q3,ORL,3,PBSB04,Bramble USSSA Composite Bat,BSB,1559,0,1559,,true
2024-07-01,2024-Q3,ORL,4,PGLF04,Aerion Launch Monitor Mini,GLF,2390,907,1483,163.5,false
2024-07-01,2024-Q3,ORL,5,PSOC03,Kestrel Pro Shin Guard Lite,SOC,5800,5315,485,9.1,false
2024-07-01,2024-Q3,ORL,6,PFTB04,Kestrel Pro Flag Football Set,FTB,471,0,471,,true
2024-07-01,2024-Q3,ORL,7,PCLM04,Bramble Harness Lite,CLM,455,0,455,,true
2024-07-01,2024-Q3,ORL,8,PCYC01,Aerion Gravel Bike 105,CYC,3840,3457,383,11.1,false
2024-07-01,2024-Q3,ORL,9,PBSK02,Courtcraft Court Shoe Low,BSK,4235,3864,371,9.6,false
2024-07-01,2024-Q3,ORL,10,PVOL02,Vela Knee Pads,VOL,2652,2420,232,9.6,false
2024-10-01,2024-Q4,ORL,1,PRUN03,Kestrel Pro Carbon Race Flat,RUN,9750,0,9750,,true
2024-10-01,2024-Q4,ORL,2,PPKB04,Loftline Thermoformed Pro Paddle,PKB,3123,0,3123,,true
2024-10-01,2024-Q4,ORL,3,PBSB04,Bramble USSSA Composite Bat,BSB,2633,974,1659,170.3,false
2024-10-01,2024-Q4,ORL,4,PBSK01,Loftline Indoor Game Ball,BSK,9259,7620,1639,21.5,false
2024-10-01,2024-Q4,ORL,5,PFTB04,Kestrel Pro Flag Football Set,FTB,888,0,888,,true
2024-10-01,2024-Q4,ORL,6,PVOL04,Kestrel Pro Court Shoe Mid,VOL,794,0,794,,true
2024-10-01,2024-Q4,ORL,7,PCLM04,Bramble Harness Lite,CLM,763,0,763,,true
2024-10-01,2024-Q4,ORL,8,PSOC03,Kestrel Pro Shin Guard Lite,SOC,5696,5114,582,11.4,false
2024-10-01,2024-Q4,ORL,9,PBSK03,Kestrel Pro Portable Hoop 54in,BSK,4570,3988,582,14.6,false
2024-10-01,2024-Q4,ORL,10,PSOC01,Stridewell Match Ball Pro,SOC,11055,10610,445,4.2,false
2025-01-01,2025-Q1,ORL,1,PRUN03,Kestrel Pro Carbon Race Flat,RUN,11276,0,11276,,true
2025-01-01,2025-Q1,ORL,2,PPKB04,Loftline Thermoformed Pro Paddle,PKB,3166,212,2954,1393.4,false
2025-01-01,2025-Q1,ORL,3,PSOC01,Stridewell Match Ball Pro,SOC,8107,6537,1570,24.0,false
2025-01-01,2025-Q1,ORL,4,PVOL04,Kestrel Pro Court Shoe Mid,VOL,833,0,833,,true
2025-01-01,2025-Q1,ORL,5,PSOC02,Loftline FG Cleat Elite,SOC,6096,5281,815,15.4,false
2025-01-01,2025-Q1,ORL,6,PCLM04,Bramble Harness Lite,CLM,798,0,798,,true
2025-01-01,2025-Q1,ORL,7,PFTB04,Kestrel Pro Flag Football Set,FTB,693,0,693,,true
2025-01-01,2025-Q1,ORL,8,PBSB04,Bramble USSSA Composite Bat,BSB,3484,2844,640,22.5,false
2025-01-01,2025-Q1,ORL,9,PLAX04,Courtcraft Mesh Head Pro,LAX,559,0,559,,true
2025-01-01,2025-Q1,ORL,10,PCYC02,Stridewell Road Helmet MIPS,CYC,3130,2719,411,15.1,false
2025-04-01,2025-Q2,ORL,1,PRUN03,Kestrel Pro Carbon Race Flat,RUN,11841,2883,8958,310.7,false
2025-04-01,2025-Q2,ORL,2,PSOC01,Stridewell Match Ball Pro,SOC,12732,10077,2655,26.3,false
2025-04-01,2025-Q2,ORL,3,PPKB04,Loftline Thermoformed Pro Paddle,PKB,3159,1505,1654,109.9,false
2025-04-01,2025-Q2,ORL,4,PVOL04,Kestrel Pro Court Shoe Mid,VOL,1548,0,1548,,true
2025-04-01,2025-Q2,ORL,5,PFTB04,Kestrel Pro Flag Football Set,FTB,1468,0,1468,,true
2025-04-01,2025-Q2,ORL,6,PSOC03,Kestrel Pro Shin Guard Lite,SOC,5587,4321,1266,29.3,false
2025-04-01,2025-Q2,ORL,7,PSOC02,Loftline FG Cleat Elite,SOC,8405,7362,1043,14.2,false
2025-04-01,2025-Q2,ORL,8,PBSB02,Ironpeak Fielding Glove 11.75,BSB,4140,3496,644,18.4,false
2025-04-01,2025-Q2,ORL,9,PLAX04,Courtcraft Mesh Head Pro,LAX,508,0,508,,true
2025-04-01,2025-Q2,ORL,10,PGLF02,Bramble Distance Ball 12pk,GLF,4446,4011,435,10.8,false
2025-07-01,2025-Q3,ORL,1,PSOC01,Stridewell Match Ball Pro,SOC,13254,11094,2160,19.5,false
2025-07-01,2025-Q3,ORL,2,PRUN03,Kestrel Pro Carbon Race Flat,RUN,8022,5912,2110,35.7,false
2025-07-01,2025-Q3,ORL,3,PVOL04,Kestrel Pro Court Shoe Mid,VOL,1751,131,1620,1236.6,false
2025-07-01,2025-Q3,ORL,4,PPKB01,Kestrel Pro Carbon Paddle 16mm,PKB,6060,4633,1427,30.8,false
2025-07-01,2025-Q3,ORL,5,PFTB04,Kestrel Pro Flag Football Set,FTB,1685,471,1214,257.7,false
2025-07-01,2025-Q3,ORL,6,PSOC03,Kestrel Pro Shin Guard Lite,SOC,6887,5800,1087,18.7,false
2025-07-01,2025-Q3,ORL,7,PBSK01,Loftline Indoor Game Ball,BSK,6175,5130,1045,20.4,false
2025-07-01,2025-Q3,ORL,8,PPKB04,Loftline Thermoformed Pro Paddle,PKB,3125,2245,880,39.2,false
2025-07-01,2025-Q3,ORL,9,PPKB02,Aerion Outdoor Balls 6pk,PKB,3953,3192,761,23.8,false
2025-07-01,2025-Q3,ORL,10,PPKB03,Kestrel Pro Court Shoe,PKB,2794,2205,589,26.7,false
2025-10-01,2025-Q4,ORL,1,PRUN03,Kestrel Pro Carbon Race Flat,RUN,11270,9750,1520,15.6,false
2025-10-01,2025-Q4,ORL,2,PSOC02,Loftline FG Cleat Elite,SOC,9639,8145,1494,18.3,false
2025-10-01,2025-Q4,ORL,3,PSOC01,Stridewell Match Ball Pro,SOC,12110,11055,1055,9.5,false
2025-10-01,2025-Q4,ORL,4,PVOL04,Kestrel Pro Court Shoe Mid,VOL,1693,794,899,113.2,false
2025-10-01,2025-Q4,ORL,5,PBSB01,Courtcraft BBCOR Alloy Bat,BSB,5266,4483,783,17.5,false
2025-10-01,2025-Q4,ORL,6,PBSB03,Kestrel Pro Batting Helmet,BSB,2935,2157,778,36.1,false
2025-10-01,2025-Q4,ORL,7,PLAX04,Courtcraft Mesh Head Pro,LAX,819,289,530,183.4,false
2025-10-01,2025-Q4,ORL,8,PTEN01,Bramble Tour Racquet 98,TEN,3531,3014,517,17.2,false
2025-10-01,2025-Q4,ORL,9,PFTB04,Kestrel Pro Flag Football Set,FTB,1383,888,495,55.7,false
2025-10-01,2025-Q4,ORL,10,PBSB02,Ironpeak Fielding Glove 11.75,BSB,4012,3580,432,12.1,false
2026-01-01,2026-Q1,ORL,1,PSOC04,Ironpeak 2026 Host City Replica Ball,SOC,2017,0,2017,,true
2026-01-01,2026-Q1,ORL,2,PPKB02,Aerion Outdoor Balls 6pk,PKB,5085,4271,814,19.1,false
2026-01-01,2026-Q1,ORL,3,PBSK01,Loftline Indoor Game Ball,BSK,5620,4845,775,16.0,false
2026-01-01,2026-Q1,ORL,4,PPKB04,Loftline Thermoformed Pro Paddle,PKB,3717,3166,551,17.4,false
2026-01-01,2026-Q1,ORL,5,PLAX02,Stridewell Lacrosse Helmet,LAX,1354,969,385,39.7,false
2026-01-01,2026-Q1,ORL,6,PPKB01,Kestrel Pro Carbon Paddle 16mm,PKB,5955,5577,378,6.8,false
2026-01-01,2026-Q1,ORL,7,PCYC01,Aerion Gravel Bike 105,CYC,4000,3662,338,9.2,false
2026-01-01,2026-Q1,ORL,8,PRUN04,Loftline Hydration Vest,RUN,2632,2310,322,13.9,false
2026-01-01,2026-Q1,ORL,9,PLAX04,Courtcraft Mesh Head Pro,LAX,855,559,296,53.0,false
2026-01-01,2026-Q1,ORL,10,PSOC03,Kestrel Pro Shin Guard Lite,SOC,3336,3055,281,9.2,false
2026-04-01,2026-Q2,ORL,1,PSOC04,Ironpeak 2026 Host City Replica Ball,SOC,4792,0,4792,,true
2026-04-01,2026-Q2,ORL,2,PPKB01,Kestrel Pro Carbon Paddle 16mm,PKB,6694,5440,1254,23.1,false
2026-04-01,2026-Q2,ORL,3,PCYC01,Aerion Gravel Bike 105,CYC,5580,4604,976,21.2,false
2026-04-01,2026-Q2,ORL,4,PRUN01,Kestrel Pro Tempo Road Shoe,RUN,10977,10221,756,7.4,false
2026-04-01,2026-Q2,ORL,5,PCYC02,Stridewell Road Helmet MIPS,CYC,4118,3462,656,18.9,false
2026-04-01,2026-Q2,ORL,6,PRUN02,Aerion Trail Runner GTX,RUN,7850,7208,642,8.9,false
2026-04-01,2026-Q2,ORL,7,PPKB03,Kestrel Pro Court Shoe,PKB,3331,2743,588,21.4,false
2026-04-01,2026-Q2,ORL,8,PPKB02,Aerion Outdoor Balls 6pk,PKB,4759,4345,414,9.5,false
2026-04-01,2026-Q2,ORL,9,PBSB01,Courtcraft BBCOR Alloy Bat,BSB,5375,5002,373,7.5,false
2026-04-01,2026-Q2,ORL,10,PPKB04,Loftline Thermoformed Pro Paddle,PKB,3461,3159,302,9.6,false
2023-01-01,2023-Q1,POR,1,PPKB02,Aerion Outdoor Balls 6pk,PKB,2149,1511,638,42.2,false
2023-01-01,2023-Q1,POR,2,PPKB01,Kestrel Pro Carbon Paddle 16mm,PKB,2424,1963,461,23.5,false
2023-01-01,2023-Q1,POR,3,PCLM01,Courtcraft Bouldering Shoe,CLM,1838,1493,345,23.1,false
2023-01-01,2023-Q1,POR,4,PBSB02,Ironpeak Fielding Glove 11.75,BSB,3219,2921,298,10.2,false
2023-01-01,2023-Q1,POR,5,PCLM02,Ironpeak Chalk Bag,CLM,1393,1097,296,27.0,false
2023-01-01,2023-Q1,POR,6,PPKB03,Kestrel Pro Court Shoe,PKB,1290,1014,276,27.2,false
2023-01-01,2023-Q1,POR,7,PSNW04,Vela Ski Helmet MIPS,SNW,1064,880,184,20.9,false
2023-01-01,2023-Q1,POR,8,PBSK02,Courtcraft Court Shoe Low,BSK,2987,2807,180,6.4,false
2023-01-01,2023-Q1,POR,9,PCLM03,Kestrel Pro Crash Pad,CLM,861,687,174,25.3,false
2023-01-01,2023-Q1,POR,10,PSOC02,Loftline FG Cleat Elite,SOC,3792,3641,151,4.1,false
2023-04-01,2023-Q2,POR,1,PRUN02,Aerion Trail Runner GTX,RUN,8895,8142,753,9.2,false
2023-04-01,2023-Q2,POR,2,PPKB01,Kestrel Pro Carbon Paddle 16mm,PKB,2865,2121,744,35.1,false
2023-04-01,2023-Q2,POR,3,PSOC03,Kestrel Pro Shin Guard Lite,SOC,4074,3367,707,21.0,false
2023-04-01,2023-Q2,POR,4,PRUN01,Kestrel Pro Tempo Road Shoe,RUN,11579,10904,675,6.2,false
2023-04-01,2023-Q2,POR,5,PPKB03,Kestrel Pro Court Shoe,PKB,1607,978,629,64.3,false
2023-04-01,2023-Q2,POR,6,PPKB02,Aerion Outdoor Balls 6pk,PKB,2177,1645,532,32.3,false
2023-04-01,2023-Q2,POR,7,PBSK02,Courtcraft Court Shoe Low,BSK,2508,2046,462,22.6,false
2023-04-01,2023-Q2,POR,8,PBSK01,Loftline Indoor Game Ball,BSK,3336,2899,437,15.1,false
2023-04-01,2023-Q2,POR,9,PVOL01,Ironpeak Indoor Game Ball,VOL,2355,1961,394,20.1,false
2023-04-01,2023-Q2,POR,10,PGLF03,Kestrel Pro Stand Bag,GLF,2763,2540,223,8.8,false
2023-07-01,2023-Q3,POR,1,PSOC01,Stridewell Match Ball Pro,SOC,9052,7685,1367,17.8,false
2023-07-01,2023-Q3,POR,2,PPKB01,Kestrel Pro Carbon Paddle 16mm,PKB,2479,1704,775,45.5,false
2023-07-01,2023-Q3,POR,3,PGLF04,Aerion Launch Monitor Mini,GLF,597,0,597,,true
2023-07-01,2023-Q3,POR,4,PSOC03,Kestrel Pro Shin Guard Lite,SOC,4460,3894,566,14.5,false
2023-07-01,2023-Q3,POR,5,PPKB02,Aerion Outdoor Balls 6pk,PKB,1898,1348,550,40.8,false
2023-07-01,2023-Q3,POR,6,PRUN01,Kestrel Pro Tempo Road Shoe,RUN,8741,8219,522,6.4,false
2023-07-01,2023-Q3,POR,7,PPKB03,Kestrel Pro Court Shoe,PKB,1224,839,385,45.9,false
2023-07-01,2023-Q3,POR,8,PTEN01,Bramble Tour Racquet 98,TEN,2608,2330,278,11.9,false
2023-07-01,2023-Q3,POR,9,PFTB03,Kestrel Pro Official Game Ball,FTB,1467,1192,275,23.1,false
2023-07-01,2023-Q3,POR,10,PVOL02,Vela Knee Pads,VOL,1973,1756,217,12.4,false
2023-10-01,2023-Q4,POR,1,PGLF04,Aerion Launch Monitor Mini,GLF,1200,0,1200,,true
2023-10-01,2023-Q4,POR,2,PSOC01,Stridewell Match Ball Pro,SOC,7784,6755,1029,15.2,false
2023-10-01,2023-Q4,POR,3,PSOC02,Loftline FG Cleat Elite,SOC,6057,5281,776,14.7,false
2023-10-01,2023-Q4,POR,4,PRUN01,Kestrel Pro Tempo Road Shoe,RUN,10759,9994,765,7.7,false
2023-10-01,2023-Q4,POR,5,PBSB04,Bramble USSSA Composite Bat,BSB,588,0,588,,true
2023-10-01,2023-Q4,POR,6,PPKB02,Aerion Outdoor Balls 6pk,PKB,2322,1912,410,21.4,false
2023-10-01,2023-Q4,POR,7,PPKB03,Kestrel Pro Court Shoe,PKB,1579,1232,347,28.2,false
2023-10-01,2023-Q4,POR,8,PCLM01,Courtcraft Bouldering Shoe,CLM,2084,1765,319,18.1,false
2023-10-01,2023-Q4,POR,9,PPKB01,Kestrel Pro Carbon Paddle 16mm,PKB,3031,2748,283,10.3,false
2023-10-01,2023-Q4,POR,10,PBSK02,Courtcraft Court Shoe Low,BSK,4181,3917,264,6.7,false
2024-01-01,2024-Q1,POR,1,PBSB04,Bramble USSSA Composite Bat,BSB,1608,0,1608,,true
2024-01-01,2024-Q1,POR,2,PGLF04,Aerion Launch Monitor Mini,GLF,1395,0,1395,,true
2024-01-01,2024-Q1,POR,3,PRUN01,Kestrel Pro Tempo Road Shoe,RUN,10187,9161,1026,11.2,false
2024-01-01,2024-Q1,POR,4,PPKB01,Kestrel Pro Carbon Paddle 16mm,PKB,3056,2424,632,26.1,false
2024-01-01,2024-Q1,POR,5,PBSK01,Loftline Indoor Game Ball,BSK,4085,3542,543,15.3,false
2024-01-01,2024-Q1,POR,6,PSOC01,Stridewell Match Ball Pro,SOC,5259,4783,476,10.0,false
2024-01-01,2024-Q1,POR,7,PVOL01,Ironpeak Indoor Game Ball,VOL,1671,1249,422,33.8,false
2024-01-01,2024-Q1,POR,8,PRUN04,Loftline Hydration Vest,RUN,2735,2445,290,11.9,false
2024-01-01,2024-Q1,POR,9,PPKB02,Aerion Outdoor Balls 6pk,PKB,2393,2149,244,11.4,false
2024-01-01,2024-Q1,POR,10,PSOC02,Loftline FG Cleat Elite,SOC,3999,3792,207,5.5,false
2024-04-01,2024-Q2,POR,1,PRUN03,Kestrel Pro Carbon Race Flat,RUN,2288,0,2288,,true
2024-04-01,2024-Q2,POR,2,PGLF04,Aerion Launch Monitor Mini,GLF,1950,0,1950,,true
2024-04-01,2024-Q2,POR,3,PBSB04,Bramble USSSA Composite Bat,BSB,1502,0,1502,,true
2024-04-01,2024-Q2,POR,4,PSOC01,Stridewell Match Ball Pro,SOC,8208,6838,1370,20.0,false
2024-04-01,2024-Q2,POR,5,PPKB04,Loftline Thermoformed Pro Paddle,PKB,797,0,797,,true
2024-04-01,2024-Q2,POR,6,PSOC02,Loftline FG Cleat Elite,SOC,5274,4562,712,15.6,false
2024-04-01,2024-Q2,POR,7,PTEN01,Bramble Tour Racquet 98,TEN,3675,3213,462,14.4,false
2024-04-01,2024-Q2,POR,8,PTEN03,Kestrel Pro All-Court Shoe,TEN,1936,1540,396,25.7,false
2024-04-01,2024-Q2,POR,9,PBSK02,Courtcraft Court Shoe Low,BSK,2870,2508,362,14.4,false
2024-04-01,2024-Q2,POR,10,PVOL03,Kestrel Pro Beach Ball Pro,VOL,1399,1040,359,34.5,false
2024-07-01,2024-Q3,POR,1,PRUN03,Kestrel Pro Carbon Race Flat,RUN,4215,0,4215,,true
2024-07-01,2024-Q3,POR,2,PSOC02,Loftline FG Cleat Elite,SOC,7723,6369,1354,21.3,false
2024-07-01,2024-Q3,POR,3,PPKB04,Loftline Thermoformed Pro Paddle,PKB,1188,0,1188,,true
2024-07-01,2024-Q3,POR,4,PGLF04,Aerion Launch Monitor Mini,GLF,1476,597,879,147.2,false
2024-07-01,2024-Q3,POR,5,PBSK02,Courtcraft Court Shoe Low,BSK,3515,2671,844,31.6,false
2024-07-01,2024-Q3,POR,6,PBSB04,Bramble USSSA Composite Bat,BSB,824,0,824,,true
2024-07-01,2024-Q3,POR,7,PCLM04,Bramble Harness Lite,CLM,568,0,568,,true
2024-07-01,2024-Q3,POR,8,PVOL01,Ironpeak Indoor Game Ball,VOL,3074,2649,425,16.0,false
2024-07-01,2024-Q3,POR,9,PSNW01,Loftline All-Mountain Ski,SNW,2855,2486,369,14.8,false
2024-07-01,2024-Q3,POR,10,PVOL03,Kestrel Pro Beach Ball Pro,VOL,1613,1264,349,27.6,false
2024-10-01,2024-Q4,POR,1,PRUN03,Kestrel Pro Carbon Race Flat,RUN,8071,0,8071,,true
2024-10-01,2024-Q4,POR,2,PSNW01,Loftline All-Mountain Ski,SNW,7788,5595,2193,39.2,false
2024-10-01,2024-Q4,POR,3,PPKB04,Loftline Thermoformed Pro Paddle,PKB,1798,0,1798,,true
2024-10-01,2024-Q4,POR,4,PBSK01,Loftline Indoor Game Ball,BSK,6445,5288,1157,21.9,false
2024-10-01,2024-Q4,POR,5,PSNW02,Courtcraft Snowboard Boot,SNW,5854,4804,1050,21.9,false
2024-10-01,2024-Q4,POR,6,PSOC01,Stridewell Match Ball Pro,SOC,8807,7784,1023,13.1,false
2024-10-01,2024-Q4,POR,7,PCLM04,Bramble Harness Lite,CLM,975,0,975,,true
2024-10-01,2024-Q4,POR,8,PBSB04,Bramble USSSA Composite Bat,BSB,1481,588,893,151.9,false
2024-10-01,2024-Q4,POR,9,PVOL04,Kestrel Pro Court Shoe Mid,VOL,702,0,702,,true
2024-10-01,2024-Q4,POR,10,PFTB04,Kestrel Pro Flag Football Set,FTB,527,0,527,,true
2025-01-01,2025-Q1,POR,1,PRUN03,Kestrel Pro Carbon Race Flat,RUN,7348,0,7348,,true
2025-01-01,2025-Q1,POR,2,PPKB04,Loftline Thermoformed Pro Paddle,PKB,1692,116,1576,1358.6,false
2025-01-01,2025-Q1,POR,3,PSNW02,Courtcraft Snowboard Boot,SNW,3135,2150,985,45.8,false
2025-01-01,2025-Q1,POR,4,PCLM04,Bramble Harness Lite,CLM,835,0,835,,true
2025-01-01,2025-Q1,POR,5,PVOL04,Kestrel Pro Court Shoe Mid,VOL,666,0,666,,true
2025-01-01,2025-Q1,POR,6,PSNW03,Kestrel Pro Insulated Shell,SNW,1918,1418,500,35.3,false
2025-01-01,2025-Q1,POR,7,PSNW01,Loftline All-Mountain Ski,SNW,3794,3317,477,14.4,false
2025-01-01,2025-Q1,POR,8,PPKB01,Kestrel Pro Carbon Paddle 16mm,PKB,3444,3056,388,12.7,false
2025-01-01,2025-Q1,POR,9,PFTB04,Kestrel Pro Flag Football Set,FTB,353,0,353,,true
2025-01-01,2025-Q1,POR,10,PSOC02,Loftline FG Cleat Elite,SOC,4337,3999,338,8.5,false
2025-04-01,2025-Q2,POR,1,PRUN03,Kestrel Pro Carbon Race Flat,RUN,7677,2288,5389,235.5,false
2025-04-01,2025-Q2,POR,2,PVOL04,Kestrel Pro Court Shoe Mid,VOL,1436,0,1436,,true
2025-04-01,2025-Q2,POR,3,PPKB04,Loftline Thermoformed Pro Paddle,PKB,1988,797,1191,149.4,false
2025-04-01,2025-Q2,POR,4,PSOC02,Loftline FG Cleat Elite,SOC,6279,5274,1005,19.1,false
2025-04-01,2025-Q2,POR,5,PFTB04,Kestrel Pro Flag Football Set,FTB,822,0,822,,true
2025-04-01,2025-Q2,POR,6,PCLM04,Bramble Harness Lite,CLM,758,256,502,196.1,false
2025-04-01,2025-Q2,POR,7,PBSB04,Bramble USSSA Composite Bat,BSB,1777,1502,275,18.3,false
2025-04-01,2025-Q2,POR,8,PLAX04,Courtcraft Mesh Head Pro,LAX,247,0,247,,true
2025-04-01,2025-Q2,POR,9,PCYC03,Kestrel Pro Smart Trainer,CYC,1959,1799,160,8.9,false
2025-04-01,2025-Q2,POR,10,PCYC04,Courtcraft Bib Short,CYC,976,858,118,13.8,false
2025-07-01,2025-Q3,POR,1,PRUN03,Kestrel Pro Carbon Race Flat,RUN,6368,4215,2153,51.1,false
2025-07-01,2025-Q3,POR,2,PVOL04,Kestrel Pro Court Shoe Mid,VOL,1471,105,1366,1301.0,false
2025-07-01,2025-Q3,POR,3,PFTB04,Kestrel Pro Flag Football Set,FTB,1103,262,841,321.0,false
2025-07-01,2025-Q3,POR,4,PBSK01,Loftline Indoor Game Ball,BSK,4947,4189,758,18.1,false
2025-07-01,2025-Q3,POR,5,PPKB01,Kestrel Pro Carbon Paddle 16mm,PKB,3070,2370,700,29.5,false
2025-07-01,2025-Q3,POR,6,PPKB02,Aerion Outdoor Balls 6pk,PKB,2410,1744,666,38.2,false
2025-07-01,2025-Q3,POR,7,PPKB04,Loftline Thermoformed Pro Paddle,PKB,1684,1188,496,41.8,false
2025-07-01,2025-Q3,POR,8,PPKB03,Kestrel Pro Court Shoe,PKB,1681,1271,410,32.3,false
2025-07-01,2025-Q3,POR,9,PBSK03,Kestrel Pro Portable Hoop 54in,BSK,2368,2120,248,11.7,false
2025-07-01,2025-Q3,POR,10,PCLM01,Courtcraft Bouldering Shoe,CLM,1509,1269,240,18.9,false
2025-10-01,2025-Q4,POR,1,PPKB01,Kestrel Pro Carbon Paddle 16mm,PKB,4331,2898,1433,49.4,false
2025-10-01,2025-Q4,POR,2,PRUN03,Kestrel Pro Carbon Race Flat,RUN,9337,8071,1266,15.7,false
2025-10-01,2025-Q4,POR,3,PSNW02,Courtcraft Snowboard Boot,SNW,6743,5854,889,15.2,false
2025-10-01,2025-Q4,POR,4,PVOL04,Kestrel Pro Court Shoe Mid,VOL,1513,702,811,115.5,false
2025-10-01,2025-Q4,POR,5,PSNW03,Kestrel Pro Insulated Shell,SNW,4299,3547,752,21.2,false
2025-10-01,2025-Q4,POR,6,PRUN02,Aerion Trail Runner GTX,RUN,5471,4917,554,11.3,false
2025-10-01,2025-Q4,POR,7,PPKB04,Loftline Thermoformed Pro Paddle,PKB,2272,1798,474,26.4,false
2025-10-01,2025-Q4,POR,8,PBSB02,Ironpeak Fielding Glove 11.75,BSB,2495,2131,364,17.1,false
2025-10-01,2025-Q4,POR,9,PSNW01,Loftline All-Mountain Ski,SNW,8137,7788,349,4.5,false
2025-10-01,2025-Q4,POR,10,PSOC04,Ironpeak 2026 Host City Replica Ball,SOC,280,0,280,,true
2026-01-01,2026-Q1,POR,1,PRUN01,Kestrel Pro Tempo Road Shoe,RUN,7982,5827,2155,37.0,false
2026-01-01,2026-Q1,POR,2,PSOC04,Ironpeak 2026 Host City Replica Ball,SOC,1416,0,1416,,true
2026-01-01,2026-Q1,POR,3,PPKB02,Aerion Outdoor Balls 6pk,PKB,3117,2233,884,39.6,false
2026-01-01,2026-Q1,POR,4,PRUN03,Kestrel Pro Carbon Race Flat,RUN,8132,7348,784,10.7,false
2026-01-01,2026-Q1,POR,5,PPKB03,Kestrel Pro Court Shoe,PKB,2007,1427,580,40.6,false
2026-01-01,2026-Q1,POR,6,PPKB04,Loftline Thermoformed Pro Paddle,PKB,2103,1692,411,24.3,false
2026-01-01,2026-Q1,POR,7,PBSB04,Bramble USSSA Composite Bat,BSB,2059,1687,372,22.1,false
2026-01-01,2026-Q1,POR,8,PVOL01,Ironpeak Indoor Game Ball,VOL,1649,1344,305,22.7,false
2026-01-01,2026-Q1,POR,9,PRUN02,Aerion Trail Runner GTX,RUN,5455,5156,299,5.8,false
2026-01-01,2026-Q1,POR,10,PBSK03,Kestrel Pro Portable Hoop 54in,BSK,2057,1798,259,14.4,false
2026-04-01,2026-Q2,POR,1,PSOC04,Ironpeak 2026 Host City Replica Ball,SOC,3585,0,3585,,true
2026-04-01,2026-Q2,POR,2,PRUN02,Aerion Trail Runner GTX,RUN,6132,5047,1085,21.5,false
2026-04-01,2026-Q2,POR,3,PPKB01,Kestrel Pro Carbon Paddle 16mm,PKB,3982,3134,848,27.1,false
2026-04-01,2026-Q2,POR,4,PRUN01,Kestrel Pro Tempo Road Shoe,RUN,8092,7255,837,11.5,false
2026-04-01,2026-Q2,POR,5,PSOC01,Stridewell Match Ball Pro,SOC,7763,6942,821,11.8,false
2026-04-01,2026-Q2,POR,6,PPKB03,Kestrel Pro Court Shoe,PKB,2311,1495,816,54.6,false
2026-04-01,2026-Q2,POR,7,PBSK01,Loftline Indoor Game Ball,BSK,3738,3204,534,16.7,false
2026-04-01,2026-Q2,POR,8,PPKB04,Loftline Thermoformed Pro Paddle,PKB,2488,1988,500,25.2,false
2026-04-01,2026-Q2,POR,9,PCYC01,Aerion Gravel Bike 105,CYC,4066,3659,407,11.1,false
2026-04-01,2026-Q2,POR,10,PCLM01,Courtcraft Bouldering Shoe,CLM,1672,1297,375,28.9,false
2023-01-01,2023-Q1,DET,1,PPKB01,Kestrel Pro Carbon Paddle 16mm,PKB,4719,3346,1373,41.0,false
2023-01-01,2023-Q1,DET,2,PRUN02,Aerion Trail Runner GTX,RUN,14346,13173,1173,8.9,false
2023-01-01,2023-Q1,DET,3,PPKB02,Aerion Outdoor Balls 6pk,PKB,3275,2608,667,25.6,false
2023-01-01,2023-Q1,DET,4,PRUN04,Loftline Hydration Vest,RUN,5009,4367,642,14.7,false
2023-01-01,2023-Q1,DET,5,PBSK03,Kestrel Pro Portable Hoop 54in,BSK,3287,2660,627,23.6,false
2023-01-01,2023-Q1,DET,6,PSOC02,Loftline FG Cleat Elite,SOC,7269,6706,563,8.4,false
2023-01-01,2023-Q1,DET,7,PPKB03,Kestrel Pro Court Shoe,PKB,2333,1840,493,26.8,false
2023-01-01,2023-Q1,DET,8,PSNW02,Courtcraft Snowboard Boot,SNW,2800,2464,336,13.6,false
2023-01-01,2023-Q1,DET,9,PSOC03,Kestrel Pro Shin Guard Lite,SOC,4671,4375,296,6.8,false
2023-01-01,2023-Q1,DET,10,PSOC01,Stridewell Match Ball Pro,SOC,8897,8624,273,3.2,false
2023-04-01,2023-Q2,DET,1,PRUN01,Kestrel Pro Tempo Road Shoe,RUN,23148,18917,4231,22.4,false
2023-04-01,2023-Q2,DET,2,PRUN02,Aerion Trail Runner GTX,RUN,16564,12718,3846,30.2,false
2023-04-01,2023-Q2,DET,3,PPKB01,Kestrel Pro Carbon Paddle 16mm,PKB,4589,3854,735,19.1,false
2023-04-01,2023-Q2,DET,4,PPKB02,Aerion Outdoor Balls 6pk,PKB,3411,2748,663,24.1,false
2023-04-01,2023-Q2,DET,5,PVOL01,Ironpeak Indoor Game Ball,VOL,4425,4071,354,8.7,false
2023-04-01,2023-Q2,DET,6,PTEN01,Bramble Tour Racquet 98,TEN,5182,4868,314,6.5,false
2023-04-01,2023-Q2,DET,7,PCYC03,Kestrel Pro Smart Trainer,CYC,3842,3583,259,7.2,false
2023-04-01,2023-Q2,DET,8,PPKB03,Kestrel Pro Court Shoe,PKB,2136,1946,190,9.8,false
2023-04-01,2023-Q2,DET,9,PVOL02,Vela Knee Pads,VOL,3269,3101,168,5.4,false
2023-04-01,2023-Q2,DET,10,PVOL03,Kestrel Pro Beach Ball Pro,VOL,2343,2190,153,7.0,false
2023-07-01,2023-Q3,DET,1,PPKB01,Kestrel Pro Carbon Paddle 16mm,PKB,4908,3148,1760,55.9,false
2023-07-01,2023-Q3,DET,2,PRUN01,Kestrel Pro Tempo Road Shoe,RUN,16514,15077,1437,9.5,false
2023-07-01,2023-Q3,DET,3,PGLF04,Aerion Launch Monitor Mini,GLF,1083,0,1083,,true
2023-07-01,2023-Q3,DET,4,PVOL02,Vela Knee Pads,VOL,4095,3321,774,23.3,false
2023-07-01,2023-Q3,DET,5,PPKB03,Kestrel Pro Court Shoe,PKB,2308,1618,690,42.6,false
2023-07-01,2023-Q3,DET,6,PBSK01,Loftline Indoor Game Ball,BSK,7750,7137,613,8.6,false
2023-07-01,2023-Q3,DET,7,PSOC01,Stridewell Match Ball Pro,SOC,13550,13071,479,3.7,false
2023-07-01,2023-Q3,DET,8,PCLM01,Courtcraft Bouldering Shoe,CLM,1768,1360,408,30.0,false
2023-07-01,2023-Q3,DET,9,PBSK02,Courtcraft Court Shoe Low,BSK,5531,5150,381,7.4,false
2023-07-01,2023-Q3,DET,10,PPKB02,Aerion Outdoor Balls 6pk,PKB,3091,2726,365,13.4,false
2023-10-01,2023-Q4,DET,1,PGLF04,Aerion Launch Monitor Mini,GLF,1821,0,1821,,true
2023-10-01,2023-Q4,DET,2,PBSK01,Loftline Indoor Game Ball,BSK,10078,8907,1171,13.1,false
2023-10-01,2023-Q4,DET,3,PBSB04,Bramble USSSA Composite Bat,BSB,1143,0,1143,,true
2023-10-01,2023-Q4,DET,4,PPKB01,Kestrel Pro Carbon Paddle 16mm,PKB,5164,4049,1115,27.5,false
2023-10-01,2023-Q4,DET,5,PPKB02,Aerion Outdoor Balls 6pk,PKB,3763,2962,801,27.0,false
2023-10-01,2023-Q4,DET,6,PPKB03,Kestrel Pro Court Shoe,PKB,2540,2114,426,20.2,false
2023-10-01,2023-Q4,DET,7,PHKY01,Stridewell Composite Stick,HKY,4924,4584,340,7.4,false
2023-10-01,2023-Q4,DET,8,PBSK02,Courtcraft Court Shoe Low,BSK,6964,6670,294,4.4,false
2023-10-01,2023-Q4,DET,9,PCLM02,Ironpeak Chalk Bag,CLM,1920,1686,234,13.9,false
2023-10-01,2023-Q4,DET,10,PSOC02,Loftline FG Cleat Elite,SOC,10033,9868,165,1.7,false
2024-01-01,2024-Q1,DET,1,PBSB04,Bramble USSSA Composite Bat,BSB,2865,0,2865,,true
2024-01-01,2024-Q1,DET,2,PGLF04,Aerion Launch Monitor Mini,GLF,2798,0,2798,,true
2024-01-01,2024-Q1,DET,3,PRUN01,Kestrel Pro Tempo Road Shoe,RUN,17128,15201,1927,12.7,false
2024-01-01,2024-Q1,DET,4,PPKB01,Kestrel Pro Carbon Paddle 16mm,PKB,5478,4719,759,16.1,false
2024-01-01,2024-Q1,DET,5,PSOC01,Stridewell Match Ball Pro,SOC,9480,8897,583,6.6,false
2024-01-01,2024-Q1,DET,6,PPKB02,Aerion Outdoor Balls 6pk,PKB,3854,3275,579,17.7,false
2024-01-01,2024-Q1,DET,7,PBSK02,Courtcraft Court Shoe Low,BSK,5053,4547,506,11.1,false
2024-01-01,2024-Q1,DET,8,PCYC01,Aerion Gravel Bike 105,CYC,5500,5170,330,6.4,false
2024-01-01,2024-Q1,DET,9,PVOL01,Ironpeak Indoor Game Ball,VOL,3141,2828,313,11.1,false
2024-01-01,2024-Q1,DET,10,PVOL02,Vela Knee Pads,VOL,2249,1939,310,16.0,false
2024-04-01,2024-Q2,DET,1,PRUN03,Kestrel Pro Carbon Race Flat,RUN,3794,0,3794,,true
2024-04-01,2024-Q2,DET,2,PGLF04,Aerion Launch Monitor Mini,GLF,3034,0,3034,,true
2024-04-01,2024-Q2,DET,3,PSOC01,Stridewell Match Ball Pro,SOC,13349,10565,2784,26.4,false
2024-04-01,2024-Q2,DET,4,PBSB04,Bramble USSSA Composite Bat,BSB,2600,0,2600,,true
2024-04-01,2024-Q2,DET,5,PPKB04,Loftline Thermoformed Pro Paddle,PKB,1482,0,1482,,true
2024-04-01,2024-Q2,DET,6,PVOL01,Ironpeak Indoor Game Ball,VOL,5407,4425,982,22.2,false
2024-04-01,2024-Q2,DET,7,PPKB03,Kestrel Pro Court Shoe,PKB,2940,2136,804,37.6,false
2024-04-01,2024-Q2,DET,8,PSOC03,Kestrel Pro Shin Guard Lite,SOC,6243,5479,764,13.9,false
2024-04-01,2024-Q2,DET,9,PVOL02,Vela Knee Pads,VOL,3816,3269,547,16.7,false
2024-04-01,2024-Q2,DET,10,PPKB01,Kestrel Pro Carbon Paddle 16mm,PKB,5130,4589,541,11.8,false
2024-07-01,2024-Q3,DET,1,PRUN03,Kestrel Pro Carbon Race Flat,RUN,7398,0,7398,,true
2024-07-01,2024-Q3,DET,2,PPKB04,Loftline Thermoformed Pro Paddle,PKB,2260,0,2260,,true
2024-07-01,2024-Q3,DET,3,PSOC01,Stridewell Match Ball Pro,SOC,15565,13550,2015,14.9,false
2024-07-01,2024-Q3,DET,4,PBSB04,Bramble USSSA Composite Bat,BSB,1478,0,1478,,true
2024-07-01,2024-Q3,DET,5,PGLF04,Aerion Launch Monitor Mini,GLF,2378,1083,1295,119.6,false
2024-07-01,2024-Q3,DET,6,PVOL01,Ironpeak Indoor Game Ball,VOL,5525,4371,1154,26.4,false
2024-07-01,2024-Q3,DET,7,PCLM04,Bramble Harness Lite,CLM,554,0,554,,true
2024-07-01,2024-Q3,DET,8,PPKB02,Aerion Outdoor Balls 6pk,PKB,3554,3091,463,15.0,false
2024-07-01,2024-Q3,DET,9,PFTB04,Kestrel Pro Flag Football Set,FTB,420,0,420,,true
2024-07-01,2024-Q3,DET,10,PBSK02,Courtcraft Court Shoe Low,BSK,5897,5531,366,6.6,false
2024-10-01,2024-Q4,DET,1,PRUN03,Kestrel Pro Carbon Race Flat,RUN,12844,0,12844,,true
2024-10-01,2024-Q4,DET,2,PPKB04,Loftline Thermoformed Pro Paddle,PKB,2684,0,2684,,true
2024-10-01,2024-Q4,DET,3,PSNW01,Loftline All-Mountain Ski,SNW,7024,4864,2160,44.4,false
2024-10-01,2024-Q4,DET,4,PSOC01,Stridewell Match Ball Pro,SOC,13231,11612,1619,13.9,false
2024-10-01,2024-Q4,DET,5,PBSB04,Bramble USSSA Composite Bat,BSB,2490,1143,1347,117.8,false
2024-10-01,2024-Q4,DET,6,PSNW02,Courtcraft Snowboard Boot,SNW,5117,3866,1251,32.4,false
2024-10-01,2024-Q4,DET,7,PCLM04,Bramble Harness Lite,CLM,1221,0,1221,,true
2024-10-01,2024-Q4,DET,8,PVOL04,Kestrel Pro Court Shoe Mid,VOL,1159,0,1159,,true
2024-10-01,2024-Q4,DET,9,PFTB04,Kestrel Pro Flag Football Set,FTB,764,0,764,,true
2024-10-01,2024-Q4,DET,10,PSOC03,Kestrel Pro Shin Guard Lite,SOC,7390,6686,704,10.5,false
2025-01-01,2025-Q1,DET,1,PRUN03,Kestrel Pro Carbon Race Flat,RUN,11839,0,11839,,true
2025-01-01,2025-Q1,DET,2,PPKB04,Loftline Thermoformed Pro Paddle,PKB,2753,185,2568,1388.1,false
2025-01-01,2025-Q1,DET,3,PSNW01,Loftline All-Mountain Ski,SNW,3731,2486,1245,50.1,false
2025-01-01,2025-Q1,DET,4,PVOL04,Kestrel Pro Court Shoe Mid,VOL,1132,0,1132,,true
2025-01-01,2025-Q1,DET,5,PBSK01,Loftline Indoor Game Ball,BSK,7173,6250,923,14.8,false
2025-01-01,2025-Q1,DET,6,PCLM04,Bramble Harness Lite,CLM,898,0,898,,true
2025-01-01,2025-Q1,DET,7,PSNW03,Kestrel Pro Insulated Shell,SNW,1944,1155,789,68.3,false
2025-01-01,2025-Q1,DET,8,PTEN01,Bramble Tour Racquet 98,TEN,4571,3965,606,15.3,false
2025-01-01,2025-Q1,DET,9,PLAX04,Courtcraft Mesh Head Pro,LAX,594,0,594,,true
2025-01-01,2025-Q1,DET,10,PFTB04,Kestrel Pro Flag Football Set,FTB,551,0,551,,true
2025-04-01,2025-Q2,DET,1,PRUN03,Kestrel Pro Carbon Race Flat,RUN,13302,3794,9508,250.6,false
2025-04-01,2025-Q2,DET,2,PVOL04,Kestrel Pro Court Shoe Mid,VOL,1903,0,1903,,true
2025-04-01,2025-Q2,DET,3,PFTB04,Kestrel Pro Flag Football Set,FTB,1516,0,1516,,true
2025-04-01,2025-Q2,DET,4,PPKB04,Loftline Thermoformed Pro Paddle,PKB,2998,1482,1516,102.3,false
2025-04-01,2025-Q2,DET,5,PSOC03,Kestrel Pro Shin Guard Lite,SOC,7516,6243,1273,20.4,false
2025-04-01,2025-Q2,DET,6,PPKB02,Aerion Outdoor Balls 6pk,PKB,4546,3886,660,17.0,false
2025-04-01,2025-Q2,DET,7,PLAX04,Courtcraft Mesh Head Pro,LAX,545,0,545,,true
2025-04-01,2025-Q2,DET,8,PGLF01,Vela Game-Improvement Irons,GLF,5962,5427,535,9.9,false
2025-04-01,2025-Q2,DET,9,PCLM04,Bramble Harness Lite,CLM,731,255,476,186.7,false
2025-04-01,2025-Q2,DET,10,PSOC02,Loftline FG Cleat Elite,SOC,9525,9272,253,2.7,false
2025-07-01,2025-Q3,DET,1,PRUN03,Kestrel Pro Carbon Race Flat,RUN,10367,7398,2969,40.1,false
2025-07-01,2025-Q3,DET,2,PVOL04,Kestrel Pro Court Shoe Mid,VOL,2715,197,2518,1278.2,false
2025-07-01,2025-Q3,DET,3,PBSK01,Loftline Indoor Game Ball,BSK,8531,7404,1127,15.2,false
2025-07-01,2025-Q3,DET,4,PPKB01,Kestrel Pro Carbon Paddle 16mm,PKB,5245,4152,1093,26.3,false
2025-07-01,2025-Q3,DET,5,PFTB04,Kestrel Pro Flag Football Set,FTB,1490,420,1070,254.8,false
2025-07-01,2025-Q3,DET,6,PSOC02,Loftline FG Cleat Elite,SOC,11682,10854,828,7.6,false
2025-07-01,2025-Q3,DET,7,PPKB04,Loftline Thermoformed Pro Paddle,PKB,2874,2260,614,27.2,false
2025-07-01,2025-Q3,DET,8,PSOC03,Kestrel Pro Shin Guard Lite,SOC,7194,6612,582,8.8,false
2025-07-01,2025-Q3,DET,9,PPKB03,Kestrel Pro Court Shoe,PKB,2548,2010,538,26.8,false
2025-07-01,2025-Q3,DET,10,PLAX04,Courtcraft Mesh Head Pro,LAX,365,0,365,,true
2025-10-01,2025-Q4,DET,1,PVOL04,Kestrel Pro Court Shoe Mid,VOL,2268,1159,1109,95.7,false
2025-10-01,2025-Q4,DET,2,PPKB02,Aerion Outdoor Balls 6pk,PKB,4889,3843,1046,27.2,false
2025-10-01,2025-Q4,DET,3,PBSK02,Courtcraft Court Shoe Low,BSK,8082,7107,975,13.7,false
2025-10-01,2025-Q4,DET,4,PPKB01,Kestrel Pro Carbon Paddle 16mm,PKB,5700,4955,745,15.0,false
2025-10-01,2025-Q4,DET,5,PBSK03,Kestrel Pro Portable Hoop 54in,BSK,5152,4490,662,14.7,false
2025-10-01,2025-Q4,DET,6,PPKB04,Loftline Thermoformed Pro Paddle,PKB,3317,2684,633,23.6,false
2025-10-01,2025-Q4,DET,7,PBSB04,Bramble USSSA Composite Bat,BSB,3051,2490,561,22.5,false
2025-10-01,2025-Q4,DET,8,PSOC04,Ironpeak 2026 Host City Replica Ball,SOC,522,0,522,,true
2025-10-01,2025-Q4,DET,9,PPKB03,Kestrel Pro Court Shoe,PKB,3102,2614,488,18.7,false
2025-10-01,2025-Q4,DET,10,PCLM01,Courtcraft Bouldering Shoe,CLM,2383,1901,482,25.4,false
2026-01-01,2026-Q1,DET,1,PSOC04,Ironpeak 2026 Host City Replica Ball,SOC,2240,0,2240,,true
2026-01-01,2026-Q1,DET,2,PRUN03,Kestrel Pro Carbon Race Flat,RUN,12844,11839,1005,8.5,false
2026-01-01,2026-Q1,DET,3,PPKB01,Kestrel Pro Carbon Paddle 16mm,PKB,5847,5175,672,13.0,false
2026-01-01,2026-Q1,DET,4,PPKB04,Loftline Thermoformed Pro Paddle,PKB,3401,2753,648,23.5,false
2026-01-01,2026-Q1,DET,5,PBSB01,Courtcraft BBCOR Alloy Bat,BSB,6251,5665,586,10.3,false
2026-01-01,2026-Q1,DET,6,PPKB02,Aerion Outdoor Balls 6pk,PKB,4155,3571,584,16.4,false
2026-01-01,2026-Q1,DET,7,PVOL04,Kestrel Pro Court Shoe Mid,VOL,1643,1132,511,45.1,false
2026-01-01,2026-Q1,DET,8,PPKB03,Kestrel Pro Court Shoe,PKB,2882,2409,473,19.6,false
2026-01-01,2026-Q1,DET,9,PBSB02,Ironpeak Fielding Glove 11.75,BSB,4359,4029,330,8.2,false
2026-01-01,2026-Q1,DET,10,PVOL01,Ironpeak Indoor Game Ball,VOL,2664,2440,224,9.2,false
2026-04-01,2026-Q2,DET,1,PSOC04,Ironpeak 2026 Host City Replica Ball,SOC,5569,0,5569,,true
2026-04-01,2026-Q2,DET,2,PPKB01,Kestrel Pro Carbon Paddle 16mm,PKB,6425,5242,1183,22.6,false
2026-04-01,2026-Q2,DET,3,PVOL01,Ironpeak Indoor Game Ball,VOL,4664,3556,1108,31.2,false
2026-04-01,2026-Q2,DET,4,PVOL02,Vela Knee Pads,VOL,3272,2480,792,31.9,false
2026-04-01,2026-Q2,DET,5,PVOL04,Kestrel Pro Court Shoe Mid,VOL,2587,1903,684,35.9,false
2026-04-01,2026-Q2,DET,6,PPKB03,Kestrel Pro Court Shoe,PKB,3251,2594,657,25.3,false
2026-04-01,2026-Q2,DET,7,PVOL03,Kestrel Pro Beach Ball Pro,VOL,2314,1804,510,28.3,false
2026-04-01,2026-Q2,DET,8,PPKB04,Loftline Thermoformed Pro Paddle,PKB,3481,2998,483,16.1,false
2026-04-01,2026-Q2,DET,9,PBSB01,Courtcraft BBCOR Alloy Bat,BSB,5092,4765,327,6.9,false
2026-04-01,2026-Q2,DET,10,PPKB02,Aerion Outdoor Balls 6pk,PKB,4853,4546,307,6.8,false
2023-01-01,2023-Q1,NSH,1,PPKB01,Kestrel Pro Carbon Paddle 16mm,PKB,634,400,234,58.5,false
2023-01-01,2023-Q1,NSH,2,PSOC02,Loftline FG Cleat Elite,SOC,636,413,223,54.0,false
2023-01-01,2023-Q1,NSH,3,PSOC01,Stridewell Match Ball Pro,SOC,750,547,203,37.1,false
2023-01-01,2023-Q1,NSH,4,PPKB02,Aerion Outdoor Balls 6pk,PKB,482,283,199,70.3,false
2023-01-01,2023-Q1,NSH,5,PBSB01,Courtcraft BBCOR Alloy Bat,BSB,840,668,172,25.7,false
2023-01-01,2023-Q1,NSH,6,PTEN01,Bramble Tour Racquet 98,TEN,415,298,117,39.3,false
2023-01-01,2023-Q1,NSH,7,PSOC03,Kestrel Pro Shin Guard Lite,SOC,391,276,115,41.7,false
2023-01-01,2023-Q1,NSH,8,PBSB03,Kestrel Pro Batting Helmet,BSB,424,320,104,32.5,false
2023-01-01,2023-Q1,NSH,9,PRUN01,Kestrel Pro Tempo Road Shoe,RUN,1552,1451,101,7.0,false
2023-01-01,2023-Q1,NSH,10,PBSB02,Ironpeak Fielding Glove 11.75,BSB,657,570,87,15.3,false
2023-04-01,2023-Q2,NSH,1,PRUN01,Kestrel Pro Tempo Road Shoe,RUN,1694,1338,356,26.6,false
2023-04-01,2023-Q2,NSH,2,PPKB01,Kestrel Pro Carbon Paddle 16mm,PKB,715,447,268,60.0,false
2023-04-01,2023-Q2,NSH,3,PPKB02,Aerion Outdoor Balls 6pk,PKB,563,334,229,68.6,false
2023-04-01,2023-Q2,NSH,4,PBSB01,Courtcraft BBCOR Alloy Bat,BSB,710,495,215,43.4,false
2023-04-01,2023-Q2,NSH,5,PSOC02,Loftline FG Cleat Elite,SOC,890,703,187,26.6,false
2023-04-01,2023-Q2,NSH,6,PSOC01,Stridewell Match Ball Pro,SOC,1091,953,138,14.5,false
2023-04-01,2023-Q2,NSH,7,PRUN04,Loftline Hydration Vest,RUN,447,311,136,43.7,false
2023-04-01,2023-Q2,NSH,8,PSOC03,Kestrel Pro Shin Guard Lite,SOC,545,427,118,27.6,false
2023-04-01,2023-Q2,NSH,9,PPKB03,Kestrel Pro Court Shoe,PKB,348,235,113,48.1,false
2023-04-01,2023-Q2,NSH,10,PBSK01,Loftline Indoor Game Ball,BSK,555,443,112,25.3,false
2023-07-01,2023-Q3,NSH,1,PRUN01,Kestrel Pro Tempo Road Shoe,RUN,1498,1244,254,20.4,false
2023-07-01,2023-Q3,NSH,2,PPKB01,Kestrel Pro Carbon Paddle 16mm,PKB,702,460,242,52.6,false
2023-07-01,2023-Q3,NSH,3,PSOC01,Stridewell Match Ball Pro,SOC,1270,1038,232,22.4,false
2023-07-01,2023-Q3,NSH,4,PBSK01,Loftline Indoor Game Ball,BSK,734,508,226,44.5,false
2023-07-01,2023-Q3,NSH,5,PPKB02,Aerion Outdoor Balls 6pk,PKB,532,362,170,47.0,false
2023-07-01,2023-Q3,NSH,6,PSOC02,Loftline FG Cleat Elite,SOC,979,811,168,20.7,false
2023-07-01,2023-Q3,NSH,7,PSOC03,Kestrel Pro Shin Guard Lite,SOC,637,511,126,24.7,false
2023-07-01,2023-Q3,NSH,8,PGLF04,Aerion Launch Monitor Mini,GLF,126,0,126,,true
2023-07-01,2023-Q3,NSH,9,PFTB01,Ironpeak Youth Helmet,FTB,583,490,93,19.0,false
2023-07-01,2023-Q3,NSH,10,PPKB03,Kestrel Pro Court Shoe,PKB,332,250,82,32.8,false
2023-10-01,2023-Q4,NSH,1,PRUN01,Kestrel Pro Tempo Road Shoe,RUN,1861,1445,416,28.8,false
2023-10-01,2023-Q4,NSH,2,PPKB01,Kestrel Pro Carbon Paddle 16mm,PKB,903,618,285,46.1,false
2023-10-01,2023-Q4,NSH,3,PSOC01,Stridewell Match Ball Pro,SOC,1294,1040,254,24.4,false
2023-10-01,2023-Q4,NSH,4,PBSK01,Loftline Indoor Game Ball,BSK,1005,751,254,33.8,false
2023-10-01,2023-Q4,NSH,5,PPKB02,Aerion Outdoor Balls 6pk,PKB,719,484,235,48.6,false
2023-10-01,2023-Q4,NSH,6,PGLF04,Aerion Launch Monitor Mini,GLF,229,0,229,,true
2023-10-01,2023-Q4,NSH,7,PRUN02,Aerion Trail Runner GTX,RUN,1286,1102,184,16.7,false
2023-10-01,2023-Q4,NSH,8,PBSK02,Courtcraft Court Shoe Low,BSK,754,575,179,31.1,false
2023-10-01,2023-Q4,NSH,9,PBSB02,Ironpeak Fielding Glove 11.75,BSB,619,449,170,37.9,false
2023-10-01,2023-Q4,NSH,10,PBSB04,Bramble USSSA Composite Bat,BSB,156,0,156,,true
2024-01-01,2024-Q1,NSH,1,PPKB01,Kestrel Pro Carbon Paddle 16mm,PKB,1030,634,396,62.5,false
2024-01-01,2024-Q1,NSH,2,PGLF04,Aerion Launch Monitor Mini,GLF,353,0,353,,true
2024-01-01,2024-Q1,NSH,3,PBSB04,Bramble USSSA Composite Bat,BSB,332,0,332,,true
2024-01-01,2024-Q1,NSH,4,PPKB02,Aerion Outdoor Balls 6pk,PKB,781,482,299,62.0,false
2024-01-01,2024-Q1,NSH,5,PPKB03,Kestrel Pro Court Shoe,PKB,573,285,288,101.1,false
2024-01-01,2024-Q1,NSH,6,PRUN01,Kestrel Pro Tempo Road Shoe,RUN,1835,1552,283,18.2,false
2024-01-01,2024-Q1,NSH,7,PRUN02,Aerion Trail Runner GTX,RUN,1402,1161,241,20.8,false
2024-01-01,2024-Q1,NSH,8,PSOC01,Stridewell Match Ball Pro,SOC,978,750,228,30.4,false
2024-01-01,2024-Q1,NSH,9,PSOC02,Loftline FG Cleat Elite,SOC,800,636,164,25.8,false
2024-01-01,2024-Q1,NSH,10,PBSK02,Courtcraft Court Shoe Low,BSK,443,315,128,40.6,false
2024-04-01,2024-Q2,NSH,1,PGLF04,Aerion Launch Monitor Mini,GLF,430,0,430,,true
2024-04-01,2024-Q2,NSH,2,PBSB04,Bramble USSSA Composite Bat,BSB,396,0,396,,true
2024-04-01,2024-Q2,NSH,3,PRUN03,Kestrel Pro Carbon Race Flat,RUN,382,0,382,,true
2024-04-01,2024-Q2,NSH,4,PPKB01,Kestrel Pro Carbon Paddle 16mm,PKB,1003,715,288,40.3,false
2024-04-01,2024-Q2,NSH,5,PPKB04,Loftline Thermoformed Pro Paddle,PKB,278,0,278,,true
2024-04-01,2024-Q2,NSH,6,PPKB02,Aerion Outdoor Balls 6pk,PKB,727,563,164,29.1,false
2024-04-01,2024-Q2,NSH,7,PSOC02,Loftline FG Cleat Elite,SOC,1040,890,150,16.9,false
2024-04-01,2024-Q2,NSH,8,PPKB03,Kestrel Pro Court Shoe,PKB,480,348,132,37.9,false
2024-04-01,2024-Q2,NSH,9,PRUN02,Aerion Trail Runner GTX,RUN,1234,1103,131,11.9,false
2024-04-01,2024-Q2,NSH,10,PSOC03,Kestrel Pro Shin Guard Lite,SOC,676,545,131,24.0,false
2024-07-01,2024-Q3,NSH,1,PRUN03,Kestrel Pro Carbon Race Flat,RUN,863,0,863,,true
2024-07-01,2024-Q3,NSH,2,PPKB04,Loftline Thermoformed Pro Paddle,PKB,427,0,427,,true
2024-07-01,2024-Q3,NSH,3,PSOC01,Stridewell Match Ball Pro,SOC,1668,1270,398,31.3,false
2024-07-01,2024-Q3,NSH,4,PSOC03,Kestrel Pro Shin Guard Lite,SOC,986,637,349,54.8,false
2024-07-01,2024-Q3,NSH,5,PSOC02,Loftline FG Cleat Elite,SOC,1241,979,262,26.8,false
2024-07-01,2024-Q3,NSH,6,PBSB04,Bramble USSSA Composite Bat,BSB,236,0,236,,true
2024-07-01,2024-Q3,NSH,7,PVOL01,Ironpeak Indoor Game Ball,VOL,559,383,176,46.0,false
2024-07-01,2024-Q3,NSH,8,PGLF04,Aerion Launch Monitor Mini,GLF,294,126,168,133.3,false
2024-07-01,2024-Q3,NSH,9,PVOL02,Vela Knee Pads,VOL,467,302,165,54.6,false
2024-07-01,2024-Q3,NSH,10,PTEN01,Bramble Tour Racquet 98,TEN,470,336,134,39.9,false
2024-10-01,2024-Q4,NSH,1,PRUN03,Kestrel Pro Carbon Race Flat,RUN,1480,0,1480,,true
2024-10-01,2024-Q4,NSH,2,PPKB04,Loftline Thermoformed Pro Paddle,PKB,631,0,631,,true
2024-10-01,2024-Q4,NSH,3,PSOC01,Stridewell Match Ball Pro,SOC,1757,1294,463,35.8,false
2024-10-01,2024-Q4,NSH,4,PBSB04,Bramble USSSA Composite Bat,BSB,414,156,258,165.4,false
2024-10-01,2024-Q4,NSH,5,PPKB01,Kestrel Pro Carbon Paddle 16mm,PKB,1108,903,205,22.7,false
2024-10-01,2024-Q4,NSH,6,PSOC02,Loftline FG Cleat Elite,SOC,1156,974,182,18.7,false
2024-10-01,2024-Q4,NSH,7,PPKB02,Aerion Outdoor Balls 6pk,PKB,897,719,178,24.8,false
2024-10-01,2024-Q4,NSH,8,PSOC03,Kestrel Pro Shin Guard Lite,SOC,759,596,163,27.3,false
2024-10-01,2024-Q4,NSH,9,PFTB04,Kestrel Pro Flag Football Set,FTB,137,0,137,,true
2024-10-01,2024-Q4,NSH,10,PCLM04,Bramble Harness Lite,CLM,134,0,134,,true
2025-01-01,2025-Q1,NSH,1,PRUN03,Kestrel Pro Carbon Race Flat,RUN,1442,0,1442,,true
2025-01-01,2025-Q1,NSH,2,PPKB04,Loftline Thermoformed Pro Paddle,PKB,672,37,635,1716.2,false
2025-01-01,2025-Q1,NSH,3,PPKB01,Kestrel Pro Carbon Paddle 16mm,PKB,1306,1030,276,26.8,false
2025-01-01,2025-Q1,NSH,4,PBSK01,Loftline Indoor Game Ball,BSK,789,587,202,34.4,false
2025-01-01,2025-Q1,NSH,5,PBSB04,Bramble USSSA Composite Bat,BSB,527,332,195,58.7,false
2025-01-01,2025-Q1,NSH,6,PLAX04,Courtcraft Mesh Head Pro,LAX,146,0,146,,true
2025-01-01,2025-Q1,NSH,7,PVOL04,Kestrel Pro Court Shoe Mid,VOL,126,0,126,,true
2025-01-01,2025-Q1,NSH,8,PTEN01,Bramble Tour Racquet 98,TEN,551,432,119,27.5,false
2025-01-01,2025-Q1,NSH,9,PCLM04,Bramble Harness Lite,CLM,113,0,113,,true
2025-01-01,2025-Q1,NSH,10,PBSK03,Kestrel Pro Portable Hoop 54in,BSK,382,272,110,40.4,false
2025-04-01,2025-Q2,NSH,1,PRUN03,Kestrel Pro Carbon Race Flat,RUN,1723,382,1341,351.0,false
2025-04-01,2025-Q2,NSH,2,PPKB01,Kestrel Pro Carbon Paddle 16mm,PKB,1633,1003,630,62.8,false
2025-04-01,2025-Q2,NSH,3,PPKB04,Loftline Thermoformed Pro Paddle,PKB,741,278,463,166.5,false
2025-04-01,2025-Q2,NSH,4,PSOC01,Stridewell Match Ball Pro,SOC,1519,1208,311,25.7,false
2025-04-01,2025-Q2,NSH,5,PPKB02,Aerion Outdoor Balls 6pk,PKB,1008,727,281,38.7,false
2025-04-01,2025-Q2,NSH,6,PPKB03,Kestrel Pro Court Shoe,PKB,734,480,254,52.9,false
2025-04-01,2025-Q2,NSH,7,PFTB04,Kestrel Pro Flag Football Set,FTB,236,0,236,,true
2025-04-01,2025-Q2,NSH,8,PVOL04,Kestrel Pro Court Shoe Mid,VOL,210,0,210,,true
2025-04-01,2025-Q2,NSH,9,PLAX04,Courtcraft Mesh Head Pro,LAX,136,0,136,,true
2025-04-01,2025-Q2,NSH,10,PGLF01,Vela Game-Improvement Irons,GLF,921,793,128,16.1,false
2025-07-01,2025-Q3,NSH,1,PRUN03,Kestrel Pro Carbon Race Flat,RUN,1428,863,565,65.5,false
2025-07-01,2025-Q3,NSH,2,PPKB01,Kestrel Pro Carbon Paddle 16mm,PKB,1322,834,488,58.5,false
2025-07-01,2025-Q3,NSH,3,PPKB02,Aerion Outdoor Balls 6pk,PKB,945,622,323,51.9,false
2025-07-01,2025-Q3,NSH,4,PPKB04,Loftline Thermoformed Pro Paddle,PKB,735,427,308,72.1,false
2025-07-01,2025-Q3,NSH,5,PPKB03,Kestrel Pro Court Shoe,PKB,669,396,273,68.9,false
2025-07-01,2025-Q3,NSH,6,PVOL04,Kestrel Pro Court Shoe Mid,VOL,285,19,266,1400.0,false
2025-07-01,2025-Q3,NSH,7,PFTB04,Kestrel Pro Flag Football Set,FTB,328,65,263,404.6,false
2025-07-01,2025-Q3,NSH,8,PSOC02,Loftline FG Cleat Elite,SOC,1467,1241,226,18.2,false
2025-07-01,2025-Q3,NSH,9,PBSB01,Courtcraft BBCOR Alloy Bat,BSB,481,332,149,44.9,false
2025-07-01,2025-Q3,NSH,10,PBSK01,Loftline Indoor Game Ball,BSK,936,792,144,18.2,false
2025-10-01,2025-Q4,NSH,1,PSOC02,Loftline FG Cleat Elite,SOC,1467,1156,311,26.9,false
2025-10-01,2025-Q4,NSH,2,PPKB01,Kestrel Pro Carbon Paddle 16mm,PKB,1407,1108,299,27.0,false
2025-10-01,2025-Q4,NSH,3,PPKB04,Loftline Thermoformed Pro Paddle,PKB,911,631,280,44.4,false
2025-10-01,2025-Q4,NSH,4,PRUN03,Kestrel Pro Carbon Race Flat,RUN,1759,1480,279,18.9,false
2025-10-01,2025-Q4,NSH,5,PBSK01,Loftline Indoor Game Ball,BSK,1360,1092,268,24.5,false
2025-10-01,2025-Q4,NSH,6,PPKB02,Aerion Outdoor Balls 6pk,PKB,1160,897,263,29.3,false
2025-10-01,2025-Q4,NSH,7,PSOC01,Stridewell Match Ball Pro,SOC,1984,1757,227,12.9,false
2025-10-01,2025-Q4,NSH,8,PPKB03,Kestrel Pro Court Shoe,PKB,728,525,203,38.7,false
2025-10-01,2025-Q4,NSH,9,PSOC03,Kestrel Pro Shin Guard Lite,SOC,954,759,195,25.7,false
2025-10-01,2025-Q4,NSH,10,PBSB01,Courtcraft BBCOR Alloy Bat,BSB,912,733,179,24.4,false
2026-01-01,2026-Q1,NSH,1,PBSB01,Courtcraft BBCOR Alloy Bat,BSB,1297,875,422,48.2,false
2026-01-01,2026-Q1,NSH,2,PRUN03,Kestrel Pro Carbon Race Flat,RUN,1856,1442,414,28.7,false
2026-01-01,2026-Q1,NSH,3,PRUN01,Kestrel Pro Tempo Road Shoe,RUN,1821,1477,344,23.3,false
2026-01-01,2026-Q1,NSH,4,PSOC04,Ironpeak 2026 Host City Replica Ball,SOC,329,0,329,,true
2026-01-01,2026-Q1,NSH,5,PSOC01,Stridewell Match Ball Pro,SOC,1289,1005,284,28.3,false
2026-01-01,2026-Q1,NSH,6,PBSK02,Courtcraft Court Shoe Low,BSK,764,489,275,56.2,false
2026-01-01,2026-Q1,NSH,7,PBSK01,Loftline Indoor Game Ball,BSK,1018,789,229,29.0,false
2026-01-01,2026-Q1,NSH,8,PCYC02,Stridewell Road Helmet MIPS,CYC,654,430,224,52.1,false
2026-01-01,2026-Q1,NSH,9,PPKB02,Aerion Outdoor Balls 6pk,PKB,1102,885,217,24.5,false
2026-01-01,2026-Q1,NSH,10,PPKB04,Loftline Thermoformed Pro Paddle,PKB,871,672,199,29.6,false
2026-04-01,2026-Q2,NSH,1,PSOC04,Ironpeak 2026 Host City Replica Ball,SOC,855,0,855,,true
2026-04-01,2026-Q2,NSH,2,PPKB02,Aerion Outdoor Balls 6pk,PKB,1488,1008,480,47.6,false
2026-04-01,2026-Q2,NSH,3,PRUN03,Kestrel Pro Carbon Race Flat,RUN,2071,1723,348,20.2,false
2026-04-01,2026-Q2,NSH,4,PPKB04,Loftline Thermoformed Pro Paddle,PKB,1077,741,336,45.3,false
2026-04-01,2026-Q2,NSH,5,PSOC02,Loftline FG Cleat Elite,SOC,1412,1095,317,28.9,false
2026-04-01,2026-Q2,NSH,6,PRUN01,Kestrel Pro Tempo Road Shoe,RUN,1844,1563,281,18.0,false
2026-04-01,2026-Q2,NSH,7,PSOC03,Kestrel Pro Shin Guard Lite,SOC,955,693,262,37.8,false
2026-04-01,2026-Q2,NSH,8,PSOC01,Stridewell Match Ball Pro,SOC,1767,1519,248,16.3,false
2026-04-01,2026-Q2,NSH,9,PBSK01,Loftline Indoor Game Ball,BSK,891,653,238,36.4,false
2026-04-01,2026-Q2,NSH,10,PPKB03,Kestrel Pro Court Shoe,PKB,908,734,174,23.7,false
2023-01-01,2023-Q1,AUS,1,PSOC01,Stridewell Match Ball Pro,SOC,859,617,242,39.2,false
2023-01-01,2023-Q1,AUS,2,PRUN01,Kestrel Pro Tempo Road Shoe,RUN,1759,1545,214,13.9,false
2023-01-01,2023-Q1,AUS,3,PGLF01,Vela Game-Improvement Irons,GLF,894,712,182,25.6,false
2023-01-01,2023-Q1,AUS,4,PPKB02,Aerion Outdoor Balls 6pk,PKB,552,395,157,39.7,false
2023-01-01,2023-Q1,AUS,5,PPKB01,Kestrel Pro Carbon Paddle 16mm,PKB,742,593,149,25.1,false
2023-01-01,2023-Q1,AUS,6,PBSB02,Ironpeak Fielding Glove 11.75,BSB,723,576,147,25.5,false
2023-01-01,2023-Q1,AUS,7,PRUN02,Aerion Trail Runner GTX,RUN,1359,1214,145,11.9,false
2023-01-01,2023-Q1,AUS,8,PBSB01,Courtcraft BBCOR Alloy Bat,BSB,915,784,131,16.7,false
2023-01-01,2023-Q1,AUS,9,PPKB03,Kestrel Pro Court Shoe,PKB,352,228,124,54.4,false
2023-01-01,2023-Q1,AUS,10,PVOL01,Ironpeak Indoor Game Ball,VOL,313,225,88,39.1,false
2023-04-01,2023-Q2,AUS,1,PRUN01,Kestrel Pro Tempo Road Shoe,RUN,2308,1616,692,42.8,false
2023-04-01,2023-Q2,AUS,2,PRUN02,Aerion Trail Runner GTX,RUN,1591,1153,438,38.0,false
2023-04-01,2023-Q2,AUS,3,PSOC02,Loftline FG Cleat Elite,SOC,1172,759,413,54.4,false
2023-04-01,2023-Q2,AUS,4,PSOC01,Stridewell Match Ball Pro,SOC,1482,1072,410,38.2,false
2023-04-01,2023-Q2,AUS,5,PPKB01,Kestrel Pro Carbon Paddle 16mm,PKB,900,539,361,67.0,false
2023-04-01,2023-Q2,AUS,6,PPKB02,Aerion Outdoor Balls 6pk,PKB,672,448,224,50.0,false
2023-04-01,2023-Q2,AUS,7,PBSK01,Loftline Indoor Game Ball,BSK,628,432,196,45.4,false
2023-04-01,2023-Q2,AUS,8,PRUN04,Loftline Hydration Vest,RUN,585,398,187,47.0,false
2023-04-01,2023-Q2,AUS,9,PBSB01,Courtcraft BBCOR Alloy Bat,BSB,843,664,179,27.0,false
2023-04-01,2023-Q2,AUS,10,PPKB03,Kestrel Pro Court Shoe,PKB,461,282,179,63.5,false
2023-07-01,2023-Q3,AUS,1,PSOC02,Loftline FG Cleat Elite,SOC,1307,808,499,61.8,false
2023-07-01,2023-Q3,AUS,2,PSOC01,Stridewell Match Ball Pro,SOC,1525,1156,369,31.9,false
2023-07-01,2023-Q3,AUS,3,PPKB01,Kestrel Pro Carbon Paddle 16mm,PKB,874,576,298,51.7,false
2023-07-01,2023-Q3,AUS,4,PPKB02,Aerion Outdoor Balls 6pk,PKB,674,405,269,66.4,false
2023-07-01,2023-Q3,AUS,5,PSOC03,Kestrel Pro Shin Guard Lite,SOC,797,549,248,45.2,false
2023-07-01,2023-Q3,AUS,6,PRUN01,Kestrel Pro Tempo Road Shoe,RUN,1684,1518,166,10.9,false
2023-07-01,2023-Q3,AUS,7,PPKB03,Kestrel Pro Court Shoe,PKB,436,283,153,54.1,false
2023-07-01,2023-Q3,AUS,8,PVOL02,Vela Knee Pads,VOL,458,330,128,38.8,false
2023-07-01,2023-Q3,AUS,9,PGLF04,Aerion Launch Monitor Mini,GLF,120,0,120,,true
2023-07-01,2023-Q3,AUS,10,PBSK02,Courtcraft Court Shoe Low,BSK,606,503,103,20.5,false
2023-10-01,2023-Q4,AUS,1,PRUN01,Kestrel Pro Tempo Road Shoe,RUN,1982,1507,475,31.5,false
2023-10-01,2023-Q4,AUS,2,PPKB02,Aerion Outdoor Balls 6pk,PKB,791,469,322,68.7,false
2023-10-01,2023-Q4,AUS,3,PPKB01,Kestrel Pro Carbon Paddle 16mm,PKB,998,742,256,34.5,false
2023-10-01,2023-Q4,AUS,4,PGLF04,Aerion Launch Monitor Mini,GLF,232,0,232,,true
2023-10-01,2023-Q4,AUS,5,PBSK02,Courtcraft Court Shoe Low,BSK,883,705,178,25.2,false
2023-10-01,2023-Q4,AUS,6,PPKB03,Kestrel Pro Court Shoe,PKB,506,328,178,54.3,false
2023-10-01,2023-Q4,AUS,7,PSOC03,Kestrel Pro Shin Guard Lite,SOC,750,591,159,26.9,false
2023-10-01,2023-Q4,AUS,8,PBSB04,Bramble USSSA Composite Bat,BSB,150,0,150,,true
2023-10-01,2023-Q4,AUS,9,PVOL01,Ironpeak Indoor Game Ball,VOL,518,372,146,39.2,false
2023-10-01,2023-Q4,AUS,10,PRUN02,Aerion Trail Runner GTX,RUN,1444,1303,141,10.8,false
2024-01-01,2024-Q1,AUS,1,PRUN01,Kestrel Pro Tempo Road Shoe,RUN,2171,1759,412,23.4,false
2024-01-01,2024-Q1,AUS,2,PGLF04,Aerion Launch Monitor Mini,GLF,392,0,392,,true
2024-01-01,2024-Q1,AUS,3,PBSB04,Bramble USSSA Composite Bat,BSB,379,0,379,,true
2024-01-01,2024-Q1,AUS,4,PPKB01,Kestrel Pro Carbon Paddle 16mm,PKB,1041,742,299,40.3,false
2024-01-01,2024-Q1,AUS,5,PRUN02,Aerion Trail Runner GTX,RUN,1579,1359,220,16.2,false
2024-01-01,2024-Q1,AUS,6,PPKB02,Aerion Outdoor Balls 6pk,PKB,765,552,213,38.6,false
2024-01-01,2024-Q1,AUS,7,PPKB03,Kestrel Pro Court Shoe,PKB,502,352,150,42.6,false
2024-01-01,2024-Q1,AUS,8,PSOC02,Loftline FG Cleat Elite,SOC,734,644,90,14.0,false
2024-01-01,2024-Q1,AUS,9,PRUN04,Loftline Hydration Vest,RUN,510,428,82,19.2,false
2024-01-01,2024-Q1,AUS,10,PBSB03,Kestrel Pro Batting Helmet,BSB,486,426,60,14.1,false
2024-04-01,2024-Q2,AUS,1,PRUN03,Kestrel Pro Carbon Race Flat,RUN,492,0,492,,true
2024-04-01,2024-Q2,AUS,2,PGLF04,Aerion Launch Monitor Mini,GLF,487,0,487,,true
2024-04-01,2024-Q2,AUS,3,PBSB04,Bramble USSSA Composite Bat,BSB,472,0,472,,true
2024-04-01,2024-Q2,AUS,4,PPKB04,Loftline Thermoformed Pro Paddle,PKB,333,0,333,,true
2024-04-01,2024-Q2,AUS,5,PPKB01,Kestrel Pro Carbon Paddle 16mm,PKB,1214,900,314,34.9,false
2024-04-01,2024-Q2,AUS,6,PPKB02,Aerion Outdoor Balls 6pk,PKB,913,672,241,35.9,false
2024-04-01,2024-Q2,AUS,7,PVOL01,Ironpeak Indoor Game Ball,VOL,634,447,187,41.8,false
2024-04-01,2024-Q2,AUS,8,PSOC01,Stridewell Match Ball Pro,SOC,1628,1482,146,9.9,false
2024-04-01,2024-Q2,AUS,9,PVOL02,Vela Knee Pads,VOL,436,317,119,37.5,false
2024-04-01,2024-Q2,AUS,10,PBSK02,Courtcraft Court Shoe Low,BSK,600,488,112,23.0,false
2024-07-01,2024-Q3,AUS,1,PRUN03,Kestrel Pro Carbon Race Flat,RUN,1120,0,1120,,true
2024-07-01,2024-Q3,AUS,2,PPKB04,Loftline Thermoformed Pro Paddle,PKB,483,0,483,,true
2024-07-01,2024-Q3,AUS,3,PSOC01,Stridewell Match Ball Pro,SOC,1805,1525,280,18.4,false
2024-07-01,2024-Q3,AUS,4,PBSB04,Bramble USSSA Composite Bat,BSB,227,0,227,,true
2024-07-01,2024-Q3,AUS,5,PGLF04,Aerion Launch Monitor Mini,GLF,337,120,217,180.8,false
2024-07-01,2024-Q3,AUS,6,PBSK01,Loftline Indoor Game Ball,BSK,865,708,157,22.2,false
2024-07-01,2024-Q3,AUS,7,PSOC03,Kestrel Pro Shin Guard Lite,SOC,924,797,127,15.9,false
2024-07-01,2024-Q3,AUS,8,PVOL02,Vela Knee Pads,VOL,548,458,90,19.7,false
2024-07-01,2024-Q3,AUS,9,PPKB03,Kestrel Pro Court Shoe,PKB,521,436,85,19.5,false
2024-07-01,2024-Q3,AUS,10,PFTB04,Kestrel Pro Flag Football Set,FTB,83,0,83,,true
2024-10-01,2024-Q4,AUS,1,PRUN03,Kestrel Pro Carbon Race Flat,RUN,1631,0,1631,,true
2024-10-01,2024-Q4,AUS,2,PPKB04,Loftline Thermoformed Pro Paddle,PKB,673,0,673,,true
2024-10-01,2024-Q4,AUS,3,PSOC01,Stridewell Match Ball Pro,SOC,1886,1329,557,41.9,false
2024-10-01,2024-Q4,AUS,4,PBSB04,Bramble USSSA Composite Bat,BSB,484,150,334,222.7,false
2024-10-01,2024-Q4,AUS,5,PPKB01,Kestrel Pro Carbon Paddle 16mm,PKB,1302,998,304,30.5,false
2024-10-01,2024-Q4,AUS,6,PSOC02,Loftline FG Cleat Elite,SOC,1340,1084,256,23.6,false
2024-10-01,2024-Q4,AUS,7,PSOC03,Kestrel Pro Shin Guard Lite,SOC,992,750,242,32.3,false
2024-10-01,2024-Q4,AUS,8,PBSK01,Loftline Indoor Game Ball,BSK,1333,1093,240,22.0,false
2024-10-01,2024-Q4,AUS,9,PBSB01,Courtcraft BBCOR Alloy Bat,BSB,946,773,173,22.4,false
2024-10-01,2024-Q4,AUS,10,PPKB03,Kestrel Pro Court Shoe,PKB,678,506,172,34.0,false
2025-01-01,2025-Q1,AUS,1,PRUN03,Kestrel Pro Carbon Race Flat,RUN,1594,0,1594,,true
2025-01-01,2025-Q1,AUS,2,PPKB04,Loftline Thermoformed Pro Paddle,PKB,734,34,700,2058.8,false
2025-01-01,2025-Q1,AUS,3,PSOC01,Stridewell Match Ball Pro,SOC,1354,884,470,53.2,false
2025-01-01,2025-Q1,AUS,4,PPKB02,Aerion Outdoor Balls 6pk,PKB,1079,765,314,41.0,false
2025-01-01,2025-Q1,AUS,5,PBSK01,Loftline Indoor Game Ball,BSK,897,665,232,34.9,false
2025-01-01,2025-Q1,AUS,6,PBSK02,Courtcraft Court Shoe Low,BSK,662,447,215,48.1,false
2025-01-01,2025-Q1,AUS,7,PSOC02,Loftline FG Cleat Elite,SOC,948,734,214,29.2,false
2025-01-01,2025-Q1,AUS,8,PPKB01,Kestrel Pro Carbon Paddle 16mm,PKB,1255,1041,214,20.6,false
2025-01-01,2025-Q1,AUS,9,PVOL04,Kestrel Pro Court Shoe Mid,VOL,170,0,170,,true
2025-01-01,2025-Q1,AUS,10,PPKB03,Kestrel Pro Court Shoe,PKB,671,502,169,33.7,false
2025-04-01,2025-Q2,AUS,1,PRUN03,Kestrel Pro Carbon Race Flat,RUN,1887,492,1395,283.5,false
2025-04-01,2025-Q2,AUS,2,PPKB01,Kestrel Pro Carbon Paddle 16mm,PKB,1753,1214,539,44.4,false
2025-04-01,2025-Q2,AUS,3,PPKB04,Loftline Thermoformed Pro Paddle,PKB,778,333,445,133.6,false
2025-04-01,2025-Q2,AUS,4,PPKB02,Aerion Outdoor Balls 6pk,PKB,1296,913,383,41.9,false
2025-04-01,2025-Q2,AUS,5,PSOC02,Loftline FG Cleat Elite,SOC,1484,1121,363,32.4,false
2025-04-01,2025-Q2,AUS,6,PVOL04,Kestrel Pro Court Shoe Mid,VOL,330,0,330,,true
2025-04-01,2025-Q2,AUS,7,PPKB03,Kestrel Pro Court Shoe,PKB,841,550,291,52.9,false
2025-04-01,2025-Q2,AUS,8,PFTB04,Kestrel Pro Flag Football Set,FTB,268,0,268,,true
2025-04-01,2025-Q2,AUS,9,PCYC01,Aerion Gravel Bike 105,CYC,898,717,181,25.2,false
2025-04-01,2025-Q2,AUS,10,PGLF01,Vela Game-Improvement Irons,GLF,941,793,148,18.7,false
2025-07-01,2025-Q3,AUS,1,PPKB01,Kestrel Pro Carbon Paddle 16mm,PKB,1513,892,621,69.6,false
2025-07-01,2025-Q3,AUS,2,PSOC02,Loftline FG Cleat Elite,SOC,1835,1266,569,44.9,false
2025-07-01,2025-Q3,AUS,3,PSOC01,Stridewell Match Ball Pro,SOC,2368,1805,563,31.2,false
2025-07-01,2025-Q3,AUS,4,PVOL04,Kestrel Pro Court Shoe Mid,VOL,382,23,359,1560.9,false
2025-07-01,2025-Q3,AUS,5,PPKB04,Loftline Thermoformed Pro Paddle,PKB,838,483,355,73.5,false
2025-07-01,2025-Q3,AUS,6,PFTB04,Kestrel Pro Flag Football Set,FTB,431,83,348,419.3,false
2025-07-01,2025-Q3,AUS,7,PPKB02,Aerion Outdoor Balls 6pk,PKB,1040,700,340,48.6,false
2025-07-01,2025-Q3,AUS,8,PRUN03,Kestrel Pro Carbon Race Flat,RUN,1439,1120,319,28.5,false
2025-07-01,2025-Q3,AUS,9,PSOC03,Kestrel Pro Shin Guard Lite,SOC,1232,924,308,33.3,false
2025-07-01,2025-Q3,AUS,10,PPKB03,Kestrel Pro Court Shoe,PKB,763,521,242,46.4,false
2025-10-01,2025-Q4,AUS,1,PPKB01,Kestrel Pro Carbon Paddle 16mm,PKB,2045,1302,743,57.1,false
2025-10-01,2025-Q4,AUS,2,PRUN03,Kestrel Pro Carbon Race Flat,RUN,2346,1631,715,43.8,false
2025-10-01,2025-Q4,AUS,3,PPKB02,Aerion Outdoor Balls 6pk,PKB,1350,818,532,65.0,false
2025-10-01,2025-Q4,AUS,4,PRUN02,Aerion Trail Runner GTX,RUN,1346,1048,298,28.4,false
2025-10-01,2025-Q4,AUS,5,PSOC01,Stridewell Match Ball Pro,SOC,2180,1886,294,15.6,false
2025-10-01,2025-Q4,AUS,6,PVOL04,Kestrel Pro Court Shoe Mid,VOL,417,150,267,178.0,false
2025-10-01,2025-Q4,AUS,7,PPKB03,Kestrel Pro Court Shoe,PKB,938,678,260,38.3,false
2025-10-01,2025-Q4,AUS,8,PBSK02,Courtcraft Court Shoe Low,BSK,1148,918,230,25.1,false
2025-10-01,2025-Q4,AUS,9,PPKB04,Loftline Thermoformed Pro Paddle,PKB,902,673,229,34.0,false
2025-10-01,2025-Q4,AUS,10,PSOC02,Loftline FG Cleat Elite,SOC,1555,1340,215,16.0,false
2026-01-01,2026-Q1,AUS,1,PPKB01,Kestrel Pro Carbon Paddle 16mm,PKB,1755,1255,500,39.8,false
2026-01-01,2026-Q1,AUS,2,PSOC04,Ironpeak 2026 Host City Replica Ball,SOC,393,0,393,,true
2026-01-01,2026-Q1,AUS,3,PRUN03,Kestrel Pro Carbon Race Flat,RUN,1971,1594,377,23.7,false
2026-01-01,2026-Q1,AUS,4,PCYC01,Aerion Gravel Bike 105,CYC,946,634,312,49.2,false
2026-01-01,2026-Q1,AUS,5,PPKB03,Kestrel Pro Court Shoe,PKB,952,671,281,41.9,false
2026-01-01,2026-Q1,AUS,6,PPKB04,Loftline Thermoformed Pro Paddle,PKB,973,734,239,32.6,false
2026-01-01,2026-Q1,AUS,7,PRUN02,Aerion Trail Runner GTX,RUN,1381,1165,216,18.5,false
2026-01-01,2026-Q1,AUS,8,PPKB02,Aerion Outdoor Balls 6pk,PKB,1270,1079,191,17.7,false
2026-01-01,2026-Q1,AUS,9,PCYC02,Stridewell Road Helmet MIPS,CYC,652,465,187,40.2,false
2026-01-01,2026-Q1,AUS,10,PBSK01,Loftline Indoor Game Ball,BSK,1071,897,174,19.4,false
2026-04-01,2026-Q2,AUS,1,PSOC04,Ironpeak 2026 Host City Replica Ball,SOC,993,0,993,,true
2026-04-01,2026-Q2,AUS,2,PRUN02,Aerion Trail Runner GTX,RUN,1777,1332,445,33.4,false
2026-04-01,2026-Q2,AUS,3,PSOC01,Stridewell Match Ball Pro,SOC,1937,1578,359,22.8,false
2026-04-01,2026-Q2,AUS,4,PBSB01,Courtcraft BBCOR Alloy Bat,BSB,1094,779,315,40.4,false
2026-04-01,2026-Q2,AUS,5,PPKB04,Loftline Thermoformed Pro Paddle,PKB,1071,778,293,37.7,false
2026-04-01,2026-Q2,AUS,6,PPKB01,Kestrel Pro Carbon Paddle 16mm,PKB,2045,1753,292,16.7,false
2026-04-01,2026-Q2,AUS,7,PRUN01,Kestrel Pro Tempo Road Shoe,RUN,2080,1878,202,10.8,false
2026-04-01,2026-Q2,AUS,8,PCYC02,Stridewell Road Helmet MIPS,CYC,811,618,193,31.2,false
2026-04-01,2026-Q2,AUS,9,PTEN02,Kestrel Pro Pressurized Balls 3pk,TEN,673,480,193,40.2,false
2026-04-01,2026-Q2,AUS,10,PRUN03,Kestrel Pro Carbon Race Flat,RUN,2069,1887,182,9.6,false
2023-01-01,2023-Q1,RDU,1,PRUN01,Kestrel Pro Tempo Road Shoe,RUN,1089,910,179,19.7,false
2023-01-01,2023-Q1,RDU,2,PPKB01,Kestrel Pro Carbon Paddle 16mm,PKB,484,334,150,44.9,false
2023-01-01,2023-Q1,RDU,3,PPKB02,Aerion Outdoor Balls 6pk,PKB,376,231,145,62.8,false
2023-01-01,2023-Q1,RDU,4,PPKB03,Kestrel Pro Court Shoe,PKB,258,148,110,74.3,false
2023-01-01,2023-Q1,RDU,5,PGLF01,Vela Game-Improvement Irons,GLF,620,524,96,18.3,false
2023-01-01,2023-Q1,RDU,6,PSOC02,Loftline FG Cleat Elite,SOC,406,319,87,27.3,false
2023-01-01,2023-Q1,RDU,7,PBSB03,Kestrel Pro Batting Helmet,BSB,327,242,85,35.1,false
2023-01-01,2023-Q1,RDU,8,PSOC01,Stridewell Match Ball Pro,SOC,499,423,76,18.0,false
2023-01-01,2023-Q1,RDU,9,PBSB02,Ironpeak Fielding Glove 11.75,BSB,471,395,76,19.2,false
2023-01-01,2023-Q1,RDU,10,PBSB01,Courtcraft BBCOR Alloy Bat,BSB,605,533,72,13.5,false
2023-04-01,2023-Q2,RDU,1,PPKB01,Kestrel Pro Carbon Paddle 16mm,PKB,518,351,167,47.6,false
2023-04-01,2023-Q2,RDU,2,PRUN01,Kestrel Pro Tempo Road Shoe,RUN,1208,1063,145,13.6,false
2023-04-01,2023-Q2,RDU,3,PPKB02,Aerion Outdoor Balls 6pk,PKB,412,283,129,45.6,false
2023-04-01,2023-Q2,RDU,4,PSOC01,Stridewell Match Ball Pro,SOC,790,665,125,18.8,false
2023-04-01,2023-Q2,RDU,5,PTEN01,Bramble Tour Racquet 98,TEN,375,268,107,39.9,false
2023-04-01,2023-Q2,RDU,6,PSOC03,Kestrel Pro Shin Guard Lite,SOC,450,352,98,27.8,false
2023-04-01,2023-Q2,RDU,7,PBSK01,Loftline Indoor Game Ball,BSK,384,295,89,30.2,false
2023-04-01,2023-Q2,RDU,8,PSOC02,Loftline FG Cleat Elite,SOC,585,504,81,16.1,false
2023-04-01,2023-Q2,RDU,9,PPKB03,Kestrel Pro Court Shoe,PKB,260,180,80,44.4,false
2023-04-01,2023-Q2,RDU,10,PFTB01,Ironpeak Youth Helmet,FTB,300,232,68,29.3,false
2023-07-01,2023-Q3,RDU,1,PSOC01,Stridewell Match Ball Pro,SOC,987,753,234,31.1,false
2023-07-01,2023-Q3,RDU,2,PPKB01,Kestrel Pro Carbon Paddle 16mm,PKB,547,314,233,74.2,false
2023-07-01,2023-Q3,RDU,3,PPKB02,Aerion Outdoor Balls 6pk,PKB,428,240,188,78.3,false
2023-07-01,2023-Q3,RDU,4,PSOC02,Loftline FG Cleat Elite,SOC,760,588,172,29.3,false
2023-07-01,2023-Q3,RDU,5,PFTB01,Ironpeak Youth Helmet,FTB,441,342,99,28.9,false
2023-07-01,2023-Q3,RDU,6,PBSK01,Loftline Indoor Game Ball,BSK,453,361,92,25.5,false
2023-07-01,2023-Q3,RDU,7,PPKB03,Kestrel Pro Court Shoe,PKB,249,160,89,55.6,false
2023-07-01,2023-Q3,RDU,8,PFTB02,Vela Receiver Gloves,FTB,335,247,88,35.6,false
2023-07-01,2023-Q3,RDU,9,PSOC03,Kestrel Pro Shin Guard Lite,SOC,447,360,87,24.2,false
2023-07-01,2023-Q3,RDU,10,PBSB01,Courtcraft BBCOR Alloy Bat,BSB,341,258,83,32.2,false
2023-10-01,2023-Q4,RDU,1,PPKB01,Kestrel Pro Carbon Paddle 16mm,PKB,705,392,313,79.8,false
2023-10-01,2023-Q4,RDU,2,PRUN01,Kestrel Pro Tempo Road Shoe,RUN,1318,1023,295,28.8,false
2023-10-01,2023-Q4,RDU,3,PSOC02,Loftline FG Cleat Elite,SOC,756,494,262,53.0,false
2023-10-01,2023-Q4,RDU,4,PRUN02,Aerion Trail Runner GTX,RUN,986,756,230,30.4,false
2023-10-01,2023-Q4,RDU,5,PSOC01,Stridewell Match Ball Pro,SOC,929,703,226,32.1,false
2023-10-01,2023-Q4,RDU,6,PGLF04,Aerion Launch Monitor Mini,GLF,149,0,149,,true
2023-10-01,2023-Q4,RDU,7,PPKB03,Kestrel Pro Court Shoe,PKB,362,218,144,66.1,false
2023-10-01,2023-Q4,RDU,8,PSOC03,Kestrel Pro Shin Guard Lite,SOC,492,353,139,39.4,false
2023-10-01,2023-Q4,RDU,9,PPKB02,Aerion Outdoor Balls 6pk,PKB,495,356,139,39.0,false
2023-10-01,2023-Q4,RDU,10,PBSK01,Loftline Indoor Game Ball,BSK,638,531,107,20.2,false
2024-01-01,2024-Q1,RDU,1,PBSB04,Bramble USSSA Composite Bat,BSB,305,0,305,,true
2024-01-01,2024-Q1,RDU,2,PGLF04,Aerion Launch Monitor Mini,GLF,283,0,283,,true
2024-01-01,2024-Q1,RDU,3,PSOC01,Stridewell Match Ball Pro,SOC,723,499,224,44.9,false
2024-01-01,2024-Q1,RDU,4,PRUN01,Kestrel Pro Tempo Road Shoe,RUN,1301,1089,212,19.5,false
2024-01-01,2024-Q1,RDU,5,PPKB02,Aerion Outdoor Balls 6pk,PKB,524,376,148,39.4,false
2024-01-01,2024-Q1,RDU,6,PPKB01,Kestrel Pro Carbon Paddle 16mm,PKB,614,484,130,26.9,false
2024-01-01,2024-Q1,RDU,7,PPKB03,Kestrel Pro Court Shoe,PKB,378,258,120,46.5,false
2024-01-01,2024-Q1,RDU,8,PRUN02,Aerion Trail Runner GTX,RUN,874,762,112,14.7,false
2024-01-01,2024-Q1,RDU,9,PBSK01,Loftline Indoor Game Ball,BSK,472,365,107,29.3,false
2024-01-01,2024-Q1,RDU,10,PSOC03,Kestrel Pro Shin Guard Lite,SOC,362,258,104,40.3,false
2024-04-01,2024-Q2,RDU,1,PGLF04,Aerion Launch Monitor Mini,GLF,332,0,332,,true
2024-04-01,2024-Q2,RDU,2,PBSB04,Bramble USSSA Composite Bat,BSB,280,0,280,,true
2024-04-01,2024-Q2,RDU,3,PRUN03,Kestrel Pro Carbon Race Flat,RUN,272,0,272,,true
2024-04-01,2024-Q2,RDU,4,PPKB04,Loftline Thermoformed Pro Paddle,PKB,186,0,186,,true
2024-04-01,2024-Q2,RDU,5,PPKB01,Kestrel Pro Carbon Paddle 16mm,PKB,662,518,144,27.8,false
2024-04-01,2024-Q2,RDU,6,PSOC02,Loftline FG Cleat Elite,SOC,696,585,111,19.0,false
2024-04-01,2024-Q2,RDU,7,PGLF02,Bramble Distance Ball 12pk,GLF,516,424,92,21.7,false
2024-04-01,2024-Q2,RDU,8,PPKB03,Kestrel Pro Court Shoe,PKB,350,260,90,34.6,false
2024-04-01,2024-Q2,RDU,9,PCYC02,Stridewell Road Helmet MIPS,CYC,381,292,89,30.5,false
2024-04-01,2024-Q2,RDU,10,PPKB02,Aerion Outdoor Balls 6pk,PKB,496,412,84,20.4,false
2024-07-01,2024-Q3,RDU,1,PRUN03,Kestrel Pro Carbon Race Flat,RUN,614,0,614,,true
2024-07-01,2024-Q3,RDU,2,PPKB04,Loftline Thermoformed Pro Paddle,PKB,329,0,329,,true
2024-07-01,2024-Q3,RDU,3,PGLF04,Aerion Launch Monitor Mini,GLF,253,76,177,232.9,false
2024-07-01,2024-Q3,RDU,4,PBSK02,Courtcraft Court Shoe Low,BSK,454,305,149,48.9,false
2024-07-01,2024-Q3,RDU,5,PBSB04,Bramble USSSA Composite Bat,BSB,131,0,131,,true
2024-07-01,2024-Q3,RDU,6,PBSK01,Loftline Indoor Game Ball,BSK,579,453,126,27.8,false
2024-07-01,2024-Q3,RDU,7,PPKB01,Kestrel Pro Carbon Paddle 16mm,PKB,643,547,96,17.6,false
2024-07-01,2024-Q3,RDU,8,PPKB03,Kestrel Pro Court Shoe,PKB,337,249,88,35.3,false
2024-07-01,2024-Q3,RDU,9,PPKB02,Aerion Outdoor Balls 6pk,PKB,511,428,83,19.4,false
2024-07-01,2024-Q3,RDU,10,PSOC02,Loftline FG Cleat Elite,SOC,837,760,77,10.1,false
2024-10-01,2024-Q4,RDU,1,PRUN03,Kestrel Pro Carbon Race Flat,RUN,990,0,990,,true
2024-10-01,2024-Q4,RDU,2,PPKB04,Loftline Thermoformed Pro Paddle,PKB,427,0,427,,true
2024-10-01,2024-Q4,RDU,3,PSOC01,Stridewell Match Ball Pro,SOC,1294,929,365,39.3,false
2024-10-01,2024-Q4,RDU,4,PSOC02,Loftline FG Cleat Elite,SOC,976,756,220,29.1,false
2024-10-01,2024-Q4,RDU,5,PBSB04,Bramble USSSA Composite Bat,BSB,245,104,141,135.6,false
2024-10-01,2024-Q4,RDU,6,PSOC03,Kestrel Pro Shin Guard Lite,SOC,630,492,138,28.0,false
2024-10-01,2024-Q4,RDU,7,PPKB02,Aerion Outdoor Balls 6pk,PKB,610,495,115,23.2,false
2024-10-01,2024-Q4,RDU,8,PVOL01,Ironpeak Indoor Game Ball,VOL,339,227,112,49.3,false
2024-10-01,2024-Q4,RDU,9,PBSK01,Loftline Indoor Game Ball,BSK,730,638,92,14.4,false
2024-10-01,2024-Q4,RDU,10,PFTB04,Kestrel Pro Flag Football Set,FTB,91,0,91,,true
2025-01-01,2025-Q1,RDU,1,PRUN03,Kestrel Pro Carbon Race Flat,RUN,1151,0,1151,,true
2025-01-01,2025-Q1,RDU,2,PPKB04,Loftline Thermoformed Pro Paddle,PKB,454,24,430,1791.7,false
2025-01-01,2025-Q1,RDU,3,PPKB01,Kestrel Pro Carbon Paddle 16mm,PKB,797,614,183,29.8,false
2025-01-01,2025-Q1,RDU,4,PSOC02,Loftline FG Cleat Elite,SOC,631,481,150,31.2,false
2025-01-01,2025-Q1,RDU,5,PLAX04,Courtcraft Mesh Head Pro,LAX,144,0,144,,true
2025-01-01,2025-Q1,RDU,6,PBSK02,Courtcraft Court Shoe Low,BSK,409,301,108,35.9,false
2025-01-01,2025-Q1,RDU,7,PVOL04,Kestrel Pro Court Shoe Mid,VOL,79,0,79,,true
2025-01-01,2025-Q1,RDU,8,PCLM04,Bramble Harness Lite,CLM,78,0,78,,true
2025-01-01,2025-Q1,RDU,9,PCYC02,Stridewell Road Helmet MIPS,CYC,330,255,75,29.4,false
2025-01-01,2025-Q1,RDU,10,PBSK03,Kestrel Pro Portable Hoop 54in,BSK,289,219,70,32.0,false
2025-04-01,2025-Q2,RDU,1,PRUN03,Kestrel Pro Carbon Race Flat,RUN,1109,272,837,307.7,false
2025-04-01,2025-Q2,RDU,2,PSOC01,Stridewell Match Ball Pro,SOC,1217,857,360,42.0,false
2025-04-01,2025-Q2,RDU,3,PPKB04,Loftline Thermoformed Pro Paddle,PKB,517,186,331,178.0,false
2025-04-01,2025-Q2,RDU,4,PSOC02,Loftline FG Cleat Elite,SOC,1020,696,324,46.6,false
2025-04-01,2025-Q2,RDU,5,PPKB02,Aerion Outdoor Balls 6pk,PKB,754,496,258,52.0,false
2025-04-01,2025-Q2,RDU,6,PPKB01,Kestrel Pro Carbon Paddle 16mm,PKB,861,662,199,30.1,false
2025-04-01,2025-Q2,RDU,7,PFTB04,Kestrel Pro Flag Football Set,FTB,196,0,196,,true
2025-04-01,2025-Q2,RDU,8,PSOC03,Kestrel Pro Shin Guard Lite,SOC,629,466,163,35.0,false
2025-04-01,2025-Q2,RDU,9,PPKB03,Kestrel Pro Court Shoe,PKB,511,350,161,46.0,false
2025-04-01,2025-Q2,RDU,10,PVOL04,Kestrel Pro Court Shoe Mid,VOL,146,0,146,,true
2025-07-01,2025-Q3,RDU,1,PSOC01,Stridewell Match Ball Pro,SOC,1400,981,419,42.7,false
2025-07-01,2025-Q3,RDU,2,PRUN03,Kestrel Pro Carbon Race Flat,RUN,842,614,228,37.1,false
2025-07-01,2025-Q3,RDU,3,PPKB01,Kestrel Pro Carbon Paddle 16mm,PKB,866,643,223,34.7,false
2025-07-01,2025-Q3,RDU,4,PSOC02,Loftline FG Cleat Elite,SOC,1055,837,218,26.0,false
2025-07-01,2025-Q3,RDU,5,PFTB04,Kestrel Pro Flag Football Set,FTB,243,46,197,428.3,false
2025-07-01,2025-Q3,RDU,6,PVOL04,Kestrel Pro Court Shoe Mid,VOL,194,10,184,1840.0,false
2025-07-01,2025-Q3,RDU,7,PSOC03,Kestrel Pro Shin Guard Lite,SOC,661,502,159,31.7,false
2025-07-01,2025-Q3,RDU,8,PBSK01,Loftline Indoor Game Ball,BSK,720,579,141,24.4,false
2025-07-01,2025-Q3,RDU,9,PGLF01,Vela Game-Improvement Irons,GLF,529,430,99,23.0,false
2025-07-01,2025-Q3,RDU,10,PPKB02,Aerion Outdoor Balls 6pk,PKB,601,511,90,17.6,false
2025-10-01,2025-Q4,RDU,1,PPKB01,Kestrel Pro Carbon Paddle 16mm,PKB,1169,768,401,52.2,false
2025-10-01,2025-Q4,RDU,2,PRUN03,Kestrel Pro Carbon Race Flat,RUN,1226,990,236,23.8,false
2025-10-01,2025-Q4,RDU,3,PPKB02,Aerion Outdoor Balls 6pk,PKB,845,610,235,38.5,false
2025-10-01,2025-Q4,RDU,4,PPKB04,Loftline Thermoformed Pro Paddle,PKB,609,427,182,42.6,false
2025-10-01,2025-Q4,RDU,5,PRUN01,Kestrel Pro Tempo Road Shoe,RUN,1112,955,157,16.4,false
2025-10-01,2025-Q4,RDU,6,PPKB03,Kestrel Pro Court Shoe,PKB,509,356,153,43.0,false
2025-10-01,2025-Q4,RDU,7,PLAX04,Courtcraft Mesh Head Pro,LAX,183,53,130,245.3,false
2025-10-01,2025-Q4,RDU,8,PBSK01,Loftline Indoor Game Ball,BSK,845,730,115,15.8,false
2025-10-01,2025-Q4,RDU,9,PTEN01,Bramble Tour Racquet 98,TEN,370,255,115,45.1,false
2025-10-01,2025-Q4,RDU,10,PVOL04,Kestrel Pro Court Shoe Mid,VOL,185,77,108,140.3,false
2026-01-01,2026-Q1,RDU,1,PPKB01,Kestrel Pro Carbon Paddle 16mm,PKB,1230,797,433,54.3,false
2026-01-01,2026-Q1,RDU,2,PPKB02,Aerion Outdoor Balls 6pk,PKB,840,582,258,44.3,false
2026-01-01,2026-Q1,RDU,3,PSOC04,Ironpeak 2026 Host City Replica Ball,SOC,207,0,207,,true
2026-01-01,2026-Q1,RDU,4,PBSB02,Ironpeak Fielding Glove 11.75,BSB,566,408,158,38.7,false
2026-01-01,2026-Q1,RDU,5,PBSK01,Loftline Indoor Game Ball,BSK,649,512,137,26.8,false
2026-01-01,2026-Q1,RDU,6,PPKB04,Loftline Thermoformed Pro Paddle,PKB,590,454,136,30.0,false
2026-01-01,2026-Q1,RDU,7,PBSK02,Courtcraft Court Shoe Low,BSK,525,409,116,28.4,false
2026-01-01,2026-Q1,RDU,8,PRUN02,Aerion Trail Runner GTX,RUN,837,727,110,15.1,false
2026-01-01,2026-Q1,RDU,9,PBSB01,Courtcraft BBCOR Alloy Bat,BSB,741,636,105,16.5,false
2026-01-01,2026-Q1,RDU,10,PPKB03,Kestrel Pro Court Shoe,PKB,549,445,104,23.4,false
2026-04-01,2026-Q2,RDU,1,PSOC04,Ironpeak 2026 Host City Replica Ball,SOC,597,0,597,,true
2026-04-01,2026-Q2,RDU,2,PPKB01,Kestrel Pro Carbon Paddle 16mm,PKB,1185,861,324,37.6,false
2026-04-01,2026-Q2,RDU,3,PRUN03,Kestrel Pro Carbon Race Flat,RUN,1400,1109,291,26.2,false
2026-04-01,2026-Q2,RDU,4,PPKB02,Aerion Outdoor Balls 6pk,PKB,983,754,229,30.4,false
2026-04-01,2026-Q2,RDU,5,PPKB04,Loftline Thermoformed Pro Paddle,PKB,690,517,173,33.5,false
2026-04-01,2026-Q2,RDU,6,PRUN01,Kestrel Pro Tempo Road Shoe,RUN,1199,1043,156,15.0,false
2026-04-01,2026-Q2,RDU,7,PTEN01,Bramble Tour Racquet 98,TEN,484,351,133,37.9,false
2026-04-01,2026-Q2,RDU,8,PRUN02,Aerion Trail Runner GTX,RUN,840,711,129,18.1,false
2026-04-01,2026-Q2,RDU,9,PBSK01,Loftline Indoor Game Ball,BSK,566,455,111,24.4,false
2026-04-01,2026-Q2,RDU,10,PTEN03,Kestrel Pro All-Court Shoe,TEN,267,168,99,58.9,false
2023-01-01,2023-Q1,CLT,1,PRUN01,Kestrel Pro Tempo Road Shoe,RUN,1972,1654,318,19.2,false
2023-01-01,2023-Q1,CLT,2,PPKB01,Kestrel Pro Carbon Paddle 16mm,PKB,780,500,280,56.0,false
2023-01-01,2023-Q1,CLT,3,PPKB02,Aerion Outdoor Balls 6pk,PKB,608,354,254,71.8,false
2023-01-01,2023-Q1,CLT,4,PRUN02,Aerion Trail Runner GTX,RUN,1523,1383,140,10.1,false
2023-01-01,2023-Q1,CLT,5,PGLF01,Vela Game-Improvement Irons,GLF,900,779,121,15.5,false
2023-01-01,2023-Q1,CLT,6,PPKB03,Kestrel Pro Court Shoe,PKB,373,261,112,42.9,false
2023-01-01,2023-Q1,CLT,7,PTEN02,Kestrel Pro Pressurized Balls 3pk,TEN,431,328,103,31.4,false
2023-01-01,2023-Q1,CLT,8,PSOC01,Stridewell Match Ball Pro,SOC,898,799,99,12.4,false
2023-01-01,2023-Q1,CLT,9,PGLF02,Bramble Distance Ball 12pk,GLF,682,608,74,12.2,false
2023-01-01,2023-Q1,CLT,10,PSOC03,Kestrel Pro Shin Guard Lite,SOC,458,397,61,15.4,false
2023-04-01,2023-Q2,CLT,1,PPKB01,Kestrel Pro Carbon Paddle 16mm,PKB,1020,613,407,66.4,false
2023-04-01,2023-Q2,CLT,2,PSOC01,Stridewell Match Ball Pro,SOC,1392,1042,350,33.6,false
2023-04-01,2023-Q2,CLT,3,PSOC02,Loftline FG Cleat Elite,SOC,1030,753,277,36.8,false
2023-04-01,2023-Q2,CLT,4,PPKB02,Aerion Outdoor Balls 6pk,PKB,719,442,277,62.7,false
2023-04-01,2023-Q2,CLT,5,PPKB03,Kestrel Pro Court Shoe,PKB,482,287,195,67.9,false
2023-04-01,2023-Q2,CLT,6,PSOC03,Kestrel Pro Shin Guard Lite,SOC,644,517,127,24.6,false
2023-04-01,2023-Q2,CLT,7,PBSB02,Ironpeak Fielding Glove 11.75,BSB,691,577,114,19.8,false
2023-04-01,2023-Q2,CLT,8,PFTB02,Vela Receiver Gloves,FTB,379,282,97,34.4,false
2023-04-01,2023-Q2,CLT,9,PGLF01,Vela Game-Improvement Irons,GLF,1179,1103,76,6.9,false
2023-04-01,2023-Q2,CLT,10,PVOL01,Ironpeak Indoor Game Ball,VOL,396,320,76,23.8,false
2023-07-01,2023-Q3,CLT,1,PPKB01,Kestrel Pro Carbon Paddle 16mm,PKB,737,532,205,38.5,false
2023-07-01,2023-Q3,CLT,2,PPKB02,Aerion Outdoor Balls 6pk,PKB,575,384,191,49.7,false
2023-07-01,2023-Q3,CLT,3,PBSK01,Loftline Indoor Game Ball,BSK,852,705,147,20.9,false
2023-07-01,2023-Q3,CLT,4,PGLF04,Aerion Launch Monitor Mini,GLF,141,0,141,,true
2023-07-01,2023-Q3,CLT,5,PVOL01,Ironpeak Indoor Game Ball,VOL,546,424,122,28.8,false
2023-07-01,2023-Q3,CLT,6,PRUN02,Aerion Trail Runner GTX,RUN,1275,1154,121,10.5,false
2023-07-01,2023-Q3,CLT,7,PSOC03,Kestrel Pro Shin Guard Lite,SOC,825,730,95,13.0,false
2023-07-01,2023-Q3,CLT,8,PPKB03,Kestrel Pro Court Shoe,PKB,360,269,91,33.8,false
2023-07-01,2023-Q3,CLT,9,PFTB03,Kestrel Pro Official Game Ball,FTB,340,273,67,24.5,false
2023-07-01,2023-Q3,CLT,10,PBSB01,Courtcraft BBCOR Alloy Bat,BSB,449,387,62,16.0,false
2023-10-01,2023-Q4,CLT,1,PSOC01,Stridewell Match Ball Pro,SOC,1779,1279,500,39.1,false
2023-10-01,2023-Q4,CLT,2,PPKB01,Kestrel Pro Carbon Paddle 16mm,PKB,1092,723,369,51.0,false
2023-10-01,2023-Q4,CLT,3,PPKB02,Aerion Outdoor Balls 6pk,PKB,890,533,357,67.0,false
2023-10-01,2023-Q4,CLT,4,PGLF04,Aerion Launch Monitor Mini,GLF,250,0,250,,true
2023-10-01,2023-Q4,CLT,5,PSOC03,Kestrel Pro Shin Guard Lite,SOC,791,598,193,32.3,false
2023-10-01,2023-Q4,CLT,6,PPKB03,Kestrel Pro Court Shoe,PKB,514,351,163,46.4,false
2023-10-01,2023-Q4,CLT,7,PRUN01,Kestrel Pro Tempo Road Shoe,RUN,2014,1854,160,8.6,false
2023-10-01,2023-Q4,CLT,8,PBSB04,Bramble USSSA Composite Bat,BSB,151,0,151,,true
2023-10-01,2023-Q4,CLT,9,PTEN01,Bramble Tour Racquet 98,TEN,560,410,150,36.6,false
2023-10-01,2023-Q4,CLT,10,PFTB01,Ironpeak Youth Helmet,FTB,528,436,92,21.1,false
2024-01-01,2024-Q1,CLT,1,PGLF04,Aerion Launch Monitor Mini,GLF,454,0,454,,true
2024-01-01,2024-Q1,CLT,2,PBSB04,Bramble USSSA Composite Bat,BSB,349,0,349,,true
2024-01-01,2024-Q1,CLT,3,PPKB02,Aerion Outdoor Balls 6pk,PKB,780,608,172,28.3,false
2024-01-01,2024-Q1,CLT,4,PPKB01,Kestrel Pro Carbon Paddle 16mm,PKB,932,780,152,19.5,false
2024-01-01,2024-Q1,CLT,5,PSOC01,Stridewell Match Ball Pro,SOC,1032,898,134,14.9,false
2024-01-01,2024-Q1,CLT,6,PPKB03,Kestrel Pro Court Shoe,PKB,501,373,128,34.3,false
2024-01-01,2024-Q1,CLT,7,PSOC02,Loftline FG Cleat Elite,SOC,802,678,124,18.3,false
2024-01-01,2024-Q1,CLT,8,PBSK01,Loftline Indoor Game Ball,BSK,716,592,124,20.9,false
2024-01-01,2024-Q1,CLT,9,PRUN04,Loftline Hydration Vest,RUN,562,487,75,15.4,false
2024-01-01,2024-Q1,CLT,10,PVOL01,Ironpeak Indoor Game Ball,VOL,292,237,55,23.2,false
2024-04-01,2024-Q2,CLT,1,PGLF04,Aerion Launch Monitor Mini,GLF,572,0,572,,true
2024-04-01,2024-Q2,CLT,2,PBSB04,Bramble USSSA Composite Bat,BSB,418,0,418,,true
2024-04-01,2024-Q2,CLT,3,PRUN03,Kestrel Pro Carbon Race Flat,RUN,403,0,403,,true
2024-04-01,2024-Q2,CLT,4,PPKB04,Loftline Thermoformed Pro Paddle,PKB,286,0,286,,true
2024-04-01,2024-Q2,CLT,5,PBSK01,Loftline Indoor Game Ball,BSK,680,529,151,28.5,false
2024-04-01,2024-Q2,CLT,6,PSOC01,Stridewell Match Ball Pro,SOC,1535,1392,143,10.3,false
2024-04-01,2024-Q2,CLT,7,PSOC03,Kestrel Pro Shin Guard Lite,SOC,771,644,127,19.7,false
2024-04-01,2024-Q2,CLT,8,PBSK02,Courtcraft Court Shoe Low,BSK,514,401,113,28.2,false
2024-04-01,2024-Q2,CLT,9,PBSK03,Kestrel Pro Portable Hoop 54in,BSK,341,258,83,32.2,false
2024-04-01,2024-Q2,CLT,10,PSOC02,Loftline FG Cleat Elite,SOC,1107,1030,77,7.5,false
2024-07-01,2024-Q3,CLT,1,PRUN03,Kestrel Pro Carbon Race Flat,RUN,856,0,856,,true
2024-07-01,2024-Q3,CLT,2,PPKB04,Loftline Thermoformed Pro Paddle,PKB,477,0,477,,true
2024-07-01,2024-Q3,CLT,3,PGLF04,Aerion Launch Monitor Mini,GLF,380,141,239,169.5,false
2024-07-01,2024-Q3,CLT,4,PBSB04,Bramble USSSA Composite Bat,BSB,224,0,224,,true
2024-07-01,2024-Q3,CLT,5,PSOC02,Loftline FG Cleat Elite,SOC,1230,1058,172,16.3,false
2024-07-01,2024-Q3,CLT,6,PSOC01,Stridewell Match Ball Pro,SOC,1638,1479,159,10.8,false
2024-07-01,2024-Q3,CLT,7,PPKB01,Kestrel Pro Carbon Paddle 16mm,PKB,863,737,126,17.1,false
2024-07-01,2024-Q3,CLT,8,PPKB03,Kestrel Pro Court Shoe,PKB,445,360,85,23.6,false
2024-07-01,2024-Q3,CLT,9,PPKB02,Aerion Outdoor Balls 6pk,PKB,645,575,70,12.2,false
2024-07-01,2024-Q3,CLT,10,PFTB04,Kestrel Pro Flag Football Set,FTB,67,0,67,,true
2024-10-01,2024-Q4,CLT,1,PRUN03,Kestrel Pro Carbon Race Flat,RUN,1693,0,1693,,true
2024-10-01,2024-Q4,CLT,2,PPKB04,Loftline Thermoformed Pro Paddle,PKB,781,0,781,,true
2024-10-01,2024-Q4,CLT,3,PSOC02,Loftline FG Cleat Elite,SOC,1293,1044,249,23.9,false
2024-10-01,2024-Q4,CLT,4,PBSK01,Loftline Indoor Game Ball,BSK,1196,976,220,22.5,false
2024-10-01,2024-Q4,CLT,5,PPKB02,Aerion Outdoor Balls 6pk,PKB,1109,890,219,24.6,false
2024-10-01,2024-Q4,CLT,6,PBSB04,Bramble USSSA Composite Bat,BSB,347,151,196,129.8,false
2024-10-01,2024-Q4,CLT,7,PPKB03,Kestrel Pro Court Shoe,PKB,667,514,153,29.8,false
2024-10-01,2024-Q4,CLT,8,PFTB04,Kestrel Pro Flag Football Set,FTB,147,0,147,,true
2024-10-01,2024-Q4,CLT,9,PPKB01,Kestrel Pro Carbon Paddle 16mm,PKB,1222,1092,130,11.9,false
2024-10-01,2024-Q4,CLT,10,PCLM04,Bramble Harness Lite,CLM,127,0,127,,true
2025-01-01,2025-Q1,CLT,1,PRUN03,Kestrel Pro Carbon Race Flat,RUN,1743,0,1743,,true
2025-01-01,2025-Q1,CLT,2,PPKB04,Loftline Thermoformed Pro Paddle,PKB,673,39,634,1625.6,false
2025-01-01,2025-Q1,CLT,3,PPKB01,Kestrel Pro Carbon Paddle 16mm,PKB,1236,932,304,32.6,false
2025-01-01,2025-Q1,CLT,4,PBSB04,Bramble USSSA Composite Bat,BSB,556,349,207,59.3,false
2025-01-01,2025-Q1,CLT,5,PBSK02,Courtcraft Court Shoe Low,BSK,648,451,197,43.7,false
2025-01-01,2025-Q1,CLT,6,PPKB03,Kestrel Pro Court Shoe,PKB,650,501,149,29.7,false
2025-01-01,2025-Q1,CLT,7,PBSB02,Ironpeak Fielding Glove 11.75,BSB,782,649,133,20.5,false
2025-01-01,2025-Q1,CLT,8,PVOL04,Kestrel Pro Court Shoe Mid,VOL,127,0,127,,true
2025-01-01,2025-Q1,CLT,9,PBSK01,Loftline Indoor Game Ball,BSK,840,716,124,17.3,false
2025-01-01,2025-Q1,CLT,10,PBSB01,Courtcraft BBCOR Alloy Bat,BSB,1114,996,118,11.8,false
2025-04-01,2025-Q2,CLT,1,PRUN03,Kestrel Pro Carbon Race Flat,RUN,1631,403,1228,304.7,false
2025-04-01,2025-Q2,CLT,2,PPKB04,Loftline Thermoformed Pro Paddle,PKB,686,286,400,139.9,false
2025-04-01,2025-Q2,CLT,3,PSOC01,Stridewell Match Ball Pro,SOC,1926,1535,391,25.5,false
2025-04-01,2025-Q2,CLT,4,PBSB01,Courtcraft BBCOR Alloy Bat,BSB,937,576,361,62.7,false
2025-04-01,2025-Q2,CLT,5,PSOC02,Loftline FG Cleat Elite,SOC,1375,1107,268,24.2,false
2025-04-01,2025-Q2,CLT,6,PPKB01,Kestrel Pro Carbon Paddle 16mm,PKB,1229,981,248,25.3,false
2025-04-01,2025-Q2,CLT,7,PVOL04,Kestrel Pro Court Shoe Mid,VOL,244,0,244,,true
2025-04-01,2025-Q2,CLT,8,PFTB04,Kestrel Pro Flag Football Set,FTB,214,0,214,,true
2025-04-01,2025-Q2,CLT,9,PCYC01,Aerion Gravel Bike 105,CYC,815,647,168,26.0,false
2025-04-01,2025-Q2,CLT,10,PPKB02,Aerion Outdoor Balls 6pk,PKB,939,792,147,18.6,false
2025-07-01,2025-Q3,CLT,1,PRUN03,Kestrel Pro Carbon Race Flat,RUN,1504,856,648,75.7,false
2025-07-01,2025-Q3,CLT,2,PSOC02,Loftline FG Cleat Elite,SOC,1618,1230,388,31.5,false
2025-07-01,2025-Q3,CLT,3,PSOC01,Stridewell Match Ball Pro,SOC,1990,1638,352,21.5,false
2025-07-01,2025-Q3,CLT,4,PPKB01,Kestrel Pro Carbon Paddle 16mm,PKB,1179,863,316,36.6,false
2025-07-01,2025-Q3,CLT,5,PPKB02,Aerion Outdoor Balls 6pk,PKB,945,645,300,46.5,false
2025-07-01,2025-Q3,CLT,6,PPKB03,Kestrel Pro Court Shoe,PKB,694,445,249,56.0,false
2025-07-01,2025-Q3,CLT,7,PVOL04,Kestrel Pro Court Shoe Mid,VOL,263,16,247,1543.8,false
2025-07-01,2025-Q3,CLT,8,PFTB04,Kestrel Pro Flag Football Set,FTB,267,67,200,298.5,false
2025-07-01,2025-Q3,CLT,9,PPKB04,Loftline Thermoformed Pro Paddle,PKB,658,477,181,37.9,false
2025-07-01,2025-Q3,CLT,10,PSOC03,Kestrel Pro Shin Guard Lite,SOC,1051,875,176,20.1,false
2025-10-01,2025-Q4,CLT,1,PPKB01,Kestrel Pro Carbon Paddle 16mm,PKB,1827,1222,605,49.5,false
2025-10-01,2025-Q4,CLT,2,PPKB03,Kestrel Pro Court Shoe,PKB,848,667,181,27.1,false
2025-10-01,2025-Q4,CLT,3,PPKB02,Aerion Outdoor Balls 6pk,PKB,1288,1109,179,16.1,false
2025-10-01,2025-Q4,CLT,4,PRUN02,Aerion Trail Runner GTX,RUN,1226,1061,165,15.6,false
2025-10-01,2025-Q4,CLT,5,PBSK01,Loftline Indoor Game Ball,BSK,1359,1196,163,13.6,false
2025-10-01,2025-Q4,CLT,6,PBSK02,Courtcraft Court Shoe Low,BSK,997,835,162,19.4,false
2025-10-01,2025-Q4,CLT,7,PVOL04,Kestrel Pro Court Shoe Mid,VOL,263,116,147,126.7,false
2025-10-01,2025-Q4,CLT,8,PSOC02,Loftline FG Cleat Elite,SOC,1439,1293,146,11.3,false
2025-10-01,2025-Q4,CLT,9,PSOC03,Kestrel Pro Shin Guard Lite,SOC,939,803,136,16.9,false
2025-10-01,2025-Q4,CLT,10,PBSB02,Ironpeak Fielding Glove 11.75,BSB,659,525,134,25.5,false
2026-01-01,2026-Q1,CLT,1,PRUN01,Kestrel Pro Tempo Road Shoe,RUN,1695,1252,443,35.4,false
2026-01-01,2026-Q1,CLT,2,PPKB01,Kestrel Pro Carbon Paddle 16mm,PKB,1608,1236,372,30.1,false
2026-01-01,2026-Q1,CLT,3,PSOC04,Ironpeak 2026 Host City Replica Ball,SOC,332,0,332,,true
2026-01-01,2026-Q1,CLT,4,PPKB02,Aerion Outdoor Balls 6pk,PKB,1161,872,289,33.1,false
2026-01-01,2026-Q1,CLT,5,PPKB04,Loftline Thermoformed Pro Paddle,PKB,830,673,157,23.3,false
2026-01-01,2026-Q1,CLT,6,PCYC01,Aerion Gravel Bike 105,CYC,711,564,147,26.1,false
2026-01-01,2026-Q1,CLT,7,PPKB03,Kestrel Pro Court Shoe,PKB,757,650,107,16.5,false
2026-01-01,2026-Q1,CLT,8,PCYC03,Kestrel Pro Smart Trainer,CYC,368,290,78,26.9,false
2026-01-01,2026-Q1,CLT,9,PLAX04,Courtcraft Mesh Head Pro,LAX,185,115,70,60.9,false
2026-01-01,2026-Q1,CLT,10,PSOC03,Kestrel Pro Shin Guard Lite,SOC,580,513,67,13.1,false
2026-04-01,2026-Q2,CLT,1,PSOC04,Ironpeak 2026 Host City Replica Ball,SOC,721,0,721,,true
2026-04-01,2026-Q2,CLT,2,PPKB01,Kestrel Pro Carbon Paddle 16mm,PKB,1612,1229,383,31.2,false
2026-04-01,2026-Q2,CLT,3,PRUN03,Kestrel Pro Carbon Race Flat,RUN,2002,1631,371,22.7,false
2026-04-01,2026-Q2,CLT,4,PPKB02,Aerion Outdoor Balls 6pk,PKB,1286,939,347,37.0,false
2026-04-01,2026-Q2,CLT,5,PPKB04,Loftline Thermoformed Pro Paddle,PKB,996,686,310,45.2,false
2026-04-01,2026-Q2,CLT,6,PRUN02,Aerion Trail Runner GTX,RUN,1402,1133,269,23.7,false
2026-04-01,2026-Q2,CLT,7,PBSK01,Loftline Indoor Game Ball,BSK,817,644,173,26.9,false
2026-04-01,2026-Q2,CLT,8,PPKB03,Kestrel Pro Court Shoe,PKB,765,603,162,26.9,false
2026-04-01,2026-Q2,CLT,9,PTEN01,Bramble Tour Racquet 98,TEN,698,582,116,19.9,false
2026-04-01,2026-Q2,CLT,10,PCYC02,Stridewell Road Helmet MIPS,CYC,663,584,79,13.5,false
2023-01-01,2023-Q1,SAT,1,PSOC01,Stridewell Match Ball Pro,SOC,933,661,272,41.1,false
2023-01-01,2023-Q1,SAT,2,PPKB01,Kestrel Pro Carbon Paddle 16mm,PKB,701,466,235,50.4,false
2023-01-01,2023-Q1,SAT,3,PPKB03,Kestrel Pro Court Shoe,PKB,383,225,158,70.2,false
2023-01-01,2023-Q1,SAT,4,PPKB02,Aerion Outdoor Balls 6pk,PKB,521,368,153,41.6,false
2023-01-01,2023-Q1,SAT,5,PSOC02,Loftline FG Cleat Elite,SOC,664,532,132,24.8,false
2023-01-01,2023-Q1,SAT,6,PTEN01,Bramble Tour Racquet 98,TEN,495,363,132,36.4,false
2023-01-01,2023-Q1,SAT,7,PGLF01,Vela Game-Improvement Irons,GLF,834,708,126,17.8,false
2023-01-01,2023-Q1,SAT,8,PSOC03,Kestrel Pro Shin Guard Lite,SOC,433,354,79,22.3,false
2023-01-01,2023-Q1,SAT,9,PTEN02,Kestrel Pro Pressurized Balls 3pk,TEN,375,300,75,25.0,false
2023-01-01,2023-Q1,SAT,10,PVOL02,Vela Knee Pads,VOL,231,159,72,45.3,false
2023-04-01,2023-Q2,SAT,1,PRUN02,Aerion Trail Runner GTX,RUN,1501,1124,377,33.5,false
2023-04-01,2023-Q2,SAT,2,PSOC01,Stridewell Match Ball Pro,SOC,1412,1046,366,35.0,false
2023-04-01,2023-Q2,SAT,3,PGLF01,Vela Game-Improvement Irons,GLF,1168,948,220,23.2,false
2023-04-01,2023-Q2,SAT,4,PSOC02,Loftline FG Cleat Elite,SOC,970,754,216,28.6,false
2023-04-01,2023-Q2,SAT,5,PRUN01,Kestrel Pro Tempo Road Shoe,RUN,1755,1543,212,13.7,false
2023-04-01,2023-Q2,SAT,6,PPKB01,Kestrel Pro Carbon Paddle 16mm,PKB,757,559,198,35.4,false
2023-04-01,2023-Q2,SAT,7,PPKB02,Aerion Outdoor Balls 6pk,PKB,599,419,180,43.0,false
2023-04-01,2023-Q2,SAT,8,PBSB01,Courtcraft BBCOR Alloy Bat,BSB,805,686,119,17.3,false
2023-04-01,2023-Q2,SAT,9,PSOC03,Kestrel Pro Shin Guard Lite,SOC,648,534,114,21.3,false
2023-04-01,2023-Q2,SAT,10,PPKB03,Kestrel Pro Court Shoe,PKB,362,263,99,37.6,false
2023-07-01,2023-Q3,SAT,1,PRUN01,Kestrel Pro Tempo Road Shoe,RUN,1616,1290,326,25.3,false
2023-07-01,2023-Q3,SAT,2,PRUN02,Aerion Trail Runner GTX,RUN,1305,1022,283,27.7,false
2023-07-01,2023-Q3,SAT,3,PSOC01,Stridewell Match Ball Pro,SOC,1547,1309,238,18.2,false
2023-07-01,2023-Q3,SAT,4,PSOC02,Loftline FG Cleat Elite,SOC,1136,936,200,21.4,false
2023-07-01,2023-Q3,SAT,5,PPKB01,Kestrel Pro Carbon Paddle 16mm,PKB,665,503,162,32.2,false
2023-07-01,2023-Q3,SAT,6,PPKB02,Aerion Outdoor Balls 6pk,PKB,581,429,152,35.4,false
2023-07-01,2023-Q3,SAT,7,PFTB01,Ironpeak Youth Helmet,FTB,730,590,140,23.7,false
2023-07-01,2023-Q3,SAT,8,PSOC03,Kestrel Pro Shin Guard Lite,SOC,797,662,135,20.4,false
2023-07-01,2023-Q3,SAT,9,PGLF04,Aerion Launch Monitor Mini,GLF,120,0,120,,true
2023-07-01,2023-Q3,SAT,10,PRUN04,Loftline Hydration Vest,RUN,413,334,79,23.7,false
2023-10-01,2023-Q4,SAT,1,PPKB01,Kestrel Pro Carbon Paddle 16mm,PKB,1051,696,355,51.0,false
2023-10-01,2023-Q4,SAT,2,PRUN01,Kestrel Pro Tempo Road Shoe,RUN,2030,1788,242,13.5,false
2023-10-01,2023-Q4,SAT,3,PGLF04,Aerion Launch Monitor Mini,GLF,208,0,208,,true
2023-10-01,2023-Q4,SAT,4,PPKB02,Aerion Outdoor Balls 6pk,PKB,760,560,200,35.7,false
2023-10-01,2023-Q4,SAT,5,PBSB04,Bramble USSSA Composite Bat,BSB,159,0,159,,true
2023-10-01,2023-Q4,SAT,6,PPKB03,Kestrel Pro Court Shoe,PKB,483,377,106,28.1,false
2023-10-01,2023-Q4,SAT,7,PSOC03,Kestrel Pro Shin Guard Lite,SOC,691,586,105,17.9,false
2023-10-01,2023-Q4,SAT,8,PRUN02,Aerion Trail Runner GTX,RUN,1449,1359,90,6.6,false
2023-10-01,2023-Q4,SAT,9,PTEN02,Kestrel Pro Pressurized Balls 3pk,TEN,390,308,82,26.6,false
2023-10-01,2023-Q4,SAT,10,PFTB02,Vela Receiver Gloves,FTB,367,288,79,27.4,false
2024-01-01,2024-Q1,SAT,1,PGLF04,Aerion Launch Monitor Mini,GLF,351,0,351,,true
2024-01-01,2024-Q1,SAT,2,PPKB01,Kestrel Pro Carbon Paddle 16mm,PKB,1031,701,330,47.1,false
2024-01-01,2024-Q1,SAT,3,PBSB04,Bramble USSSA Composite Bat,BSB,327,0,327,,true
2024-01-01,2024-Q1,SAT,4,PPKB02,Aerion Outdoor Balls 6pk,PKB,839,521,318,61.0,false
2024-01-01,2024-Q1,SAT,5,PRUN01,Kestrel Pro Tempo Road Shoe,RUN,1844,1703,141,8.3,false
2024-01-01,2024-Q1,SAT,6,PPKB03,Kestrel Pro Court Shoe,PKB,494,383,111,29.0,false
2024-01-01,2024-Q1,SAT,7,PSOC02,Loftline FG Cleat Elite,SOC,771,664,107,16.1,false
2024-01-01,2024-Q1,SAT,8,PSOC01,Stridewell Match Ball Pro,SOC,1024,933,91,9.8,false
2024-01-01,2024-Q1,SAT,9,PBSB01,Courtcraft BBCOR Alloy Bat,BSB,917,843,74,8.8,false
2024-01-01,2024-Q1,SAT,10,PBSK01,Loftline Indoor Game Ball,BSK,615,551,64,11.6,false
2024-04-01,2024-Q2,SAT,1,PRUN03,Kestrel Pro Carbon Race Flat,RUN,459,0,459,,true
2024-04-01,2024-Q2,SAT,2,PGLF04,Aerion Launch Monitor Mini,GLF,438,0,438,,true
2024-04-01,2024-Q2,SAT,3,PBSB04,Bramble USSSA Composite Bat,BSB,387,0,387,,true
2024-04-01,2024-Q2,SAT,4,PPKB04,Loftline Thermoformed Pro Paddle,PKB,273,0,273,,true
2024-04-01,2024-Q2,SAT,5,PPKB01,Kestrel Pro Carbon Paddle 16mm,PKB,943,757,186,24.6,false
2024-04-01,2024-Q2,SAT,6,PPKB03,Kestrel Pro Court Shoe,PKB,523,362,161,44.5,false
2024-04-01,2024-Q2,SAT,7,PRUN01,Kestrel Pro Tempo Road Shoe,RUN,1890,1755,135,7.7,false
2024-04-01,2024-Q2,SAT,8,PSOC02,Loftline FG Cleat Elite,SOC,1083,970,113,11.6,false
2024-04-01,2024-Q2,SAT,9,PVOL01,Ironpeak Indoor Game Ball,VOL,531,422,109,25.8,false
2024-04-01,2024-Q2,SAT,10,PPKB02,Aerion Outdoor Balls 6pk,PKB,666,599,67,11.2,false
2024-07-01,2024-Q3,SAT,1,PRUN03,Kestrel Pro Carbon Race Flat,RUN,942,0,942,,true
2024-07-01,2024-Q3,SAT,2,PSOC01,Stridewell Match Ball Pro,SOC,2160,1547,613,39.6,false
2024-07-01,2024-Q3,SAT,3,PPKB04,Loftline Thermoformed Pro Paddle,PKB,415,0,415,,true
2024-07-01,2024-Q3,SAT,4,PBSB04,Bramble USSSA Composite Bat,BSB,232,0,232,,true
2024-07-01,2024-Q3,SAT,5,PPKB01,Kestrel Pro Carbon Paddle 16mm,PKB,847,665,182,27.4,false
2024-07-01,2024-Q3,SAT,6,PGLF04,Aerion Launch Monitor Mini,GLF,285,120,165,137.5,false
2024-07-01,2024-Q3,SAT,7,PSOC02,Loftline FG Cleat Elite,SOC,1285,1136,149,13.1,false
2024-07-01,2024-Q3,SAT,8,PSOC03,Kestrel Pro Shin Guard Lite,SOC,944,797,147,18.4,false
2024-07-01,2024-Q3,SAT,9,PPKB03,Kestrel Pro Court Shoe,PKB,404,313,91,29.1,false
2024-07-01,2024-Q3,SAT,10,PBSK02,Courtcraft Court Shoe Low,BSK,611,540,71,13.1,false
2024-10-01,2024-Q4,SAT,1,PRUN03,Kestrel Pro Carbon Race Flat,RUN,1268,0,1268,,true
2024-10-01,2024-Q4,SAT,2,PPKB04,Loftline Thermoformed Pro Paddle,PKB,513,0,513,,true
2024-10-01,2024-Q4,SAT,3,PBSB04,Bramble USSSA Composite Bat,BSB,386,159,227,142.8,false
2024-10-01,2024-Q4,SAT,4,PSOC02,Loftline FG Cleat Elite,SOC,1069,930,139,14.9,false
2024-10-01,2024-Q4,SAT,5,PFTB04,Kestrel Pro Flag Football Set,FTB,130,0,130,,true
2024-10-01,2024-Q4,SAT,6,PCLM04,Bramble Harness Lite,CLM,123,0,123,,true
2024-10-01,2024-Q4,SAT,7,PVOL04,Kestrel Pro Court Shoe Mid,VOL,116,0,116,,true
2024-10-01,2024-Q4,SAT,8,PGLF01,Vela Game-Improvement Irons,GLF,547,435,112,25.7,false
2024-10-01,2024-Q4,SAT,9,PBSK03,Kestrel Pro Portable Hoop 54in,BSK,584,493,91,18.5,false
2024-10-01,2024-Q4,SAT,10,PGLF04,Aerion Launch Monitor Mini,GLF,282,208,74,35.6,false
2025-01-01,2025-Q1,SAT,1,PRUN03,Kestrel Pro Carbon Race Flat,RUN,1459,0,1459,,true
2025-01-01,2025-Q1,SAT,2,PPKB04,Loftline Thermoformed Pro Paddle,PKB,540,33,507,1536.4,false
2025-01-01,2025-Q1,SAT,3,PBSK01,Loftline Indoor Game Ball,BSK,792,615,177,28.8,false
2025-01-01,2025-Q1,SAT,4,PBSB04,Bramble USSSA Composite Bat,BSB,485,327,158,48.3,false
2025-01-01,2025-Q1,SAT,5,PVOL04,Kestrel Pro Court Shoe Mid,VOL,154,0,154,,true
2025-01-01,2025-Q1,SAT,6,PBSK02,Courtcraft Court Shoe Low,BSK,592,471,121,25.7,false
2025-01-01,2025-Q1,SAT,7,PCLM04,Bramble Harness Lite,CLM,116,0,116,,true
2025-01-01,2025-Q1,SAT,8,PFTB04,Kestrel Pro Flag Football Set,FTB,96,0,96,,true
2025-01-01,2025-Q1,SAT,9,PTEN01,Bramble Tour Racquet 98,TEN,477,393,84,21.4,false
2025-01-01,2025-Q1,SAT,10,PBSK04,Vela Compression Sleeve,BSK,205,147,58,39.5,false
2025-04-01,2025-Q2,SAT,1,PRUN03,Kestrel Pro Carbon Race Flat,RUN,1526,459,1067,232.5,false
2025-04-01,2025-Q2,SAT,2,PPKB04,Loftline Thermoformed Pro Paddle,PKB,662,273,389,142.5,false
2025-04-01,2025-Q2,SAT,3,PVOL04,Kestrel Pro Court Shoe Mid,VOL,264,0,264,,true
2025-04-01,2025-Q2,SAT,4,PPKB02,Aerion Outdoor Balls 6pk,PKB,901,666,235,35.3,false
2025-04-01,2025-Q2,SAT,5,PFTB04,Kestrel Pro Flag Football Set,FTB,226,0,226,,true
2025-04-01,2025-Q2,SAT,6,PPKB01,Kestrel Pro Carbon Paddle 16mm,PKB,1080,943,137,14.5,false
2025-04-01,2025-Q2,SAT,7,PTEN01,Bramble Tour Racquet 98,TEN,601,477,124,26.0,false
2025-04-01,2025-Q2,SAT,8,PSOC01,Stridewell Match Ball Pro,SOC,1424,1307,117,9.0,false
2025-04-01,2025-Q2,SAT,9,PBSK02,Courtcraft Court Shoe Low,BSK,503,390,113,29.0,false
2025-04-01,2025-Q2,SAT,10,PSOC03,Kestrel Pro Shin Guard Lite,SOC,770,659,111,16.8,false
2025-07-01,2025-Q3,SAT,1,PRUN03,Kestrel Pro Carbon Race Flat,RUN,1370,942,428,45.4,false
2025-07-01,2025-Q3,SAT,2,PVOL04,Kestrel Pro Court Shoe Mid,VOL,313,24,289,1204.2,false
2025-07-01,2025-Q3,SAT,3,PFTB04,Kestrel Pro Flag Football Set,FTB,294,71,223,314.1,false
2025-07-01,2025-Q3,SAT,4,PSOC02,Loftline FG Cleat Elite,SOC,1459,1285,174,13.5,false
2025-07-01,2025-Q3,SAT,5,PPKB01,Kestrel Pro Carbon Paddle 16mm,PKB,1002,847,155,18.3,false
2025-07-01,2025-Q3,SAT,6,PPKB03,Kestrel Pro Court Shoe,PKB,538,404,134,33.2,false
2025-07-01,2025-Q3,SAT,7,PPKB02,Aerion Outdoor Balls 6pk,PKB,733,609,124,20.4,false
2025-07-01,2025-Q3,SAT,8,PPKB04,Loftline Thermoformed Pro Paddle,PKB,507,415,92,22.2,false
2025-07-01,2025-Q3,SAT,9,PGLF02,Bramble Distance Ball 12pk,GLF,420,358,62,17.3,false
2025-07-01,2025-Q3,SAT,10,PVOL01,Ironpeak Indoor Game Ball,VOL,612,563,49,8.7,false
2025-10-01,2025-Q4,SAT,1,PRUN03,Kestrel Pro Carbon Race Flat,RUN,1633,1268,365,28.8,false
2025-10-01,2025-Q4,SAT,2,PSOC01,Stridewell Match Ball Pro,SOC,1724,1359,365,26.9,false
2025-10-01,2025-Q4,SAT,3,PPKB01,Kestrel Pro Carbon Paddle 16mm,PKB,1282,943,339,35.9,false
2025-10-01,2025-Q4,SAT,4,PBSK01,Loftline Indoor Game Ball,BSK,1251,1008,243,24.1,false
2025-10-01,2025-Q4,SAT,5,PPKB02,Aerion Outdoor Balls 6pk,PKB,942,737,205,27.8,false
2025-10-01,2025-Q4,SAT,6,PRUN02,Aerion Trail Runner GTX,RUN,1173,985,188,19.1,false
2025-10-01,2025-Q4,SAT,7,PRUN01,Kestrel Pro Tempo Road Shoe,RUN,1542,1364,178,13.0,false
2025-10-01,2025-Q4,SAT,8,PPKB04,Loftline Thermoformed Pro Paddle,PKB,683,513,170,33.1,false
2025-10-01,2025-Q4,SAT,9,PBSK02,Courtcraft Court Shoe Low,BSK,949,793,156,19.7,false
2025-10-01,2025-Q4,SAT,10,PVOL04,Kestrel Pro Court Shoe Mid,VOL,261,116,145,125.0,false
2026-01-01,2026-Q1,SAT,1,PRUN01,Kestrel Pro Tempo Road Shoe,RUN,1629,1277,352,27.6,false
2026-01-01,2026-Q1,SAT,2,PPKB01,Kestrel Pro Carbon Paddle 16mm,PKB,1331,990,341,34.4,false
2026-01-01,2026-Q1,SAT,3,PPKB02,Aerion Outdoor Balls 6pk,PKB,960,658,302,45.9,false
2026-01-01,2026-Q1,SAT,4,PSOC04,Ironpeak 2026 Host City Replica Ball,SOC,280,0,280,,true
2026-01-01,2026-Q1,SAT,5,PRUN03,Kestrel Pro Carbon Race Flat,RUN,1706,1459,247,16.9,false
2026-01-01,2026-Q1,SAT,6,PPKB04,Loftline Thermoformed Pro Paddle,PKB,751,540,211,39.1,false
2026-01-01,2026-Q1,SAT,7,PPKB03,Kestrel Pro Court Shoe,PKB,606,479,127,26.5,false
2026-01-01,2026-Q1,SAT,8,PRUN02,Aerion Trail Runner GTX,RUN,1096,990,106,10.7,false
2026-01-01,2026-Q1,SAT,9,PGLF01,Vela Game-Improvement Irons,GLF,651,560,91,16.2,false
2026-01-01,2026-Q1,SAT,10,PSOC02,Loftline FG Cleat Elite,SOC,856,768,88,11.5,false
2026-04-01,2026-Q2,SAT,1,PSOC04,Ironpeak 2026 Host City Replica Ball,SOC,821,0,821,,true
2026-04-01,2026-Q2,SAT,2,PPKB01,Kestrel Pro Carbon Paddle 16mm,PKB,1630,1080,550,50.9,false
2026-04-01,2026-Q2,SAT,3,PRUN01,Kestrel Pro Tempo Road Shoe,RUN,1595,1284,311,24.2,false
2026-04-01,2026-Q2,SAT,4,PPKB04,Loftline Thermoformed Pro Paddle,PKB,918,662,256,38.7,false
2026-04-01,2026-Q2,SAT,5,PPKB02,Aerion Outdoor Balls 6pk,PKB,1069,901,168,18.6,false
2026-04-01,2026-Q2,SAT,6,PPKB03,Kestrel Pro Court Shoe,PKB,794,628,166,26.4,false
2026-04-01,2026-Q2,SAT,7,PBSK01,Loftline Indoor Game Ball,BSK,739,574,165,28.7,false
2026-04-01,2026-Q2,SAT,8,PRUN02,Aerion Trail Runner GTX,RUN,1135,985,150,15.2,false
2026-04-01,2026-Q2,SAT,9,PBSB02,Ironpeak Fielding Glove 11.75,BSB,688,582,106,18.2,false
2026-04-01,2026-Q2,SAT,10,PBSK03,Kestrel Pro Portable Hoop 54in,BSK,396,302,94,31.1,false
2023-01-01,2023-Q1,LAS,1,PPKB02,Aerion Outdoor Balls 6pk,PKB,676,369,307,83.2,false
2023-01-01,2023-Q1,LAS,2,PBSB01,Courtcraft BBCOR Alloy Bat,BSB,867,616,251,40.7,false
2023-01-01,2023-Q1,LAS,3,PRUN01,Kestrel Pro Tempo Road Shoe,RUN,1660,1418,242,17.1,false
2023-01-01,2023-Q1,LAS,4,PPKB01,Kestrel Pro Carbon Paddle 16mm,PKB,650,458,192,41.9,false
2023-01-01,2023-Q1,LAS,5,PBSB02,Ironpeak Fielding Glove 11.75,BSB,631,460,171,37.2,false
2023-01-01,2023-Q1,LAS,6,PPKB03,Kestrel Pro Court Shoe,PKB,419,264,155,58.7,false
2023-01-01,2023-Q1,LAS,7,PGLF01,Vela Game-Improvement Irons,GLF,915,797,118,14.8,false
2023-01-01,2023-Q1,LAS,8,PBSK01,Loftline Indoor Game Ball,BSK,536,462,74,16.0,false
2023-01-01,2023-Q1,LAS,9,PBSB03,Kestrel Pro Batting Helmet,BSB,373,307,66,21.5,false
2023-01-01,2023-Q1,LAS,10,PTEN02,Kestrel Pro Pressurized Balls 3pk,TEN,296,236,60,25.4,false
2023-04-01,2023-Q2,LAS,1,PRUN01,Kestrel Pro Tempo Road Shoe,RUN,1768,1334,434,32.5,false
2023-04-01,2023-Q2,LAS,2,PPKB01,Kestrel Pro Carbon Paddle 16mm,PKB,904,589,315,53.5,false
2023-04-01,2023-Q2,LAS,3,PPKB02,Aerion Outdoor Balls 6pk,PKB,694,440,254,57.7,false
2023-04-01,2023-Q2,LAS,4,PPKB03,Kestrel Pro Court Shoe,PKB,473,257,216,84.0,false
2023-04-01,2023-Q2,LAS,5,PRUN02,Aerion Trail Runner GTX,RUN,1156,1005,151,15.0,false
2023-04-01,2023-Q2,LAS,6,PSOC01,Stridewell Match Ball Pro,SOC,1019,935,84,9.0,false
2023-04-01,2023-Q2,LAS,7,PBSB03,Kestrel Pro Batting Helmet,BSB,326,270,56,20.7,false
2023-04-01,2023-Q2,LAS,8,PBSB01,Courtcraft BBCOR Alloy Bat,BSB,681,626,55,8.8,false
2023-04-01,2023-Q2,LAS,9,PBSK03,Kestrel Pro Portable Hoop 54in,BSK,290,242,48,19.8,false
2023-04-01,2023-Q2,LAS,10,PVOL01,Ironpeak Indoor Game Ball,VOL,316,268,48,17.9,false
2023-07-01,2023-Q3,LAS,1,PPKB01,Kestrel Pro Carbon Paddle 16mm,PKB,937,583,354,60.7,false
2023-07-01,2023-Q3,LAS,2,PPKB02,Aerion Outdoor Balls 6pk,PKB,617,443,174,39.3,false
2023-07-01,2023-Q3,LAS,3,PSOC01,Stridewell Match Ball Pro,SOC,1296,1136,160,14.1,false
2023-07-01,2023-Q3,LAS,4,PRUN01,Kestrel Pro Tempo Road Shoe,RUN,1408,1263,145,11.5,false
2023-07-01,2023-Q3,LAS,5,PPKB03,Kestrel Pro Court Shoe,PKB,400,269,131,48.7,false
2023-07-01,2023-Q3,LAS,6,PRUN02,Aerion Trail Runner GTX,RUN,925,804,121,15.0,false
2023-07-01,2023-Q3,LAS,7,PGLF04,Aerion Launch Monitor Mini,GLF,120,0,120,,true
2023-07-01,2023-Q3,LAS,8,PSOC02,Loftline FG Cleat Elite,SOC,960,841,119,14.1,false
2023-07-01,2023-Q3,LAS,9,PVOL02,Vela Knee Pads,VOL,306,243,63,25.9,false
2023-07-01,2023-Q3,LAS,10,PCLM01,Courtcraft Bouldering Shoe,CLM,161,123,38,30.9,false
2023-10-01,2023-Q4,LAS,1,PPKB01,Kestrel Pro Carbon Paddle 16mm,PKB,1086,792,294,37.1,false
2023-10-01,2023-Q4,LAS,2,PGLF04,Aerion Launch Monitor Mini,GLF,203,0,203,,true
2023-10-01,2023-Q4,LAS,3,PPKB02,Aerion Outdoor Balls 6pk,PKB,760,613,147,24.0,false
2023-10-01,2023-Q4,LAS,4,PBSK02,Courtcraft Court Shoe Low,BSK,772,644,128,19.9,false
2023-10-01,2023-Q4,LAS,5,PPKB03,Kestrel Pro Court Shoe,PKB,537,412,125,30.3,false
2023-10-01,2023-Q4,LAS,6,PBSB04,Bramble USSSA Composite Bat,BSB,119,0,119,,true
2023-10-01,2023-Q4,LAS,7,PSOC02,Loftline FG Cleat Elite,SOC,966,849,117,13.8,false
2023-10-01,2023-Q4,LAS,8,PRUN01,Kestrel Pro Tempo Road Shoe,RUN,1626,1530,96,6.3,false
2023-10-01,2023-Q4,LAS,9,PSOC01,Stridewell Match Ball Pro,SOC,1147,1057,90,8.5,false
2023-10-01,2023-Q4,LAS,10,PBSK03,Kestrel Pro Portable Hoop 54in,BSK,468,394,74,18.8,false
2024-01-01,2024-Q1,LAS,1,PPKB01,Kestrel Pro Carbon Paddle 16mm,PKB,1141,650,491,75.5,false
2024-01-01,2024-Q1,LAS,2,PGLF04,Aerion Launch Monitor Mini,GLF,374,0,374,,true
2024-01-01,2024-Q1,LAS,3,PBSB04,Bramble USSSA Composite Bat,BSB,283,0,283,,true
2024-01-01,2024-Q1,LAS,4,PRUN02,Aerion Trail Runner GTX,RUN,1229,1038,191,18.4,false
2024-01-01,2024-Q1,LAS,5,PPKB02,Aerion Outdoor Balls 6pk,PKB,849,676,173,25.6,false
2024-01-01,2024-Q1,LAS,6,PRUN01,Kestrel Pro Tempo Road Shoe,RUN,1812,1660,152,9.2,false
2024-01-01,2024-Q1,LAS,7,PSOC01,Stridewell Match Ball Pro,SOC,839,735,104,14.1,false
2024-01-01,2024-Q1,LAS,8,PPKB03,Kestrel Pro Court Shoe,PKB,517,419,98,23.4,false
2024-01-01,2024-Q1,LAS,9,PSOC02,Loftline FG Cleat Elite,SOC,609,520,89,17.1,false
2024-01-01,2024-Q1,LAS,10,PVOL02,Vela Knee Pads,VOL,166,128,38,29.7,false
2024-04-01,2024-Q2,LAS,1,PGLF04,Aerion Launch Monitor Mini,GLF,425,0,425,,true
2024-04-01,2024-Q2,LAS,2,PRUN03,Kestrel Pro Carbon Race Flat,RUN,344,0,344,,true
2024-04-01,2024-Q2,LAS,3,PBSB04,Bramble USSSA Composite Bat,BSB,299,0,299,,true
2024-04-01,2024-Q2,LAS,4,PPKB04,Loftline Thermoformed Pro Paddle,PKB,260,0,260,,true
2024-04-01,2024-Q2,LAS,5,PPKB01,Kestrel Pro Carbon Paddle 16mm,PKB,1155,904,251,27.8,false
2024-04-01,2024-Q2,LAS,6,PSOC01,Stridewell Match Ball Pro,SOC,1150,1019,131,12.9,false
2024-04-01,2024-Q2,LAS,7,PPKB03,Kestrel Pro Court Shoe,PKB,576,473,103,21.8,false
2024-04-01,2024-Q2,LAS,8,PFTB01,Ironpeak Youth Helmet,FTB,325,240,85,35.4,false
2024-04-01,2024-Q2,LAS,9,PRUN02,Aerion Trail Runner GTX,RUN,1215,1156,59,5.1,false
2024-04-01,2024-Q2,LAS,10,PTEN01,Bramble Tour Racquet 98,TEN,488,437,51,11.7,false
2024-07-01,2024-Q3,LAS,1,PRUN03,Kestrel Pro Carbon Race Flat,RUN,700,0,700,,true
2024-07-01,2024-Q3,LAS,2,PPKB04,Loftline Thermoformed Pro Paddle,PKB,492,0,492,,true
2024-07-01,2024-Q3,LAS,3,PPKB02,Aerion Outdoor Balls 6pk,PKB,810,617,193,31.3,false
2024-07-01,2024-Q3,LAS,4,PGLF04,Aerion Launch Monitor Mini,GLF,299,120,179,149.2,false
2024-07-01,2024-Q3,LAS,5,PBSB04,Bramble USSSA Composite Bat,BSB,165,0,165,,true
2024-07-01,2024-Q3,LAS,6,PBSK01,Loftline Indoor Game Ball,BSK,746,603,143,23.7,false
2024-07-01,2024-Q3,LAS,7,PSOC01,Stridewell Match Ball Pro,SOC,1423,1296,127,9.8,false
2024-07-01,2024-Q3,LAS,8,PSOC03,Kestrel Pro Shin Guard Lite,SOC,703,608,95,15.6,false
2024-07-01,2024-Q3,LAS,9,PSOC02,Loftline FG Cleat Elite,SOC,1051,960,91,9.5,false
2024-07-01,2024-Q3,LAS,10,PPKB01,Kestrel Pro Carbon Paddle 16mm,PKB,1019,937,82,8.8,false
2024-10-01,2024-Q4,LAS,1,PRUN03,Kestrel Pro Carbon Race Flat,RUN,1267,0,1267,,true
2024-10-01,2024-Q4,LAS,2,PPKB04,Loftline Thermoformed Pro Paddle,PKB,648,0,648,,true
2024-10-01,2024-Q4,LAS,3,PSOC01,Stridewell Match Ball Pro,SOC,1411,1147,264,23.0,false
2024-10-01,2024-Q4,LAS,4,PBSB04,Bramble USSSA Composite Bat,BSB,288,119,169,142.0,false
2024-10-01,2024-Q4,LAS,5,PSOC03,Kestrel Pro Shin Guard Lite,SOC,692,530,162,30.6,false
2024-10-01,2024-Q4,LAS,6,PBSK01,Loftline Indoor Game Ball,BSK,955,795,160,20.1,false
2024-10-01,2024-Q4,LAS,7,PSOC02,Loftline FG Cleat Elite,SOC,1083,966,117,12.1,false
2024-10-01,2024-Q4,LAS,8,PVOL04,Kestrel Pro Court Shoe Mid,VOL,103,0,103,,true
2024-10-01,2024-Q4,LAS,9,PCLM04,Bramble Harness Lite,CLM,101,0,101,,true
2024-10-01,2024-Q4,LAS,10,PPKB02,Aerion Outdoor Balls 6pk,PKB,856,760,96,12.6,false
2025-01-01,2025-Q1,LAS,1,PRUN03,Kestrel Pro Carbon Race Flat,RUN,1061,0,1061,,true
2025-01-01,2025-Q1,LAS,2,PPKB04,Loftline Thermoformed Pro Paddle,PKB,603,37,566,1529.7,false
2025-01-01,2025-Q1,LAS,3,PBSK01,Loftline Indoor Game Ball,BSK,587,467,120,25.7,false
2025-01-01,2025-Q1,LAS,4,PVOL04,Kestrel Pro Court Shoe Mid,VOL,113,0,113,,true
2025-01-01,2025-Q1,LAS,5,PSOC01,Stridewell Match Ball Pro,SOC,951,839,112,13.3,false
2025-01-01,2025-Q1,LAS,6,PCYC01,Aerion Gravel Bike 105,CYC,543,438,105,24.0,false
2025-01-01,2025-Q1,LAS,7,PBSK03,Kestrel Pro Portable Hoop 54in,BSK,344,250,94,37.6,false
2025-01-01,2025-Q1,LAS,8,PSOC03,Kestrel Pro Shin Guard Lite,SOC,474,384,90,23.4,false
2025-01-01,2025-Q1,LAS,9,PBSB01,Courtcraft BBCOR Alloy Bat,BSB,752,664,88,13.3,false
2025-01-01,2025-Q1,LAS,10,PBSB04,Bramble USSSA Composite Bat,BSB,366,283,83,29.3,false
2025-04-01,2025-Q2,LAS,1,PRUN03,Kestrel Pro Carbon Race Flat,RUN,1451,344,1107,321.8,false
2025-04-01,2025-Q2,LAS,2,PPKB04,Loftline Thermoformed Pro Paddle,PKB,740,260,480,184.6,false
2025-04-01,2025-Q2,LAS,3,PPKB02,Aerion Outdoor Balls 6pk,PKB,952,739,213,28.8,false
2025-04-01,2025-Q2,LAS,4,PVOL04,Kestrel Pro Court Shoe Mid,VOL,183,0,183,,true
2025-04-01,2025-Q2,LAS,5,PFTB04,Kestrel Pro Flag Football Set,FTB,135,0,135,,true
2025-04-01,2025-Q2,LAS,6,PSOC02,Loftline FG Cleat Elite,SOC,972,851,121,14.2,false
2025-04-01,2025-Q2,LAS,7,PPKB01,Kestrel Pro Carbon Paddle 16mm,PKB,1258,1155,103,8.9,false
2025-04-01,2025-Q2,LAS,8,PCYC01,Aerion Gravel Bike 105,CYC,682,581,101,17.4,false
2025-04-01,2025-Q2,LAS,9,PBSK01,Loftline Indoor Game Ball,BSK,579,493,86,17.4,false
2025-04-01,2025-Q2,LAS,10,PSOC03,Kestrel Pro Shin Guard Lite,SOC,599,523,76,14.5,false
2025-07-01,2025-Q3,LAS,1,PRUN03,Kestrel Pro Carbon Race Flat,RUN,1044,700,344,49.1,false
2025-07-01,2025-Q3,LAS,2,PVOL04,Kestrel Pro Court Shoe Mid,VOL,222,15,207,1380.0,false
2025-07-01,2025-Q3,LAS,3,PFTB04,Kestrel Pro Flag Football Set,FTB,169,41,128,312.2,false
2025-07-01,2025-Q3,LAS,4,PSOC02,Loftline FG Cleat Elite,SOC,1169,1051,118,11.2,false
2025-07-01,2025-Q3,LAS,5,PCYC01,Aerion Gravel Bike 105,CYC,472,396,76,19.2,false
2025-07-01,2025-Q3,LAS,6,PPKB04,Loftline Thermoformed Pro Paddle,PKB,557,492,65,13.2,false
2025-07-01,2025-Q3,LAS,7,PPKB03,Kestrel Pro Court Shoe,PKB,519,461,58,12.6,false
2025-07-01,2025-Q3,LAS,8,PCYC02,Stridewell Road Helmet MIPS,CYC,385,328,57,17.4,false
2025-07-01,2025-Q3,LAS,9,PPKB01,Kestrel Pro Carbon Paddle 16mm,PKB,1072,1019,53,5.2,false
2025-07-01,2025-Q3,LAS,10,PBSK02,Courtcraft Court Shoe Low,BSK,575,526,49,9.3,false
2025-10-01,2025-Q4,LAS,1,PPKB02,Aerion Outdoor Balls 6pk,PKB,1122,856,266,31.1,false
2025-10-01,2025-Q4,LAS,2,PPKB01,Kestrel Pro Carbon Paddle 16mm,PKB,1332,1117,215,19.2,false
2025-10-01,2025-Q4,LAS,3,PSNW01,Loftline All-Mountain Ski,SNW,423,309,114,36.9,false
2025-10-01,2025-Q4,LAS,4,PSOC03,Kestrel Pro Shin Guard Lite,SOC,791,692,99,14.3,false
2025-10-01,2025-Q4,LAS,5,PPKB04,Loftline Thermoformed Pro Paddle,PKB,743,648,95,14.7,false
2025-10-01,2025-Q4,LAS,6,PBSB01,Courtcraft BBCOR Alloy Bat,BSB,596,505,91,18.0,false
2025-10-01,2025-Q4,LAS,7,PSNW02,Courtcraft Snowboard Boot,SNW,330,242,88,36.4,false
2025-10-01,2025-Q4,LAS,8,PCYC01,Aerion Gravel Bike 105,CYC,416,334,82,24.6,false
2025-10-01,2025-Q4,LAS,9,PBSK01,Loftline Indoor Game Ball,BSK,1035,955,80,8.4,false
2025-10-01,2025-Q4,LAS,10,PBSB02,Ironpeak Fielding Glove 11.75,BSB,459,384,75,19.5,false
2026-01-01,2026-Q1,LAS,1,PPKB01,Kestrel Pro Carbon Paddle 16mm,PKB,1683,1128,555,49.2,false
2026-01-01,2026-Q1,LAS,2,PPKB02,Aerion Outdoor Balls 6pk,PKB,1217,886,331,37.4,false
2026-01-01,2026-Q1,LAS,3,PPKB03,Kestrel Pro Court Shoe,PKB,769,542,227,41.9,false
2026-01-01,2026-Q1,LAS,4,PSOC04,Ironpeak 2026 Host City Replica Ball,SOC,225,0,225,,true
2026-01-01,2026-Q1,LAS,5,PPKB04,Loftline Thermoformed Pro Paddle,PKB,813,603,210,34.8,false
2026-01-01,2026-Q1,LAS,6,PRUN03,Kestrel Pro Carbon Race Flat,RUN,1263,1061,202,19.0,false
2026-01-01,2026-Q1,LAS,7,PBSK02,Courtcraft Court Shoe Low,BSK,545,365,180,49.3,false
2026-01-01,2026-Q1,LAS,8,PGLF01,Vela Game-Improvement Irons,GLF,728,632,96,15.2,false
2026-01-01,2026-Q1,LAS,9,PBSK01,Loftline Indoor Game Ball,BSK,675,587,88,15.0,false
2026-01-01,2026-Q1,LAS,10,PRUN02,Aerion Trail Runner GTX,RUN,803,753,50,6.6,false
2026-04-01,2026-Q2,LAS,1,PSOC04,Ironpeak 2026 Host City Replica Ball,SOC,561,0,561,,true
2026-04-01,2026-Q2,LAS,2,PPKB01,Kestrel Pro Carbon Paddle 16mm,PKB,1774,1258,516,41.0,false
2026-04-01,2026-Q2,LAS,3,PPKB02,Aerion Outdoor Balls 6pk,PKB,1252,952,300,31.5,false
2026-04-01,2026-Q2,LAS,4,PRUN02,Aerion Trail Runner GTX,RUN,1042,836,206,24.6,false
2026-04-01,2026-Q2,LAS,5,PPKB03,Kestrel Pro Court Shoe,PKB,802,610,192,31.5,false
2026-04-01,2026-Q2,LAS,6,PPKB04,Loftline Thermoformed Pro Paddle,PKB,923,740,183,24.7,false
2026-04-01,2026-Q2,LAS,7,PVOL01,Ironpeak Indoor Game Ball,VOL,414,318,96,30.2,false
2026-04-01,2026-Q2,LAS,8,PBSB01,Courtcraft BBCOR Alloy Bat,BSB,664,577,87,15.1,false
2026-04-01,2026-Q2,LAS,9,PRUN01,Kestrel Pro Tempo Road Shoe,RUN,1314,1229,85,6.9,false
2026-04-01,2026-Q2,LAS,10,PVOL02,Vela Knee Pads,VOL,288,227,61,26.9,false
2023-01-01,2023-Q1,CMH,1,PRUN01,Kestrel Pro Tempo Road Shoe,RUN,1514,1333,181,13.6,false
2023-01-01,2023-Q1,CMH,2,PRUN02,Aerion Trail Runner GTX,RUN,1154,1016,138,13.6,false
2023-01-01,2023-Q1,CMH,3,PPKB02,Aerion Outdoor Balls 6pk,PKB,293,170,123,72.4,false
2023-01-01,2023-Q1,CMH,4,PBSK01,Loftline Indoor Game Ball,BSK,625,504,121,24.0,false
2023-01-01,2023-Q1,CMH,5,PPKB01,Kestrel Pro Carbon Paddle 16mm,PKB,379,274,105,38.3,false
2023-01-01,2023-Q1,CMH,6,PBSK02,Courtcraft Court Shoe Low,BSK,435,350,85,24.3,false
2023-01-01,2023-Q1,CMH,7,PSOC01,Stridewell Match Ball Pro,SOC,749,668,81,12.1,false
2023-01-01,2023-Q1,CMH,8,PBSB03,Kestrel Pro Batting Helmet,BSB,334,260,74,28.5,false
2023-01-01,2023-Q1,CMH,9,PRUN04,Loftline Hydration Vest,RUN,417,348,69,19.8,false
2023-01-01,2023-Q1,CMH,10,PTEN01,Bramble Tour Racquet 98,TEN,411,353,58,16.4,false
2023-04-01,2023-Q2,CMH,1,PSOC01,Stridewell Match Ball Pro,SOC,1211,910,301,33.1,false
2023-04-01,2023-Q2,CMH,2,PPKB01,Kestrel Pro Carbon Paddle 16mm,PKB,448,290,158,54.5,false
2023-04-01,2023-Q2,CMH,3,PGLF01,Vela Game-Improvement Irons,GLF,783,629,154,24.5,false
2023-04-01,2023-Q2,CMH,4,PPKB02,Aerion Outdoor Balls 6pk,PKB,345,204,141,69.1,false
2023-04-01,2023-Q2,CMH,5,PVOL01,Ironpeak Indoor Game Ball,VOL,410,277,133,48.0,false
2023-04-01,2023-Q2,CMH,6,PVOL02,Vela Knee Pads,VOL,330,211,119,56.4,false
2023-04-01,2023-Q2,CMH,7,PPKB03,Kestrel Pro Court Shoe,PKB,238,129,109,84.5,false
2023-04-01,2023-Q2,CMH,8,PBSK01,Loftline Indoor Game Ball,BSK,483,396,87,22.0,false
2023-04-01,2023-Q2,CMH,9,PBSK02,Courtcraft Court Shoe Low,BSK,391,306,85,27.8,false
2023-04-01,2023-Q2,CMH,10,PTEN01,Bramble Tour Racquet 98,TEN,503,422,81,19.2,false
2023-07-01,2023-Q3,CMH,1,PSOC01,Stridewell Match Ball Pro,SOC,1426,1116,310,27.8,false
2023-07-01,2023-Q3,CMH,2,PSOC02,Loftline FG Cleat Elite,SOC,975,788,187,23.7,false
2023-07-01,2023-Q3,CMH,3,PRUN02,Aerion Trail Runner GTX,RUN,960,783,177,22.6,false
2023-07-01,2023-Q3,CMH,4,PVOL02,Vela Knee Pads,VOL,401,282,119,42.2,false
2023-07-01,2023-Q3,CMH,5,PVOL01,Ironpeak Indoor Game Ball,VOL,457,345,112,32.5,false
2023-07-01,2023-Q3,CMH,6,PPKB01,Kestrel Pro Carbon Paddle 16mm,PKB,379,276,103,37.3,false
2023-07-01,2023-Q3,CMH,7,PGLF04,Aerion Launch Monitor Mini,GLF,88,0,88,,true
2023-07-01,2023-Q3,CMH,8,PSOC03,Kestrel Pro Shin Guard Lite,SOC,668,581,87,15.0,false
2023-07-01,2023-Q3,CMH,9,PPKB02,Aerion Outdoor Balls 6pk,PKB,264,207,57,27.5,false
2023-07-01,2023-Q3,CMH,10,PPKB03,Kestrel Pro Court Shoe,PKB,196,142,54,38.0,false
2023-10-01,2023-Q4,CMH,1,PPKB01,Kestrel Pro Carbon Paddle 16mm,PKB,493,320,173,54.1,false
2023-10-01,2023-Q4,CMH,2,PRUN01,Kestrel Pro Tempo Road Shoe,RUN,1567,1397,170,12.2,false
2023-10-01,2023-Q4,CMH,3,PGLF04,Aerion Launch Monitor Mini,GLF,145,0,145,,true
2023-10-01,2023-Q4,CMH,4,PSOC02,Loftline FG Cleat Elite,SOC,893,786,107,13.6,false
2023-10-01,2023-Q4,CMH,5,PBSB04,Bramble USSSA Composite Bat,BSB,89,0,89,,true
2023-10-01,2023-Q4,CMH,6,PPKB02,Aerion Outdoor Balls 6pk,PKB,366,283,83,29.3,false
2023-10-01,2023-Q4,CMH,7,PVOL01,Ironpeak Indoor Game Ball,VOL,396,340,56,16.5,false
2023-10-01,2023-Q4,CMH,8,PPKB03,Kestrel Pro Court Shoe,PKB,243,189,54,28.6,false
2023-10-01,2023-Q4,CMH,9,PCYC02,Stridewell Road Helmet MIPS,CYC,331,281,50,17.8,false
2023-10-01,2023-Q4,CMH,10,PVOL02,Vela Knee Pads,VOL,301,264,37,14.0,false
2024-01-01,2024-Q1,CMH,1,PBSB04,Bramble USSSA Composite Bat,BSB,233,0,233,,true
2024-01-01,2024-Q1,CMH,2,PGLF04,Aerion Launch Monitor Mini,GLF,222,0,222,,true
2024-01-01,2024-Q1,CMH,3,PPKB01,Kestrel Pro Carbon Paddle 16mm,PKB,489,379,110,29.0,false
2024-01-01,2024-Q1,CMH,4,PPKB02,Aerion Outdoor Balls 6pk,PKB,379,293,86,29.4,false
2024-01-01,2024-Q1,CMH,5,PVOL01,Ironpeak Indoor Game Ball,VOL,290,210,80,38.1,false
2024-01-01,2024-Q1,CMH,6,PSOC01,Stridewell Match Ball Pro,SOC,812,749,63,8.4,false
2024-01-01,2024-Q1,CMH,7,PPKB03,Kestrel Pro Court Shoe,PKB,241,179,62,34.6,false
2024-01-01,2024-Q1,CMH,8,PSOC03,Kestrel Pro Shin Guard Lite,SOC,436,385,51,13.2,false
2024-01-01,2024-Q1,CMH,9,PVOL02,Vela Knee Pads,VOL,204,156,48,30.8,false
2024-01-01,2024-Q1,CMH,10,PCYC01,Aerion Gravel Bike 105,CYC,499,465,34,7.3,false
2024-04-01,2024-Q2,CMH,1,PRUN03,Kestrel Pro Carbon Race Flat,RUN,344,0,344,,true
2024-04-01,2024-Q2,CMH,2,PBSB04,Bramble USSSA Composite Bat,BSB,301,0,301,,true
2024-04-01,2024-Q2,CMH,3,PGLF04,Aerion Launch Monitor Mini,GLF,287,0,287,,true
2024-04-01,2024-Q2,CMH,4,PSOC03,Kestrel Pro Shin Guard Lite,SOC,687,474,213,44.9,false
2024-04-01,2024-Q2,CMH,5,PSOC02,Loftline FG Cleat Elite,SOC,1023,855,168,19.6,false
2024-04-01,2024-Q2,CMH,6,PPKB04,Loftline Thermoformed Pro Paddle,PKB,136,0,136,,true
2024-04-01,2024-Q2,CMH,7,PBSK01,Loftline Indoor Game Ball,BSK,571,483,88,18.2,false
2024-04-01,2024-Q2,CMH,8,PSOC01,Stridewell Match Ball Pro,SOC,1288,1211,77,6.4,false
2024-04-01,2024-Q2,CMH,9,PBSK02,Courtcraft Court Shoe Low,BSK,465,391,74,18.9,false
2024-04-01,2024-Q2,CMH,10,PRUN04,Loftline Hydration Vest,RUN,380,333,47,14.1,false
2024-07-01,2024-Q3,CMH,1,PRUN03,Kestrel Pro Carbon Race Flat,RUN,726,0,726,,true
2024-07-01,2024-Q3,CMH,2,PPKB04,Loftline Thermoformed Pro Paddle,PKB,199,0,199,,true
2024-07-01,2024-Q3,CMH,3,PBSB04,Bramble USSSA Composite Bat,BSB,146,0,146,,true
2024-07-01,2024-Q3,CMH,4,PGLF04,Aerion Launch Monitor Mini,GLF,231,88,143,162.5,false
2024-07-01,2024-Q3,CMH,5,PBSK02,Courtcraft Court Shoe Low,BSK,528,433,95,21.9,false
2024-07-01,2024-Q3,CMH,6,PTEN02,Kestrel Pro Pressurized Balls 3pk,TEN,321,237,84,35.4,false
2024-07-01,2024-Q3,CMH,7,PPKB01,Kestrel Pro Carbon Paddle 16mm,PKB,455,379,76,20.1,false
2024-07-01,2024-Q3,CMH,8,PCYC01,Aerion Gravel Bike 105,CYC,429,360,69,19.2,false
2024-07-01,2024-Q3,CMH,9,PBSK01,Loftline Indoor Game Ball,BSK,616,557,59,10.6,false
2024-07-01,2024-Q3,CMH,10,PSOC02,Loftline FG Cleat Elite,SOC,1033,975,58,5.9,false
2024-10-01,2024-Q4,CMH,1,PRUN03,Kestrel Pro Carbon Race Flat,RUN,1251,0,1251,,true
2024-10-01,2024-Q4,CMH,2,PPKB04,Loftline Thermoformed Pro Paddle,PKB,280,0,280,,true
2024-10-01,2024-Q4,CMH,3,PSOC01,Stridewell Match Ball Pro,SOC,1286,1104,182,16.5,false
2024-10-01,2024-Q4,CMH,4,PSNW01,Loftline All-Mountain Ski,SNW,635,461,174,37.7,false
2024-10-01,2024-Q4,CMH,5,PBSB04,Bramble USSSA Composite Bat,BSB,253,89,164,184.3,false
2024-10-01,2024-Q4,CMH,6,PSOC03,Kestrel Pro Shin Guard Lite,SOC,659,544,115,21.1,false
2024-10-01,2024-Q4,CMH,7,PVOL04,Kestrel Pro Court Shoe Mid,VOL,112,0,112,,true
2024-10-01,2024-Q4,CMH,8,PCLM04,Bramble Harness Lite,CLM,108,0,108,,true
2024-10-01,2024-Q4,CMH,9,PBSK03,Kestrel Pro Portable Hoop 54in,BSK,486,400,86,21.5,false
2024-10-01,2024-Q4,CMH,10,PSOC02,Loftline FG Cleat Elite,SOC,971,893,78,8.7,false
2025-01-01,2025-Q1,CMH,1,PRUN03,Kestrel Pro Carbon Race Flat,RUN,1240,0,1240,,true
2025-01-01,2025-Q1,CMH,2,PPKB04,Loftline Thermoformed Pro Paddle,PKB,241,15,226,1506.7,false
2025-01-01,2025-Q1,CMH,3,PSOC01,Stridewell Match Ball Pro,SOC,976,812,164,20.2,false
2025-01-01,2025-Q1,CMH,4,PSNW01,Loftline All-Mountain Ski,SNW,350,205,145,70.7,false
2025-01-01,2025-Q1,CMH,5,PVOL04,Kestrel Pro Court Shoe Mid,VOL,135,0,135,,true
2025-01-01,2025-Q1,CMH,6,PSOC02,Loftline FG Cleat Elite,SOC,674,559,115,20.6,false
2025-01-01,2025-Q1,CMH,7,PBSK01,Loftline Indoor Game Ball,BSK,603,491,112,22.8,false
2025-01-01,2025-Q1,CMH,8,PSNW02,Courtcraft Snowboard Boot,SNW,260,151,109,72.2,false
2025-01-01,2025-Q1,CMH,9,PCLM04,Bramble Harness Lite,CLM,85,0,85,,true
2025-01-01,2025-Q1,CMH,10,PSNW03,Kestrel Pro Insulated Shell,SNW,180,111,69,62.2,false
2025-04-01,2025-Q2,CMH,1,PRUN03,Kestrel Pro Carbon Race Flat,RUN,1390,344,1046,304.1,false
2025-04-01,2025-Q2,CMH,2,PVOL04,Kestrel Pro Court Shoe Mid,VOL,207,0,207,,true
2025-04-01,2025-Q2,CMH,3,PPKB04,Loftline Thermoformed Pro Paddle,PKB,288,136,152,111.8,false
2025-04-01,2025-Q2,CMH,4,PFTB04,Kestrel Pro Flag Football Set,FTB,147,0,147,,true
2025-04-01,2025-Q2,CMH,5,PSOC01,Stridewell Match Ball Pro,SOC,1408,1288,120,9.3,false
2025-04-01,2025-Q2,CMH,6,PGLF02,Bramble Distance Ball 12pk,GLF,495,413,82,19.9,false
2025-04-01,2025-Q2,CMH,7,PBSK03,Kestrel Pro Portable Hoop 54in,BSK,314,241,73,30.3,false
2025-04-01,2025-Q2,CMH,8,PPKB01,Kestrel Pro Carbon Paddle 16mm,PKB,528,458,70,15.3,false
2025-04-01,2025-Q2,CMH,9,PPKB02,Aerion Outdoor Balls 6pk,PKB,442,375,67,17.9,false
2025-04-01,2025-Q2,CMH,10,PHKY01,Stridewell Composite Stick,HKY,192,131,61,46.6,false
2025-07-01,2025-Q3,CMH,1,PRUN03,Kestrel Pro Carbon Race Flat,RUN,1070,726,344,47.4,false
2025-07-01,2025-Q3,CMH,2,PVOL04,Kestrel Pro Court Shoe Mid,VOL,232,17,215,1264.7,false
2025-07-01,2025-Q3,CMH,3,PSOC02,Loftline FG Cleat Elite,SOC,1239,1033,206,19.9,false
2025-07-01,2025-Q3,CMH,4,PSOC01,Stridewell Match Ball Pro,SOC,1543,1375,168,12.2,false
2025-07-01,2025-Q3,CMH,5,PBSK01,Loftline Indoor Game Ball,BSK,751,616,135,21.9,false
2025-07-01,2025-Q3,CMH,6,PFTB04,Kestrel Pro Flag Football Set,FTB,170,40,130,325.0,false
2025-07-01,2025-Q3,CMH,7,PPKB02,Aerion Outdoor Balls 6pk,PKB,371,267,104,39.0,false
2025-07-01,2025-Q3,CMH,8,PSOC03,Kestrel Pro Shin Guard Lite,SOC,781,681,100,14.7,false
2025-07-01,2025-Q3,CMH,9,PPKB04,Loftline Thermoformed Pro Paddle,PKB,269,199,70,35.2,false
2025-07-01,2025-Q3,CMH,10,PCYC01,Aerion Gravel Bike 105,CYC,487,429,58,13.5,false
2025-10-01,2025-Q4,CMH,1,PRUN03,Kestrel Pro Carbon Race Flat,RUN,1428,1251,177,14.1,false
2025-10-01,2025-Q4,CMH,2,PBSK02,Courtcraft Court Shoe Low,BSK,828,654,174,26.6,false
2025-10-01,2025-Q4,CMH,3,PBSK01,Loftline Indoor Game Ball,BSK,1060,898,162,18.0,false
2025-10-01,2025-Q4,CMH,4,PSOC01,Stridewell Match Ball Pro,SOC,1424,1286,138,10.7,false
2025-10-01,2025-Q4,CMH,5,PRUN01,Kestrel Pro Tempo Road Shoe,RUN,1277,1140,137,12.0,false
2025-10-01,2025-Q4,CMH,6,PVOL04,Kestrel Pro Court Shoe Mid,VOL,224,112,112,100.0,false
2025-10-01,2025-Q4,CMH,7,PSOC02,Loftline FG Cleat Elite,SOC,1069,971,98,10.1,false
2025-10-01,2025-Q4,CMH,8,PSOC03,Kestrel Pro Shin Guard Lite,SOC,748,659,89,13.5,false
2025-10-01,2025-Q4,CMH,9,PBSB02,Ironpeak Fielding Glove 11.75,BSB,403,317,86,27.1,false
2025-10-01,2025-Q4,CMH,10,PHKY01,Stridewell Composite Stick,HKY,367,292,75,25.7,false
2026-01-01,2026-Q1,CMH,1,PSOC04,Ironpeak 2026 Host City Replica Ball,SOC,252,0,252,,true
2026-01-01,2026-Q1,CMH,2,PBSB02,Ironpeak Fielding Glove 11.75,BSB,486,364,122,33.5,false
2026-01-01,2026-Q1,CMH,3,PBSB01,Courtcraft BBCOR Alloy Bat,BSB,636,535,101,18.9,false
2026-01-01,2026-Q1,CMH,4,PRUN03,Kestrel Pro Carbon Race Flat,RUN,1337,1240,97,7.8,false
2026-01-01,2026-Q1,CMH,5,PCYC02,Stridewell Road Helmet MIPS,CYC,420,331,89,26.9,false
2026-01-01,2026-Q1,CMH,6,PPKB02,Aerion Outdoor Balls 6pk,PKB,457,372,85,22.8,false
2026-01-01,2026-Q1,CMH,7,PPKB04,Loftline Thermoformed Pro Paddle,PKB,325,241,84,34.9,false
2026-01-01,2026-Q1,CMH,8,PBSB04,Bramble USSSA Composite Bat,BSB,349,290,59,20.3,false
2026-01-01,2026-Q1,CMH,9,PRUN04,Loftline Hydration Vest,RUN,312,255,57,22.4,false
2026-01-01,2026-Q1,CMH,10,PCYC01,Aerion Gravel Bike 105,CYC,485,430,55,12.8,false
2026-04-01,2026-Q2,CMH,1,PSOC04,Ironpeak 2026 Host City Replica Ball,SOC,595,0,595,,true
2026-04-01,2026-Q2,CMH,2,PRUN03,Kestrel Pro Carbon Race Flat,RUN,1518,1390,128,9.2,false
2026-04-01,2026-Q2,CMH,3,PVOL02,Vela Knee Pads,VOL,391,287,104,36.2,false
2026-04-01,2026-Q2,CMH,4,PBSB02,Ironpeak Fielding Glove 11.75,BSB,424,330,94,28.5,false
2026-04-01,2026-Q2,CMH,5,PPKB01,Kestrel Pro Carbon Paddle 16mm,PKB,619,528,91,17.2,false
2026-04-01,2026-Q2,CMH,6,PBSK01,Loftline Indoor Game Ball,BSK,612,530,82,15.5,false
2026-04-01,2026-Q2,CMH,7,PGLF01,Vela Game-Improvement Irons,GLF,666,584,82,14.0,false
2026-04-01,2026-Q2,CMH,8,PVOL04,Kestrel Pro Court Shoe Mid,VOL,289,207,82,39.6,false
2026-04-01,2026-Q2,CMH,9,PRUN04,Loftline Hydration Vest,RUN,333,259,74,28.6,false
2026-04-01,2026-Q2,CMH,10,PTEN02,Kestrel Pro Pressurized Balls 3pk,TEN,424,351,73,20.8,false
2023-01-01,2023-Q1,MCI,1,PPKB01,Kestrel Pro Carbon Paddle 16mm,PKB,406,258,148,57.4,false
2023-01-01,2023-Q1,MCI,2,PPKB02,Aerion Outdoor Balls 6pk,PKB,329,200,129,64.5,false
2023-01-01,2023-Q1,MCI,3,PBSB02,Ironpeak Fielding Glove 11.75,BSB,447,364,83,22.8,false
2023-01-01,2023-Q1,MCI,4,PVOL01,Ironpeak Indoor Game Ball,VOL,248,174,74,42.5,false
2023-01-01,2023-Q1,MCI,5,PSOC03,Kestrel Pro Shin Guard Lite,SOC,368,301,67,22.3,false
2023-01-01,2023-Q1,MCI,6,PSNW01,Loftline All-Mountain Ski,SNW,315,249,66,26.5,false
2023-01-01,2023-Q1,MCI,7,PSOC02,Loftline FG Cleat Elite,SOC,504,446,58,13.0,false
2023-01-01,2023-Q1,MCI,8,PSOC01,Stridewell Match Ball Pro,SOC,720,663,57,8.6,false
2023-01-01,2023-Q1,MCI,9,PPKB03,Kestrel Pro Court Shoe,PKB,188,133,55,41.4,false
2023-01-01,2023-Q1,MCI,10,PBSB03,Kestrel Pro Batting Helmet,BSB,288,248,40,16.1,false
2023-04-01,2023-Q2,MCI,1,PRUN02,Aerion Trail Runner GTX,RUN,1273,1019,254,24.9,false
2023-04-01,2023-Q2,MCI,2,PRUN01,Kestrel Pro Tempo Road Shoe,RUN,1617,1389,228,16.4,false
2023-04-01,2023-Q2,MCI,3,PGLF01,Vela Game-Improvement Irons,GLF,717,646,71,11.0,false
2023-04-01,2023-Q2,MCI,4,PVOL01,Ironpeak Indoor Game Ball,VOL,404,335,69,20.6,false
2023-04-01,2023-Q2,MCI,5,PTEN01,Bramble Tour Racquet 98,TEN,469,406,63,15.5,false
2023-04-01,2023-Q2,MCI,6,PSOC03,Kestrel Pro Shin Guard Lite,SOC,565,506,59,11.7,false
2023-04-01,2023-Q2,MCI,7,PVOL02,Vela Knee Pads,VOL,274,217,57,26.3,false
2023-04-01,2023-Q2,MCI,8,PRUN04,Loftline Hydration Vest,RUN,396,341,55,16.1,false
2023-04-01,2023-Q2,MCI,9,PVOL03,Kestrel Pro Beach Ball Pro,VOL,194,140,54,38.6,false
2023-04-01,2023-Q2,MCI,10,PFTB01,Ironpeak Youth Helmet,FTB,270,222,48,21.6,false
2023-07-01,2023-Q3,MCI,1,PSOC01,Stridewell Match Ball Pro,SOC,1244,1021,223,21.8,false
2023-07-01,2023-Q3,MCI,2,PRUN01,Kestrel Pro Tempo Road Shoe,RUN,1367,1230,137,11.1,false
2023-07-01,2023-Q3,MCI,3,PSOC02,Loftline FG Cleat Elite,SOC,987,855,132,15.4,false
2023-07-01,2023-Q3,MCI,4,PGLF04,Aerion Launch Monitor Mini,GLF,90,0,90,,true
2023-07-01,2023-Q3,MCI,5,PBSK02,Courtcraft Court Shoe Low,BSK,478,402,76,18.9,false
2023-07-01,2023-Q3,MCI,6,PSOC03,Kestrel Pro Shin Guard Lite,SOC,647,593,54,9.1,false
2023-07-01,2023-Q3,MCI,7,PHKY01,Stridewell Composite Stick,HKY,248,199,49,24.6,false
2023-07-01,2023-Q3,MCI,8,PBSB01,Courtcraft BBCOR Alloy Bat,BSB,284,238,46,19.3,false
2023-07-01,2023-Q3,MCI,9,PPKB01,Kestrel Pro Carbon Paddle 16mm,PKB,340,294,46,15.6,false
2023-07-01,2023-Q3,MCI,10,PVOL01,Ironpeak Indoor Game Ball,VOL,399,360,39,10.8,false
2023-10-01,2023-Q4,MCI,1,PRUN02,Aerion Trail Runner GTX,RUN,1222,957,265,27.7,false
2023-10-01,2023-Q4,MCI,2,PRUN01,Kestrel Pro Tempo Road Shoe,RUN,1631,1415,216,15.3,false
2023-10-01,2023-Q4,MCI,3,PBSK01,Loftline Indoor Game Ball,BSK,932,734,198,27.0,false
2023-10-01,2023-Q4,MCI,4,PGLF04,Aerion Launch Monitor Mini,GLF,147,0,147,,true
2023-10-01,2023-Q4,MCI,5,PRUN04,Loftline Hydration Vest,RUN,435,334,101,30.2,false
2023-10-01,2023-Q4,MCI,6,PPKB01,Kestrel Pro Carbon Paddle 16mm,PKB,449,354,95,26.8,false
2023-10-01,2023-Q4,MCI,7,PBSB04,Bramble USSSA Composite Bat,BSB,88,0,88,,true
2023-10-01,2023-Q4,MCI,8,PHKY01,Stridewell Composite Stick,HKY,314,242,72,29.8,false
2023-10-01,2023-Q4,MCI,9,PPKB02,Aerion Outdoor Balls 6pk,PKB,316,249,67,26.9,false
2023-10-01,2023-Q4,MCI,10,PSOC03,Kestrel Pro Shin Guard Lite,SOC,612,571,41,7.2,false
2024-01-01,2024-Q1,MCI,1,PRUN02,Aerion Trail Runner GTX,RUN,1162,905,257,28.4,false
2024-01-01,2024-Q1,MCI,2,PRUN01,Kestrel Pro Tempo Road Shoe,RUN,1578,1325,253,19.1,false
2024-01-01,2024-Q1,MCI,3,PGLF04,Aerion Launch Monitor Mini,GLF,232,0,232,,true
2024-01-01,2024-Q1,MCI,4,PBSB04,Bramble USSSA Composite Bat,BSB,210,0,210,,true
2024-01-01,2024-Q1,MCI,5,PRUN04,Loftline Hydration Vest,RUN,427,332,95,28.6,false
2024-01-01,2024-Q1,MCI,6,PBSK01,Loftline Indoor Game Ball,BSK,592,508,84,16.5,false
2024-01-01,2024-Q1,MCI,7,PBSK03,Kestrel Pro Portable Hoop 54in,BSK,291,234,57,24.4,false
2024-01-01,2024-Q1,MCI,8,PBSK02,Courtcraft Court Shoe Low,BSK,427,371,56,15.1,false
2024-01-01,2024-Q1,MCI,9,PPKB03,Kestrel Pro Court Shoe,PKB,227,188,39,20.7,false
2024-01-01,2024-Q1,MCI,10,PSOC02,Loftline FG Cleat Elite,SOC,542,504,38,7.5,false
2024-04-01,2024-Q2,MCI,1,PRUN03,Kestrel Pro Carbon Race Flat,RUN,321,0,321,,true
2024-04-01,2024-Q2,MCI,2,PGLF04,Aerion Launch Monitor Mini,GLF,283,0,283,,true
2024-04-01,2024-Q2,MCI,3,PBSB04,Bramble USSSA Composite Bat,BSB,271,0,271,,true
2024-04-01,2024-Q2,MCI,4,PPKB04,Loftline Thermoformed Pro Paddle,PKB,124,0,124,,true
2024-04-01,2024-Q2,MCI,5,PSOC02,Loftline FG Cleat Elite,SOC,855,737,118,16.0,false
2024-04-01,2024-Q2,MCI,6,PPKB01,Kestrel Pro Carbon Paddle 16mm,PKB,449,357,92,25.8,false
2024-04-01,2024-Q2,MCI,7,PPKB02,Aerion Outdoor Balls 6pk,PKB,339,263,76,28.9,false
2024-04-01,2024-Q2,MCI,8,PPKB03,Kestrel Pro Court Shoe,PKB,231,171,60,35.1,false
2024-04-01,2024-Q2,MCI,9,PVOL02,Vela Knee Pads,VOL,330,274,56,20.4,false
2024-04-01,2024-Q2,MCI,10,PBSK01,Loftline Indoor Game Ball,BSK,513,471,42,8.9,false
2024-07-01,2024-Q3,MCI,1,PRUN03,Kestrel Pro Carbon Race Flat,RUN,662,0,662,,true
2024-07-01,2024-Q3,MCI,2,PPKB04,Loftline Thermoformed Pro Paddle,PKB,170,0,170,,true
2024-07-01,2024-Q3,MCI,3,PBSB04,Bramble USSSA Composite Bat,BSB,114,0,114,,true
2024-07-01,2024-Q3,MCI,4,PGLF04,Aerion Launch Monitor Mini,GLF,201,90,111,123.3,false
2024-07-01,2024-Q3,MCI,5,PBSK01,Loftline Indoor Game Ball,BSK,689,581,108,18.6,false
2024-07-01,2024-Q3,MCI,6,PVOL01,Ironpeak Indoor Game Ball,VOL,501,399,102,25.6,false
2024-07-01,2024-Q3,MCI,7,PVOL02,Vela Knee Pads,VOL,366,272,94,34.6,false
2024-07-01,2024-Q3,MCI,8,PSOC02,Loftline FG Cleat Elite,SOC,1062,987,75,7.6,false
2024-07-01,2024-Q3,MCI,9,PBSK02,Courtcraft Court Shoe Low,BSK,549,478,71,14.9,false
2024-07-01,2024-Q3,MCI,10,PSOC03,Kestrel Pro Shin Guard Lite,SOC,701,647,54,8.3,false
2024-10-01,2024-Q4,MCI,1,PRUN03,Kestrel Pro Carbon Race Flat,RUN,1008,0,1008,,true
2024-10-01,2024-Q4,MCI,2,PPKB04,Loftline Thermoformed Pro Paddle,PKB,304,0,304,,true
2024-10-01,2024-Q4,MCI,3,PSOC01,Stridewell Match Ball Pro,SOC,1274,1101,173,15.7,false
2024-10-01,2024-Q4,MCI,4,PBSB04,Bramble USSSA Composite Bat,BSB,253,88,165,187.5,false
2024-10-01,2024-Q4,MCI,5,PPKB01,Kestrel Pro Carbon Paddle 16mm,PKB,610,449,161,35.9,false
2024-10-01,2024-Q4,MCI,6,PSNW01,Loftline All-Mountain Ski,SNW,548,388,160,41.2,false
2024-10-01,2024-Q4,MCI,7,PSNW02,Courtcraft Snowboard Boot,SNW,467,308,159,51.6,false
2024-10-01,2024-Q4,MCI,8,PVOL04,Kestrel Pro Court Shoe Mid,VOL,133,0,133,,true
2024-10-01,2024-Q4,MCI,9,PSOC02,Loftline FG Cleat Elite,SOC,910,786,124,15.8,false
2024-10-01,2024-Q4,MCI,10,PVOL01,Ironpeak Indoor Game Ball,VOL,491,375,116,30.9,false
2025-01-01,2025-Q1,MCI,1,PRUN03,Kestrel Pro Carbon Race Flat,RUN,1176,0,1176,,true
2025-01-01,2025-Q1,MCI,2,PPKB04,Loftline Thermoformed Pro Paddle,PKB,257,17,240,1411.8,false
2025-01-01,2025-Q1,MCI,3,PSOC02,Loftline FG Cleat Elite,SOC,680,542,138,25.5,false
2025-01-01,2025-Q1,MCI,4,PBSB04,Bramble USSSA Composite Bat,BSB,329,210,119,56.7,false
2025-01-01,2025-Q1,MCI,5,PSOC01,Stridewell Match Ball Pro,SOC,861,743,118,15.9,false
2025-01-01,2025-Q1,MCI,6,PSNW02,Courtcraft Snowboard Boot,SNW,260,147,113,76.9,false
2025-01-01,2025-Q1,MCI,7,PVOL04,Kestrel Pro Court Shoe Mid,VOL,110,0,110,,true
2025-01-01,2025-Q1,MCI,8,PCLM04,Bramble Harness Lite,CLM,88,0,88,,true
2025-01-01,2025-Q1,MCI,9,PSNW01,Loftline All-Mountain Ski,SNW,286,207,79,38.2,false
2025-01-01,2025-Q1,MCI,10,PSNW03,Kestrel Pro Insulated Shell,SNW,179,112,67,59.8,false
2025-04-01,2025-Q2,MCI,1,PRUN03,Kestrel Pro Carbon Race Flat,RUN,1355,321,1034,322.1,false
2025-04-01,2025-Q2,MCI,2,PVOL04,Kestrel Pro Court Shoe Mid,VOL,223,0,223,,true
2025-04-01,2025-Q2,MCI,3,PPKB04,Loftline Thermoformed Pro Paddle,PKB,317,124,193,155.6,false
2025-04-01,2025-Q2,MCI,4,PPKB01,Kestrel Pro Carbon Paddle 16mm,PKB,592,449,143,31.8,false
2025-04-01,2025-Q2,MCI,5,PTEN02,Kestrel Pro Pressurized Balls 3pk,TEN,476,347,129,37.2,false
2025-04-01,2025-Q2,MCI,6,PFTB04,Kestrel Pro Flag Football Set,FTB,121,0,121,,true
2025-04-01,2025-Q2,MCI,7,PPKB02,Aerion Outdoor Balls 6pk,PKB,454,339,115,33.9,false
2025-04-01,2025-Q2,MCI,8,PCYC01,Aerion Gravel Bike 105,CYC,650,551,99,18.0,false
2025-04-01,2025-Q2,MCI,9,PTEN01,Bramble Tour Racquet 98,TEN,547,453,94,20.8,false
2025-04-01,2025-Q2,MCI,10,PLAX04,Courtcraft Mesh Head Pro,LAX,51,0,51,,true
2025-07-01,2025-Q3,MCI,1,PRUN03,Kestrel Pro Carbon Race Flat,RUN,1229,662,567,85.6,false
2025-07-01,2025-Q3,MCI,2,PVOL04,Kestrel Pro Court Shoe Mid,VOL,284,19,265,1394.7,false
2025-07-01,2025-Q3,MCI,3,PFTB04,Kestrel Pro Flag Football Set,FTB,171,35,136,388.6,false
2025-07-01,2025-Q3,MCI,4,PSOC01,Stridewell Match Ball Pro,SOC,1376,1252,124,9.9,false
2025-07-01,2025-Q3,MCI,5,PRUN01,Kestrel Pro Tempo Road Shoe,RUN,1075,953,122,12.8,false
2025-07-01,2025-Q3,MCI,6,PBSK01,Loftline Indoor Game Ball,BSK,776,689,87,12.6,false
2025-07-01,2025-Q3,MCI,7,PPKB01,Kestrel Pro Carbon Paddle 16mm,PKB,432,360,72,20.0,false
2025-07-01,2025-Q3,MCI,8,PTEN02,Kestrel Pro Pressurized Balls 3pk,TEN,331,275,56,20.4,false
2025-07-01,2025-Q3,MCI,9,PPKB03,Kestrel Pro Court Shoe,PKB,211,159,52,32.7,false
2025-07-01,2025-Q3,MCI,10,PPKB02,Aerion Outdoor Balls 6pk,PKB,321,273,48,17.6,false
2025-10-01,2025-Q4,MCI,1,PRUN03,Kestrel Pro Carbon Race Flat,RUN,1186,1008,178,17.7,false
2025-10-01,2025-Q4,MCI,2,PRUN02,Aerion Trail Runner GTX,RUN,905,764,141,18.5,false
2025-10-01,2025-Q4,MCI,3,PRUN01,Kestrel Pro Tempo Road Shoe,RUN,1137,1000,137,13.7,false
2025-10-01,2025-Q4,MCI,4,PSOC03,Kestrel Pro Shin Guard Lite,SOC,690,590,100,16.9,false
2025-10-01,2025-Q4,MCI,5,PVOL04,Kestrel Pro Court Shoe Mid,VOL,227,133,94,70.7,false
2025-10-01,2025-Q4,MCI,6,PBSK03,Kestrel Pro Portable Hoop 54in,BSK,477,395,82,20.8,false
2025-10-01,2025-Q4,MCI,7,PSOC02,Loftline FG Cleat Elite,SOC,991,910,81,8.9,false
2025-10-01,2025-Q4,MCI,8,PLAX04,Courtcraft Mesh Head Pro,LAX,86,24,62,258.3,false
2025-10-01,2025-Q4,MCI,9,PSNW01,Loftline All-Mountain Ski,SNW,610,548,62,11.3,false
2025-10-01,2025-Q4,MCI,10,PBSK02,Courtcraft Court Shoe Low,BSK,709,650,59,9.1,false
2026-01-01,2026-Q1,MCI,1,PSOC04,Ironpeak 2026 Host City Replica Ball,SOC,253,0,253,,true
2026-01-01,2026-Q1,MCI,2,PPKB01,Kestrel Pro Carbon Paddle 16mm,PKB,560,423,137,32.4,false
2026-01-01,2026-Q1,MCI,3,PRUN03,Kestrel Pro Carbon Race Flat,RUN,1307,1176,131,11.1,false
2026-01-01,2026-Q1,MCI,4,PPKB02,Aerion Outdoor Balls 6pk,PKB,464,339,125,36.9,false
2026-01-01,2026-Q1,MCI,5,PPKB03,Kestrel Pro Court Shoe,PKB,318,208,110,52.9,false
2026-01-01,2026-Q1,MCI,6,PPKB04,Loftline Thermoformed Pro Paddle,PKB,346,257,89,34.6,false
2026-01-01,2026-Q1,MCI,7,PVOL02,Vela Knee Pads,VOL,226,157,69,43.9,false
2026-01-01,2026-Q1,MCI,8,PSOC02,Loftline FG Cleat Elite,SOC,746,680,66,9.7,false
2026-01-01,2026-Q1,MCI,9,PVOL03,Kestrel Pro Beach Ball Pro,VOL,162,97,65,67.0,false
2026-01-01,2026-Q1,MCI,10,PSNW01,Loftline All-Mountain Ski,SNW,342,286,56,19.6,false
2026-04-01,2026-Q2,MCI,1,PSOC04,Ironpeak 2026 Host City Replica Ball,SOC,527,0,527,,true
2026-04-01,2026-Q2,MCI,2,PRUN03,Kestrel Pro Carbon Race Flat,RUN,1485,1355,130,9.6,false
2026-04-01,2026-Q2,MCI,3,PRUN01,Kestrel Pro Tempo Road Shoe,RUN,1196,1072,124,11.6,false
2026-04-01,2026-Q2,MCI,4,PBSB01,Courtcraft BBCOR Alloy Bat,BSB,534,452,82,18.1,false
2026-04-01,2026-Q2,MCI,5,PTEN01,Bramble Tour Racquet 98,TEN,623,547,76,13.9,false
2026-04-01,2026-Q2,MCI,6,PRUN02,Aerion Trail Runner GTX,RUN,934,869,65,7.5,false
2026-04-01,2026-Q2,MCI,7,PCYC02,Stridewell Road Helmet MIPS,CYC,479,417,62,14.9,false
2026-04-01,2026-Q2,MCI,8,PBSB02,Ironpeak Fielding Glove 11.75,BSB,393,344,49,14.2,false
2026-04-01,2026-Q2,MCI,9,PBSB04,Bramble USSSA Composite Bat,BSB,289,243,46,18.9,false
2026-04-01,2026-Q2,MCI,10,PPKB04,Loftline Thermoformed Pro Paddle,PKB,361,317,44,13.9,false
2023-01-01,2023-Q1,SLC,1,PRUN01,Kestrel Pro Tempo Road Shoe,RUN,890,809,81,10.0,false
2023-01-01,2023-Q1,SLC,2,PRUN02,Aerion Trail Runner GTX,RUN,686,611,75,12.3,false
2023-01-01,2023-Q1,SLC,3,PPKB01,Kestrel Pro Carbon Paddle 16mm,PKB,239,173,66,38.2,false
2023-01-01,2023-Q1,SLC,4,PSNW02,Courtcraft Snowboard Boot,SNW,527,465,62,13.3,false
2023-01-01,2023-Q1,SLC,5,PBSK02,Courtcraft Court Shoe Low,BSK,232,171,61,35.7,false
2023-01-01,2023-Q1,SLC,6,PRUN04,Loftline Hydration Vest,RUN,229,182,47,25.8,false
2023-01-01,2023-Q1,SLC,7,PBSB02,Ironpeak Fielding Glove 11.75,BSB,301,255,46,18.0,false
2023-01-01,2023-Q1,SLC,8,PSOC03,Kestrel Pro Shin Guard Lite,SOC,213,168,45,26.8,false
2023-01-01,2023-Q1,SLC,9,PCLM02,Ironpeak Chalk Bag,CLM,202,158,44,27.8,false
2023-01-01,2023-Q1,SLC,10,PCYC01,Aerion Gravel Bike 105,CYC,311,277,34,12.3,false
2023-04-01,2023-Q2,SLC,1,PSOC01,Stridewell Match Ball Pro,SOC,750,497,253,50.9,false
2023-04-01,2023-Q2,SLC,2,PRUN02,Aerion Trail Runner GTX,RUN,804,612,192,31.4,false
2023-04-01,2023-Q2,SLC,3,PRUN01,Kestrel Pro Tempo Road Shoe,RUN,954,795,159,20.0,false
2023-04-01,2023-Q2,SLC,4,PPKB01,Kestrel Pro Carbon Paddle 16mm,PKB,295,202,93,46.0,false
2023-04-01,2023-Q2,SLC,5,PCYC01,Aerion Gravel Bike 105,CYC,408,328,80,24.4,false
2023-04-01,2023-Q2,SLC,6,PGLF01,Vela Game-Improvement Irons,GLF,450,377,73,19.4,false
2023-04-01,2023-Q2,SLC,7,PPKB02,Aerion Outdoor Balls 6pk,PKB,224,152,72,47.4,false
2023-04-01,2023-Q2,SLC,8,PSOC03,Kestrel Pro Shin Guard Lite,SOC,328,271,57,21.0,false
2023-04-01,2023-Q2,SLC,9,PSOC02,Loftline FG Cleat Elite,SOC,471,424,47,11.1,false
2023-04-01,2023-Q2,SLC,10,PTEN01,Bramble Tour Racquet 98,TEN,312,269,43,16.0,false
2023-07-01,2023-Q3,SLC,1,PRUN01,Kestrel Pro Tempo Road Shoe,RUN,867,728,139,19.1,false
2023-07-01,2023-Q3,SLC,2,PSNW01,Loftline All-Mountain Ski,SNW,553,429,124,28.9,false
2023-07-01,2023-Q3,SLC,3,PSOC01,Stridewell Match Ball Pro,SOC,786,690,96,13.9,false
2023-07-01,2023-Q3,SLC,4,PSOC02,Loftline FG Cleat Elite,SOC,620,524,96,18.3,false
2023-07-01,2023-Q3,SLC,5,PSNW03,Kestrel Pro Insulated Shell,SNW,274,199,75,37.7,false
2023-07-01,2023-Q3,SLC,6,PSNW02,Courtcraft Snowboard Boot,SNW,394,334,60,18.0,false
2023-07-01,2023-Q3,SLC,7,PGLF04,Aerion Launch Monitor Mini,GLF,48,0,48,,true
2023-07-01,2023-Q3,SLC,8,PVOL01,Ironpeak Indoor Game Ball,VOL,238,196,42,21.4,false
2023-07-01,2023-Q3,SLC,9,PVOL02,Vela Knee Pads,VOL,178,141,37,26.2,false
2023-07-01,2023-Q3,SLC,10,PCLM01,Courtcraft Bouldering Shoe,CLM,238,202,36,17.8,false
2023-10-01,2023-Q4,SLC,1,PSOC01,Stridewell Match Ball Pro,SOC,718,576,142,24.7,false
2023-10-01,2023-Q4,SLC,2,PSOC02,Loftline FG Cleat Elite,SOC,596,455,141,31.0,false
2023-10-01,2023-Q4,SLC,3,PGLF04,Aerion Launch Monitor Mini,GLF,95,0,95,,true
2023-10-01,2023-Q4,SLC,4,PSOC03,Kestrel Pro Shin Guard Lite,SOC,365,280,85,30.4,false
2023-10-01,2023-Q4,SLC,5,PPKB02,Aerion Outdoor Balls 6pk,PKB,252,183,69,37.7,false
2023-10-01,2023-Q4,SLC,6,PPKB03,Kestrel Pro Court Shoe,PKB,170,107,63,58.9,false
2023-10-01,2023-Q4,SLC,7,PBSK01,Loftline Indoor Game Ball,BSK,527,467,60,12.8,false
2023-10-01,2023-Q4,SLC,8,PBSB04,Bramble USSSA Composite Bat,BSB,57,0,57,,true
2023-10-01,2023-Q4,SLC,9,PBSK02,Courtcraft Court Shoe Low,BSK,382,328,54,16.5,false
2023-10-01,2023-Q4,SLC,10,PBSB02,Ironpeak Fielding Glove 11.75,BSB,263,210,53,25.2,false
2024-01-01,2024-Q1,SLC,1,PGLF04,Aerion Launch Monitor Mini,GLF,145,0,145,,true
2024-01-01,2024-Q1,SLC,2,PBSB04,Bramble USSSA Composite Bat,BSB,136,0,136,,true
2024-01-01,2024-Q1,SLC,3,PRUN01,Kestrel Pro Tempo Road Shoe,RUN,1000,890,110,12.4,false
2024-01-01,2024-Q1,SLC,4,PPKB01,Kestrel Pro Carbon Paddle 16mm,PKB,334,239,95,39.7,false
2024-01-01,2024-Q1,SLC,5,PPKB02,Aerion Outdoor Balls 6pk,PKB,230,168,62,36.9,false
2024-01-01,2024-Q1,SLC,6,PSOC02,Loftline FG Cleat Elite,SOC,363,315,48,15.2,false
2024-01-01,2024-Q1,SLC,7,PPKB03,Kestrel Pro Court Shoe,PKB,151,105,46,43.8,false
2024-01-01,2024-Q1,SLC,8,PVOL01,Ironpeak Indoor Game Ball,VOL,137,102,35,34.3,false
2024-01-01,2024-Q1,SLC,9,PCLM01,Courtcraft Bouldering Shoe,CLM,291,257,34,13.2,false
2024-01-01,2024-Q1,SLC,10,PSOC01,Stridewell Match Ball Pro,SOC,430,399,31,7.8,false
2024-04-01,2024-Q2,SLC,1,PRUN03,Kestrel Pro Carbon Race Flat,RUN,215,0,215,,true
2024-04-01,2024-Q2,SLC,2,PGLF04,Aerion Launch Monitor Mini,GLF,195,0,195,,true
2024-04-01,2024-Q2,SLC,3,PSOC02,Loftline FG Cleat Elite,SOC,663,471,192,40.8,false
2024-04-01,2024-Q2,SLC,4,PBSB04,Bramble USSSA Composite Bat,BSB,147,0,147,,true
2024-04-01,2024-Q2,SLC,5,PSOC03,Kestrel Pro Shin Guard Lite,SOC,422,328,94,28.7,false
2024-04-01,2024-Q2,SLC,6,PPKB04,Loftline Thermoformed Pro Paddle,PKB,80,0,80,,true
2024-04-01,2024-Q2,SLC,7,PBSK01,Loftline Indoor Game Ball,BSK,320,278,42,15.1,false
2024-04-01,2024-Q2,SLC,8,PCLM04,Bramble Harness Lite,CLM,42,0,42,,true
2024-04-01,2024-Q2,SLC,9,PPKB02,Aerion Outdoor Balls 6pk,PKB,265,224,41,18.3,false
2024-04-01,2024-Q2,SLC,10,PSNW02,Courtcraft Snowboard Boot,SNW,140,100,40,40.0,false
2024-07-01,2024-Q3,SLC,1,PRUN03,Kestrel Pro Carbon Race Flat,RUN,395,0,395,,true
2024-07-01,2024-Q3,SLC,2,PPKB04,Loftline Thermoformed Pro Paddle,PKB,146,0,146,,true
2024-07-01,2024-Q3,SLC,3,PSOC02,Loftline FG Cleat Elite,SOC,714,620,94,15.2,false
2024-07-01,2024-Q3,SLC,4,PCLM04,Bramble Harness Lite,CLM,93,0,93,,true
2024-07-01,2024-Q3,SLC,5,PGLF04,Aerion Launch Monitor Mini,GLF,139,48,91,189.6,false
2024-07-01,2024-Q3,SLC,6,PBSB04,Bramble USSSA Composite Bat,BSB,85,0,85,,true
2024-07-01,2024-Q3,SLC,7,PSOC01,Stridewell Match Ball Pro,SOC,870,786,84,10.7,false
2024-07-01,2024-Q3,SLC,8,PBSK01,Loftline Indoor Game Ball,BSK,427,343,84,24.5,false
2024-07-01,2024-Q3,SLC,9,PPKB01,Kestrel Pro Carbon Paddle 16mm,PKB,302,225,77,34.2,false
2024-07-01,2024-Q3,SLC,10,PVOL01,Ironpeak Indoor Game Ball,VOL,299,238,61,25.6,false
2024-10-01,2024-Q4,SLC,1,PRUN03,Kestrel Pro Carbon Race Flat,RUN,815,0,815,,true
2024-10-01,2024-Q4,SLC,2,PSNW01,Loftline All-Mountain Ski,SNW,1440,1058,382,36.1,false
2024-10-01,2024-Q4,SLC,3,PSNW03,Kestrel Pro Insulated Shell,SNW,775,531,244,46.0,false
2024-10-01,2024-Q4,SLC,4,PSNW02,Courtcraft Snowboard Boot,SNW,1061,821,240,29.2,false
2024-10-01,2024-Q4,SLC,5,PPKB04,Loftline Thermoformed Pro Paddle,PKB,169,0,169,,true
2024-10-01,2024-Q4,SLC,6,PCLM04,Bramble Harness Lite,CLM,141,0,141,,true
2024-10-01,2024-Q4,SLC,7,PSNW04,Vela Ski Helmet MIPS,SNW,377,270,107,39.6,false
2024-10-01,2024-Q4,SLC,8,PSOC01,Stridewell Match Ball Pro,SOC,821,718,103,14.3,false
2024-10-01,2024-Q4,SLC,9,PBSB04,Bramble USSSA Composite Bat,BSB,141,57,84,147.4,false
2024-10-01,2024-Q4,SLC,10,PBSK02,Courtcraft Court Shoe Low,BSK,452,382,70,18.3,false
2025-01-01,2025-Q1,SLC,1,PRUN03,Kestrel Pro Carbon Race Flat,RUN,771,0,771,,true
2025-01-01,2025-Q1,SLC,2,PSNW01,Loftline All-Mountain Ski,SNW,823,629,194,30.8,false
2025-01-01,2025-Q1,SLC,3,PPKB04,Loftline Thermoformed Pro Paddle,PKB,180,11,169,1536.4,false
2025-01-01,2025-Q1,SLC,4,PSNW03,Kestrel Pro Insulated Shell,SNW,425,258,167,64.7,false
2025-01-01,2025-Q1,SLC,5,PCLM04,Bramble Harness Lite,CLM,144,0,144,,true
2025-01-01,2025-Q1,SLC,6,PSOC01,Stridewell Match Ball Pro,SOC,545,430,115,26.7,false
2025-01-01,2025-Q1,SLC,7,PSNW02,Courtcraft Snowboard Boot,SNW,552,437,115,26.3,false
2025-01-01,2025-Q1,SLC,8,PSOC02,Loftline FG Cleat Elite,SOC,465,363,102,28.1,false
2025-01-01,2025-Q1,SLC,9,PBSB01,Courtcraft BBCOR Alloy Bat,BSB,349,266,83,31.2,false
2025-01-01,2025-Q1,SLC,10,PBSK01,Loftline Indoor Game Ball,BSK,379,314,65,20.7,false
2025-04-01,2025-Q2,SLC,1,PRUN03,Kestrel Pro Carbon Race Flat,RUN,877,215,662,307.9,false
2025-04-01,2025-Q2,SLC,2,PSOC01,Stridewell Match Ball Pro,SOC,806,657,149,22.7,false
2025-04-01,2025-Q2,SLC,3,PPKB04,Loftline Thermoformed Pro Paddle,PKB,199,80,119,148.8,false
2025-04-01,2025-Q2,SLC,4,PVOL04,Kestrel Pro Court Shoe Mid,VOL,116,0,116,,true
2025-04-01,2025-Q2,SLC,5,PCLM04,Bramble Harness Lite,CLM,143,42,101,240.5,false
2025-04-01,2025-Q2,SLC,6,PFTB04,Kestrel Pro Flag Football Set,FTB,87,0,87,,true
2025-04-01,2025-Q2,SLC,7,PPKB01,Kestrel Pro Carbon Paddle 16mm,PKB,398,331,67,20.2,false
2025-04-01,2025-Q2,SLC,8,PLAX04,Courtcraft Mesh Head Pro,LAX,58,0,58,,true
2025-04-01,2025-Q2,SLC,9,PTEN01,Bramble Tour Racquet 98,TEN,326,272,54,19.9,false
2025-04-01,2025-Q2,SLC,10,PTEN02,Kestrel Pro Pressurized Balls 3pk,TEN,258,204,54,26.5,false
2025-07-01,2025-Q3,SLC,1,PRUN03,Kestrel Pro Carbon Race Flat,RUN,768,395,373,94.4,false
2025-07-01,2025-Q3,SLC,2,PSOC01,Stridewell Match Ball Pro,SOC,1073,870,203,23.3,false
2025-07-01,2025-Q3,SLC,3,PVOL04,Kestrel Pro Court Shoe Mid,VOL,139,9,130,1444.4,false
2025-07-01,2025-Q3,SLC,4,PSOC03,Kestrel Pro Shin Guard Lite,SOC,494,402,92,22.9,false
2025-07-01,2025-Q3,SLC,5,PBSK01,Loftline Indoor Game Ball,BSK,519,427,92,21.5,false
2025-07-01,2025-Q3,SLC,6,PFTB04,Kestrel Pro Flag Football Set,FTB,107,26,81,311.5,false
2025-07-01,2025-Q3,SLC,7,PSOC02,Loftline FG Cleat Elite,SOC,785,714,71,9.9,false
2025-07-01,2025-Q3,SLC,8,PBSK02,Courtcraft Court Shoe Low,BSK,378,316,62,19.6,false
2025-07-01,2025-Q3,SLC,9,PCLM01,Courtcraft Bouldering Shoe,CLM,269,213,56,26.3,false
2025-07-01,2025-Q3,SLC,10,PBSK03,Kestrel Pro Portable Hoop 54in,BSK,246,196,50,25.5,false
2025-10-01,2025-Q4,SLC,1,PSNW01,Loftline All-Mountain Ski,SNW,1618,1440,178,12.4,false
2025-10-01,2025-Q4,SLC,2,PBSK01,Loftline Indoor Game Ball,BSK,691,527,164,31.1,false
2025-10-01,2025-Q4,SLC,3,PPKB01,Kestrel Pro Carbon Paddle 16mm,PKB,439,275,164,59.6,false
2025-10-01,2025-Q4,SLC,4,PCLM01,Courtcraft Bouldering Shoe,CLM,447,308,139,45.1,false
2025-10-01,2025-Q4,SLC,5,PRUN01,Kestrel Pro Tempo Road Shoe,RUN,801,690,111,16.1,false
2025-10-01,2025-Q4,SLC,6,PSOC02,Loftline FG Cleat Elite,SOC,692,591,101,17.1,false
2025-10-01,2025-Q4,SLC,7,PSOC03,Kestrel Pro Shin Guard Lite,SOC,503,413,90,21.8,false
2025-10-01,2025-Q4,SLC,8,PBSK03,Kestrel Pro Portable Hoop 54in,BSK,339,254,85,33.5,false
2025-10-01,2025-Q4,SLC,9,PPKB04,Loftline Thermoformed Pro Paddle,PKB,252,169,83,49.1,false
2025-10-01,2025-Q4,SLC,10,PPKB02,Aerion Outdoor Balls 6pk,PKB,321,246,75,30.5,false
2026-01-01,2026-Q1,SLC,1,PRUN03,Kestrel Pro Carbon Race Flat,RUN,949,771,178,23.1,false
2026-01-01,2026-Q1,SLC,2,PSOC04,Ironpeak 2026 Host City Replica Ball,SOC,137,0,137,,true
2026-01-01,2026-Q1,SLC,3,PRUN02,Aerion Trail Runner GTX,RUN,646,532,114,21.4,false
2026-01-01,2026-Q1,SLC,4,PSNW02,Courtcraft Snowboard Boot,SNW,658,552,106,19.2,false
2026-01-01,2026-Q1,SLC,5,PPKB01,Kestrel Pro Carbon Paddle 16mm,PKB,440,342,98,28.7,false
2026-01-01,2026-Q1,SLC,6,PSNW03,Kestrel Pro Insulated Shell,SNW,515,425,90,21.2,false
2026-01-01,2026-Q1,SLC,7,PBSB01,Courtcraft BBCOR Alloy Bat,BSB,419,349,70,20.1,false
2026-01-01,2026-Q1,SLC,8,PBSB04,Bramble USSSA Composite Bat,BSB,244,177,67,37.9,false
2026-01-01,2026-Q1,SLC,9,PSNW01,Loftline All-Mountain Ski,SNW,890,823,67,8.1,false
2026-01-01,2026-Q1,SLC,10,PPKB02,Aerion Outdoor Balls 6pk,PKB,323,261,62,23.8,false
2026-04-01,2026-Q2,SLC,1,PSOC04,Ironpeak 2026 Host City Replica Ball,SOC,385,0,385,,true
2026-04-01,2026-Q2,SLC,2,PBSK01,Loftline Indoor Game Ball,BSK,491,311,180,57.9,false
2026-04-01,2026-Q2,SLC,3,PCYC01,Aerion Gravel Bike 105,CYC,431,349,82,23.5,false
2026-04-01,2026-Q2,SLC,4,PPKB02,Aerion Outdoor Balls 6pk,PKB,359,294,65,22.1,false
2026-04-01,2026-Q2,SLC,5,PCYC02,Stridewell Road Helmet MIPS,CYC,342,278,64,23.0,false
2026-04-01,2026-Q2,SLC,6,PRUN01,Kestrel Pro Tempo Road Shoe,RUN,801,739,62,8.4,false
2026-04-01,2026-Q2,SLC,7,PPKB03,Kestrel Pro Court Shoe,PKB,250,189,61,32.3,false
2026-04-01,2026-Q2,SLC,8,PBSK02,Courtcraft Court Shoe Low,BSK,318,259,59,22.8,false
2026-04-01,2026-Q2,SLC,9,PBSK03,Kestrel Pro Portable Hoop 54in,BSK,215,161,54,33.5,false
2026-04-01,2026-Q2,SLC,10,PPKB01,Kestrel Pro Carbon Paddle 16mm,PKB,450,398,52,13.1,false
2023-01-01,2023-Q1,JAX,1,PPKB01,Kestrel Pro Carbon Paddle 16mm,PKB,443,314,129,41.1,false
2023-01-01,2023-Q1,JAX,2,PPKB02,Aerion Outdoor Balls 6pk,PKB,337,220,117,53.2,false
2023-01-01,2023-Q1,JAX,3,PBSK01,Loftline Indoor Game Ball,BSK,433,359,74,20.6,false
2023-01-01,2023-Q1,JAX,4,PPKB03,Kestrel Pro Court Shoe,PKB,219,146,73,50.0,false
2023-01-01,2023-Q1,JAX,5,PSOC02,Loftline FG Cleat Elite,SOC,436,374,62,16.6,false
2023-01-01,2023-Q1,JAX,6,PRUN04,Loftline Hydration Vest,RUN,301,240,61,25.4,false
2023-01-01,2023-Q1,JAX,7,PSOC01,Stridewell Match Ball Pro,SOC,562,502,60,12.0,false
2023-01-01,2023-Q1,JAX,8,PBSB02,Ironpeak Fielding Glove 11.75,BSB,497,442,55,12.4,false
2023-01-01,2023-Q1,JAX,9,PBSB01,Courtcraft BBCOR Alloy Bat,BSB,627,584,43,7.4,false
2023-01-01,2023-Q1,JAX,10,PRUN01,Kestrel Pro Tempo Road Shoe,RUN,1114,1073,41,3.8,false
2023-04-01,2023-Q2,JAX,1,PPKB01,Kestrel Pro Carbon Paddle 16mm,PKB,595,356,239,67.1,false
2023-04-01,2023-Q2,JAX,2,PPKB02,Aerion Outdoor Balls 6pk,PKB,466,250,216,86.4,false
2023-04-01,2023-Q2,JAX,3,PPKB03,Kestrel Pro Court Shoe,PKB,288,183,105,57.4,false
2023-04-01,2023-Q2,JAX,4,PBSB01,Courtcraft BBCOR Alloy Bat,BSB,532,470,62,13.2,false
2023-04-01,2023-Q2,JAX,5,PSOC01,Stridewell Match Ball Pro,SOC,826,772,54,7.0,false
2023-04-01,2023-Q2,JAX,6,PBSB02,Ironpeak Fielding Glove 11.75,BSB,396,354,42,11.9,false
2023-04-01,2023-Q2,JAX,7,PVOL02,Vela Knee Pads,VOL,175,133,42,31.6,false
2023-04-01,2023-Q2,JAX,8,PFTB01,Ironpeak Youth Helmet,FTB,301,266,35,13.2,false
2023-04-01,2023-Q2,JAX,9,PBSK02,Courtcraft Court Shoe Low,BSK,293,266,27,10.2,false
2023-04-01,2023-Q2,JAX,10,PFTB03,Kestrel Pro Official Game Ball,FTB,150,132,18,13.6,false
2023-07-01,2023-Q3,JAX,1,PPKB01,Kestrel Pro Carbon Paddle 16mm,PKB,575,389,186,47.8,false
2023-07-01,2023-Q3,JAX,2,PRUN02,Aerion Trail Runner GTX,RUN,828,713,115,16.1,false
2023-07-01,2023-Q3,JAX,3,PSOC02,Loftline FG Cleat Elite,SOC,757,657,100,15.2,false
2023-07-01,2023-Q3,JAX,4,PGLF04,Aerion Launch Monitor Mini,GLF,90,0,90,,true
2023-07-01,2023-Q3,JAX,5,PPKB02,Aerion Outdoor Balls 6pk,PKB,373,292,81,27.7,false
2023-07-01,2023-Q3,JAX,6,PBSK01,Loftline Indoor Game Ball,BSK,509,431,78,18.1,false
2023-07-01,2023-Q3,JAX,7,PPKB03,Kestrel Pro Court Shoe,PKB,262,192,70,36.5,false
2023-07-01,2023-Q3,JAX,8,PVOL02,Vela Knee Pads,VOL,246,180,66,36.7,false
2023-07-01,2023-Q3,JAX,9,PSOC01,Stridewell Match Ball Pro,SOC,936,872,64,7.3,false
2023-07-01,2023-Q3,JAX,10,PCYC01,Aerion Gravel Bike 105,CYC,343,283,60,21.2,false
2023-10-01,2023-Q4,JAX,1,PPKB01,Kestrel Pro Carbon Paddle 16mm,PKB,696,398,298,74.9,false
2023-10-01,2023-Q4,JAX,2,PPKB02,Aerion Outdoor Balls 6pk,PKB,540,289,251,86.9,false
2023-10-01,2023-Q4,JAX,3,PGLF04,Aerion Launch Monitor Mini,GLF,149,0,149,,true
2023-10-01,2023-Q4,JAX,4,PPKB03,Kestrel Pro Court Shoe,PKB,334,209,125,59.8,false
2023-10-01,2023-Q4,JAX,5,PSOC01,Stridewell Match Ball Pro,SOC,931,816,115,14.1,false
2023-10-01,2023-Q4,JAX,6,PBSB04,Bramble USSSA Composite Bat,BSB,91,0,91,,true
2023-10-01,2023-Q4,JAX,7,PBSK01,Loftline Indoor Game Ball,BSK,618,536,82,15.3,false
2023-10-01,2023-Q4,JAX,8,PBSK02,Courtcraft Court Shoe Low,BSK,478,406,72,17.7,false
2023-10-01,2023-Q4,JAX,9,PBSB01,Courtcraft BBCOR Alloy Bat,BSB,485,417,68,16.3,false
2023-10-01,2023-Q4,JAX,10,PBSK03,Kestrel Pro Portable Hoop 54in,BSK,335,277,58,20.9,false
2024-01-01,2024-Q1,JAX,1,PPKB01,Kestrel Pro Carbon Paddle 16mm,PKB,681,443,238,53.7,false
2024-01-01,2024-Q1,JAX,2,PGLF04,Aerion Launch Monitor Mini,GLF,226,0,226,,true
2024-01-01,2024-Q1,JAX,3,PBSB04,Bramble USSSA Composite Bat,BSB,218,0,218,,true
2024-01-01,2024-Q1,JAX,4,PPKB02,Aerion Outdoor Balls 6pk,PKB,489,337,152,45.1,false
2024-01-01,2024-Q1,JAX,5,PPKB03,Kestrel Pro Court Shoe,PKB,331,219,112,51.1,false
2024-01-01,2024-Q1,JAX,6,PSOC01,Stridewell Match Ball Pro,SOC,620,562,58,10.3,false
2024-01-01,2024-Q1,JAX,7,PRUN02,Aerion Trail Runner GTX,RUN,853,800,53,6.6,false
2024-01-01,2024-Q1,JAX,8,PSOC02,Loftline FG Cleat Elite,SOC,479,436,43,9.9,false
2024-01-01,2024-Q1,JAX,9,PLAX02,Stridewell Lacrosse Helmet,LAX,122,87,35,40.2,false
2024-01-01,2024-Q1,JAX,10,PLAX01,Aerion Attack Complete Stick,LAX,152,118,34,28.8,false
2024-04-01,2024-Q2,JAX,1,PGLF04,Aerion Launch Monitor Mini,GLF,310,0,310,,true
2024-04-01,2024-Q2,JAX,2,PRUN03,Kestrel Pro Carbon Race Flat,RUN,253,0,253,,true
2024-04-01,2024-Q2,JAX,3,PBSB04,Bramble USSSA Composite Bat,BSB,233,0,233,,true
2024-04-01,2024-Q2,JAX,4,PPKB04,Loftline Thermoformed Pro Paddle,PKB,180,0,180,,true
2024-04-01,2024-Q2,JAX,5,PRUN02,Aerion Trail Runner GTX,RUN,1033,903,130,14.4,false
2024-04-01,2024-Q2,JAX,6,PSOC02,Loftline FG Cleat Elite,SOC,716,590,126,21.4,false
2024-04-01,2024-Q2,JAX,7,PSOC01,Stridewell Match Ball Pro,SOC,923,826,97,11.7,false
2024-04-01,2024-Q2,JAX,8,PRUN04,Loftline Hydration Vest,RUN,356,272,84,30.9,false
2024-04-01,2024-Q2,JAX,9,PPKB01,Kestrel Pro Carbon Paddle 16mm,PKB,675,595,80,13.4,false
2024-04-01,2024-Q2,JAX,10,PSOC03,Kestrel Pro Shin Guard Lite,SOC,453,375,78,20.8,false
2024-07-01,2024-Q3,JAX,1,PRUN03,Kestrel Pro Carbon Race Flat,RUN,587,0,587,,true
2024-07-01,2024-Q3,JAX,2,PPKB04,Loftline Thermoformed Pro Paddle,PKB,309,0,309,,true
2024-07-01,2024-Q3,JAX,3,PGLF04,Aerion Launch Monitor Mini,GLF,261,90,171,190.0,false
2024-07-01,2024-Q3,JAX,4,PBSB04,Bramble USSSA Composite Bat,BSB,147,0,147,,true
2024-07-01,2024-Q3,JAX,5,PSOC01,Stridewell Match Ball Pro,SOC,1076,936,140,15.0,false
2024-07-01,2024-Q3,JAX,6,PSOC02,Loftline FG Cleat Elite,SOC,838,757,81,10.7,false
2024-07-01,2024-Q3,JAX,7,PPKB02,Aerion Outdoor Balls 6pk,PKB,446,373,73,19.6,false
2024-07-01,2024-Q3,JAX,8,PCLM04,Bramble Harness Lite,CLM,46,0,46,,true
2024-07-01,2024-Q3,JAX,9,PVOL03,Kestrel Pro Beach Ball Pro,VOL,180,135,45,33.3,false
2024-07-01,2024-Q3,JAX,10,PPKB01,Kestrel Pro Carbon Paddle 16mm,PKB,618,575,43,7.5,false
2024-10-01,2024-Q4,JAX,1,PRUN03,Kestrel Pro Carbon Race Flat,RUN,986,0,986,,true
2024-10-01,2024-Q4,JAX,2,PPKB04,Loftline Thermoformed Pro Paddle,PKB,403,0,403,,true
2024-10-01,2024-Q4,JAX,3,PBSB04,Bramble USSSA Composite Bat,BSB,308,91,217,238.5,false
2024-10-01,2024-Q4,JAX,4,PSOC01,Stridewell Match Ball Pro,SOC,1092,931,161,17.3,false
2024-10-01,2024-Q4,JAX,5,PSOC02,Loftline FG Cleat Elite,SOC,760,624,136,21.8,false
2024-10-01,2024-Q4,JAX,6,PBSK01,Loftline Indoor Game Ball,BSK,725,618,107,17.3,false
2024-10-01,2024-Q4,JAX,7,PFTB04,Kestrel Pro Flag Football Set,FTB,91,0,91,,true
2024-10-01,2024-Q4,JAX,8,PCLM04,Bramble Harness Lite,CLM,80,0,80,,true
2024-10-01,2024-Q4,JAX,9,PSOC03,Kestrel Pro Shin Guard Lite,SOC,522,451,71,15.7,false
2024-10-01,2024-Q4,JAX,10,PVOL04,Kestrel Pro Court Shoe Mid,VOL,70,0,70,,true
2025-01-01,2025-Q1,JAX,1,PRUN03,Kestrel Pro Carbon Race Flat,RUN,964,0,964,,true
2025-01-01,2025-Q1,JAX,2,PPKB04,Loftline Thermoformed Pro Paddle,PKB,404,21,383,1823.8,false
2025-01-01,2025-Q1,JAX,3,PSOC03,Kestrel Pro Shin Guard Lite,SOC,385,281,104,37.0,false
2025-01-01,2025-Q1,JAX,4,PVOL04,Kestrel Pro Court Shoe Mid,VOL,87,0,87,,true
2025-01-01,2025-Q1,JAX,5,PBSK02,Courtcraft Court Shoe Low,BSK,386,300,86,28.7,false
2025-01-01,2025-Q1,JAX,6,PBSB04,Bramble USSSA Composite Bat,BSB,302,218,84,38.5,false
2025-01-01,2025-Q1,JAX,7,PCLM04,Bramble Harness Lite,CLM,72,0,72,,true
2025-01-01,2025-Q1,JAX,8,PCYC01,Aerion Gravel Bike 105,CYC,387,317,70,22.1,false
2025-01-01,2025-Q1,JAX,9,PLAX04,Courtcraft Mesh Head Pro,LAX,60,0,60,,true
2025-01-01,2025-Q1,JAX,10,PFTB04,Kestrel Pro Flag Football Set,FTB,56,0,56,,true
2025-04-01,2025-Q2,JAX,1,PRUN03,Kestrel Pro Carbon Race Flat,RUN,1216,253,963,380.6,false
2025-04-01,2025-Q2,JAX,2,PPKB04,Loftline Thermoformed Pro Paddle,PKB,501,180,321,178.3,false
2025-04-01,2025-Q2,JAX,3,PFTB04,Kestrel Pro Flag Football Set,FTB,162,0,162,,true
2025-04-01,2025-Q2,JAX,4,PPKB01,Kestrel Pro Carbon Paddle 16mm,PKB,810,675,135,20.0,false
2025-04-01,2025-Q2,JAX,5,PVOL04,Kestrel Pro Court Shoe Mid,VOL,132,0,132,,true
2025-04-01,2025-Q2,JAX,6,PBSB02,Ironpeak Fielding Glove 11.75,BSB,442,323,119,36.8,false
2025-04-01,2025-Q2,JAX,7,PPKB03,Kestrel Pro Court Shoe,PKB,463,347,116,33.4,false
2025-04-01,2025-Q2,JAX,8,PPKB02,Aerion Outdoor Balls 6pk,PKB,592,509,83,16.3,false
2025-04-01,2025-Q2,JAX,9,PBSB01,Courtcraft BBCOR Alloy Bat,BSB,532,466,66,14.2,false
2025-04-01,2025-Q2,JAX,10,PBSB04,Bramble USSSA Composite Bat,BSB,298,233,65,27.9,false
2025-07-01,2025-Q3,JAX,1,PRUN03,Kestrel Pro Carbon Race Flat,RUN,890,587,303,51.6,false
2025-07-01,2025-Q3,JAX,2,PSOC01,Stridewell Match Ball Pro,SOC,1360,1076,284,26.4,false
2025-07-01,2025-Q3,JAX,3,PSOC02,Loftline FG Cleat Elite,SOC,986,838,148,17.7,false
2025-07-01,2025-Q3,JAX,4,PFTB04,Kestrel Pro Flag Football Set,FTB,188,40,148,370.0,false
2025-07-01,2025-Q3,JAX,5,PVOL04,Kestrel Pro Court Shoe Mid,VOL,157,11,146,1327.3,false
2025-07-01,2025-Q3,JAX,6,PPKB04,Loftline Thermoformed Pro Paddle,PKB,428,309,119,38.5,false
2025-07-01,2025-Q3,JAX,7,PPKB02,Aerion Outdoor Balls 6pk,PKB,560,446,114,25.6,false
2025-07-01,2025-Q3,JAX,8,PPKB01,Kestrel Pro Carbon Paddle 16mm,PKB,711,618,93,15.0,false
2025-07-01,2025-Q3,JAX,9,PBSK02,Courtcraft Court Shoe Low,BSK,436,355,81,22.8,false
2025-07-01,2025-Q3,JAX,10,PPKB03,Kestrel Pro Court Shoe,PKB,379,303,76,25.1,false
2025-10-01,2025-Q4,JAX,1,PPKB01,Kestrel Pro Carbon Paddle 16mm,PKB,981,725,256,35.3,false
2025-10-01,2025-Q4,JAX,2,PSOC02,Loftline FG Cleat Elite,SOC,943,760,183,24.1,false
2025-10-01,2025-Q4,JAX,3,PSOC01,Stridewell Match Ball Pro,SOC,1212,1092,120,11.0,false
2025-10-01,2025-Q4,JAX,4,PPKB04,Loftline Thermoformed Pro Paddle,PKB,518,403,115,28.5,false
2025-10-01,2025-Q4,JAX,5,PCYC01,Aerion Gravel Bike 105,CYC,365,268,97,36.2,false
2025-10-01,2025-Q4,JAX,6,PVOL04,Kestrel Pro Court Shoe Mid,VOL,164,70,94,134.3,false
2025-10-01,2025-Q4,JAX,7,PRUN01,Kestrel Pro Tempo Road Shoe,RUN,910,820,90,11.0,false
2025-10-01,2025-Q4,JAX,8,PBSK01,Loftline Indoor Game Ball,BSK,815,725,90,12.4,false
2025-10-01,2025-Q4,JAX,9,PBSK02,Courtcraft Court Shoe Low,BSK,602,513,89,17.3,false
2025-10-01,2025-Q4,JAX,10,PTEN01,Bramble Tour Racquet 98,TEN,329,261,68,26.1,false
2026-01-01,2026-Q1,JAX,1,PPKB01,Kestrel Pro Carbon Paddle 16mm,PKB,1068,695,373,53.7,false
2026-01-01,2026-Q1,JAX,2,PPKB02,Aerion Outdoor Balls 6pk,PKB,793,525,268,51.0,false
2026-01-01,2026-Q1,JAX,3,PPKB03,Kestrel Pro Court Shoe,PKB,591,330,261,79.1,false
2026-01-01,2026-Q1,JAX,4,PRUN01,Kestrel Pro Tempo Road Shoe,RUN,969,734,235,32.0,false
2026-01-01,2026-Q1,JAX,5,PPKB04,Loftline Thermoformed Pro Paddle,PKB,591,404,187,46.3,false
2026-01-01,2026-Q1,JAX,6,PSOC04,Ironpeak 2026 Host City Replica Ball,SOC,171,0,171,,true
2026-01-01,2026-Q1,JAX,7,PBSB01,Courtcraft BBCOR Alloy Bat,BSB,700,548,152,27.7,false
2026-01-01,2026-Q1,JAX,8,PRUN02,Aerion Trail Runner GTX,RUN,771,670,101,15.1,false
2026-01-01,2026-Q1,JAX,9,PBSB03,Kestrel Pro Batting Helmet,BSB,360,287,73,25.4,false
2026-01-01,2026-Q1,JAX,10,PBSB04,Bramble USSSA Composite Bat,BSB,356,302,54,17.9,false
2026-04-01,2026-Q2,JAX,1,PSOC04,Ironpeak 2026 Host City Replica Ball,SOC,465,0,465,,true
2026-04-01,2026-Q2,JAX,2,PPKB01,Kestrel Pro Carbon Paddle 16mm,PKB,1180,810,370,45.7,false
2026-04-01,2026-Q2,JAX,3,PPKB02,Aerion Outdoor Balls 6pk,PKB,770,592,178,30.1,false
2026-04-01,2026-Q2,JAX,4,PRUN02,Aerion Trail Runner GTX,RUN,850,756,94,12.4,false
2026-04-01,2026-Q2,JAX,5,PBSK01,Loftline Indoor Game Ball,BSK,526,434,92,21.2,false
2026-04-01,2026-Q2,JAX,6,PCYC01,Aerion Gravel Bike 105,CYC,526,459,67,14.6,false
2026-04-01,2026-Q2,JAX,7,PPKB04,Loftline Thermoformed Pro Paddle,PKB,567,501,66,13.2,false
2026-04-01,2026-Q2,JAX,8,PBSK02,Courtcraft Court Shoe Low,BSK,378,328,50,15.2,false
2026-04-01,2026-Q2,JAX,9,PSOC02,Loftline FG Cleat Elite,SOC,768,719,49,6.8,false
2026-04-01,2026-Q2,JAX,10,PVOL04,Kestrel Pro Court Shoe Mid,VOL,181,132,49,37.1,false
2023-01-01,2023-Q1,BOI,1,PSOC01,Stridewell Match Ball Pro,SOC,299,203,96,47.3,false
2023-01-01,2023-Q1,BOI,2,PBSB01,Courtcraft BBCOR Alloy Bat,BSB,239,195,44,22.6,false
2023-01-01,2023-Q1,BOI,3,PBSK01,Loftline Indoor Game Ball,BSK,222,180,42,23.3,false
2023-01-01,2023-Q1,BOI,4,PPKB01,Kestrel Pro Carbon Paddle 16mm,PKB,151,111,40,36.0,false
2023-01-01,2023-Q1,BOI,5,PTEN01,Bramble Tour Racquet 98,TEN,161,123,38,30.9,false
2023-01-01,2023-Q1,BOI,6,PBSK02,Courtcraft Court Shoe Low,BSK,150,119,31,26.1,false
2023-01-01,2023-Q1,BOI,7,PSNW02,Courtcraft Snowboard Boot,SNW,264,234,30,12.8,false
2023-01-01,2023-Q1,BOI,8,PCLM01,Courtcraft Bouldering Shoe,CLM,110,84,26,31.0,false
2023-01-01,2023-Q1,BOI,9,PRUN02,Aerion Trail Runner GTX,RUN,432,408,24,5.9,false
2023-01-01,2023-Q1,BOI,10,PBSK03,Kestrel Pro Portable Hoop 54in,BSK,101,78,23,29.5,false
2023-04-01,2023-Q2,BOI,1,PRUN01,Kestrel Pro Tempo Road Shoe,RUN,580,520,60,11.5,false
2023-04-01,2023-Q2,BOI,2,PPKB01,Kestrel Pro Carbon Paddle 16mm,PKB,183,127,56,44.1,false
2023-04-01,2023-Q2,BOI,3,PTEN02,Kestrel Pro Pressurized Balls 3pk,TEN,153,115,38,33.0,false
2023-04-01,2023-Q2,BOI,4,PBSB01,Courtcraft BBCOR Alloy Bat,BSB,195,165,30,18.2,false
2023-04-01,2023-Q2,BOI,5,PPKB02,Aerion Outdoor Balls 6pk,PKB,117,87,30,34.5,false
2023-04-01,2023-Q2,BOI,6,PVOL01,Ironpeak Indoor Game Ball,VOL,112,84,28,33.3,false
2023-04-01,2023-Q2,BOI,7,PRUN02,Aerion Trail Runner GTX,RUN,427,403,24,6.0,false
2023-04-01,2023-Q2,BOI,8,PPKB03,Kestrel Pro Court Shoe,PKB,85,61,24,39.3,false
2023-04-01,2023-Q2,BOI,9,PVOL02,Vela Knee Pads,VOL,89,68,21,30.9,false
2023-04-01,2023-Q2,BOI,10,PSOC01,Stridewell Match Ball Pro,SOC,400,381,19,5.0,false
2023-07-01,2023-Q3,BOI,1,PRUN01,Kestrel Pro Tempo Road Shoe,RUN,533,423,110,26.0,false
2023-07-01,2023-Q3,BOI,2,PSNW01,Loftline All-Mountain Ski,SNW,286,215,71,33.0,false
2023-07-01,2023-Q3,BOI,3,PSOC02,Loftline FG Cleat Elite,SOC,374,317,57,18.0,false
2023-07-01,2023-Q3,BOI,4,PPKB02,Aerion Outdoor Balls 6pk,PKB,119,73,46,63.0,false
2023-07-01,2023-Q3,BOI,5,PPKB01,Kestrel Pro Carbon Paddle 16mm,PKB,152,107,45,42.1,false
2023-07-01,2023-Q3,BOI,6,PGLF04,Aerion Launch Monitor Mini,GLF,31,0,31,,true
2023-07-01,2023-Q3,BOI,7,PSOC01,Stridewell Match Ball Pro,SOC,443,415,28,6.7,false
2023-07-01,2023-Q3,BOI,8,PSNW03,Kestrel Pro Insulated Shell,SNW,124,97,27,27.8,false
2023-07-01,2023-Q3,BOI,9,PCLM01,Courtcraft Bouldering Shoe,CLM,107,81,26,32.1,false
2023-07-01,2023-Q3,BOI,10,PPKB03,Kestrel Pro Court Shoe,PKB,74,49,25,51.0,false
2023-10-01,2023-Q4,BOI,1,PRUN01,Kestrel Pro Tempo Road Shoe,RUN,677,541,136,25.1,false
2023-10-01,2023-Q4,BOI,2,PRUN02,Aerion Trail Runner GTX,RUN,474,378,96,25.4,false
2023-10-01,2023-Q4,BOI,3,PGLF04,Aerion Launch Monitor Mini,GLF,63,0,63,,true
2023-10-01,2023-Q4,BOI,4,PPKB02,Aerion Outdoor Balls 6pk,PKB,156,104,52,50.0,false
2023-10-01,2023-Q4,BOI,5,PPKB03,Kestrel Pro Court Shoe,PKB,108,68,40,58.8,false
2023-10-01,2023-Q4,BOI,6,PBSK02,Courtcraft Court Shoe Low,BSK,234,198,36,18.2,false
2023-10-01,2023-Q4,BOI,7,PBSB04,Bramble USSSA Composite Bat,BSB,35,0,35,,true
2023-10-01,2023-Q4,BOI,8,PCLM01,Courtcraft Bouldering Shoe,CLM,158,125,33,26.4,false
2023-10-01,2023-Q4,BOI,9,PRUN04,Loftline Hydration Vest,RUN,167,137,30,21.9,false
2023-10-01,2023-Q4,BOI,10,PBSB01,Courtcraft BBCOR Alloy Bat,BSB,186,159,27,17.0,false
2024-01-01,2024-Q1,BOI,1,PGLF04,Aerion Launch Monitor Mini,GLF,93,0,93,,true
2024-01-01,2024-Q1,BOI,2,PBSB04,Bramble USSSA Composite Bat,BSB,90,0,90,,true
2024-01-01,2024-Q1,BOI,3,PRUN01,Kestrel Pro Tempo Road Shoe,RUN,616,540,76,14.1,false
2024-01-01,2024-Q1,BOI,4,PPKB01,Kestrel Pro Carbon Paddle 16mm,PKB,197,151,46,30.5,false
2024-01-01,2024-Q1,BOI,5,PSOC02,Loftline FG Cleat Elite,SOC,229,186,43,23.1,false
2024-01-01,2024-Q1,BOI,6,PRUN02,Aerion Trail Runner GTX,RUN,470,432,38,8.8,false
2024-01-01,2024-Q1,BOI,7,PPKB02,Aerion Outdoor Balls 6pk,PKB,145,110,35,31.8,false
2024-01-01,2024-Q1,BOI,8,PPKB03,Kestrel Pro Court Shoe,PKB,102,69,33,47.8,false
2024-01-01,2024-Q1,BOI,9,PSOC03,Kestrel Pro Shin Guard Lite,SOC,155,127,28,22.0,false
2024-01-01,2024-Q1,BOI,10,PCLM03,Kestrel Pro Crash Pad,CLM,69,48,21,43.8,false
2024-04-01,2024-Q2,BOI,1,PRUN03,Kestrel Pro Carbon Race Flat,RUN,123,0,123,,true
2024-04-01,2024-Q2,BOI,2,PGLF04,Aerion Launch Monitor Mini,GLF,116,0,116,,true
2024-04-01,2024-Q2,BOI,3,PSOC02,Loftline FG Cleat Elite,SOC,377,285,92,32.3,false
2024-04-01,2024-Q2,BOI,4,PBSB04,Bramble USSSA Composite Bat,BSB,84,0,84,,true
2024-04-01,2024-Q2,BOI,5,PPKB04,Loftline Thermoformed Pro Paddle,PKB,58,0,58,,true
2024-04-01,2024-Q2,BOI,6,PSOC01,Stridewell Match Ball Pro,SOC,454,400,54,13.5,false
2024-04-01,2024-Q2,BOI,7,PCYC01,Aerion Gravel Bike 105,CYC,249,203,46,22.7,false
2024-04-01,2024-Q2,BOI,8,PBSK01,Loftline Indoor Game Ball,BSK,198,155,43,27.7,false
2024-04-01,2024-Q2,BOI,9,PBSK02,Courtcraft Court Shoe Low,BSK,173,131,42,32.1,false
2024-04-01,2024-Q2,BOI,10,PTEN01,Bramble Tour Racquet 98,TEN,201,169,32,18.9,false
2024-07-01,2024-Q3,BOI,1,PRUN03,Kestrel Pro Carbon Race Flat,RUN,267,0,267,,true
2024-07-01,2024-Q3,BOI,2,PSOC01,Stridewell Match Ball Pro,SOC,550,443,107,24.2,false
2024-07-01,2024-Q3,BOI,3,PSOC02,Loftline FG Cleat Elite,SOC,470,374,96,25.7,false
2024-07-01,2024-Q3,BOI,4,PPKB04,Loftline Thermoformed Pro Paddle,PKB,79,0,79,,true
2024-07-01,2024-Q3,BOI,5,PGLF04,Aerion Launch Monitor Mini,GLF,89,31,58,187.1,false
2024-07-01,2024-Q3,BOI,6,PSOC03,Kestrel Pro Shin Guard Lite,SOC,278,228,50,21.9,false
2024-07-01,2024-Q3,BOI,7,PBSK01,Loftline Indoor Game Ball,BSK,256,209,47,22.5,false
2024-07-01,2024-Q3,BOI,8,PBSB04,Bramble USSSA Composite Bat,BSB,47,0,47,,true
2024-07-01,2024-Q3,BOI,9,PVOL01,Ironpeak Indoor Game Ball,VOL,167,124,43,34.7,false
2024-07-01,2024-Q3,BOI,10,PCLM04,Bramble Harness Lite,CLM,41,0,41,,true
2024-10-01,2024-Q4,BOI,1,PRUN03,Kestrel Pro Carbon Race Flat,RUN,484,0,484,,true
2024-10-01,2024-Q4,BOI,2,PSNW01,Loftline All-Mountain Ski,SNW,708,424,284,67.0,false
2024-10-01,2024-Q4,BOI,3,PSNW02,Courtcraft Snowboard Boot,SNW,516,358,158,44.1,false
2024-10-01,2024-Q4,BOI,4,PSNW03,Kestrel Pro Insulated Shell,SNW,366,240,126,52.5,false
2024-10-01,2024-Q4,BOI,5,PPKB04,Loftline Thermoformed Pro Paddle,PKB,119,0,119,,true
2024-10-01,2024-Q4,BOI,6,PSOC01,Stridewell Match Ball Pro,SOC,464,369,95,25.7,false
2024-10-01,2024-Q4,BOI,7,PCLM04,Bramble Harness Lite,CLM,91,0,91,,true
2024-10-01,2024-Q4,BOI,8,PBSB04,Bramble USSSA Composite Bat,BSB,95,35,60,171.4,false
2024-10-01,2024-Q4,BOI,9,PBSK01,Loftline Indoor Game Ball,BSK,350,292,58,19.9,false
2024-10-01,2024-Q4,BOI,10,PBSK02,Courtcraft Court Shoe Low,BSK,290,234,56,23.9,false
2025-01-01,2025-Q1,BOI,1,PRUN03,Kestrel Pro Carbon Race Flat,RUN,456,0,456,,true
2025-01-01,2025-Q1,BOI,2,PSNW01,Loftline All-Mountain Ski,SNW,391,236,155,65.7,false
2025-01-01,2025-Q1,BOI,3,PSNW02,Courtcraft Snowboard Boot,SNW,295,178,117,65.7,false
2025-01-01,2025-Q1,BOI,4,PPKB04,Loftline Thermoformed Pro Paddle,PKB,105,6,99,1650.0,false
2025-01-01,2025-Q1,BOI,5,PSOC01,Stridewell Match Ball Pro,SOC,384,302,82,27.2,false
2025-01-01,2025-Q1,BOI,6,PBSK01,Loftline Indoor Game Ball,BSK,264,195,69,35.4,false
2025-01-01,2025-Q1,BOI,7,PSNW03,Kestrel Pro Insulated Shell,SNW,193,128,65,50.8,false
2025-01-01,2025-Q1,BOI,8,PCLM04,Bramble Harness Lite,CLM,63,0,63,,true
2025-01-01,2025-Q1,BOI,9,PSOC02,Loftline FG Cleat Elite,SOC,275,229,46,20.1,false
2025-01-01,2025-Q1,BOI,10,PVOL04,Kestrel Pro Court Shoe Mid,VOL,44,0,44,,true
2025-04-01,2025-Q2,BOI,1,PRUN03,Kestrel Pro Carbon Race Flat,RUN,535,123,412,335.0,false
2025-04-01,2025-Q2,BOI,2,PSOC01,Stridewell Match Ball Pro,SOC,558,454,104,22.9,false
2025-04-01,2025-Q2,BOI,3,PPKB04,Loftline Thermoformed Pro Paddle,PKB,130,58,72,124.1,false
2025-04-01,2025-Q2,BOI,4,PVOL04,Kestrel Pro Court Shoe Mid,VOL,59,0,59,,true
2025-04-01,2025-Q2,BOI,5,PFTB04,Kestrel Pro Flag Football Set,FTB,49,0,49,,true
2025-04-01,2025-Q2,BOI,6,PBSK01,Loftline Indoor Game Ball,BSK,237,198,39,19.7,false
2025-04-01,2025-Q2,BOI,7,PCYC02,Stridewell Road Helmet MIPS,CYC,202,167,35,21.0,false
2025-04-01,2025-Q2,BOI,8,PPKB02,Aerion Outdoor Balls 6pk,PKB,178,144,34,23.6,false
2025-04-01,2025-Q2,BOI,9,PLAX04,Courtcraft Mesh Head Pro,LAX,33,0,33,,true
2025-04-01,2025-Q2,BOI,10,PCLM04,Bramble Harness Lite,CLM,52,20,32,160.0,false
2025-07-01,2025-Q3,BOI,1,PRUN03,Kestrel Pro Carbon Race Flat,RUN,423,267,156,58.4,false
2025-07-01,2025-Q3,BOI,2,PVOL04,Kestrel Pro Court Shoe Mid,VOL,79,7,72,1028.6,false
2025-07-01,2025-Q3,BOI,3,PPKB01,Kestrel Pro Carbon Paddle 16mm,PKB,212,155,57,36.8,false
2025-07-01,2025-Q3,BOI,4,PRUN01,Kestrel Pro Tempo Road Shoe,RUN,450,400,50,12.5,false
2025-07-01,2025-Q3,BOI,5,PFTB04,Kestrel Pro Flag Football Set,FTB,65,17,48,282.4,false
2025-07-01,2025-Q3,BOI,6,PCYC01,Aerion Gravel Bike 105,CYC,180,140,40,28.6,false
2025-07-01,2025-Q3,BOI,7,PSNW02,Courtcraft Snowboard Boot,SNW,224,186,38,20.4,false
2025-07-01,2025-Q3,BOI,8,PCLM04,Bramble Harness Lite,CLM,69,41,28,68.3,false
2025-07-01,2025-Q3,BOI,9,PBSK02,Courtcraft Court Shoe Low,BSK,221,195,26,13.3,false
2025-07-01,2025-Q3,BOI,10,PPKB04,Loftline Thermoformed Pro Paddle,PKB,104,79,25,31.6,false
2025-10-01,2025-Q4,BOI,1,PRUN03,Kestrel Pro Carbon Race Flat,RUN,662,484,178,36.8,false
2025-10-01,2025-Q4,BOI,2,PSOC01,Stridewell Match Ball Pro,SOC,580,464,116,25.0,false
2025-10-01,2025-Q4,BOI,3,PRUN01,Kestrel Pro Tempo Road Shoe,RUN,527,419,108,25.8,false
2025-10-01,2025-Q4,BOI,4,PSOC02,Loftline FG Cleat Elite,SOC,427,320,107,33.4,false
2025-10-01,2025-Q4,BOI,5,PRUN02,Aerion Trail Runner GTX,RUN,447,366,81,22.1,false
2025-10-01,2025-Q4,BOI,6,PBSK01,Loftline Indoor Game Ball,BSK,427,350,77,22.0,false
2025-10-01,2025-Q4,BOI,7,PPKB02,Aerion Outdoor Balls 6pk,PKB,217,152,65,42.8,false
2025-10-01,2025-Q4,BOI,8,PPKB01,Kestrel Pro Carbon Paddle 16mm,PKB,258,200,58,29.0,false
2025-10-01,2025-Q4,BOI,9,PVOL04,Kestrel Pro Court Shoe Mid,VOL,94,44,50,113.6,false
2025-10-01,2025-Q4,BOI,10,PBSB02,Ironpeak Fielding Glove 11.75,BSB,168,125,43,34.4,false
2026-01-01,2026-Q1,BOI,1,PRUN02,Aerion Trail Runner GTX,RUN,401,270,131,48.5,false
2026-01-01,2026-Q1,BOI,2,PRUN03,Kestrel Pro Carbon Race Flat,RUN,566,456,110,24.1,false
2026-01-01,2026-Q1,BOI,3,PRUN01,Kestrel Pro Tempo Road Shoe,RUN,493,404,89,22.0,false
2026-01-01,2026-Q1,BOI,4,PSOC04,Ironpeak 2026 Host City Replica Ball,SOC,83,0,83,,true
2026-01-01,2026-Q1,BOI,5,PPKB01,Kestrel Pro Carbon Paddle 16mm,PKB,275,204,71,34.8,false
2026-01-01,2026-Q1,BOI,6,PPKB02,Aerion Outdoor Balls 6pk,PKB,202,139,63,45.3,false
2026-01-01,2026-Q1,BOI,7,PPKB04,Loftline Thermoformed Pro Paddle,PKB,154,105,49,46.7,false
2026-01-01,2026-Q1,BOI,8,PCYC01,Aerion Gravel Bike 105,CYC,207,165,42,25.5,false
2026-01-01,2026-Q1,BOI,9,PCLM01,Courtcraft Bouldering Shoe,CLM,160,123,37,30.1,false
2026-01-01,2026-Q1,BOI,10,PPKB03,Kestrel Pro Court Shoe,PKB,140,109,31,28.4,false
2026-04-01,2026-Q2,BOI,1,PSOC04,Ironpeak 2026 Host City Replica Ball,SOC,264,0,264,,true
2026-04-01,2026-Q2,BOI,2,PBSK02,Courtcraft Court Shoe Low,BSK,218,155,63,40.6,false
2026-04-01,2026-Q2,BOI,3,PCYC01,Aerion Gravel Bike 105,CYC,295,243,52,21.4,false
2026-04-01,2026-Q2,BOI,4,PPKB01,Kestrel Pro Carbon Paddle 16mm,PKB,274,227,47,20.7,false
2026-04-01,2026-Q2,BOI,5,PPKB02,Aerion Outdoor Balls 6pk,PKB,219,178,41,23.0,false
2026-04-01,2026-Q2,BOI,6,PRUN03,Kestrel Pro Carbon Race Flat,RUN,575,535,40,7.5,false
2026-04-01,2026-Q2,BOI,7,PBSK01,Loftline Indoor Game Ball,BSK,275,237,38,16.0,false
2026-04-01,2026-Q2,BOI,8,PVOL01,Ironpeak Indoor Game Ball,VOL,165,127,38,29.9,false
2026-04-01,2026-Q2,BOI,9,PCYC02,Stridewell Road Helmet MIPS,CYC,239,202,37,18.3,false
2026-04-01,2026-Q2,BOI,10,PBSB02,Ironpeak Fielding Glove 11.75,BSB,166,132,34,25.8,false
